id,item_id,item_amount,item_ingredient_0,amount_ingredient_0,item_ingredient_1,amount_ingredient_1,item_ingredient_2,amount_ingredient_2,item_ingredient_3,amount_ingredient_3,item_ingredient_4,amount_ingredient_4,item_ingredient_5,amount_ingredient_5,item_ingredient_6,amount_ingredient_6,item_ingredient_7,amount_ingredient_7
1,5056,1,5106,2,5107,1,0,0,0,0,0,0,0,0,2,1,-1,0
2,2546,1,5056,1,5361,1,0,0,0,0,0,0,0,0,2,1,5,1
3,1602,1,5056,1,5361,1,5432,1,0,0,0,0,0,0,2,1,5,1
4,2355,1,5056,2,5275,1,0,0,0,0,0,0,0,0,2,1,5,1
5,5091,1,5056,1,0,0,0,0,0,0,0,0,0,0,2,1,-1,0
6,1750,1,5056,2,5361,1,0,0,0,0,0,0,0,0,2,1,5,1
7,2380,1,5056,1,5091,1,5482,1,0,0,0,0,0,0,2,1,5,1
8,2430,1,5056,1,5361,1,5482,1,0,0,0,0,0,0,2,1,5,1
9,2315,1,5056,1,5091,1,5361,1,0,0,0,0,0,0,2,1,5,1
10,2328,1,5056,1,5361,1,5482,1,0,0,0,0,0,0,2,1,5,1
11,2341,1,5056,1,5324,1,5361,1,0,0,0,0,0,0,2,1,5,1
12,2367,1,5056,1,5361,1,0,0,0,0,0,0,0,0,2,1,5,1
13,2507,1,5056,1,5361,1,5258,1,0,0,0,0,0,0,2,1,5,1
14,2481,1,5056,2,5361,1,0,0,0,0,0,0,0,0,2,1,5,1
15,1603,1,5056,1,5275,1,5432,1,0,0,0,0,0,0,2,1,5,1
16,2392,1,5056,1,5091,1,5361,1,0,0,0,0,0,0,2,1,5,1
17,1751,1,5056,2,5361,1,0,0,0,0,0,0,0,0,2,1,5,1
18,2520,1,5056,1,5324,1,5361,1,0,0,0,0,0,0,2,1,5,1
19,2417,1,5056,1,5361,1,5258,1,0,0,0,0,0,0,2,1,5,1
20,1752,1,1750,1,5056,1,0,0,0,0,0,0,0,0,2,1,5,1
21,2329,1,5056,1,5361,1,5482,1,0,0,0,0,0,0,2,1,5,1
22,2356,1,5056,2,5276,1,0,0,0,0,0,0,0,0,2,1,5,1
23,2381,1,5056,1,5091,1,4856,1,0,0,0,0,0,0,2,1,5,1
24,2482,1,5056,2,5364,1,0,0,0,0,0,0,0,0,2,1,5,1
25,2342,1,5056,1,5324,1,5364,1,0,0,0,0,0,0,2,1,5,1
26,2393,1,5056,1,5091,1,5364,1,0,0,0,0,0,0,2,1,5,1
27,2431,1,5056,1,5364,1,5483,1,0,0,0,0,0,0,2,1,5,1
28,2560,1,5056,1,5364,1,5258,1,0,0,0,0,0,0,2,1,5,1
29,2368,1,5056,1,5364,1,0,0,0,0,0,0,0,0,2,1,5,1
30,2521,1,5056,1,5324,1,5364,1,0,0,0,0,0,0,2,1,5,1
31,2418,1,5056,1,5364,1,5258,1,0,0,0,0,0,0,2,1,5,1
32,2508,1,5056,1,5364,1,5258,1,0,0,0,0,0,0,2,1,5,1
33,2534,1,5056,1,5364,1,5503,1,0,0,0,0,0,0,2,1,5,1
34,2316,1,5056,1,5091,1,5364,1,0,0,0,0,0,0,2,1,5,1
35,2547,1,5056,1,5364,1,0,0,0,0,0,0,0,0,2,1,5,1
36,2394,1,2393,1,5091,2,0,0,0,0,0,0,0,0,2,1,5,1
37,1684,1,5056,2,5276,1,0,0,0,0,0,0,0,0,2,1,5,1
38,1605,1,5056,1,5276,1,5434,1,0,0,0,0,0,0,2,1,5,1
39,1753,1,5056,3,5364,1,0,0,0,0,0,0,0,0,2,1,5,1
40,2419,1,2417,1,5258,1,5063,1,0,0,0,0,0,0,2,1,5,1
41,2343,1,5056,1,5325,1,5364,1,5483,1,0,0,0,0,2,1,5,1
42,2369,1,5056,1,5071,1,5364,1,0,0,0,0,0,0,2,1,5,1
43,5057,1,5111,3,0,0,0,0,0,0,0,0,0,0,2,1,-1,0
44,2522,1,2520,1,5276,1,5352,1,0,0,0,0,0,0,2,1,5,1
45,1607,1,1602,1,5063,2,0,0,0,0,0,0,0,0,2,1,5,1
46,2317,1,2316,1,5091,2,0,0,0,0,0,0,0,0,2,1,5,1
47,1686,1,1684,1,5063,1,0,0,0,0,0,0,0,0,2,1,5,1
48,1754,1,5057,2,5364,1,0,0,0,0,0,0,0,0,2,1,5,1
49,2548,1,5057,1,5364,1,0,0,0,0,0,0,0,0,2,1,5,1
50,1756,1,5057,2,5367,1,5276,1,0,0,0,0,0,0,2,1,5,1
51,5092,1,5057,1,0,0,0,0,0,0,0,0,0,0,2,1,-1,0
52,2344,1,5057,1,5325,1,5367,1,0,0,0,0,0,0,2,1,5,1
53,2395,1,5057,1,5092,1,5367,1,0,0,0,0,0,0,2,1,5,1
54,2370,1,5057,1,5367,1,0,0,0,0,0,0,0,0,2,1,5,1
55,2433,1,5057,1,5367,1,4856,1,0,0,0,0,0,0,2,1,5,1
56,2549,1,5057,1,5367,1,0,0,0,0,0,0,0,0,2,1,5,1
57,2420,1,5057,1,5364,1,5259,1,0,0,0,0,0,0,2,1,5,1
58,2536,1,5057,1,5367,1,5504,1,0,0,0,0,0,0,2,1,5,1
59,1609,1,1603,1,5063,1,5277,1,0,0,0,0,0,0,2,1,5,1
60,2523,1,5057,1,5325,1,5364,1,0,0,0,0,0,0,2,1,5,1
61,2318,1,5057,1,5092,1,5364,1,0,0,0,0,0,0,2,1,5,1
62,2331,1,5057,1,5367,1,5483,1,0,0,0,0,0,0,2,1,5,1
63,1611,1,1607,1,5277,1,0,0,0,0,0,0,0,0,2,1,5,1
64,2510,1,5057,1,5367,1,5259,1,0,0,0,0,0,0,2,2,5,1
65,2562,1,5057,1,5367,1,5259,1,0,0,0,0,0,0,2,2,5,1
66,2484,1,5057,2,5367,1,0,0,0,0,0,0,0,0,2,2,5,1
67,1758,1,1754,1,5057,1,5063,1,0,0,0,0,0,0,2,2,5,1
68,2345,1,5057,1,5325,1,5368,1,0,0,0,0,0,0,2,2,5,1
69,2396,1,5057,1,5092,1,5368,1,0,0,0,0,0,0,2,2,5,1
70,2371,1,5057,1,5368,1,0,0,0,0,0,0,0,0,2,2,5,1
71,2358,1,5057,2,5277,1,0,0,0,0,0,0,0,0,2,2,5,1
72,2383,1,5057,1,5092,1,4856,1,0,0,0,0,0,0,2,2,5,1
73,2524,1,5057,1,5325,1,5367,1,0,0,0,0,0,0,2,2,5,1
74,1614,1,5057,2,5367,1,5277,1,0,0,0,0,0,0,2,2,5,1
75,2537,1,5057,1,5367,1,5504,1,0,0,0,0,0,0,2,2,5,1
76,2434,1,5057,1,5368,1,4856,1,0,0,0,0,0,0,2,2,5,1
77,1694,1,5072,1,5057,1,5277,1,0,0,0,0,0,0,2,2,5,1
78,1764,1,5057,2,5368,1,4856,1,0,0,0,0,0,0,2,2,5,2
79,2550,1,2549,1,5063,1,4856,1,0,0,0,0,0,0,2,2,5,2
80,2319,1,5057,1,5092,1,5367,1,0,0,0,0,0,0,2,2,5,2
81,2332,1,5057,1,5368,1,5484,1,0,0,0,0,0,0,2,2,5,2
82,2485,1,5057,2,5368,1,0,0,0,0,0,0,0,0,2,2,5,2
83,2421,1,5057,1,5368,1,5259,1,0,0,0,0,0,0,2,2,5,2
84,1622,1,5057,1,5277,1,5435,1,0,0,0,0,0,0,2,2,5,2
85,2511,1,5057,1,5368,1,5259,1,0,0,0,0,0,0,2,2,5,2
86,2563,1,5057,1,5368,1,5259,1,0,0,0,0,0,0,2,2,5,2
87,5058,1,5528,1,5111,2,0,0,0,0,0,0,0,0,2,2,-1,0
88,2397,1,2396,1,5092,1,5063,1,0,0,0,0,0,0,2,2,5,2
89,2372,1,5057,1,5072,1,5371,1,0,0,0,0,0,0,2,2,5,2
90,2346,1,5057,1,5325,1,5371,1,4856,1,0,0,0,0,2,2,5,2
91,1766,1,1758,1,5057,1,5064,1,0,0,0,0,0,0,2,2,5,2
92,2359,1,5057,2,5280,1,0,0,0,0,0,0,0,0,2,3,5,2
93,2384,1,5057,1,5092,1,5484,1,0,0,0,0,0,0,2,3,5,2
94,2525,1,5057,1,5072,1,5371,1,5277,1,0,0,0,0,2,3,5,2
95,1625,1,5058,1,5371,1,5444,1,0,0,0,0,0,0,2,3,5,2
96,2320,1,5057,1,5092,1,5371,1,5063,1,0,0,0,0,2,3,5,2
97,1769,1,5058,3,5371,1,5280,1,0,0,0,0,0,0,2,3,5,2
98,5093,1,5058,1,0,0,0,0,0,0,0,0,0,0,2,3,-1,0
99,2422,1,5057,1,5371,1,5259,1,0,0,0,0,0,0,2,3,5,2
100,2551,1,5057,1,5371,1,5359,1,0,0,0,0,0,0,2,3,5,2
101,2347,1,2346,1,5057,1,4856,1,0,0,0,0,0,0,2,3,5,2
102,1699,1,5073,1,5058,1,5371,1,5504,1,0,0,0,0,2,3,5,2
103,2373,1,2372,1,5371,1,5280,1,0,0,0,0,0,0,2,3,5,2
104,2398,1,5058,1,5093,1,5371,1,0,0,0,0,0,0,2,3,5,3
105,2526,1,5058,1,5326,1,5371,1,0,0,0,0,0,0,2,3,5,3
106,2539,1,5058,1,5371,1,5504,1,0,0,0,0,0,0,2,3,5,3
107,2423,1,2422,1,5259,1,5064,1,0,0,0,0,0,0,2,3,5,3
108,2321,1,5058,1,5093,1,5371,1,0,0,0,0,0,0,2,3,5,3
109,2436,1,5058,1,5371,1,5484,1,0,0,0,0,0,0,2,3,5,3
110,2334,1,5058,1,5371,1,5484,1,0,0,0,0,0,0,2,3,5,3
111,1633,1,5058,2,5371,1,5260,1,0,0,0,0,0,0,2,3,5,3
112,2513,1,5058,1,5371,1,5260,1,0,0,0,0,0,0,2,3,5,3
113,1776,1,5058,2,5405,1,5444,1,5504,1,0,0,0,0,2,3,5,3
114,2487,1,5058,2,5371,1,0,0,0,0,0,0,0,0,2,3,5,3
115,2348,1,5058,1,5326,1,5371,1,0,0,0,0,0,0,2,3,5,3
116,2399,1,5058,1,5093,1,5371,1,0,0,0,0,0,0,2,3,5,3
117,2565,1,5058,1,5371,1,5260,1,0,0,0,0,0,0,2,4,5,3
118,2540,1,2539,1,5504,1,5282,1,0,0,0,0,0,0,2,4,5,3
119,2553,1,5058,1,5368,1,5359,1,0,0,0,0,0,0,2,4,5,3
120,2527,1,5058,1,5073,1,5373,1,5326,1,0,0,0,0,2,4,5,3
121,2361,1,5058,2,5280,1,0,0,0,0,0,0,0,0,2,4,5,3
122,2374,1,5058,1,5373,1,0,0,0,0,0,0,0,0,2,4,5,3
123,2349,1,5058,1,5326,1,5373,1,5485,1,0,0,0,0,2,4,5,3
124,2552,1,5058,1,5373,1,0,0,0,0,0,0,0,0,2,4,5,3
125,2386,1,5058,1,5093,1,5485,1,0,0,0,0,0,0,2,4,5,3
126,2322,1,5058,1,5093,1,5373,1,0,0,0,0,0,0,2,4,5,3
127,1778,1,5058,2,5373,1,5057,1,0,0,0,0,0,0,2,4,5,3
128,2514,1,5058,1,5373,1,5260,1,0,0,0,0,0,0,2,4,5,3
129,2488,1,2487,1,5371,1,0,0,0,0,0,0,0,0,2,4,5,3
130,2566,1,2565,1,5260,1,5282,1,0,0,0,0,0,0,2,4,5,3
131,2424,1,5058,1,5373,1,5260,1,0,0,0,0,0,0,2,4,5,4
132,2335,1,2334,1,5282,1,5485,1,0,0,0,0,0,0,2,4,5,4
133,2437,1,2436,1,5280,1,5485,1,0,0,0,0,0,0,2,4,5,4
134,1639,1,5058,2,5371,1,5504,1,0,0,0,0,0,0,2,4,5,4
135,5065,1,5114,3,0,0,0,0,0,0,0,0,0,0,2,4,-1,0
136,2528,1,5065,1,5327,1,5373,1,5360,1,0,0,0,0,2,4,5,4
137,1643,1,5065,1,5373,1,5444,1,0,0,0,0,0,0,2,4,5,4
138,2554,1,5065,1,5373,1,5063,1,0,0,0,0,0,0,2,4,5,4
139,5099,1,5065,1,0,0,0,0,0,0,0,0,0,0,2,5,-1,0
140,1781,1,5058,3,5373,1,5282,1,5065,1,0,0,0,0,2,5,5,4
141,1711,1,5079,1,5065,1,5373,1,5504,1,0,0,0,0,2,5,5,4
142,2425,1,5065,1,5373,1,5260,1,0,0,0,0,0,0,2,5,5,4
143,2323,1,5065,1,5099,1,5373,1,0,0,0,0,0,0,2,5,5,4
144,2400,1,5065,1,5099,1,5373,1,0,0,0,0,0,0,2,5,5,4
145,1786,1,5065,2,5371,1,5066,1,5058,1,0,0,0,0,2,5,5,4
146,2439,1,5065,1,5373,1,5485,1,0,0,0,0,0,0,2,5,5,4
147,2337,1,5065,1,5373,1,5485,1,0,0,0,0,0,0,2,5,5,4
148,2363,1,5065,2,5282,1,0,0,0,0,0,0,0,0,2,5,5,4
149,2516,1,5065,1,5374,1,5262,1,0,0,0,0,0,0,2,5,5,4
150,2568,1,5065,1,5374,1,5262,1,0,0,0,0,0,0,2,5,5,4
151,2490,1,5065,2,5374,1,0,0,0,0,0,0,0,0,2,5,5,4
152,2542,1,5065,1,5373,1,5505,1,0,0,0,0,0,0,2,5,5,4
153,5059,1,5116,2,5111,1,0,0,0,0,0,0,0,0,2,5,-1,0
154,2388,1,5065,1,5099,1,5485,1,0,0,0,0,0,0,2,5,5,5
155,5094,1,5059,1,0,0,0,0,0,0,0,0,0,0,2,5,-1,0
156,1657,1,5059,2,5373,1,5282,1,5066,1,0,0,0,0,2,5,5,5
157,1723,1,5059,2,5282,1,0,0,0,0,0,0,0,0,2,5,5,5
158,1659,1,5059,2,5436,1,5262,1,0,0,0,0,0,0,2,5,5,5
159,1796,1,5059,2,5414,1,5505,1,0,0,0,0,0,0,2,5,5,5
160,1801,1,5059,2,5374,1,5196,1,5058,1,0,0,0,0,2,6,5,5
161,2352,1,2351,1,5376,1,5282,1,5486,1,0,0,0,0,2,6,5,5
162,2325,1,5059,1,5094,1,5376,1,0,0,0,0,0,0,2,6,5,5
163,2427,1,5059,1,5066,1,5376,1,5262,1,0,0,0,0,2,6,5,5
164,2402,1,5059,1,5094,1,5376,1,5183,1,5066,1,0,0,2,6,5,5
165,2377,1,5059,1,5074,1,5376,1,5094,1,0,0,0,0,2,6,5,5
166,2530,1,5059,1,5074,1,5376,1,5282,1,0,0,0,0,2,6,5,6
167,2556,1,5059,1,5376,1,5282,1,5436,1,5322,1,0,0,2,6,5,6
168,1663,1,5059,2,5374,1,5505,1,5465,1,0,0,0,0,2,6,5,6
169,1733,1,5074,1,5059,1,5374,1,5505,1,5063,1,0,0,2,6,5,6
170,5056,1,5106,2,5107,1,0,0,0,0,0,0,0,0,3,1,-1,0
171,5091,1,5056,1,0,0,0,0,0,0,0,0,0,0,3,1,-1,0
172,5081,1,5056,1,0,0,0,0,0,0,0,0,0,0,3,1,-1,0
173,5071,1,5056,2,0,0,0,0,0,0,0,0,0,0,3,1,-1,0
174,2468,1,5071,1,5091,1,0,0,0,0,0,0,0,0,3,1,5,1
175,2494,1,5071,1,5361,1,0,0,0,0,0,0,0,0,3,1,5,1
176,2226,1,5071,2,5361,1,0,0,0,0,0,0,0,0,3,1,5,1
177,3011,1,5081,3,5324,1,0,0,0,0,0,0,0,0,3,1,5,1
178,3767,1,5071,1,5081,1,5275,1,0,0,0,0,0,0,3,1,5,1
179,2656,1,5071,1,5081,1,5275,1,0,0,0,0,0,0,3,1,5,1
180,2662,1,5071,1,5056,1,5091,1,0,0,0,0,0,0,3,1,5,1
181,3540,1,5071,1,5091,1,5275,1,0,0,0,0,0,0,3,1,5,1
182,2469,1,5071,1,5091,1,5062,1,0,0,0,0,0,0,3,1,5,1
183,2664,1,5071,1,5091,1,5062,1,0,0,0,0,0,0,3,1,5,1
184,2230,1,5071,2,5091,3,0,0,0,0,0,0,0,0,3,1,5,1
185,2495,1,5071,1,5364,1,0,0,0,0,0,0,0,0,3,1,5,1
186,0,0,0,0,0,0,0,0,0,0,0,0,0,0,3,1,5,1
187,3026,1,5071,2,5081,1,0,0,0,0,0,0,0,0,3,1,5,1
188,2673,1,5071,2,5081,1,0,0,0,0,0,0,0,0,3,1,5,1
189,5057,1,5111,3,0,0,0,0,0,0,0,0,0,0,3,1,-1,0
190,3775,1,5071,2,5081,1,5276,1,0,0,0,0,0,0,3,1,5,1
191,5092,1,5057,1,0,0,0,0,0,0,0,0,0,0,3,1,-1,0
192,5072,1,5057,2,0,0,0,0,0,0,0,0,0,0,3,1,-1,0
193,3544,1,5071,2,5092,1,0,0,0,0,0,0,0,0,3,1,5,1
194,5082,1,5057,1,0,0,0,0,0,0,0,0,0,0,3,1,-1,0
195,2231,1,5071,1,5056,1,5092,1,0,0,0,0,0,0,3,1,5,1
196,2496,1,5072,1,5364,1,0,0,0,0,0,0,0,0,3,1,5,1
197,2470,1,2469,1,5091,1,5063,1,0,0,0,0,0,0,3,1,5,1
198,2680,1,2664,1,5062,1,5063,1,0,0,0,0,0,0,3,1,5,1
199,3550,1,3540,1,5091,1,5275,1,5063,1,0,0,0,0,3,1,5,1
200,2236,1,5072,2,5367,1,0,0,0,0,0,0,0,0,3,1,5,1
201,2471,1,5072,1,5091,1,0,0,0,0,0,0,0,0,3,1,5,1
202,2497,1,5072,1,5367,1,0,0,0,0,0,0,0,0,3,1,5,1
203,3793,1,5072,2,5081,1,5276,1,0,0,0,0,0,0,3,1,5,1
204,2708,1,5072,1,5057,1,5092,1,0,0,0,0,0,0,3,1,5,1
205,0,0,0,0,0,0,0,0,0,0,0,0,0,0,3,1,5,1
206,3563,1,5072,2,5082,1,0,0,0,0,0,0,0,0,3,1,5,1
207,3045,1,5072,2,5082,1,0,0,0,0,0,0,0,0,3,1,5,1
208,2712,1,5072,2,5082,1,0,0,0,0,0,0,0,0,3,1,5,1
209,2239,1,2231,1,5056,1,5092,1,0,0,0,0,0,0,3,1,5,1
210,3557,1,5072,1,5277,2,0,0,0,0,0,0,0,0,3,2,5,1
211,2241,1,5072,2,5998,1,0,0,0,0,0,0,0,0,3,2,5,1
212,2723,1,5072,2,5092,1,5277,1,0,0,0,0,0,0,3,2,5,1
213,3802,1,5057,1,5277,1,5319,1,0,0,0,0,0,0,3,2,5,1
214,2472,1,5072,1,5092,1,0,0,0,0,0,0,0,0,3,2,5,1
215,3804,1,5072,2,5057,1,5277,1,0,0,0,0,0,0,3,2,5,1
216,3574,1,5072,1,5057,1,5277,1,0,0,0,0,0,0,3,2,5,1
217,3057,1,5072,1,5277,2,5064,1,0,0,0,0,0,0,3,2,5,1
218,2498,1,5072,1,5368,1,0,0,0,0,0,0,0,0,3,2,5,1
219,2725,1,2708,1,5092,1,5063,1,0,0,0,0,0,0,3,2,5,2
220,2242,1,5072,2,5092,3,0,0,0,0,0,0,0,0,3,2,5,2
221,0,0,0,0,0,0,0,0,0,0,0,0,0,0,3,2,5,2
222,3068,1,5072,4,5063,1,0,0,0,0,0,0,0,0,3,2,5,2
223,3579,1,5072,3,5082,1,0,0,0,0,0,0,0,0,3,2,5,2
224,3352,1,5057,3,5082,2,5277,1,0,0,0,0,0,0,3,2,5,2
225,5058,1,5528,1,5111,2,0,0,0,0,0,0,0,0,3,2,-1,0
226,2473,1,2472,1,5092,1,5063,1,0,0,0,0,0,0,3,2,5,2
227,5073,1,5058,2,0,0,0,0,0,0,0,0,0,0,3,3,-1,0
228,5093,1,5058,1,0,0,0,0,0,0,0,0,0,0,3,3,-1,0
229,2248,1,5072,3,5092,1,0,0,0,0,0,0,0,0,3,3,5,2
230,2499,1,5073,1,5368,1,5528,1,0,0,0,0,0,0,3,3,5,2
231,5083,1,5058,1,0,0,0,0,0,0,0,0,0,0,3,3,-1,0
232,0,0,0,0,0,0,0,0,0,0,0,0,0,0,3,3,5,2
233,3096,1,5083,3,5326,1,0,0,0,0,0,0,0,0,3,3,5,2
234,2753,1,5072,1,5058,1,5093,1,5073,1,0,0,0,0,3,3,5,2
235,2474,1,5073,1,5093,1,0,0,0,0,0,0,0,0,3,3,5,2
236,2500,1,5073,1,5367,1,0,0,0,0,0,0,0,0,3,3,5,2
237,3599,1,5073,2,5083,1,5280,1,5063,1,0,0,0,0,3,3,5,3
238,3102,1,5073,2,5082,1,5063,1,0,0,0,0,0,0,3,3,5,3
239,3825,1,5073,2,5083,1,5280,1,5063,1,0,0,0,0,3,3,5,3
240,2755,1,5073,2,5082,1,5063,1,0,0,0,0,0,0,3,3,5,3
241,3833,1,5073,1,5277,1,5320,1,0,0,0,0,0,0,3,3,5,3
242,3586,1,5073,1,5277,2,0,0,0,0,0,0,0,0,3,3,5,3
243,0,0,0,0,0,0,0,0,0,0,0,0,0,0,3,3,5,3
244,2257,1,5073,1,5058,2,5371,1,0,0,0,0,0,0,3,3,5,3
245,2765,1,5073,2,5093,1,5280,1,0,0,0,0,0,0,3,3,5,3
246,3835,1,5073,2,5058,1,5277,1,0,0,0,0,0,0,3,3,5,3
247,3605,1,5073,1,5058,1,5280,1,0,0,0,0,0,0,3,3,5,3
248,3118,1,5073,1,5277,2,5064,1,0,0,0,0,0,0,3,3,5,3
249,2260,1,2231,1,5064,1,5092,1,0,0,0,0,0,0,3,4,5,3
250,2501,1,5073,1,5371,1,0,0,0,0,0,0,0,0,3,4,5,3
251,2475,1,5073,1,5093,1,5064,1,5198,1,0,0,0,0,3,4,5,3
252,0,0,0,0,0,0,0,0,0,0,0,0,0,0,3,4,5,3
253,3127,1,5073,4,5063,1,0,0,0,0,0,0,0,0,3,4,5,3
254,3614,1,5073,3,5083,1,0,0,0,0,0,0,0,0,3,4,5,3
255,2262,1,2242,1,5092,2,5280,1,0,0,0,0,0,0,3,4,5,3
256,3386,1,5058,3,5083,2,5282,1,0,0,0,0,0,0,3,4,5,3
257,3847,1,5282,1,5073,1,5093,1,5318,1,0,0,0,0,3,4,5,3
258,2786,1,5072,1,5073,1,5093,1,5058,1,0,0,0,0,3,4,5,3
259,3619,1,5072,1,5073,1,5093,1,5282,1,0,0,0,0,3,4,5,3
260,5065,1,5114,3,0,0,0,0,0,0,0,0,0,0,3,4,-1,0
261,2502,1,5073,1,5373,1,0,0,0,0,0,0,0,0,3,4,5,4
262,5089,1,5065,1,0,0,0,0,0,0,0,0,0,0,3,4,-1,0
263,5099,1,5065,1,0,0,0,0,0,0,0,0,0,0,3,4,-1,0
264,2268,1,5073,1,5093,1,5057,2,5998,1,0,0,0,0,3,4,5,4
265,5079,1,5065,2,0,0,0,0,0,0,0,0,0,0,3,4,-1,0
266,3142,1,5436,1,5282,2,5058,1,0,0,0,0,0,0,3,5,5,4
267,2802,1,5079,2,5099,1,5282,1,0,0,0,0,0,0,3,5,5,4
268,2476,1,5079,1,5099,1,5058,1,5201,1,0,0,0,0,3,5,5,4
269,3858,1,5079,1,5282,1,5065,1,5321,1,0,0,0,0,3,5,5,4
270,2817,1,5073,1,5079,1,5099,1,5065,1,0,0,0,0,3,5,5,4
271,3861,1,5284,1,5079,1,5099,1,5056,1,5321,1,0,0,3,5,5,5
272,2819,1,5079,1,5099,1,5277,1,0,0,0,0,0,0,3,5,5,5
273,5059,1,5116,2,5111,1,0,0,0,0,0,0,0,0,3,5,-1,0
274,3623,1,5079,1,5282,1,5284,1,0,0,0,0,0,0,3,5,5,4
275,3868,1,5079,1,5089,2,5277,1,5321,1,0,0,0,0,3,5,5,5
276,2827,1,5079,1,5089,2,5277,1,0,0,0,0,0,0,3,5,5,5
277,3174,1,5089,3,5328,1,5073,1,5277,1,0,0,0,0,3,5,5,5
278,5074,1,5059,2,0,0,0,0,0,0,0,0,0,0,3,5,-1,0
279,5084,1,5059,1,0,0,0,0,0,0,0,0,0,0,3,5,-1,0
280,3642,1,5073,1,5079,1,5099,1,5284,1,0,0,0,0,3,5,5,5
281,2503,1,5074,1,5374,1,0,0,0,0,0,0,0,0,3,5,5,5
282,5094,1,5059,1,0,0,0,0,0,0,0,0,0,0,3,5,-1,0
283,2830,1,2802,1,5099,1,5284,1,0,0,0,0,0,0,3,5,5,5
284,3654,1,5074,2,5282,1,5285,1,0,0,0,0,0,0,3,5,5,5
285,3883,1,5074,1,5285,1,5059,1,5322,1,0,0,0,0,3,6,5,5
286,2850,1,5074,2,5094,1,5285,1,0,0,0,0,0,0,3,6,5,5
287,3183,1,5458,1,5282,1,5285,1,5059,1,0,0,0,0,3,6,5,5
288,2859,1,5073,1,5074,1,5094,1,5059,1,0,0,0,0,3,6,5,5
289,3887,1,5285,1,5074,1,5094,1,5063,1,5322,1,0,0,3,6,5,5
290,3670,1,5073,1,5074,1,5094,1,5285,1,0,0,0,0,3,6,5,6
291,2861,1,5074,2,5094,1,5282,1,0,0,0,0,0,0,3,6,5,6
292,2294,1,5074,3,5094,1,5057,1,0,0,0,0,0,0,3,6,5,6
293,3906,1,5074,1,5084,2,5282,1,5322,1,0,0,0,0,3,6,5,6
294,2884,1,5074,1,5084,2,5282,1,0,0,0,0,0,0,3,6,5,6
295,3203,1,5084,3,5329,1,5079,1,5282,1,0,0,0,0,3,6,5,6
296,2478,1,5074,1,5094,1,5057,1,0,0,0,0,0,0,3,6,5,6
297,3692,1,5074,2,5084,1,5282,1,5066,1,0,0,0,0,3,6,5,6
298,3209,1,5074,2,5089,1,5066,1,0,0,0,0,0,0,3,6,5,6
299,3912,1,5074,2,5084,1,5282,1,5066,1,0,0,0,0,3,6,5,6
300,2889,1,5074,2,5089,1,5066,1,0,0,0,0,0,0,3,6,5,6
301,0,0,0,0,0,0,0,0,0,0,0,0,0,0,3,6,5,6
302,5275,1,5291,1,0,0,0,0,0,0,0,0,0,0,5,1,-1,0
303,2631,1,5275,1,0,0,0,0,0,0,0,0,0,0,5,1,4,1
304,3740,1,5275,1,5324,1,0,0,0,0,0,0,0,0,5,1,4,1
305,3516,1,5275,1,5318,1,0,0,0,0,0,0,0,0,5,1,4,1
306,0,0,0,0,0,0,0,0,0,0,0,0,0,0,5,1,4,1
307,3741,1,5275,1,5324,1,0,0,0,0,0,0,0,0,5,1,4,1
308,0,0,0,0,0,0,0,0,0,0,0,0,0,0,5,1,4,1
309,3530,1,5275,2,5091,1,0,0,0,0,0,0,0,0,5,1,4,1
310,3761,1,5275,1,5318,1,5510,1,0,0,0,0,0,0,5,1,4,1
311,2653,1,5275,1,5318,1,5333,1,0,0,0,0,0,0,5,1,4,1
312,0,0,0,0,0,0,0,0,0,0,0,0,0,0,5,1,4,1
313,3762,1,5275,1,5056,1,5318,1,5510,1,0,0,0,0,5,1,4,1
314,4304,1,5275,1,5318,1,0,0,0,0,0,0,0,0,5,1,4,1
315,3310,1,5275,2,5324,2,0,0,0,0,0,0,0,0,5,1,4,1
316,3531,1,5275,2,5318,1,0,0,0,0,0,0,0,0,5,1,4,1
317,3766,1,5275,1,5324,1,5318,1,5510,1,0,0,0,0,5,1,4,1
318,3535,1,5275,1,5056,1,5333,1,0,0,0,0,0,0,5,1,4,1
319,3534,1,5275,2,5318,1,0,0,0,0,0,0,0,0,5,1,4,1
320,1682,1,5275,2,5056,1,5324,1,0,0,0,0,0,0,5,1,4,1
321,4092,1,5275,1,5503,1,5432,2,0,0,0,0,0,0,5,1,4,1
322,5276,1,5292,1,0,0,0,0,0,0,0,0,0,0,5,1,-1,0
323,3764,1,5275,1,5361,1,5318,1,0,0,0,0,0,0,5,1,4,1
324,2654,1,5275,1,5276,1,5091,1,0,0,0,0,0,0,5,1,4,1
325,3765,1,5275,2,5324,1,0,0,0,0,0,0,0,0,5,1,4,1
326,3768,1,5276,1,5324,1,5510,1,0,0,0,0,0,0,5,1,4,1
327,3536,1,5276,2,5318,1,0,0,0,0,0,0,0,0,5,1,4,1
328,3769,1,5276,1,5324,1,0,0,0,0,0,0,0,0,5,1,4,1
329,3016,1,5276,3,5318,1,0,0,0,0,0,0,0,0,5,1,4,1
330,0,0,0,0,0,0,0,0,0,0,0,0,0,0,5,1,4,1
331,3537,1,5276,1,5319,1,0,0,0,0,0,0,0,0,5,1,4,1
332,0,0,0,0,0,0,0,0,0,0,0,0,0,0,5,1,4,1
333,2660,1,5276,1,5056,1,5091,1,0,0,0,0,0,0,5,1,4,1
334,3771,1,5276,1,5319,1,5510,1,0,0,0,0,0,0,5,1,4,1
335,3770,1,5276,1,5319,1,5324,1,5510,1,0,0,0,0,5,1,4,1
336,3017,1,5276,1,5275,1,5056,1,0,0,0,0,0,0,5,1,4,1
337,0,0,0,0,0,0,0,0,0,0,0,0,0,0,5,1,4,1
338,2229,1,5275,2,5364,1,5091,1,0,0,0,0,0,0,5,1,4,1
339,0,0,0,0,0,0,0,0,0,0,0,0,0,0,5,1,4,1
340,3541,1,5276,2,5056,1,5091,1,0,0,0,0,0,0,5,1,4,1
341,3772,1,5276,1,5091,1,5319,1,0,0,0,0,0,0,5,1,4,1
342,3319,1,5276,1,5324,1,5333,1,0,0,0,0,0,0,5,1,4,1
343,2669,1,5276,1,5319,1,5333,1,0,0,0,0,0,0,5,1,4,1
344,1685,1,5276,2,5057,1,5324,1,0,0,0,0,0,0,5,1,4,1
345,0,0,0,0,0,0,0,0,0,0,0,0,0,0,5,1,4,1
346,3542,1,5276,2,5319,1,0,0,0,0,0,0,0,0,5,1,4,1
347,4308,1,5276,1,5319,1,0,0,0,0,0,0,0,0,5,1,4,1
348,3546,1,5276,2,5092,1,0,0,0,0,0,0,0,0,5,1,4,1
349,3777,1,5276,1,5324,1,5319,1,5510,1,0,0,0,0,5,1,4,1
350,3547,1,5276,1,5057,1,0,0,0,0,0,0,0,0,5,1,4,1
351,0,0,0,0,0,0,0,0,0,0,0,0,0,0,5,1,4,1
352,0,0,0,0,0,0,0,0,0,0,0,0,0,0,5,1,4,1
353,5277,1,5296,1,5524,1,0,0,0,0,0,0,0,0,5,1,-1,0
354,2672,1,5276,2,5334,1,0,0,0,0,0,0,0,0,5,1,4,1
355,3774,1,5276,1,5319,1,5367,1,0,0,0,0,0,0,5,1,4,1
356,4097,1,5276,1,5504,1,5460,2,0,0,0,0,0,0,5,1,4,1
357,4099,1,5276,1,5504,1,5460,2,0,0,0,0,0,0,5,1,4,1
358,3549,1,5277,1,5319,1,0,0,0,0,0,0,0,0,5,1,4,1
359,3552,1,5277,2,5319,1,0,0,0,0,0,0,0,0,5,1,4,1
360,1688,1,5277,1,5319,1,5056,1,0,0,0,0,0,0,5,1,4,1
361,3784,1,5277,2,5325,1,0,0,0,0,0,0,0,0,5,1,4,1
362,0,0,0,0,0,0,0,0,0,0,0,0,0,0,5,1,4,1
363,2697,1,5277,1,5276,1,5092,1,0,0,0,0,0,0,5,1,4,1
364,4435,1,5277,1,5334,1,0,0,0,0,0,0,0,0,5,1,4,1
365,3562,1,5277,2,5319,1,0,0,0,0,0,0,0,0,5,1,4,1
366,3788,1,3740,1,5275,1,5325,1,0,0,0,0,0,0,5,2,4,1
367,3790,1,3740,1,5275,1,5325,1,0,0,0,0,0,0,5,2,4,1
368,3795,1,5277,1,5276,1,5325,1,5510,1,0,0,0,0,5,2,4,1
369,3337,1,5277,1,5325,1,5334,1,5319,1,0,0,0,0,5,2,4,1
370,2714,1,5277,1,5057,1,5092,1,0,0,0,0,0,0,5,2,4,1
371,3559,1,5277,2,5092,1,0,0,0,0,0,0,0,0,5,2,4,1
372,3043,1,5277,3,5319,1,0,0,0,0,0,0,0,0,5,2,4,1
373,2710,1,5277,1,5319,1,5334,1,0,0,0,0,0,0,5,2,4,1
374,3791,1,5277,2,5319,1,5057,1,0,0,0,0,0,0,5,2,4,1
375,0,0,0,0,0,0,0,0,0,0,0,0,0,0,5,2,4,1
376,3572,1,5277,2,5319,1,0,0,0,0,0,0,0,0,5,2,4,1
377,0,0,0,0,0,0,0,0,0,0,0,0,0,0,5,2,4,2
378,3347,1,5277,2,5325,2,5334,1,0,0,0,0,0,0,5,2,4,2
379,0,0,0,0,0,0,0,0,0,0,0,0,0,0,5,2,4,2
380,3799,1,5277,1,5319,1,5367,1,0,0,0,0,0,0,5,2,4,2
381,3576,1,5277,2,5092,1,0,0,0,0,0,0,0,0,5,2,4,2
382,3578,1,5277,2,5092,1,0,0,0,0,0,0,0,0,5,2,4,2
383,5280,1,5300,1,5524,1,0,0,0,0,0,0,0,0,5,2,-1,0
384,3808,1,5277,1,5057,1,5320,1,5510,1,0,0,0,0,5,2,4,2
385,4314,1,5277,1,5320,1,0,0,0,0,0,0,0,0,5,2,4,2
386,3810,1,5277,1,5057,1,5320,1,5510,1,0,0,0,0,5,3,4,2
387,3821,1,5277,1,5326,1,5320,1,5510,1,0,0,0,0,5,3,4,2
388,3581,1,5277,1,5058,1,0,0,0,0,0,0,0,0,5,3,4,2
389,4108,1,5277,1,5504,1,5460,2,0,0,0,0,0,0,5,3,4,2
390,0,0,0,0,0,0,0,0,0,0,0,0,0,0,5,3,4,2
391,1697,1,5280,1,5058,1,5320,1,0,0,0,0,0,0,5,3,4,2
392,0,0,0,0,0,0,0,0,0,0,0,0,0,0,5,3,4,2
393,4106,1,5277,1,5504,1,5460,2,0,0,0,0,0,0,5,3,4,2
394,2250,1,5277,1,5371,1,5093,1,0,0,0,0,0,0,5,3,4,2
395,3367,1,5280,1,5325,1,5334,1,5320,1,0,0,0,0,5,3,4,2
396,3099,1,5280,3,5325,1,5057,1,0,0,0,0,0,0,5,3,4,3
397,3597,1,5280,2,5058,1,5093,1,0,0,0,0,0,0,5,3,4,3
398,3100,1,5280,2,5277,1,5320,1,0,0,0,0,0,0,5,3,4,3
399,3369,1,5280,2,5326,2,0,0,0,0,0,0,0,0,5,3,4,3
400,0,0,0,0,0,0,0,0,0,0,0,0,0,0,5,3,4,3
401,3827,1,5280,2,5320,1,5058,1,0,0,0,0,0,0,5,3,4,3
402,3829,1,5280,2,5326,1,5320,1,5510,1,0,0,0,0,5,3,4,3
403,4456,1,5280,1,5335,1,0,0,0,0,0,0,0,0,5,3,4,3
404,3377,1,5280,2,5326,2,5335,1,0,0,0,0,0,0,5,3,4,3
405,0,0,0,0,0,0,0,0,0,0,0,0,0,0,5,3,4,3
406,5282,1,5303,1,5524,1,0,0,0,0,0,0,0,0,5,4,-1,0
407,2767,1,5280,1,5321,1,5335,1,0,0,0,0,0,0,5,4,4,3
408,0,0,0,0,0,0,0,0,0,0,0,0,0,0,5,4,4,3
409,1708,1,5282,1,5057,1,5321,1,0,0,0,0,0,0,5,4,4,3
410,3611,1,5282,2,5277,1,5093,1,0,0,0,0,0,0,5,4,4,3
411,4333,1,5282,1,5321,1,0,0,0,0,0,0,0,0,5,4,4,3
412,3613,1,5282,2,5277,1,5093,1,0,0,0,0,0,0,5,4,4,3
413,3844,1,5280,1,5327,1,0,0,0,0,0,0,0,0,5,4,4,3
414,3841,1,5282,1,5058,1,5321,1,5510,1,0,0,0,0,5,4,4,3
415,3843,1,5282,1,5058,1,5321,1,5510,1,0,0,0,0,5,4,4,3
416,3616,1,5282,1,5058,1,0,0,0,0,0,0,0,0,5,4,4,4
417,4130,1,5282,1,5505,1,5461,2,0,0,0,0,0,0,5,4,4,4
418,3402,1,5282,2,5327,1,5058,1,0,0,0,0,0,0,5,4,4,4
419,3138,1,5282,1,5058,2,5277,1,0,0,0,0,0,0,5,4,4,4
420,2788,1,5099,1,5282,1,5277,1,5063,1,5180,1,0,0,5,4,4,4
421,5284,1,5306,1,5525,1,0,0,0,0,0,0,0,0,5,4,-1,0
422,3851,1,5284,1,5065,1,5321,1,5510,1,0,0,0,0,5,4,4,4
423,3853,1,5284,1,5065,1,5321,1,5510,1,0,0,0,0,5,4,4,4
424,3625,1,5284,2,5282,1,5093,1,0,0,0,0,0,0,5,4,4,4
425,3627,1,5284,2,5282,1,5093,1,0,0,0,0,0,0,5,5,4,4
426,3860,1,5282,1,5280,1,5327,1,5510,1,0,0,0,0,5,5,4,4
427,3165,1,5284,1,5282,1,5065,2,0,0,0,0,0,0,5,5,4,4
428,3639,1,5282,2,5058,1,5321,1,0,0,0,0,0,0,5,5,4,4
429,0,0,0,0,0,0,0,0,0,0,0,0,0,0,5,5,4,4
430,0,0,0,0,0,0,0,0,0,0,0,0,0,0,5,5,4,4
431,0,0,0,0,0,0,0,0,0,0,0,0,0,0,5,5,4,4
432,3416,1,5284,2,5065,1,5328,1,0,0,0,0,0,0,5,5,4,4
433,3426,1,5282,2,5328,2,0,0,0,0,0,0,0,0,5,5,4,4
434,0,0,0,0,0,0,0,0,0,0,0,0,0,0,5,5,4,4
435,3423,1,5282,2,5327,1,5064,1,0,0,0,0,0,0,5,5,4,4
436,3866,1,5282,1,5277,1,5321,1,5510,1,0,0,0,0,5,5,4,4
437,3871,1,5282,2,5327,1,5321,1,5510,1,0,0,0,0,5,5,4,5
438,3177,1,5282,3,5328,1,5064,1,0,0,0,0,0,0,5,5,4,5
439,5285,1,5310,1,5525,1,0,0,0,0,0,0,0,0,5,5,-1,0
440,2270,1,5285,1,5373,1,5099,1,5436,1,0,0,0,0,5,5,4,5
441,0,0,0,0,0,0,0,0,0,0,0,0,0,0,5,5,4,5
442,4360,1,5285,1,5322,1,0,0,0,0,0,0,0,0,5,5,4,5
443,3662,1,3616,1,5066,1,5201,1,0,0,0,0,0,0,5,5,4,5
444,3658,1,3616,1,5066,1,5199,1,0,0,0,0,0,0,5,5,4,5
445,3660,1,3616,1,5066,1,5200,1,0,0,0,0,0,0,5,5,4,5
446,3666,1,3616,1,5066,1,5203,1,0,0,0,0,0,0,5,5,4,5
447,3656,1,3616,1,5066,1,5198,1,0,0,0,0,0,0,5,5,4,5
448,3664,1,3616,1,5066,1,5202,1,0,0,0,0,0,0,5,5,4,5
449,3651,1,5285,2,5282,1,5094,1,0,0,0,0,0,0,5,5,4,5
450,3653,1,5285,2,5282,1,5094,1,0,0,0,0,0,0,5,5,4,5
451,1728,1,5058,1,5284,1,5322,1,0,0,0,0,0,0,5,5,4,5
452,0,0,0,0,0,0,0,0,0,0,0,0,0,0,5,5,4,5
453,3447,1,5329,1,5285,2,5059,1,0,0,0,0,0,0,5,5,4,5
454,3191,1,5059,2,5282,1,5285,1,0,0,0,0,0,0,5,5,4,5
455,4153,1,5285,1,5505,1,5462,2,0,0,0,0,0,0,5,6,4,5
456,3885,1,5510,1,5285,1,5282,1,5327,1,0,0,0,0,5,6,4,5
457,2862,1,5094,1,5285,2,5065,1,5181,1,0,0,0,0,5,6,4,5
458,3904,1,5282,2,5322,1,5510,1,0,0,0,0,0,0,5,6,4,5
459,3457,1,5285,2,5328,2,0,0,0,0,0,0,0,0,5,6,4,5
460,3668,1,5059,1,5285,2,5322,1,0,0,0,0,0,0,5,5,4,5
461,0,0,0,0,0,0,0,0,0,0,0,0,0,0,5,6,4,5
462,3206,1,5282,1,5285,2,5329,1,5066,1,0,0,0,0,5,6,4,5
463,3909,1,5510,1,5285,2,5327,1,5322,1,0,0,0,0,5,6,4,5
464,5333,2,5341,2,0,0,0,0,0,0,0,0,0,0,6,1,-1,0
465,5324,1,5333,2,0,0,0,0,0,0,0,0,0,0,6,1,-1,0
466,3515,1,5324,1,5333,1,0,0,0,0,0,0,0,0,6,1,4,1
467,3307,1,5324,1,5333,2,0,0,0,0,0,0,0,0,6,1,4,1
468,3308,1,5324,1,5333,2,0,0,0,0,0,0,0,0,6,1,4,1
469,2996,1,5324,2,5333,1,0,0,0,0,0,0,0,0,6,1,4,1
470,2629,1,5324,1,5333,1,5275,1,0,0,0,0,0,0,6,1,4,1
471,2997,1,5324,2,5333,1,0,0,0,0,0,0,0,0,6,1,4,1
472,3275,1,5324,2,5333,1,5275,1,0,0,0,0,0,0,6,1,4,1
473,2961,1,5324,3,5333,1,0,0,0,0,0,0,0,0,6,1,4,1
474,2630,1,5324,1,5333,1,5275,1,0,0,0,0,0,0,6,1,4,1
475,3276,1,5324,2,5275,1,5318,1,0,0,0,0,0,0,6,1,4,1
476,2958,1,5324,2,5333,1,5318,1,0,0,0,0,0,0,6,1,4,1
477,3274,1,5324,2,5333,1,5275,1,0,0,0,0,0,0,6,1,4,1
478,2959,1,5324,2,5333,1,5318,1,0,0,0,0,0,0,6,1,4,1
479,2960,1,5324,2,5333,1,5275,1,0,0,0,0,0,0,6,1,4,1
480,3311,1,5324,1,5333,1,5275,1,5318,1,0,0,0,0,6,1,4,1
481,3309,1,5324,3,5333,1,0,0,0,0,0,0,0,0,6,1,4,1
482,3312,1,5324,2,5333,1,0,0,0,0,0,0,0,0,6,1,4,1
483,2652,1,5324,3,0,0,0,0,0,0,0,0,0,0,6,1,4,1
484,3000,1,5324,4,5333,1,0,0,0,0,0,0,0,0,6,1,4,1
485,2999,1,5324,1,5333,1,5275,1,5318,1,0,0,0,0,6,1,4,1
486,2655,1,5324,2,5333,1,5351,1,0,0,0,0,0,0,6,1,4,1
487,3001,1,5324,2,5333,1,5062,1,0,0,0,0,0,0,6,1,4,1
488,3533,1,5324,2,5333,1,0,0,0,0,0,0,0,0,6,1,4,1
489,3010,1,5324,3,5333,2,0,0,0,0,0,0,0,0,6,1,4,1
490,3532,1,5324,2,5333,1,5341,1,0,0,0,0,0,0,6,1,4,1
491,0,0,0,0,0,0,0,0,0,0,0,0,0,0,6,1,4,1
492,3008,1,5324,2,5333,1,5341,1,0,0,0,0,0,0,6,1,4,1
493,3313,1,5324,2,5333,1,5275,1,5062,1,0,0,0,0,6,1,4,1
494,3314,1,5324,1,5333,1,5275,2,0,0,0,0,0,0,6,1,4,1
495,3014,1,5324,3,5333,1,0,0,0,0,0,0,0,0,6,1,4,1
496,3013,1,5324,1,5333,1,5275,1,5062,1,0,0,0,0,6,1,4,1
497,3317,1,5324,2,5333,1,5062,1,0,0,0,0,0,0,6,1,4,1
498,3315,1,5324,2,5275,1,5318,1,0,0,0,0,0,0,6,1,4,1
499,3318,1,5324,1,5333,1,5275,1,5318,1,5091,1,0,0,6,1,4,1
500,2661,1,5324,1,5333,1,5276,1,0,0,0,0,0,0,6,1,4,1
501,3015,1,5324,2,5333,1,5351,1,0,0,0,0,0,0,6,1,4,1
502,3316,1,5324,2,5333,1,5275,1,0,0,0,0,0,0,6,1,4,1
503,2658,1,5342,3,0,0,0,0,0,0,0,0,0,0,6,1,4,1
504,3539,1,5324,2,5276,1,5056,1,0,0,0,0,0,0,6,1,4,1
505,3538,1,5324,2,5333,2,0,0,0,0,0,0,0,0,6,1,4,1
506,5334,2,5343,2,0,0,0,0,0,0,0,0,0,0,6,1,-1,0
507,2663,1,5342,3,5540,1,0,0,0,0,0,0,0,0,6,1,4,1
508,3020,1,5324,1,5333,1,5275,1,5062,1,0,0,0,0,6,1,4,1
509,3019,1,5324,1,5333,1,5275,1,5062,1,0,0,0,0,6,1,4,1
510,3018,1,5324,3,5333,2,0,0,0,0,0,0,0,0,6,1,4,1
511,5325,1,5334,2,0,0,0,0,0,0,0,0,0,0,6,1,-1,0
512,2665,1,5325,3,0,0,0,0,0,0,0,0,0,0,6,1,4,1
513,3320,1,5325,2,5276,1,5318,1,0,0,0,0,0,0,6,1,4,1
514,2666,1,5342,3,5325,1,0,0,0,0,0,0,0,0,6,1,4,1
515,3321,1,5325,1,5334,1,5276,1,5319,1,0,0,0,0,6,1,4,1
516,3022,1,5325,1,5334,1,5276,2,0,0,0,0,0,0,6,1,4,1
517,0,0,0,0,0,0,0,0,0,0,0,0,0,0,6,1,4,1
518,3024,1,5325,2,5324,2,5334,1,0,0,0,0,0,0,6,1,4,1
519,3324,1,5325,3,5334,1,0,0,0,0,0,0,0,0,6,1,4,1
520,3327,1,5325,2,5334,1,0,0,0,0,0,0,0,0,6,1,4,1
521,3322,1,5325,2,5334,1,5324,1,0,0,0,0,0,0,6,1,4,1
522,2670,1,5325,2,5334,1,0,0,0,0,0,0,0,0,6,1,4,1
523,3543,1,5325,1,5334,1,0,0,0,0,0,0,0,0,6,1,4,1
524,3023,1,5325,2,5334,1,5063,1,0,0,0,0,0,0,6,1,4,1
525,3325,1,5324,1,5334,1,5276,1,5319,1,0,0,0,0,6,1,4,1
526,2677,1,5325,1,5334,1,5276,1,0,0,0,0,0,0,6,1,4,1
527,3028,1,5325,2,5334,1,5276,1,5318,1,0,0,0,0,6,1,4,1
528,0,0,0,0,0,0,0,0,0,0,0,0,0,0,6,1,4,1
529,3332,1,5325,1,5334,1,5275,1,5318,1,5091,1,0,0,6,1,4,1
530,3036,1,5325,2,5334,1,5319,1,0,0,0,0,0,0,6,1,4,1
531,3038,1,5325,2,5334,1,5319,1,0,0,0,0,0,0,6,1,4,1
532,3041,1,5325,3,5334,1,0,0,0,0,0,0,0,0,6,1,4,1
533,3064,1,5325,1,5334,1,5276,1,5063,1,0,0,0,0,6,1,4,1
534,3039,1,5325,2,5334,1,5355,1,0,0,0,0,0,0,6,1,4,1
535,2699,1,5325,1,5334,1,5276,1,0,0,0,0,0,0,6,1,4,1
536,2700,1,5325,1,5334,1,5276,1,0,0,0,0,0,0,6,1,4,1
537,3334,1,5325,2,5334,1,5275,1,0,0,0,0,0,0,6,1,4,1
538,3336,1,5325,2,5334,1,5275,1,0,0,0,0,0,0,6,1,4,1
539,3341,1,5325,2,5334,1,5319,1,0,0,0,0,0,0,6,1,4,1
540,3339,1,5325,1,5334,1,5276,1,5318,1,5092,1,0,0,6,1,4,1
541,3561,1,5325,1,5324,1,5334,1,5343,1,0,0,0,0,6,1,4,1
542,0,0,0,0,0,0,0,0,0,0,0,0,0,0,6,2,4,1
543,3568,1,5325,2,5334,2,0,0,0,0,0,0,0,0,6,2,4,1
544,3050,1,5325,3,5334,2,0,0,0,0,0,0,0,0,6,2,4,1
545,3343,1,5325,1,5334,1,5276,2,0,0,0,0,0,0,6,2,4,1
546,3800,1,5325,2,5334,1,5510,1,0,0,0,0,0,0,6,2,4,1
547,5335,2,5345,2,0,0,0,0,0,0,0,0,0,0,6,1,-1,0
548,3053,1,5325,1,5334,1,5276,1,5063,1,0,0,0,0,6,2,4,1
549,3052,1,5325,1,5334,1,5276,1,5063,1,0,0,0,0,6,2,4,1
550,2719,1,5325,1,5334,1,5057,1,0,0,0,0,0,0,6,2,4,1
551,3060,1,5325,2,5334,1,5276,1,5319,1,0,0,0,0,6,2,4,1
552,3570,1,5325,2,5276,1,5057,1,0,0,0,0,0,0,6,2,4,1
553,5326,1,5334,1,5335,1,0,0,0,0,0,0,0,0,6,1,-1,0
554,3345,1,5325,2,5334,1,5275,1,5057,1,0,0,0,0,6,2,4,2
555,3065,1,5326,2,5335,1,5343,1,5057,1,0,0,0,0,6,2,4,2
556,3062,1,5325,3,5335,2,0,0,0,0,0,0,0,0,6,2,4,2
557,3348,1,5326,3,5335,1,0,0,0,0,0,0,0,0,6,2,4,2
558,3575,1,5326,1,5335,1,0,0,0,0,0,0,0,0,6,2,4,2
559,2727,1,5326,3,5465,1,5442,1,0,0,0,0,0,0,6,2,4,2
560,3349,1,5326,1,5335,1,5277,1,5319,1,0,0,0,0,6,2,4,2
561,3351,1,5326,1,5335,1,5277,1,5319,1,0,0,0,0,6,2,4,2
562,3354,1,5326,2,5277,1,5319,1,0,0,0,0,0,0,6,2,4,2
563,3066,1,5326,1,5335,1,5277,2,0,0,0,0,0,0,6,2,4,2
564,2729,1,5326,3,0,0,0,0,0,0,0,0,0,0,6,2,4,2
565,0,0,0,0,0,0,0,0,0,0,0,0,0,0,6,2,4,2
566,0,0,0,0,0,0,0,0,0,0,0,0,0,0,6,3,4,2
567,2733,1,5326,1,5325,1,5335,1,0,0,0,0,0,0,6,3,4,2
568,3090,1,5326,4,5335,1,0,0,0,0,0,0,0,0,6,3,4,2
569,3355,1,5326,2,5335,1,0,0,0,0,0,0,0,0,6,3,4,2
570,2734,1,5326,1,5325,1,5335,1,0,0,0,0,0,0,6,3,4,2
571,3092,1,5326,2,5335,2,5064,1,0,0,0,0,0,0,6,3,4,2
572,0,0,0,0,0,0,0,0,0,0,0,0,0,0,6,3,4,2
573,3823,1,5326,1,5325,1,5064,1,5510,1,0,0,0,0,6,3,4,2
574,3365,1,5326,1,5335,1,5277,1,5319,1,5092,1,0,0,6,3,4,2
575,3077,1,5326,2,5335,2,5064,1,0,0,0,0,0,0,6,3,4,2
576,3583,1,5326,2,5335,1,0,0,0,0,0,0,0,0,6,3,4,2
577,2750,1,5326,1,5335,1,5355,1,5343,1,0,0,0,0,6,3,4,2
578,3363,1,5326,2,5335,1,5057,1,0,0,0,0,0,0,6,3,4,3
579,3104,1,5326,2,5335,1,5343,1,5064,1,0,0,0,0,6,3,4,3
580,3370,1,5326,1,5335,1,5280,1,5320,1,5092,1,0,0,6,3,4,3
581,3601,1,5326,2,5335,1,5343,1,0,0,0,0,0,0,6,3,4,3
582,3831,1,5326,2,5335,1,5510,1,0,0,0,0,0,0,6,3,4,3
583,3372,1,5326,1,5335,1,5280,1,0,0,0,0,0,0,6,3,4,3
584,0,0,0,0,0,0,0,0,0,0,0,0,0,0,6,3,4,3
585,3603,1,5326,2,5335,2,0,0,0,0,0,0,0,0,6,3,4,3
586,3106,1,5326,3,5335,2,5064,1,0,0,0,0,0,0,6,3,4,3
587,5336,2,5346,2,0,0,0,0,0,0,0,0,0,0,6,2,-1,0
588,2763,1,5326,1,5335,1,5058,1,0,0,0,0,0,0,6,3,4,3
589,3120,1,5326,1,5335,1,5277,1,5064,1,5527,1,0,0,6,3,4,3
590,5327,1,5336,2,0,0,0,0,0,0,0,0,0,0,6,2,-1,0
591,3121,1,5326,1,5335,1,5277,1,5064,1,5527,1,0,0,6,4,4,3
592,3379,1,5327,3,5336,1,0,0,0,0,0,0,0,0,6,4,4,3
593,3607,1,5327,1,5336,1,0,0,0,0,0,0,0,0,6,4,4,3
594,3383,1,5327,1,5336,1,5277,1,5320,1,0,0,0,0,6,4,4,3
595,3385,1,5327,1,5336,1,5277,1,5320,1,0,0,0,0,6,4,4,3
596,3125,1,5327,1,5336,1,5277,2,0,0,0,0,0,0,6,4,4,3
597,2776,1,5327,3,0,0,0,0,0,0,0,0,0,0,6,4,4,3
598,3397,1,5327,2,5336,1,0,0,0,0,0,0,0,0,6,4,4,3
599,2779,1,5327,2,5336,1,5352,1,0,0,0,0,0,0,6,4,4,3
600,3131,1,5327,3,5336,2,5465,1,0,0,0,0,0,0,6,4,4,3
601,2778,1,5342,3,5284,1,5327,1,0,0,0,0,0,0,6,4,4,4
602,3399,1,5327,1,5336,1,5280,1,5320,1,5093,1,0,0,6,4,4,4
603,3140,1,5327,4,5336,1,0,0,0,0,0,0,0,0,6,4,4,4
604,2804,1,5327,2,5336,1,5066,1,0,0,0,0,0,0,6,4,4,4
605,0,0,0,0,0,0,0,0,0,0,0,0,0,0,6,4,4,4
606,3849,1,5327,1,5326,1,5066,1,5510,1,0,0,0,0,6,4,4,4
607,3404,1,5327,1,5336,1,5326,1,0,0,0,0,0,0,6,4,4,4
608,5337,2,5347,2,0,0,0,0,0,0,0,0,0,0,6,2,-1,0
609,2805,1,5327,2,5336,1,5066,1,0,0,0,0,0,0,6,4,4,4
610,3144,1,5327,2,5336,2,5066,1,0,0,0,0,0,0,6,4,4,4
611,3145,1,5327,2,5336,2,5066,1,0,0,0,0,0,0,6,4,4,4
612,3621,1,5327,2,5336,1,0,0,0,0,0,0,0,0,6,4,4,4
613,5328,1,5337,2,0,0,0,0,0,0,0,0,0,0,6,3,-1,0
614,2806,1,5328,1,5336,1,5277,1,0,0,0,0,0,0,6,5,4,4
615,3147,1,5328,1,5337,1,5277,2,0,0,0,0,0,0,6,5,4,4
616,2810,1,5328,3,5277,1,0,0,0,0,0,0,0,0,6,5,4,4
617,2808,1,5328,1,5336,1,5277,1,0,0,0,0,0,0,6,5,4,4
618,3408,1,5328,1,5337,1,5277,1,5320,1,0,0,0,0,6,5,4,4
619,3410,1,5328,1,5337,1,5277,1,5320,1,0,0,0,0,6,5,4,4
620,2814,1,5328,2,5337,1,5355,1,0,0,0,0,0,0,6,5,4,4
621,2816,1,5327,1,5326,1,5336,2,0,0,0,0,0,0,6,5,4,4
622,3413,1,5328,2,5337,1,0,0,0,0,0,0,0,0,6,5,4,4
623,3160,1,5328,3,5337,2,5065,1,0,0,0,0,0,0,6,5,4,4
624,3162,1,5327,2,5326,1,5336,1,5517,1,0,0,0,0,6,5,4,4
625,3415,1,5327,2,5336,1,5282,1,0,0,0,0,0,0,6,5,4,5
626,3163,1,5327,2,5336,1,5282,1,5058,1,0,0,0,0,6,5,4,5
627,3425,1,5328,2,5327,1,5337,1,0,0,0,0,0,0,6,5,4,5
628,2829,1,5328,1,5337,1,5348,1,5359,1,0,0,0,0,6,5,4,5
629,2825,1,5328,1,5335,1,5282,1,5359,1,0,0,0,0,6,5,4,5
630,3176,1,5328,2,5327,1,5337,1,5065,1,0,0,0,0,6,5,4,5
631,3421,1,5328,1,5327,1,5337,1,5282,1,5058,1,0,0,6,5,4,5
632,3645,1,5282,1,5277,1,5328,1,5321,1,0,0,0,0,6,5,4,5
633,3172,1,5328,2,5337,1,5277,1,5321,1,0,0,0,0,6,5,4,5
634,3429,1,5328,1,5335,1,5280,2,0,0,0,0,0,0,6,5,4,5
635,2832,1,5328,1,5337,1,5360,1,5063,1,0,0,0,0,6,5,4,5
636,3647,1,5328,1,5337,1,5282,1,5065,1,0,0,0,0,6,5,4,5
637,3648,1,5328,2,5337,1,5280,1,5343,1,0,0,0,0,6,5,4,5
638,3427,1,5328,1,5337,1,5282,1,5322,1,5099,1,0,0,6,5,4,5
639,3178,1,5328,3,5337,1,5280,1,5321,1,0,0,0,0,6,5,4,5
640,5329,1,5347,2,5349,1,5522,1,0,0,0,0,0,0,6,5,-1,0
641,2835,1,5329,1,5337,1,5277,1,0,0,0,0,0,0,6,5,4,5
642,2837,1,5329,1,5337,1,5277,1,0,0,0,0,0,0,6,5,4,5
643,3187,1,5328,2,5327,1,5337,1,5517,1,0,0,0,0,6,5,4,5
644,2854,1,5328,2,5337,2,0,0,0,0,0,0,0,0,6,5,4,5
645,3188,1,5328,2,5337,1,5285,1,5059,1,0,0,0,0,6,5,4,5
646,2852,1,5329,2,5337,1,5360,1,5066,1,0,0,0,0,6,5,4,5
647,3185,1,5329,3,5337,2,5066,1,0,0,0,0,0,0,6,5,4,5
648,3442,1,5328,2,5337,1,5285,1,0,0,0,0,0,0,6,5,4,5
649,3193,1,5328,3,5327,1,5337,1,0,0,0,0,0,0,6,6,4,5
650,3456,1,5329,2,5328,1,5337,1,0,0,0,0,0,0,6,6,4,5
651,3201,1,5329,2,5337,1,5282,1,5322,1,0,0,0,0,6,6,4,5
652,2882,1,5329,1,5337,1,5282,1,5359,1,0,0,0,0,6,6,4,5
653,3205,1,5329,2,5337,1,5348,1,5059,1,0,0,0,0,6,6,4,5
654,3454,1,5329,1,5328,1,5337,1,5285,1,5065,1,0,0,6,6,4,5
655,3680,1,5329,1,5337,1,5282,1,5066,1,0,0,0,0,6,6,4,5
656,3678,1,5282,2,5329,1,5322,1,0,0,0,0,0,0,6,6,4,5
657,2886,1,5329,1,5337,1,5348,1,5359,1,0,0,0,0,6,6,4,5
658,3681,1,5329,2,5337,1,5282,1,5343,1,0,0,0,0,6,6,4,5
659,3467,1,5329,1,5337,1,5282,2,0,0,0,0,0,0,6,6,4,5
660,2891,1,5329,1,5337,1,5359,1,5065,1,0,0,0,0,6,6,4,5
661,3211,1,5329,3,5337,1,5282,1,5322,1,0,0,0,0,6,6,4,6
662,3473,1,5329,1,5337,1,5285,1,5322,1,5094,1,0,0,6,6,4,6
663,5062,1,5106,3,0,0,0,0,0,0,0,0,0,0,4,1,-1,0
664,1681,1,5432,2,5318,1,0,0,0,0,0,0,0,0,4,1,2,1
665,2056,1,5197,1,5432,1,0,0,0,0,0,0,0,0,4,1,2,1
666,5086,1,5062,1,0,0,0,0,0,0,0,0,0,0,4,1,-1,0
667,2106,1,5197,1,5433,1,5432,1,0,0,0,0,0,0,4,1,2,1
668,4305,1,5062,2,5275,1,0,0,0,0,0,0,0,0,4,1,2,1
669,4091,1,5062,1,5086,2,0,0,0,0,0,0,0,0,4,1,2,1
670,5258,1,5228,2,0,0,0,0,0,0,0,0,0,0,4,1,-1,0
671,4197,1,5062,1,5258,1,0,0,0,0,0,0,0,0,4,1,2,1
672,4422,1,5062,1,5258,1,0,0,0,0,0,0,0,0,4,1,2,1
673,4421,1,5432,1,5258,1,0,0,0,0,0,0,0,0,4,1,2,1
674,2443,1,5062,1,5258,1,0,0,0,0,0,0,0,0,4,1,2,1
675,4306,1,5433,2,5086,1,0,0,0,0,0,0,0,0,4,1,2,1
676,4307,1,5062,2,5276,1,0,0,0,0,0,0,0,0,4,1,2,1
677,2107,1,5197,1,5434,2,0,0,0,0,0,0,0,0,4,1,2,1
678,2057,1,5197,1,5062,1,0,0,0,0,0,0,0,0,4,1,2,1
679,4093,1,5433,3,0,0,0,0,0,0,0,0,0,0,4,1,2,1
680,1683,1,5434,2,5318,1,0,0,0,0,0,0,0,0,4,1,2,1
681,4198,1,5062,2,5258,1,0,0,0,0,0,0,0,0,4,1,2,1
682,2058,1,5197,1,5056,1,0,0,0,0,0,0,0,0,4,1,2,1
683,2445,1,5442,1,0,0,0,0,0,0,0,0,0,0,4,1,2,1
684,5169,1,5128,1,0,0,0,0,0,0,0,0,0,0,4,1,-1,0
685,5170,1,5129,1,0,0,0,0,0,0,0,0,0,0,4,1,-1,0
686,5173,1,5132,1,0,0,0,0,0,0,0,0,0,0,4,1,-1,0
687,2108,1,2106,1,5433,1,5442,2,0,0,0,0,0,0,4,1,2,1
688,5063,1,5106,2,5110,1,0,0,0,0,0,0,0,0,4,1,-1,0
689,5172,1,5131,1,0,0,0,0,0,0,0,0,0,0,4,1,-1,0
690,5171,1,5130,1,0,0,0,0,0,0,0,0,0,0,4,1,-1,0
691,5174,1,5133,1,0,0,0,0,0,0,0,0,0,0,4,1,-1,0
692,2668,1,5063,1,5512,1,0,0,0,0,0,0,0,0,4,1,2,1
693,2059,1,5056,1,5197,1,5063,1,0,0,0,0,0,0,4,1,2,1
694,5087,1,5063,1,0,0,0,0,0,0,0,0,0,0,4,1,-1,0
695,4204,1,5063,1,5442,1,5276,1,0,0,0,0,0,0,4,1,2,1
696,4309,1,5063,2,5276,1,0,0,0,0,0,0,0,0,4,1,2,1
697,4094,1,5063,1,5087,2,0,0,0,0,0,0,0,0,4,1,2,1
698,2444,1,5442,1,5258,1,0,0,0,0,0,0,0,0,4,1,2,1
699,4095,1,5063,1,5087,2,0,0,0,0,0,0,0,0,4,1,2,1
700,4311,1,5442,2,5334,1,0,0,0,0,0,0,0,0,4,1,2,1
701,4205,1,5063,1,5258,1,0,0,0,0,0,0,0,0,4,1,2,1
702,2109,1,2107,1,5434,2,5258,1,0,0,0,0,0,0,4,1,2,1
703,2685,1,5169,1,5063,3,0,0,0,0,0,0,0,0,4,1,2,1
704,2687,1,5170,1,5063,3,0,0,0,0,0,0,0,0,4,1,2,1
705,2693,1,5173,1,5063,3,0,0,0,0,0,0,0,0,4,1,2,1
706,2691,1,5172,1,5063,3,0,0,0,0,0,0,0,0,4,1,2,1
707,2689,1,5171,1,5063,3,0,0,0,0,0,0,0,0,4,1,2,1
708,2695,1,5174,1,5063,3,0,0,0,0,0,0,0,0,4,1,2,1
709,4100,1,5460,3,0,0,0,0,0,0,0,0,0,0,4,1,2,1
710,2111,1,5197,1,5435,2,0,0,0,0,0,0,0,0,4,1,2,1
711,5259,1,5229,2,0,0,0,0,0,0,0,0,0,0,4,1,-1,0
712,2061,1,2057,1,5063,1,5258,1,0,0,0,0,0,0,4,1,2,1
713,4430,1,5063,1,5258,1,0,0,0,0,0,0,0,0,4,1,2,1
714,4431,1,5063,1,5258,1,0,0,0,0,0,0,0,0,4,1,2,1
715,4313,1,5063,2,5276,1,0,0,0,0,0,0,0,0,4,2,2,1
716,4433,1,5460,1,5259,1,0,0,0,0,0,0,0,0,4,2,2,1
717,4209,1,5063,2,5258,1,0,0,0,0,0,0,0,0,4,2,2,1
718,5199,1,5153,1,0,0,0,0,0,0,0,0,0,0,4,2,-1,0
719,5203,1,5157,1,0,0,0,0,0,0,0,0,0,0,4,2,-1,0
720,5202,1,5156,1,0,0,0,0,0,0,0,0,0,0,4,2,-1,0
721,2446,1,5063,1,5259,1,0,0,0,0,0,0,0,0,4,2,2,1
722,5201,1,5155,1,0,0,0,0,0,0,0,0,0,0,4,2,-1,0
723,5200,1,5154,1,0,0,0,0,0,0,0,0,0,0,4,2,-1,0
724,5198,1,5152,1,0,0,0,0,0,0,0,0,0,0,4,2,-1,0
725,5064,1,5113,3,0,0,0,0,0,0,0,0,0,0,4,2,-1,0
726,2063,1,5200,1,5277,1,5435,1,0,0,0,0,0,0,4,2,2,1
727,5088,1,5064,1,0,0,0,0,0,0,0,0,0,0,4,2,-1,0
728,2447,1,5057,1,5259,1,0,0,0,0,0,0,0,0,4,2,2,2
729,2728,1,5064,1,5512,1,0,0,0,0,0,0,0,0,4,2,2,2
730,4211,1,5064,1,5435,1,5277,1,0,0,0,0,0,0,4,2,2,2
731,2731,1,2728,1,5064,1,5512,1,0,0,0,0,0,0,4,2,2,2
732,2066,1,5199,1,5435,1,5063,1,0,0,0,0,0,0,4,2,2,2
733,2118,1,2111,1,5435,2,5493,1,0,0,0,0,0,0,4,2,2,2
734,4315,1,5064,2,5277,1,0,0,0,0,0,0,0,0,4,2,2,2
735,4103,1,5064,1,5088,2,0,0,0,0,0,0,0,0,4,2,2,2
736,4105,1,5064,1,5088,2,0,0,0,0,0,0,0,0,4,2,2,2
737,4213,1,5064,1,5259,1,0,0,0,0,0,0,0,0,4,2,2,2
738,4439,1,5064,1,5259,1,0,0,0,0,0,0,0,0,4,2,2,2
739,4440,1,5064,1,5259,1,0,0,0,0,0,0,0,0,4,2,2,2
740,4317,1,5435,2,5335,1,0,0,0,0,0,0,0,0,4,2,2,2
741,2069,1,5197,1,5064,1,5527,1,0,0,0,0,0,0,4,2,2,2
742,2448,1,5064,1,5259,1,0,0,0,0,0,0,0,0,4,2,2,2
743,4320,1,5169,1,5064,2,0,0,0,0,0,0,0,0,4,3,2,2
744,4109,1,5169,2,5064,1,0,0,0,0,0,0,0,0,4,3,2,2
745,4322,1,5170,1,5064,2,0,0,0,0,0,0,0,0,4,3,2,2
746,4111,1,5170,2,5064,1,0,0,0,0,0,0,0,0,4,3,2,2
747,4214,1,5169,2,5064,1,0,0,0,0,0,0,0,0,4,3,2,2
748,4442,1,5169,1,5064,1,0,0,0,0,0,0,0,0,4,3,2,2
749,4216,1,5170,2,5064,1,0,0,0,0,0,0,0,0,4,3,2,2
750,4444,1,5170,1,5064,1,0,0,0,0,0,0,0,0,4,3,2,2
751,4328,1,5173,1,5064,2,0,0,0,0,0,0,0,0,4,3,2,2
752,4117,1,5173,2,5064,1,0,0,0,0,0,0,0,0,4,3,2,2
753,4330,1,5174,1,5064,2,0,0,0,0,0,0,0,0,4,3,2,2
754,4119,1,5174,2,5064,1,0,0,0,0,0,0,0,0,4,3,2,2
755,4222,1,5173,2,5064,1,0,0,0,0,0,0,0,0,4,3,2,2
756,4450,1,5173,1,5064,1,0,0,0,0,0,0,0,0,4,3,2,2
757,4224,1,5174,2,5064,1,0,0,0,0,0,0,0,0,4,3,2,2
758,4452,1,5174,1,5064,1,0,0,0,0,0,0,0,0,4,3,2,2
759,4326,1,5172,1,5064,2,0,0,0,0,0,0,0,0,4,3,2,2
760,4115,1,5172,2,5064,1,0,0,0,0,0,0,0,0,4,3,2,2
761,4220,1,5172,2,5064,1,0,0,0,0,0,0,0,0,4,3,2,2
762,4448,1,5172,1,5064,1,0,0,0,0,0,0,0,0,4,3,2,2
763,5260,1,5231,2,0,0,0,0,0,0,0,0,0,0,4,3,-1,0
764,4324,1,5171,1,5064,2,0,0,0,0,0,0,0,0,4,3,2,3
765,4113,1,5171,2,5064,1,0,0,0,0,0,0,0,0,4,3,2,3
766,4218,1,5171,2,5064,1,0,0,0,0,0,0,0,0,4,3,2,3
767,4446,1,5171,1,5064,1,0,0,0,0,0,0,0,0,4,3,2,3
768,4332,1,5064,2,5277,1,0,0,0,0,0,0,0,0,4,3,2,3
769,4121,1,5436,3,0,0,0,0,0,0,0,0,0,0,4,3,2,3
770,4454,1,5436,1,5260,1,0,0,0,0,0,0,0,0,4,3,2,3
771,4226,1,5064,2,5260,1,0,0,0,0,0,0,0,0,4,3,2,3
772,2121,1,5197,1,5436,2,0,0,0,0,0,0,0,0,4,3,2,3
773,5180,1,5139,1,0,0,0,0,0,0,0,0,0,0,4,3,-1,0
774,5179,1,5138,1,0,0,0,0,0,0,0,0,0,0,4,3,-1,0
775,5175,1,5134,1,0,0,0,0,0,0,0,0,0,0,4,3,-1,0
776,5176,1,5135,1,0,0,0,0,0,0,0,0,0,0,4,3,-1,0
777,5178,1,5137,1,0,0,0,0,0,0,0,0,0,0,4,3,-1,0
778,5177,1,5136,1,0,0,0,0,0,0,0,0,0,0,4,3,-1,0
779,2449,1,5447,1,5260,1,0,0,0,0,0,0,0,0,4,3,2,3
780,2745,1,5180,1,5064,3,0,0,0,0,0,0,0,0,4,4,2,3
781,2743,1,5179,1,5064,3,0,0,0,0,0,0,0,0,4,4,2,3
782,2735,1,5175,1,5064,3,0,0,0,0,0,0,0,0,4,4,2,3
783,2737,1,5176,1,5064,3,0,0,0,0,0,0,0,0,4,4,2,3
784,2741,1,5178,1,5064,3,0,0,0,0,0,0,0,0,4,4,2,3
785,2739,1,5177,1,5064,3,0,0,0,0,0,0,0,0,4,4,2,3
786,5065,1,5114,3,0,0,0,0,0,0,0,0,0,0,4,4,-1,0
787,2071,1,5201,1,5436,1,5280,1,0,0,0,0,0,0,4,4,2,3
788,2758,1,5073,1,5512,1,5277,1,0,0,0,0,0,0,4,4,2,3
789,1706,1,5456,2,5321,1,0,0,0,0,0,0,0,0,4,4,2,3
790,2076,1,2069,1,5064,2,5493,1,0,0,0,0,0,0,4,4,2,3
791,2769,1,2774,1,5065,1,5512,1,0,0,0,0,0,0,4,4,2,3
792,2774,1,5065,1,5512,1,0,0,0,0,0,0,0,0,4,4,2,3
793,5089,1,5065,1,0,0,0,0,0,0,0,0,0,0,4,4,-1,0
794,2123,1,2121,1,5436,2,5493,1,0,0,0,0,0,0,4,4,2,3
795,4231,1,5444,1,5065,1,5282,1,0,0,0,0,0,0,4,4,2,3
796,2078,1,5064,1,5436,1,5198,1,0,0,0,0,0,0,4,4,2,3
797,4335,1,5065,2,5280,1,0,0,0,0,0,0,0,0,4,4,2,3
798,4124,1,5065,1,5089,2,0,0,0,0,0,0,0,0,4,4,2,3
799,4232,1,5065,1,5260,1,0,0,0,0,0,0,0,0,4,4,2,3
800,4337,1,5444,2,5336,1,0,0,0,0,0,0,0,0,4,4,2,4
801,2450,1,5065,1,5260,1,0,0,0,0,0,0,0,0,4,4,2,4
802,4465,1,5065,1,5260,1,0,0,0,0,0,0,0,0,4,4,2,4
803,4349,1,5180,1,5065,2,0,0,0,0,0,0,0,0,4,4,2,4
804,4347,1,5179,1,5065,2,0,0,0,0,0,0,0,0,4,4,2,4
805,4339,1,5175,1,5065,2,0,0,0,0,0,0,0,0,4,4,2,4
806,4341,1,5176,1,5065,2,0,0,0,0,0,0,0,0,4,4,2,4
807,4345,1,5178,1,5065,2,0,0,0,0,0,0,0,0,4,4,2,4
808,4343,1,5177,1,5065,2,0,0,0,0,0,0,0,0,4,4,2,4
809,4351,1,5193,1,5065,2,0,0,0,0,0,0,0,0,4,4,2,4
810,4143,1,5180,2,5065,1,0,0,0,0,0,0,0,0,4,4,2,4
811,4141,1,5179,2,5065,1,0,0,0,0,0,0,0,0,4,4,2,4
812,4133,1,5175,2,5065,1,0,0,0,0,0,0,0,0,4,4,2,4
813,4135,1,5176,2,5065,1,0,0,0,0,0,0,0,0,4,4,2,4
814,4139,1,5178,2,5065,1,0,0,0,0,0,0,0,0,4,4,2,4
815,4137,1,5177,2,5065,1,0,0,0,0,0,0,0,0,4,4,2,4
816,4145,1,5193,2,5065,1,0,0,0,0,0,0,0,0,4,4,2,4
817,4243,1,5180,2,5065,1,0,0,0,0,0,0,0,0,4,5,2,4
818,4478,1,5180,1,5065,1,0,0,0,0,0,0,0,0,4,5,2,4
819,4241,1,5179,2,5065,1,0,0,0,0,0,0,0,0,4,5,2,4
820,4476,1,5179,1,5065,1,0,0,0,0,0,0,0,0,4,5,2,4
821,4233,1,5175,2,5065,1,0,0,0,0,0,0,0,0,4,5,2,4
822,4468,1,5175,1,5065,1,0,0,0,0,0,0,0,0,4,5,2,4
823,4235,1,5176,2,5065,1,0,0,0,0,0,0,0,0,4,5,2,4
824,4470,1,5176,1,5065,1,0,0,0,0,0,0,0,0,4,5,2,4
825,5196,1,5168,1,0,0,0,0,0,0,0,0,0,0,4,5,-1,0
826,5262,1,5263,1,0,0,0,0,0,0,0,0,0,0,4,5,-1,0
827,4239,1,5178,2,5065,1,0,0,0,0,0,0,0,0,4,5,2,4
828,4474,1,5178,1,5065,1,0,0,0,0,0,0,0,0,4,5,2,4
829,4237,1,5177,2,5065,1,0,0,0,0,0,0,0,0,4,5,2,4
830,4472,1,5177,1,5065,1,0,0,0,0,0,0,0,0,4,5,2,4
831,4147,1,5462,3,0,0,0,0,0,0,0,0,0,0,4,5,2,4
832,5184,1,5143,1,0,0,0,0,0,0,0,0,0,0,4,5,-1,0
833,5182,1,5141,1,0,0,0,0,0,0,0,0,0,0,4,5,-1,0
834,5185,1,5144,1,0,0,0,0,0,0,0,0,0,0,4,5,-1,0
835,5186,1,5145,1,0,0,0,0,0,0,0,0,0,0,4,5,-1,0
836,5183,1,5142,1,0,0,0,0,0,0,0,0,0,0,4,5,-1,0
837,5181,1,5140,1,0,0,0,0,0,0,0,0,0,0,4,5,-1,0
838,2125,1,5198,1,5444,2,5436,1,0,0,0,0,0,0,4,5,2,4
839,4245,1,5193,2,5065,1,0,0,0,0,0,0,0,0,4,5,2,4
840,4480,1,5193,1,5065,1,0,0,0,0,0,0,0,0,4,5,2,4
841,4353,1,5065,2,5280,1,0,0,0,0,0,0,0,0,4,5,2,4
842,5066,1,5115,4,0,0,0,0,0,0,0,0,0,0,4,5,-1,0
843,2796,1,5184,1,5065,3,0,0,0,0,0,0,0,0,4,5,2,5
844,2792,1,5182,1,5065,3,0,0,0,0,0,0,0,0,4,5,2,5
845,2798,1,5185,1,5065,3,0,0,0,0,0,0,0,0,4,5,2,5
846,2800,1,5186,1,5065,3,0,0,0,0,0,0,0,0,4,5,2,5
847,2794,1,5183,1,5065,3,0,0,0,0,0,0,0,0,4,5,2,5
848,2790,1,5181,1,5065,3,0,0,0,0,0,0,0,0,4,5,2,5
849,1716,1,5458,2,5322,1,0,0,0,0,0,0,0,0,4,5,2,5
850,2083,1,5202,1,5436,1,5282,1,0,0,0,0,0,0,4,5,2,5
851,5090,1,5066,1,0,0,0,0,0,0,0,0,0,0,4,5,-1,0
852,2088,1,5203,1,5059,1,5066,1,5489,1,0,0,0,0,4,5,2,5
853,2452,1,5468,1,5262,1,0,0,0,0,0,0,0,0,4,5,2,5
854,4485,1,5462,1,5262,1,0,0,0,0,0,0,0,0,4,5,2,5
855,4254,1,5462,1,5066,1,5282,1,0,0,0,0,0,0,4,5,2,5
856,2094,1,5203,1,5436,1,5066,1,0,0,0,0,0,0,4,5,2,5
857,4361,1,5066,2,5284,1,0,0,0,0,0,0,0,0,4,5,2,5
858,4150,1,5066,1,5090,2,0,0,0,0,0,0,0,0,4,5,2,5
859,4255,1,5066,1,5262,1,0,0,0,0,0,0,0,0,4,5,2,5
860,4497,1,5066,1,5262,1,0,0,0,0,0,0,0,0,4,5,2,5
861,5194,1,5466,1,0,0,0,0,0,0,0,0,0,0,4,6,-1,0
862,2857,1,5066,1,5512,1,5087,1,5180,1,0,0,0,0,4,6,2,5
863,4363,1,5462,3,5337,1,0,0,0,0,0,0,0,0,4,6,2,5
864,4371,1,5184,1,5066,2,0,0,0,0,0,0,0,0,4,6,2,5
865,2876,1,5184,1,5066,3,0,0,0,0,0,0,0,0,4,6,2,5
866,2872,1,5182,1,5066,3,0,0,0,0,0,0,0,0,4,6,2,5
867,2878,1,5185,1,5066,3,0,0,0,0,0,0,0,0,4,6,2,5
868,2880,1,5186,1,5066,3,0,0,0,0,0,0,0,0,4,6,2,5
869,2874,1,5183,1,5066,3,0,0,0,0,0,0,0,0,4,6,2,5
870,2870,1,5181,1,5066,3,0,0,0,0,0,0,0,0,4,6,2,5
871,4162,1,5184,2,5066,1,0,0,0,0,0,0,0,0,4,6,2,5
872,2453,1,5066,1,5262,1,0,0,0,0,0,0,0,0,4,6,2,5
873,4367,1,5182,1,5066,2,0,0,0,0,0,0,0,0,4,6,2,5
874,4158,1,5182,2,5066,1,0,0,0,0,0,0,0,0,4,6,2,5
875,4373,1,5185,1,5066,2,0,0,0,0,0,0,0,0,4,6,2,5
876,4164,1,5185,2,5066,1,0,0,0,0,0,0,0,0,4,6,2,5
877,4375,1,5186,1,5066,2,0,0,0,0,0,0,0,0,4,6,2,5
878,4166,1,5186,2,5066,1,0,0,0,0,0,0,0,0,4,6,2,5
879,4508,1,5184,1,5066,1,0,0,0,0,0,0,0,0,4,6,2,5
880,4369,1,5183,1,5066,2,0,0,0,0,0,0,0,0,4,6,2,6
881,4160,1,5183,2,5066,1,0,0,0,0,0,0,0,0,4,6,2,6
882,4377,1,5194,1,5066,2,0,0,0,0,0,0,0,0,4,6,2,6
883,4168,1,5194,2,5066,1,0,0,0,0,0,0,0,0,4,6,2,6
884,4365,1,5181,1,5066,2,0,0,0,0,0,0,0,0,4,6,2,6
885,4156,1,5181,2,5066,1,0,0,0,0,0,0,0,0,4,6,2,6
886,4379,1,5066,2,5285,1,0,0,0,0,0,0,0,0,4,6,2,6
887,4504,1,5182,1,5066,1,0,0,0,0,0,0,0,0,4,6,2,6
888,4510,1,5185,1,5066,1,0,0,0,0,0,0,0,0,4,6,2,6
889,4512,1,5186,1,5066,1,0,0,0,0,0,0,0,0,4,6,2,6
890,4506,1,5183,1,5066,1,0,0,0,0,0,0,0,0,4,6,2,6
891,4514,1,5194,1,5066,1,0,0,0,0,0,0,0,0,4,6,2,6
892,4502,1,5181,1,5066,1,0,0,0,0,0,0,0,0,4,6,2,6
893,2133,1,5436,1,5444,2,5202,1,5494,1,0,0,0,0,4,6,2,6
894,4264,1,5184,2,5066,1,0,0,0,0,0,0,0,0,4,6,2,6
895,4260,1,5182,2,5066,1,0,0,0,0,0,0,0,0,4,6,2,6
896,4266,1,5185,2,5066,1,0,0,0,0,0,0,0,0,4,6,2,6
897,4268,1,5186,2,5066,1,0,0,0,0,0,0,0,0,4,6,2,6
898,4262,1,5183,2,5066,1,0,0,0,0,0,0,0,0,4,6,2,6
899,4270,1,5194,2,5066,1,0,0,0,0,0,0,0,0,4,6,2,6
900,4258,1,5181,2,5066,1,0,0,0,0,0,0,0,0,4,6,2,6
901,4847,6,5518,1,0,0,0,0,0,0,0,0,0,0,2,1,-1,0
902,4849,3,5498,1,0,0,0,0,0,0,0,0,0,0,2,1,-1,0
903,4848,3,4849,1,0,0,0,0,0,0,0,0,0,0,2,1,-1,0
904,4728,3,4808,1,0,0,0,0,0,0,0,0,0,0,2,1,-1,0
905,4650,3,4772,1,4751,1,0,0,0,0,0,0,0,0,2,1,7,1
906,4825,3,4823,3,0,0,0,0,0,0,0,0,0,0,2,1,-1,0
907,4850,3,5516,3,0,0,0,0,0,0,0,0,0,0,2,1,-1,0
908,4716,3,4824,1,4728,1,4850,1,4752,1,4828,1,0,0,2,1,7,1
909,4696,3,4825,1,4847,1,4751,1,0,0,0,0,0,0,2,1,7,1
910,4639,3,4758,1,4777,1,4829,1,0,0,0,0,0,0,2,1,7,1
911,4660,3,4930,1,4847,1,0,0,0,0,0,0,0,0,2,1,7,1
912,4852,3,4753,1,0,0,0,0,0,0,0,0,0,0,2,1,-1,0
913,4745,3,4809,3,0,0,0,0,0,0,0,0,0,0,2,1,7,1
914,4853,5,4753,2,0,0,0,0,0,0,0,0,0,0,2,1,-1,0
915,4826,3,4824,4,0,0,0,0,0,0,0,0,0,0,2,1,-1,0
916,4658,3,5051,1,5050,1,4853,1,4826,1,4829,1,0,0,2,1,7,1
917,4689,3,4795,1,4853,1,0,0,0,0,0,0,0,0,2,1,7,1
918,4657,3,4932,1,4795,1,4853,1,4847,1,0,0,0,0,2,1,7,1
919,4659,3,4933,1,4847,1,4751,1,0,0,0,0,0,0,2,1,7,1
920,4673,3,4759,1,4826,1,4777,1,4778,1,4751,1,0,0,2,1,7,1
921,4854,3,4803,2,0,0,0,0,0,0,0,0,0,0,2,1,-1,0
922,4681,3,4779,1,5515,1,4849,1,4751,1,0,0,0,0,2,1,7,1
923,4726,3,4834,1,4752,1,0,0,0,0,0,0,0,0,2,1,7,1
924,4857,3,4804,4,0,0,0,0,0,0,0,0,0,0,2,1,-1,0
925,4855,3,4803,2,0,0,0,0,0,0,0,0,0,0,2,1,-1,0
926,4640,3,4760,1,4847,1,4829,1,0,0,0,0,0,0,2,1,7,1
927,4865,6,4780,1,4777,1,4829,1,0,0,0,0,0,0,2,1,-1,0
928,4735,3,4855,1,4854,1,4848,1,4753,1,0,0,0,0,2,1,7,1
929,4736,3,4854,1,4848,1,4752,1,0,0,0,0,0,0,2,1,7,1
930,4641,3,4761,1,4777,1,4696,1,4772,1,4865,1,4830,1,2,1,7,1
931,4682,3,4781,1,4857,1,4782,1,4783,1,4818,1,4751,1,2,1,7,1
932,4863,5,5551,1,4935,1,0,0,0,0,0,0,0,0,2,1,-1,0
933,4861,6,4826,1,4847,1,4751,1,0,0,0,0,0,0,2,1,-1,0
934,4708,3,4861,1,4778,1,4758,1,4777,1,4830,1,0,0,2,1,7,1
935,4666,3,4879,1,4847,1,0,0,0,0,0,0,0,0,2,1,7,1
936,4661,3,4936,1,4847,1,0,0,0,0,0,0,0,0,2,1,7,1
937,4859,5,4810,1,4751,1,0,0,0,0,0,0,0,0,2,1,-1,0
938,4858,3,5539,4,0,0,0,0,0,0,0,0,0,0,2,1,-1,0
939,4651,3,4773,1,4853,1,4752,1,4847,1,4865,1,4784,1,2,1,7,1
940,4642,3,4760,1,4785,1,4780,1,4847,1,0,0,0,0,2,1,7,1
941,4754,3,4752,1,4859,1,0,0,0,0,0,0,0,0,2,1,-1,0
942,4674,3,4805,1,4820,1,4834,1,4857,1,4862,1,4830,1,2,1,7,1
943,4683,3,4786,1,4847,1,4755,1,0,0,0,0,0,0,2,1,7,1
944,4717,3,5228,1,4751,1,4778,1,4847,1,4787,1,0,0,2,1,7,1
945,4709,3,4861,1,4810,1,4772,1,4828,1,4848,1,4853,1,2,1,7,1
946,4697,3,4826,1,4753,1,4847,1,4853,1,4806,1,0,0,2,1,7,1
947,4667,3,4881,1,4811,1,0,0,0,0,0,0,0,0,2,1,7,1
948,4690,3,4796,1,4764,1,4853,1,4847,1,0,0,0,0,2,1,7,1
949,4675,3,4765,1,4826,1,4777,1,4778,1,4787,1,0,0,2,1,7,1
950,4722,3,4754,1,4787,1,4853,1,4852,1,4829,1,0,0,2,2,7,1
951,4643,3,4765,1,4847,1,4829,1,0,0,0,0,0,0,2,2,7,1
952,4746,3,6145,3,0,0,0,0,0,0,0,0,0,0,2,2,7,1
953,4698,3,4826,1,4772,1,4850,1,4853,1,4752,1,4751,1,2,2,7,1
954,4730,3,4812,1,0,0,0,0,0,0,0,0,0,0,2,2,7,1
955,4684,3,4783,3,4797,1,4847,1,4853,1,4751,1,0,0,2,2,7,1
956,4652,3,4773,1,4835,1,4751,1,4847,1,0,0,0,0,2,2,7,1
957,4710,3,4787,1,4765,1,4777,1,4853,1,4778,1,4830,1,2,2,7,1
958,4662,3,4949,1,4853,1,4811,1,4826,1,4784,1,0,0,2,2,7,1
959,4699,3,4826,1,4848,1,4772,1,4847,1,4853,1,4751,1,2,2,7,1
960,4749,3,5542,1,4850,1,4751,1,0,0,0,0,0,0,2,2,7,2
961,4711,3,4861,1,4958,1,4853,1,4787,1,4830,1,4831,1,2,2,7,2
962,4731,3,4826,1,4848,1,4772,1,5522,1,4836,1,4853,1,2,2,7,2
963,4718,3,4822,1,4751,1,4777,1,4847,1,4760,1,0,0,2,2,7,2
964,4644,3,4766,1,4847,1,4829,1,0,0,0,0,0,0,2,2,7,2
965,4723,3,4819,1,4754,1,4781,1,4777,1,0,0,0,0,2,3,7,2
966,4653,3,4774,1,4853,1,4847,1,4751,1,0,0,0,0,2,3,7,2
967,4668,3,4891,1,4857,1,4829,1,4788,1,4777,1,4789,1,2,3,7,2
968,4867,6,4764,1,4777,1,4778,1,0,0,0,0,0,0,2,3,-1,0
969,4676,3,4770,1,4778,1,4826,1,4830,1,4867,1,4852,1,2,3,7,2
970,4732,3,4826,1,4753,1,4847,1,5522,1,4849,1,4853,1,2,3,7,2
971,4827,4,4821,3,0,0,0,0,0,0,0,0,0,0,2,3,-1,0
972,4669,3,4892,1,4796,1,4783,1,4847,1,0,0,0,0,2,3,7,3
973,4860,3,6145,4,0,0,0,0,0,0,0,0,0,0,2,3,-1,0
974,4685,3,4813,1,4785,1,4847,1,4860,1,4857,1,4755,1,2,3,7,3
975,4700,3,4827,1,4826,1,4857,1,4753,1,4772,1,4751,1,2,3,7,3
976,4691,3,4797,1,4780,1,4790,1,4858,1,4847,1,4830,1,2,3,7,3
977,4645,3,4767,1,4857,1,4811,1,4847,1,4830,1,0,0,2,3,7,3
978,4712,3,4861,1,4814,1,4853,1,4848,1,5522,1,4863,1,2,4,7,3
979,4670,3,4896,1,4837,1,4857,1,4811,1,4847,1,4871,1,2,4,7,3
980,4701,3,4825,1,4847,1,4807,1,4751,1,0,0,0,0,2,4,7,3
981,4654,3,4798,1,4774,1,4754,1,4847,1,0,0,0,0,2,4,7,3
982,4719,3,4791,1,4867,1,4853,1,4852,1,4777,1,4751,1,2,4,7,3
983,4756,3,6149,2,4852,1,0,0,0,0,0,0,0,0,2,4,-1,0
984,4686,3,4789,1,4839,1,4847,1,4838,1,4751,1,0,0,2,4,7,4
985,4724,3,4756,1,6149,1,4773,1,4849,1,4811,1,0,0,2,4,7,4
986,4677,3,4788,1,4792,1,4780,1,4839,1,4858,1,4829,1,2,4,7,4
987,4663,3,4982,1,4847,1,4840,1,0,0,0,0,0,0,2,4,7,4
988,4702,3,4825,1,4751,1,4850,1,4837,1,4772,1,0,0,2,4,7,4
989,4687,3,4793,1,4771,1,4852,1,4830,1,4755,1,4702,1,2,5,7,4
990,4692,3,4796,1,4795,1,4767,1,4826,1,4847,1,0,0,2,5,7,4
991,4747,3,6146,6,0,0,0,0,0,0,0,0,0,0,2,5,7,4
992,4733,3,4861,1,4728,1,4843,1,4847,1,4842,1,6146,1,2,5,7,4
993,4646,3,4768,1,4847,1,4830,1,4845,1,4844,1,0,0,2,5,7,4
994,4671,3,4666,1,4841,1,4775,1,4856,1,4826,1,4844,1,2,5,7,5
995,4757,3,6149,2,4815,1,0,0,0,0,0,0,0,0,2,5,-1,0
996,4720,3,4891,1,4780,1,4784,1,4777,1,4853,1,4844,1,2,5,7,5
997,4693,3,4857,1,4829,1,4797,3,4847,1,4845,1,0,0,2,5,7,5
998,4664,3,4789,1,4997,1,4863,1,4778,1,4791,1,4856,1,2,6,7,5
999,4727,3,6149,2,4815,2,0,0,0,0,0,0,0,0,2,6,7,5
1000,4703,3,4697,1,4753,1,4775,1,4853,1,4849,1,4857,1,2,6,7,5
1001,4655,3,4775,1,4898,1,4784,1,4785,1,4835,1,4811,1,2,6,7,5
1002,4750,3,4846,1,4836,1,4831,1,4828,1,4751,1,0,0,2,6,7,5
1003,4713,1,4861,1,6146,1,4848,1,4828,1,4842,1,5590,1,2,6,7,6
1004,4694,3,4797,3,4789,1,4780,1,4865,1,4847,1,4843,1,2,6,7,6
1005,4647,3,4769,1,4830,1,4829,1,4862,1,4859,1,4839,1,2,6,7,6
1006,4678,3,4826,1,4768,1,4830,1,4777,1,4862,1,4751,1,2,6,7,6
1007,4715,3,4769,1,4775,1,4861,1,4756,1,4844,1,4837,1,2,6,7,6
1008,5361,1,5380,3,0,0,0,0,0,0,0,0,0,0,4,1,-1,0
1009,3742,1,5361,1,0,0,0,0,0,0,0,0,0,0,4,1,3,1
1010,1891,1,5361,1,5333,1,0,0,0,0,0,0,0,0,4,1,3,1
1011,1820,1,5361,1,5432,1,5503,1,0,0,0,0,0,0,4,1,3,1
1012,3763,1,5361,1,5324,1,5275,1,0,0,0,0,0,0,4,1,3,1
1013,2405,1,5361,1,5056,1,5228,1,0,0,0,0,0,0,4,1,3,1
1014,2219,1,5361,1,5091,2,0,0,0,0,0,0,0,0,4,1,3,1
1015,2456,1,5361,2,5091,2,0,0,0,0,0,0,0,0,4,1,3,1
1016,1996,1,5361,1,5470,1,0,0,0,0,0,0,0,0,4,1,3,1
1017,1821,1,5361,1,5482,1,5056,1,0,0,0,0,0,0,4,1,3,1
1018,1892,1,5361,1,5396,1,5333,1,0,0,0,0,0,0,4,1,3,1
1019,2572,1,5361,1,5396,1,5056,1,0,0,0,0,0,0,4,1,3,1
1020,1997,1,5361,1,5492,1,0,0,0,0,0,0,0,0,4,1,3,1
1021,1893,1,1891,1,5396,1,5351,1,0,0,0,0,0,0,4,1,3,1
1022,2228,1,5361,1,5091,2,5056,1,0,0,0,0,0,0,4,1,3,1
1023,5364,1,5383,3,0,0,0,0,0,0,0,0,0,0,4,1,-1,0
1024,1604,1,5364,1,5124,1,0,0,0,0,0,0,0,0,4,1,3,1
1025,1822,1,5364,1,5434,1,0,0,0,0,0,0,0,0,4,1,3,1
1026,2406,1,5364,1,5056,1,5228,1,0,0,0,0,0,0,4,1,3,1
1027,2457,1,5364,2,5091,2,0,0,0,0,0,0,0,0,4,1,3,1
1028,2573,1,5364,1,5402,1,5056,1,0,0,0,0,0,0,4,1,3,1
1029,1823,1,5364,1,5352,1,5433,1,5503,1,0,0,0,0,4,1,3,1
1030,1998,1,5402,1,5432,1,5492,1,0,0,0,0,0,0,4,1,3,1
1031,1824,1,5361,1,5482,1,5056,1,5063,1,0,0,0,0,4,1,3,1
1032,3779,1,5364,1,5324,1,5275,1,0,0,0,0,0,0,4,1,3,1
1033,2675,1,5364,1,5275,1,5482,1,0,0,0,0,0,0,4,1,3,1
1034,1894,1,1892,1,5402,2,5276,1,0,0,0,0,0,0,4,1,3,1
1035,1895,1,5364,1,5402,1,5333,1,0,0,0,0,0,0,4,1,3,1
1036,2233,1,5364,1,5091,2,0,0,0,0,0,0,0,0,4,1,3,1
1037,5367,1,5385,3,0,0,0,0,0,0,0,0,0,0,4,1,-1,0
1038,2574,1,5367,1,5402,1,5057,1,0,0,0,0,0,0,4,1,3,1
1039,1825,1,5367,1,5057,1,4856,1,0,0,0,0,0,0,4,1,3,1
1040,2000,1,5367,1,5471,1,0,0,0,0,0,0,0,0,4,1,3,1
1041,1897,1,5367,1,5402,2,5334,1,0,0,0,0,0,0,4,1,3,1
1042,2459,1,5367,2,5091,2,0,0,0,0,0,0,0,0,4,1,3,1
1043,2002,1,5367,1,5492,1,0,0,0,0,0,0,0,0,4,1,3,1
1044,2703,1,5364,1,5174,1,4856,1,5275,1,0,0,0,0,4,1,3,1
1045,2575,1,5367,1,5405,1,5057,1,0,0,0,0,0,0,4,1,3,1
1046,1827,1,5367,1,5057,2,5276,1,0,0,0,0,0,0,4,1,3,1
1047,5368,1,5386,3,0,0,0,0,0,0,0,0,0,0,4,2,-1,0
1048,1899,1,1895,1,5367,1,5352,1,0,0,0,0,0,0,4,2,3,1
1049,2004,1,5405,1,5465,1,5492,1,0,0,0,0,0,0,4,2,3,1
1050,2408,1,5367,1,5057,1,5229,1,0,0,0,0,0,0,4,2,3,1
1051,1833,1,5367,1,5057,1,5503,1,0,0,0,0,0,0,4,2,3,1
1052,2460,1,5367,2,5092,2,0,0,0,0,0,0,0,0,4,2,3,1
1053,3805,1,5367,1,5325,1,5276,1,0,0,0,0,0,0,4,2,3,2
1054,1905,1,1894,1,5367,1,5276,1,0,0,0,0,0,0,4,2,3,2
1055,2011,1,5368,1,5492,1,0,0,0,0,0,0,0,0,4,2,3,2
1056,5371,1,5388,3,0,0,0,0,0,0,0,0,0,0,4,2,-1,0
1057,2409,1,5371,1,5057,1,5229,1,0,0,0,0,0,0,4,2,3,2
1058,2576,1,5368,1,5405,1,5057,1,5483,1,0,0,0,0,4,2,3,2
1059,2246,1,5371,1,5277,1,5057,1,5092,1,0,0,0,0,4,2,3,2
1060,1908,1,5364,3,5435,1,5318,1,0,0,0,0,0,0,4,2,3,2
1061,1836,1,5371,1,5064,1,5484,1,0,0,0,0,0,0,4,3,3,2
1062,1627,1,5367,2,5124,4,0,0,0,0,0,0,0,0,4,3,3,2
1063,2577,1,5371,1,5405,1,5058,1,5435,1,0,0,0,0,4,3,3,2
1064,2015,1,5371,1,5471,1,0,0,0,0,0,0,0,0,4,3,3,2
1065,1838,1,5371,1,5277,1,5058,1,5057,1,0,0,0,0,4,3,3,2
1066,1845,1,5371,1,5058,1,5484,1,0,0,0,0,0,0,4,3,3,3
1067,2021,1,2011,1,5493,1,5352,1,0,0,0,0,0,0,4,3,3,3
1068,1915,1,5364,2,5409,1,5058,1,5319,1,0,0,0,0,4,3,3,3
1069,5373,1,5390,3,0,0,0,0,0,0,0,0,0,0,4,3,-1,0
1070,2578,1,5371,1,5409,1,5058,1,0,0,0,0,0,0,4,3,3,3
1071,2462,1,5371,2,5093,2,0,0,0,0,0,0,0,0,4,4,3,3
1072,3837,1,5371,1,5326,1,5277,1,0,0,0,0,0,0,4,4,3,3
1073,2411,1,5371,1,5058,1,5231,1,0,0,0,0,0,0,4,4,3,3
1074,1637,1,5371,1,5125,2,0,0,0,0,0,0,0,0,4,4,3,3
1075,1847,1,5371,1,5280,1,5058,2,0,0,0,0,0,0,4,4,3,3
1076,2023,1,5409,1,5465,1,5493,1,0,0,0,0,0,0,4,4,3,3
1077,1917,1,5373,1,5402,2,5336,1,5058,1,0,0,0,0,4,4,3,3
1078,1920,1,5373,2,5409,1,5065,1,5320,1,0,0,0,0,4,4,3,4
1079,1850,1,5371,1,5360,1,5454,1,5504,1,0,0,0,0,4,4,3,4
1080,2579,1,2578,1,5058,1,5482,1,5436,1,0,0,0,0,4,4,3,4
1081,2026,1,5373,1,5472,1,5063,1,5493,1,5334,1,0,0,4,4,3,4
1082,1855,1,5373,1,5282,1,5065,2,0,0,0,0,0,0,4,4,3,4
1083,5374,1,5391,3,0,0,0,0,0,0,0,0,0,0,4,5,-1,0
1084,3870,1,5373,1,5328,1,5282,1,0,0,0,0,0,0,4,5,3,4
1085,1925,1,5373,3,5319,1,5436,1,0,0,0,0,0,0,4,5,3,4
1086,2464,1,5374,2,5099,2,0,0,0,0,0,0,0,0,4,5,3,4
1087,1650,1,5373,1,5125,3,5360,1,0,0,0,0,0,0,4,5,3,4
1088,2413,1,5065,1,5134,1,5374,1,0,0,0,0,0,0,4,5,3,5
1089,2581,1,5376,1,5414,1,5065,1,5484,1,0,0,0,0,4,6,3,5
1090,1862,1,5059,1,5064,1,5373,1,5282,1,0,0,0,0,4,5,3,5
1091,2039,1,5374,1,5196,1,5494,1,5505,1,0,0,0,0,4,5,3,5
1092,5376,1,5393,3,0,0,0,0,0,0,0,0,0,0,4,6,-1,0
1093,1932,1,1920,1,5322,1,5059,1,0,0,0,0,0,0,4,6,3,5
1094,2287,1,5059,1,5374,1,5094,1,5282,1,0,0,0,0,4,6,3,5
1095,1937,1,5376,1,5405,2,5322,1,4856,1,0,0,0,0,4,6,3,5
1096,1867,1,5059,3,5374,1,5486,1,0,0,0,0,0,0,4,6,3,5
1097,3908,1,5374,1,5329,1,5282,1,0,0,0,0,0,0,4,6,3,6
1098,2582,1,2581,1,5065,1,5486,1,5066,1,0,0,0,0,4,6,3,6
1099,1942,1,1925,1,5436,1,5456,1,5462,1,0,0,0,0,4,6,3,6
1100,1872,1,5059,2,5376,1,5505,1,0,0,0,0,0,0,4,6,3,6
1101,5487,1,5488,1,0,0,0,0,0,0,0,0,0,0,7,1,-1,0
1102,5489,1,5519,2,0,0,0,0,0,0,0,0,0,0,7,1,-1,0
1103,5503,1,5291,1,5432,2,0,0,0,0,0,0,0,0,7,1,-1,0
1104,5470,1,4794,1,5489,1,5518,1,0,0,0,0,0,0,7,1,-1,0
1105,5475,1,5268,2,5492,1,0,0,0,0,0,0,0,0,7,1,-1,0
1106,1958,1,5470,1,5396,1,0,0,0,0,0,0,0,0,7,1,6,1
1107,2143,1,5475,1,5275,1,5380,1,5333,1,0,0,0,0,7,1,6,1
1108,4564,3,5518,1,5560,1,0,0,0,0,0,0,0,0,7,1,6,1
1109,4565,3,5518,1,5538,1,0,0,0,0,0,0,0,0,7,1,6,1
1110,5510,1,5509,1,0,0,0,0,0,0,0,0,0,0,7,1,-1,0
1111,2144,1,5475,1,5361,1,5380,1,5333,1,0,0,0,0,7,1,6,1
1112,1959,1,1958,1,5470,2,0,0,0,0,0,0,0,0,7,1,6,1
1113,5482,1,4930,2,0,0,0,0,0,0,0,0,0,0,7,1,-1,0
1114,5504,1,4876,2,0,0,0,0,0,0,0,0,0,0,7,1,-1,0
1115,5515,1,5516,3,0,0,0,0,0,0,0,0,0,0,7,1,-1,0
1116,2145,1,2143,1,5275,2,5383,1,0,0,0,0,0,0,7,1,6,1
1117,1960,1,1958,1,5470,1,5492,1,0,0,0,0,0,0,7,1,6,1
1118,4551,3,5487,1,5534,1,4795,1,0,0,0,0,0,0,7,1,6,1
1119,2146,1,5475,1,5364,1,5383,1,5334,1,0,0,0,0,7,1,6,1
1120,4856,3,4831,2,0,0,0,0,0,0,0,0,0,0,7,1,-1,0
1121,5476,1,5269,2,5495,1,0,0,0,0,0,0,0,0,7,1,-1,0
1122,5471,1,5557,1,5489,1,5518,1,0,0,0,0,0,0,7,1,-1,0
1123,4555,3,5487,1,5534,1,5552,1,0,0,0,0,0,0,7,1,6,1
1124,2147,1,5476,1,5276,1,5385,1,5334,1,0,0,0,0,7,1,6,1
1125,1961,1,5471,1,5402,1,0,0,0,0,0,0,0,0,7,1,6,1
1126,4597,3,5518,1,5492,1,5548,1,0,0,0,0,0,0,7,1,6,1
1127,4595,3,5518,1,5442,1,0,0,0,0,0,0,0,0,7,1,6,1
1128,4596,3,5518,1,5446,1,5539,1,0,0,0,0,0,0,7,1,6,1
1129,5483,1,5557,2,0,0,0,0,0,0,0,0,0,0,7,1,-1,0
1130,4594,3,5518,1,5454,1,5563,1,0,0,0,0,0,0,7,1,6,1
1131,2149,1,2147,1,5276,2,5386,1,0,0,0,0,0,0,7,1,6,1
1132,4598,3,5518,1,5495,1,5557,1,0,0,0,0,0,0,7,1,6,1
1133,1963,1,1961,1,5471,2,0,0,0,0,0,0,0,0,7,2,6,1
1134,4575,3,5489,1,5551,1,5442,1,0,0,0,0,0,0,7,2,6,1
1135,4574,3,5489,1,5560,1,5556,1,0,0,0,0,0,0,7,2,6,1
1136,2151,1,5476,1,5368,1,5386,1,5334,1,0,0,0,0,7,2,6,1
1137,4566,3,5518,1,5539,1,4832,1,0,0,0,0,0,0,7,2,6,1
1138,4576,3,5489,1,4886,1,5551,1,0,0,0,0,0,0,7,2,6,1
1139,5477,1,5270,2,5496,1,0,0,0,0,0,0,0,0,7,2,-1,0
1140,2156,1,5477,1,5277,1,5386,1,5335,1,0,0,0,0,7,2,6,2
1141,5522,1,5491,1,5518,1,0,0,0,0,0,0,0,0,7,2,-1,0
1142,4552,3,5487,1,5535,1,4796,1,0,0,0,0,0,0,7,2,6,2
1143,5484,1,4771,2,0,0,0,0,0,0,0,0,0,0,7,2,-1,0
1144,1965,1,1961,1,5471,1,5493,1,0,0,0,0,0,0,7,3,6,2
1145,5512,1,5523,1,5522,1,0,0,0,0,0,0,0,0,7,3,-1,0
1146,1967,1,5471,1,5405,1,0,0,0,0,0,0,0,0,7,3,6,2
1147,5485,1,5346,2,0,0,0,0,0,0,0,0,0,0,7,3,-1,0
1148,2160,1,2156,1,5277,2,5388,1,0,0,0,0,0,0,7,3,6,2
1149,5472,1,5549,1,5489,1,5518,1,0,0,0,0,0,0,7,3,-1,0
1150,5505,1,5436,2,0,0,0,0,0,0,0,0,0,0,7,3,-1,0
1151,4568,3,5518,1,5444,1,4836,1,0,0,0,0,0,0,7,3,6,3
1152,4603,3,5518,1,5499,1,5559,1,0,0,0,0,0,0,7,3,6,3
1153,4600,3,5518,1,5493,1,5541,1,0,0,0,0,0,0,7,3,6,3
1154,4601,3,5518,1,5499,1,5550,1,0,0,0,0,0,0,7,3,6,3
1155,4602,3,5518,1,4836,1,5499,1,0,0,0,0,0,0,7,3,6,3
1156,5478,1,5271,2,5493,1,0,0,0,0,0,0,0,0,7,4,-1,0
1157,4599,3,5518,1,5455,1,4796,1,0,0,0,0,0,0,7,4,6,3
1158,2166,1,5477,1,5064,1,5390,1,5336,1,0,0,0,0,7,4,6,3
1159,1969,1,1967,1,5471,2,5493,1,0,0,0,0,0,0,7,4,6,3
1160,4556,3,5487,1,5535,1,5543,1,0,0,0,0,0,0,7,4,6,3
1161,4579,3,5489,1,5554,1,5497,1,0,0,0,0,0,0,7,4,6,3
1162,4583,3,5489,1,5554,1,5543,1,0,0,0,0,0,0,7,4,6,3
1163,4580,3,5489,1,5554,1,5549,1,0,0,0,0,0,0,7,4,6,4
1164,4582,3,5489,1,5554,1,5541,1,0,0,0,0,0,0,7,4,6,4
1165,4581,3,5489,1,5554,1,5562,1,0,0,0,0,0,0,7,4,6,4
1166,1976,1,5472,1,5201,1,5409,1,0,0,0,0,0,0,7,5,6,4
1167,1974,1,5472,1,5199,1,5409,1,0,0,0,0,0,0,7,5,6,4
1168,1978,1,5472,1,5203,1,5409,1,0,0,0,0,0,0,7,5,6,4
1169,5517,1,5308,1,0,0,0,0,0,0,0,0,0,0,7,5,-1,0
1170,4567,3,5518,1,4843,1,5549,1,0,0,0,0,0,0,7,5,6,4
1171,5486,1,4903,1,4893,1,0,0,0,0,0,0,0,0,7,5,-1,0
1172,4553,3,5487,1,5536,1,4840,1,0,0,0,0,0,0,7,5,6,5
1173,4608,3,5518,1,5553,1,5455,1,0,0,0,0,0,0,7,5,6,5
1174,1983,1,5472,1,5200,1,5414,1,0,0,0,0,0,0,7,6,6,5
1175,1985,1,5472,1,5202,1,5414,1,0,0,0,0,0,0,7,6,6,5
1176,1981,1,5472,1,5198,1,5414,1,0,0,0,0,0,0,7,6,6,5
1177,4604,3,5518,1,5486,1,4845,1,0,0,0,0,0,0,7,6,6,5
1178,4607,3,5518,1,5564,1,5447,1,0,0,0,0,0,0,7,6,6,5
1179,4606,3,5518,1,5526,1,5558,1,0,0,0,0,0,0,7,6,6,5
1180,4605,3,5518,1,5054,1,5494,1,0,0,0,0,0,0,7,6,6,5
1181,4569,3,5066,1,5553,1,5494,1,0,0,0,0,0,0,7,6,6,5
1182,4559,3,5487,1,5536,1,4844,1,0,0,0,0,0,0,7,6,6,6
1183,4557,3,5487,1,5536,1,4840,1,0,0,0,0,0,0,7,6,6,6
1184,1635,1,1606,1,5259,1,0,0,0,0,0,0,0,0,8,1,-1,0
1185,2375,1,5058,1,5073,1,5373,1,0,0,0,0,0,0,2,4,5,4
1186,2350,1,2349,1,5058,1,5282,1,0,0,0,0,0,0,2,4,5,4
1187,1648,1,1616,1,5259,1,0,0,0,0,0,0,0,0,11,1,-1,0
1188,2324,1,5065,1,5099,1,5374,1,0,0,0,0,0,0,2,5,5,5
1189,2426,1,5065,1,5374,1,5284,1,5262,1,0,0,0,0,2,5,5,5
1190,2401,1,5065,1,5099,1,5374,1,0,0,0,0,0,0,2,5,5,5
1191,1642,1,1613,1,5260,1,0,0,0,0,0,0,0,0,8,1,-1,0
1192,2351,1,5059,1,5374,1,5282,1,0,0,0,0,0,0,2,5,5,5
1193,2376,1,5059,1,5373,1,5094,1,0,0,0,0,0,0,2,5,5,5
1194,2555,1,5059,1,5374,1,5063,1,0,0,0,0,0,0,2,5,5,5
1195,2440,1,5059,1,5374,1,5486,1,0,0,0,0,0,0,2,5,5,5
1196,2517,1,5059,1,5376,1,5262,1,0,0,0,0,0,0,2,5,5,5
1197,2529,1,5059,1,5374,1,5277,1,0,0,0,0,0,0,2,5,5,5
1198,2389,1,5059,1,5094,1,5486,1,0,0,0,0,0,0,2,5,5,5
1199,2543,1,5059,1,5376,1,5505,1,0,0,0,0,0,0,2,5,5,5
1200,1649,1,1621,1,5262,1,0,0,0,0,0,0,0,0,8,1,-1,0
1201,2338,1,5059,1,5376,1,5486,1,0,0,0,0,0,0,2,5,5,5
1202,2364,1,5059,2,5285,1,0,0,0,0,0,0,0,0,2,6,5,5
1203,2569,1,5059,1,5376,1,5262,1,0,0,0,0,0,0,2,6,5,5
1204,2491,1,5059,2,5376,1,0,0,0,0,0,0,0,0,2,6,5,5
1205,1800,1,1771,1,5262,1,0,0,0,0,0,0,0,0,11,1,-1,0
1206,1803,1,5059,3,5376,1,5064,2,5285,1,0,0,0,0,2,6,5,6
1207,5061,1,5121,3,0,0,0,0,0,0,0,0,0,0,8,3,-1,0
1208,5095,1,5061,1,0,0,0,0,0,0,0,0,0,0,8,3,-1,0
1209,5060,1,5061,2,5530,9,0,0,0,0,0,0,0,0,14,1,-1,0
1210,5571,1,5060,1,5068,2,0,0,0,0,0,0,0,0,14,1,17,1
1211,5573,1,5060,1,5061,2,0,0,0,0,0,0,0,0,14,1,17,1
1212,5570,1,5060,1,5068,2,0,0,0,0,0,0,0,0,14,1,17,1
1213,5572,1,5060,1,5061,2,0,0,0,0,0,0,0,0,14,1,17,1
1214,1670,1,1636,1,5061,1,5262,1,0,0,0,0,0,0,8,3,11,2
1215,1810,1,5566,1,5061,1,5262,1,0,0,0,0,0,0,8,3,11,2
1216,2441,1,5061,1,5378,1,5486,1,0,0,0,0,0,0,8,3,11,2
1217,2518,1,5061,1,5378,1,5262,1,0,0,0,0,0,0,8,3,11,2
1218,2339,1,5061,1,5378,1,5486,1,0,0,0,0,0,0,8,3,11,2
1219,2570,1,5061,1,5378,1,5262,1,0,0,0,0,0,0,8,3,11,2
1220,2365,1,5061,2,5288,1,0,0,0,0,0,0,0,0,8,3,11,2
1221,2390,1,5061,1,5095,1,5486,1,0,0,0,0,0,0,8,3,11,2
1222,2492,1,5061,2,5378,1,0,0,0,0,0,0,0,0,8,3,11,2
1223,2544,1,5061,1,5378,1,5505,1,0,0,0,0,0,0,8,3,11,2
1224,1743,1,5571,1,5061,1,5068,1,5378,1,0,0,0,0,14,1,17,1
1225,1882,1,5573,1,5061,3,5378,1,0,0,0,0,0,0,14,1,17,1
1226,1673,1,5570,1,5061,1,5068,1,5288,1,0,0,0,0,14,1,17,1
1227,1813,1,5572,1,5075,2,5378,1,0,0,0,0,0,0,14,1,17,1
1228,2244,1,2225,1,5071,1,0,0,0,0,0,0,0,0,9,1,-1,0
1229,3850,1,5435,1,5073,2,5058,1,0,0,0,0,0,0,3,4,5,4
1230,3622,1,5435,2,5073,2,5282,1,0,0,0,0,0,0,3,4,5,4
1231,2812,1,5079,2,5089,1,0,0,0,0,0,0,0,0,3,4,5,4
1232,0,0,0,0,0,0,0,0,0,0,0,0,0,0,3,4,5,4
1233,2757,1,2667,1,5071,1,0,0,0,0,0,0,0,0,9,1,-1,0
1234,3628,1,5079,2,5089,1,0,0,0,0,0,0,0,0,3,5,5,4
1235,3149,1,5079,2,5089,1,5066,1,0,0,0,0,0,0,3,5,5,4
1236,3854,1,5079,2,5089,1,5282,1,0,0,0,0,0,0,3,5,5,4
1237,2278,1,2232,1,5072,1,0,0,0,0,0,0,0,0,11,1,-1,0
1238,3164,1,3021,1,5072,1,0,0,0,0,0,0,0,0,9,1,-1,0
1239,2477,1,2476,1,5066,2,0,0,0,0,0,0,0,0,3,5,5,5
1240,0,0,0,0,0,0,0,0,0,0,0,0,0,0,3,5,5,5
1241,2264,1,2227,1,5374,1,0,0,0,0,0,0,0,0,11,1,-1,0
1242,3649,1,5079,3,5089,1,0,0,0,0,0,0,0,0,3,5,5,5
1243,3431,1,5065,3,5084,2,5285,1,0,0,0,0,0,0,3,5,5,5
1244,2279,1,5074,2,5094,3,0,0,0,0,0,0,0,0,3,5,5,5
1245,3180,1,5079,4,5066,1,0,0,0,0,0,0,0,0,3,5,5,5
1246,2300,1,2259,1,5277,1,5374,1,5260,1,0,0,0,0,9,1,-1,0
1247,3886,1,5458,1,5074,2,5059,1,0,0,0,0,0,0,3,6,5,5
1248,3218,1,3059,1,5082,1,0,0,0,0,0,0,0,0,11,1,-1,0
1249,3669,1,5458,1,5074,1,5059,1,0,0,0,0,0,0,3,6,5,5
1250,3243,1,5437,2,5072,1,0,0,0,0,0,0,0,0,9,1,-1,0
1251,2504,1,5074,1,5376,1,0,0,0,0,0,0,0,0,3,6,5,5
1252,2893,1,5074,1,5059,2,5094,1,0,0,0,0,0,0,3,6,5,6
1253,2296,1,5074,1,5059,2,5998,1,0,0,0,0,0,0,3,6,5,6
1254,5061,1,5121,3,0,0,0,0,0,0,0,0,0,0,9,3,-1,0
1255,5075,1,5061,2,0,0,0,0,0,0,0,0,0,0,9,3,-1,0
1256,5095,1,5061,1,0,0,0,0,0,0,0,0,0,0,9,3,-1,0
1257,5085,1,5061,1,0,0,0,0,0,0,0,0,0,0,9,3,-1,0
1258,5060,1,5061,2,5530,9,0,0,0,0,0,0,0,0,15,1,-1,0
1259,5587,1,5060,1,5095,2,0,0,0,0,0,0,0,0,15,1,17,1
1260,5585,1,5060,1,5095,2,0,0,0,0,0,0,0,0,15,1,17,1
1261,5586,1,5060,1,5095,2,0,0,0,0,0,0,0,0,15,1,17,1
1262,2922,1,5075,1,5074,1,5288,1,5282,1,0,0,0,0,9,3,11,2
1263,2928,1,5061,2,5068,1,0,0,0,0,0,0,0,0,9,3,11,2
1264,2912,1,5075,1,5084,1,0,0,0,0,0,0,0,0,9,3,11,2
1265,3700,1,5075,1,5084,1,5288,1,0,0,0,0,0,0,9,3,11,2
1266,3241,1,5075,1,5084,1,0,0,0,0,0,0,0,0,9,3,11,2
1267,3921,1,5075,1,5084,1,5288,1,0,0,0,0,0,0,9,3,11,2
1268,2911,1,5075,1,5074,1,5094,1,5059,1,0,0,0,0,9,3,11,2
1269,3701,1,5075,1,5074,1,5094,1,5288,1,0,0,0,0,9,3,11,2
1270,3928,1,5061,1,5288,1,5321,1,0,0,0,0,0,0,9,3,11,2
1271,2940,1,5060,1,5075,1,5095,1,5085,1,0,0,0,0,15,1,17,1
1272,3724,1,5060,1,5075,1,5061,2,0,0,0,0,0,0,15,1,17,1
1273,3943,1,5060,1,5075,2,5085,1,0,0,0,0,0,0,15,1,17,1
1274,0,0,0,0,0,0,0,0,0,0,0,0,0,0,15,1,17,1
1275,3257,1,5105,1,5060,1,5288,1,5329,1,5085,1,0,0,15,1,17,1
1276,3256,1,5585,1,5075,2,5068,1,5064,1,0,0,0,0,15,1,17,1
1277,3723,1,5586,1,5075,1,5085,1,5068,1,5064,1,0,0,15,1,17,1
1278,3498,1,5587,1,5075,1,5085,1,5068,1,5064,1,0,0,15,1,17,1
1279,2302,1,5060,1,5075,2,5095,3,0,0,0,0,0,0,15,1,17,1
1280,2303,1,5060,1,5075,1,5061,1,5095,1,0,0,0,0,15,1,17,1
1281,0,0,0,0,0,0,0,0,0,0,0,0,0,0,11,1,-1,0
1282,4132,1,5282,1,5505,1,5461,2,0,0,0,0,0,0,5,4,4,4
1283,0,0,0,0,0,0,0,0,0,0,0,0,0,0,5,4,4,4
1284,0,0,0,0,0,0,0,0,0,0,0,0,0,0,11,1,-1,0
1285,3405,1,5282,2,5327,2,5336,1,0,0,0,0,0,0,5,4,4,4
1286,4482,1,5282,1,5337,1,0,0,0,0,0,0,0,0,5,5,4,4
1287,3691,1,3602,1,5282,1,5320,1,0,0,0,0,0,0,10,1,-1,0
1288,3911,1,3830,1,5285,1,5510,1,5092,1,5320,1,0,0,11,1,-1,0
1289,5287,1,5314,1,5525,1,0,0,0,0,0,0,0,0,11,1,-1,0
1290,2915,1,5287,1,5064,1,5320,1,0,0,0,0,0,0,10,1,-1,0
1291,0,0,0,0,0,0,0,0,0,0,0,0,0,0,5,5,4,5
1292,3443,1,5285,2,5328,2,5337,1,0,0,0,0,0,0,5,5,4,5
1293,3471,1,5285,1,5328,1,5337,1,5322,1,0,0,0,0,5,6,4,5
1294,4155,1,5285,1,5505,1,5462,2,0,0,0,0,0,0,5,6,4,5
1295,5286,1,5313,1,5525,1,0,0,0,0,0,0,0,0,11,1,-1,0
1296,0,0,0,0,0,0,0,0,0,0,0,0,0,0,5,6,4,5
1297,3244,1,5286,2,5277,2,5064,1,5328,1,0,0,0,0,11,1,-1,0
1298,4516,1,5285,1,5322,1,0,0,0,0,0,0,0,0,5,6,4,6
1299,2298,1,5285,1,5494,1,5376,1,5094,1,0,0,0,0,5,6,4,6
1300,3694,1,5285,1,5059,1,5094,1,0,0,0,0,0,0,5,6,4,5
1301,3213,1,5285,3,5322,1,0,0,0,0,0,0,0,0,5,6,4,6
1302,0,0,0,0,0,0,0,0,0,0,0,0,0,0,5,6,4,6
1303,3916,1,5285,2,5322,1,5065,1,0,0,0,0,0,0,5,6,4,6
1304,5290,1,5317,1,5525,1,0,0,0,0,0,0,0,0,11,3,-1,0
1305,5288,1,5316,1,5525,1,0,0,0,0,0,0,0,0,11,3,-1,0
1306,5289,1,5288,2,5531,9,0,0,0,0,0,0,0,0,17,1,-1,0
1307,5584,1,5289,1,5288,1,5322,1,0,0,0,0,0,0,17,1,16,1
1308,5583,1,5289,1,5288,1,5322,1,0,0,0,0,0,0,17,1,16,1
1309,5582,1,5289,1,5288,1,5322,1,0,0,0,0,0,0,17,1,16,1
1310,5581,1,5289,1,5288,1,5322,1,0,0,0,0,0,0,17,1,16,1
1311,2933,1,5288,1,5068,1,5322,1,0,0,0,0,0,0,11,3,10,2
1312,2930,1,5288,1,5068,1,4900,1,2617,1,0,0,0,0,11,3,10,2
1313,1740,1,5567,1,5061,1,0,0,0,0,0,0,0,0,11,3,10,2
1314,3922,1,5288,1,5095,1,5322,1,0,0,0,0,0,0,11,3,10,2
1315,3479,1,5288,1,5328,1,5338,1,0,0,0,0,0,0,11,3,10,2
1316,3920,1,5288,1,5328,1,0,0,0,0,0,0,0,0,11,3,10,2
1317,4380,1,5288,1,5322,1,0,0,0,0,0,0,0,0,11,3,10,2
1318,3242,1,5288,1,5282,1,5061,2,0,0,0,0,0,0,11,3,10,2
1319,0,0,0,0,0,0,0,0,0,0,0,0,0,0,11,3,10,2
1320,3699,1,5288,1,5061,1,5337,1,0,0,0,0,0,0,11,3,10,2
1321,2924,1,5288,1,5321,1,5186,1,0,0,0,0,0,0,11,3,10,2
1322,3936,1,5288,2,5329,1,5321,1,0,0,0,0,0,0,11,3,10,2
1323,3238,1,5288,1,5328,2,5338,1,0,0,0,0,0,0,11,3,10,2
1324,3710,1,5288,1,5338,1,5322,1,0,0,0,0,0,0,11,3,10,2
1325,3931,1,5288,1,5338,1,5510,1,0,0,0,0,0,0,11,3,10,2
1326,3233,1,5288,2,5328,1,5337,1,5338,1,0,0,0,0,11,3,10,2
1327,3716,1,5288,1,5338,1,5064,1,0,0,0,0,0,0,11,3,10,2
1328,3937,1,5288,1,5329,1,5338,1,5064,1,0,0,0,0,11,3,10,2
1329,3239,1,5288,2,5329,2,5328,1,5064,1,0,0,0,0,11,3,10,2
1330,3708,1,5288,1,5329,1,5338,1,0,0,0,0,0,0,11,3,10,2
1331,3929,1,5288,1,5322,1,5061,1,0,0,0,0,0,0,11,3,10,2
1332,3489,1,5288,3,5329,1,5337,1,0,0,0,0,0,0,11,3,10,2
1333,3714,1,5288,1,5329,1,5338,1,0,0,0,0,0,0,11,3,10,2
1334,3935,1,5288,1,5329,1,5061,1,0,0,0,0,0,0,11,3,10,2
1335,3237,1,5288,2,5329,2,5337,1,5338,1,5063,1,0,0,11,3,10,2
1336,3711,1,5288,1,5338,1,0,0,0,0,0,0,0,0,11,3,10,2
1337,3932,1,5288,2,5337,1,5510,1,0,0,0,0,0,0,11,3,10,2
1338,3707,1,5288,1,5322,1,5061,1,0,0,0,0,0,0,11,3,10,2
1339,3230,1,5288,1,5285,2,5338,1,5061,1,0,0,0,0,11,3,10,2
1340,3709,1,5288,2,5337,1,5066,1,0,0,0,0,0,0,11,3,10,2
1341,3930,1,5288,1,5337,1,5066,2,5510,1,0,0,0,0,11,3,10,2
1342,3934,1,5288,2,5066,1,5510,1,0,0,0,0,0,0,11,3,10,2
1343,3481,1,5288,2,5322,1,5066,1,0,0,0,0,0,0,11,3,10,2
1344,3706,1,5288,1,5322,1,5068,1,0,0,0,0,0,0,11,3,10,2
1345,3927,1,5288,1,5338,1,5510,1,0,0,0,0,0,0,11,3,10,2
1346,3933,1,5288,2,5321,1,5510,1,0,0,0,0,0,0,11,3,10,2
1347,3726,1,5583,1,5290,1,5322,1,5068,1,0,0,0,0,17,1,16,1
1348,3500,1,5289,1,5288,1,5329,1,5321,1,0,0,0,0,17,1,16,1
1349,3944,1,5584,1,5290,2,5322,1,5068,1,0,0,0,0,17,1,16,1
1350,3258,1,5581,1,5290,1,5322,1,5329,1,5068,1,0,0,17,1,16,1
1351,3259,1,5104,1,5289,1,5321,1,5329,1,5327,1,0,0,17,1,16,1
1352,4388,1,5289,1,5288,1,5321,1,0,0,0,0,0,0,17,1,16,1
1353,3499,1,5582,1,5290,1,5322,1,5329,1,0,0,0,0,17,1,16,1
1354,2939,1,5289,1,5329,1,5336,1,5360,1,0,0,0,0,17,1,16,1
1355,2938,1,5289,1,5329,1,5183,1,0,0,0,0,0,0,17,1,16,1
1356,3725,1,5289,1,5329,1,5338,1,0,0,0,0,0,0,17,1,16,1
1357,0,0,0,0,0,0,0,0,0,0,0,0,0,0,17,1,16,1
1358,0,0,0,0,0,0,0,0,0,0,0,0,0,0,17,1,16,1
1359,3945,1,5289,1,5288,1,5321,1,0,0,0,0,0,0,17,1,16,1
1360,4181,1,5289,1,5505,1,5061,1,0,0,0,0,0,0,17,1,16,1
1361,4526,1,5289,1,5288,1,5338,2,0,0,0,0,0,0,17,1,16,1
1362,0,0,0,0,0,0,0,0,0,0,0,0,0,0,12,1,-1,0
1363,0,0,0,0,0,0,0,0,0,0,0,0,0,0,6,4,4,4
1364,3076,1,3009,1,5325,2,5057,1,5334,1,0,0,0,0,12,1,-1,0
1365,3105,1,2998,1,5325,1,5276,2,5334,1,5063,1,0,0,10,1,-1,0
1366,0,0,0,0,0,0,0,0,0,0,0,0,0,0,6,5,4,4
1367,3407,1,5327,1,5336,1,5282,2,0,0,0,0,0,0,6,5,4,4
1368,3411,1,5327,1,5336,1,5282,1,5320,1,5093,1,0,0,6,5,4,4
1369,3146,1,5327,3,5337,1,5277,1,5321,1,0,0,0,0,6,5,4,4
1370,3137,1,3012,1,5326,1,5327,1,5335,1,0,0,0,0,12,1,-1,0
1371,3640,1,5328,2,5337,1,0,0,0,0,0,0,0,0,6,5,4,4
1372,2785,1,2657,1,5326,1,5327,1,5335,1,0,0,0,0,12,1,-1,0
1373,3881,1,5328,2,5337,1,5510,1,0,0,0,0,0,0,6,5,4,5
1374,3406,1,3342,1,5336,1,0,0,0,0,0,0,0,0,10,1,-1,0
1375,3182,1,3098,1,5327,1,5326,1,5064,1,5336,1,0,0,12,1,-1,0
1376,2855,1,2702,1,5328,1,0,0,0,0,0,0,0,0,10,1,-1,0
1377,2888,1,2759,1,5277,1,5328,1,5320,1,0,0,0,0,12,1,-1,0
1378,3208,1,3108,1,5336,1,5196,1,5282,1,5320,1,0,0,12,1,-1,0
1379,0,0,0,0,0,0,0,0,0,0,0,0,0,0,6,6,4,5
1380,3914,1,5329,2,5337,1,5510,1,0,0,0,0,0,0,6,6,4,5
1381,3469,1,5328,1,5337,1,5285,1,5322,1,5094,1,0,0,6,6,4,5
1382,3696,1,5329,2,5337,2,0,0,0,0,0,0,0,0,6,6,4,6
1383,6214,1,5330,1,5338,1,5359,1,0,0,0,0,0,0,6,99,-1,0
1384,6190,1,5061,3,0,0,0,0,0,0,0,0,0,0,3,99,-1,0
1385,6200,1,5330,1,5338,1,5359,1,0,0,0,0,0,0,6,99,-1,0
1386,5338,2,5350,2,5491,1,0,0,0,0,0,0,0,0,12,3,-1,0
1387,5330,1,5338,2,5501,9,0,0,0,0,0,0,0,0,18,1,-1,0
1388,5578,1,5330,1,5338,2,0,0,0,0,0,0,0,0,18,1,16,1
1389,5580,1,5330,1,5338,2,0,0,0,0,0,0,0,0,18,1,16,1
1390,5579,1,5330,1,5338,2,0,0,0,0,0,0,0,0,18,1,16,1
1391,5577,1,5330,1,5338,2,0,0,0,0,0,0,0,0,18,1,16,1
1392,2895,1,5329,2,5337,1,5336,1,5066,1,0,0,0,0,6,6,4,6
1393,3698,1,5329,2,5337,1,5336,1,0,0,0,0,0,0,6,6,4,6
1394,3918,1,5329,2,5337,1,5336,1,5510,1,0,0,0,0,6,6,4,6
1395,3215,1,5329,2,5337,2,5336,1,5066,1,0,0,0,0,6,6,4,6
1396,3475,1,5329,1,5328,1,5337,1,5336,1,5066,1,0,0,6,6,4,6
1397,2925,1,5328,1,5338,2,5359,1,0,0,0,0,0,0,12,3,10,2
1398,2934,1,5328,2,5338,1,5068,1,0,0,0,0,0,0,12,3,10,2
1399,3249,1,5328,2,5338,2,5322,1,0,0,0,0,0,0,12,3,10,2
1400,2920,1,5328,2,5338,1,5414,1,0,0,0,0,0,0,12,3,10,2
1401,2929,1,5328,1,5338,1,5288,1,5064,1,0,0,0,0,12,3,10,2
1402,2927,1,5068,1,5329,1,5338,1,5327,1,0,0,0,0,12,3,10,2
1403,3478,1,5328,2,5338,2,0,0,0,0,0,0,0,0,12,3,10,2
1404,3477,1,5328,1,5338,1,5286,1,5322,1,5095,1,0,0,12,3,10,2
1405,2913,1,5328,2,5338,1,5359,1,5064,1,0,0,0,0,12,3,10,2
1406,3240,1,5328,3,5338,2,5066,1,0,0,0,0,0,0,12,3,10,2
1407,3490,1,5329,3,5338,2,0,0,0,0,0,0,0,0,12,3,10,2
1408,3715,1,5329,2,5338,2,5321,1,0,0,0,0,0,0,12,3,10,2
1409,3485,1,5329,2,5068,1,5338,1,0,0,0,0,0,0,12,3,10,2
1410,3491,1,5329,2,5338,1,5288,1,0,0,0,0,0,0,12,3,10,2
1411,3483,1,5329,3,5338,2,0,0,0,0,0,0,0,0,12,3,10,2
1412,3231,1,5329,3,5282,3,5338,2,0,0,0,0,0,0,12,3,10,2
1413,3486,1,5328,1,5338,1,5068,1,0,0,0,0,0,0,12,3,10,2
1414,3234,1,5328,2,5338,1,5068,1,5288,1,0,0,0,0,12,3,10,2
1415,3482,1,5329,4,5338,1,5061,1,0,0,0,0,0,0,12,3,10,2
1416,3484,1,5329,3,5338,2,0,0,0,0,0,0,0,0,12,3,10,2
1417,3232,1,5329,2,5338,1,5066,2,5183,1,5186,1,0,0,12,3,10,2
1418,3488,1,5329,3,5328,1,5338,1,0,0,0,0,0,0,12,3,10,2
1419,3713,1,5329,1,5328,1,5338,1,5321,1,0,0,0,0,12,3,10,2
1420,3236,1,5329,2,5328,2,5338,1,5061,1,0,0,0,0,12,3,10,2
1421,3229,1,5329,3,5328,2,5338,2,0,0,0,0,0,0,12,3,10,2
1422,3487,1,5329,2,5288,1,5068,1,0,0,0,0,0,0,12,3,10,2
1423,3712,1,5329,2,5338,2,0,0,0,0,0,0,0,0,12,3,10,2
1424,3235,1,5329,2,5328,2,5338,1,5068,2,0,0,0,0,12,3,10,2
1425,3946,1,5580,1,5338,1,5068,1,5510,1,0,0,0,0,18,1,16,1
1426,3727,1,5579,1,5338,1,5068,1,5064,1,0,0,0,0,18,1,16,1
1427,3728,1,5579,1,5338,1,5068,1,5064,1,0,0,0,0,18,1,16,1
1428,0,0,0,0,0,0,0,0,0,0,0,0,0,0,18,1,16,1
1429,0,0,0,0,0,0,0,0,0,0,0,0,0,0,18,1,16,1
1430,3501,1,5330,1,5338,1,5288,1,5322,1,5061,1,0,0,18,1,16,1
1431,2941,1,5577,1,5338,1,5068,1,0,0,0,0,0,0,18,1,16,1
1432,2942,1,5577,1,5338,1,5068,1,0,0,0,0,0,0,18,1,16,1
1433,3502,1,5330,1,5329,1,5338,1,5288,1,0,0,0,0,18,1,16,1
1434,3503,1,5330,1,5329,1,5338,1,5288,1,0,0,0,0,18,1,16,1
1435,3260,1,5578,1,5338,2,5068,1,5064,1,0,0,0,0,18,1,16,1
1436,3261,1,5578,1,5338,2,5068,1,5064,1,0,0,0,0,18,1,16,1
1437,2614,3,5063,1,5352,1,0,0,0,0,0,0,0,0,4,1,2,1
1438,2611,3,5063,1,5364,1,0,0,0,0,0,0,0,0,4,2,2,1
1439,2612,3,5063,1,5259,1,0,0,0,0,0,0,0,0,4,2,2,1
1440,2610,3,5064,1,5359,1,0,0,0,0,0,0,0,0,4,3,2,2
1441,2615,3,5064,2,5259,1,0,0,0,0,0,0,0,0,4,3,2,3
1442,2616,3,5058,2,5260,1,0,0,0,0,0,0,0,0,4,3,2,3
1443,2617,3,5064,1,5373,1,0,0,0,0,0,0,0,0,4,4,2,3
1444,4126,1,5065,1,5089,2,0,0,0,0,0,0,0,0,4,4,2,3
1445,2093,1,2068,1,5092,1,5260,1,0,0,0,0,0,0,10,1,-1,0
1446,5193,1,4900,1,0,0,0,0,0,0,0,0,0,0,4,4,-1,0
1447,4467,1,5065,1,5260,1,0,0,0,0,0,0,0,0,4,4,2,4
1448,2623,3,5064,1,5360,1,0,0,0,0,0,0,0,0,4,4,2,4
1449,2619,3,5058,1,5262,1,0,0,0,0,0,0,0,0,4,5,2,4
1450,2620,3,5065,1,4900,1,0,0,0,0,0,0,0,0,4,5,2,4
1451,4247,1,5065,2,5262,1,0,0,0,0,0,0,0,0,4,5,2,4
1452,2622,3,5065,1,5262,1,0,0,0,0,0,0,0,0,4,5,2,4
1453,2451,1,5444,1,5262,1,0,0,0,0,0,0,0,0,4,5,2,5
1454,2618,3,5059,1,5349,1,0,0,0,0,0,0,0,0,4,5,2,5
1455,4152,1,5066,1,5090,2,0,0,0,0,0,0,0,0,4,5,2,5
1456,2834,1,5074,1,5512,1,5282,1,0,0,0,0,0,0,4,5,2,5
1457,2624,3,5059,1,5376,1,0,0,0,0,0,0,0,0,4,5,2,5
1458,2130,1,5200,1,5439,2,0,0,0,0,0,0,0,0,4,5,2,5
1459,4501,1,5066,1,5262,1,0,0,0,0,0,0,0,0,4,6,2,5
1460,1732,1,1701,1,5285,1,0,0,0,0,0,0,0,0,8,1,-1,0
1461,2625,3,5059,1,5466,1,0,0,0,0,0,0,0,0,4,6,2,5
1462,2626,3,5059,1,5329,1,0,0,0,0,0,0,0,0,4,6,2,5
1463,2627,3,5059,1,5329,1,5359,1,0,0,0,0,0,0,4,6,2,6
1464,2628,3,5059,1,5349,1,5466,1,0,0,0,0,0,0,4,6,2,6
1465,4272,1,5066,2,5262,2,0,0,0,0,0,0,0,0,4,6,2,6
1466,2097,1,5168,1,5439,1,5285,1,0,0,0,0,0,0,4,6,2,6
1467,4170,1,5458,3,0,0,0,0,0,0,0,0,0,0,4,6,2,6
1468,6204,1,5105,1,5104,1,0,0,0,0,0,0,0,0,4,99,-1,0
1469,6183,1,5158,3,0,0,0,0,0,0,0,0,0,0,4,99,-1,0
1470,5204,1,5158,1,0,0,0,0,0,0,0,0,0,0,10,3,-1,0
1471,5068,1,5118,3,5106,1,0,0,0,0,0,0,0,0,10,3,-1,0
1472,5213,1,5204,2,5261,9,0,0,0,0,0,0,0,0,16,1,-1,0
1473,5067,1,5068,2,5119,9,0,0,0,0,0,0,0,0,16,1,-1,0
1474,5576,1,5213,1,5068,2,0,0,0,0,0,0,0,0,16,1,14,1
1475,5588,1,5067,1,5061,2,0,0,0,0,0,0,0,0,16,1,14,1
1476,2926,1,5061,1,5068,1,5512,1,5282,1,0,0,0,0,10,3,8,2
1477,4381,1,5068,2,5288,1,0,0,0,0,0,0,0,0,10,3,8,2
1478,4174,1,5068,3,0,0,0,0,0,0,0,0,0,0,10,3,8,2
1479,2923,1,5068,2,5327,1,5186,1,5181,1,0,0,0,0,10,3,8,2
1480,2921,1,5288,1,5061,1,5328,1,5512,1,0,0,0,0,10,3,8,2
1481,2102,1,5206,1,5061,1,0,0,0,0,0,0,0,0,10,3,8,2
1482,4277,1,5068,2,5262,1,0,0,0,0,0,0,0,0,10,3,8,2
1483,4172,1,5068,2,5262,1,0,0,0,0,0,0,0,0,10,3,8,2
1484,4173,1,5068,3,0,0,0,0,0,0,0,0,0,0,10,3,8,2
1485,4389,1,5067,1,5288,1,5204,1,0,0,0,0,0,0,16,1,14,1
1486,4182,1,5067,1,5262,1,5204,1,0,0,0,0,0,0,16,1,14,1
1487,4527,1,5067,1,5262,1,5204,1,0,0,0,0,0,0,16,1,14,1
1488,2139,1,5576,1,5061,2,5068,1,0,0,0,0,0,0,16,1,14,1
1489,4286,1,5067,1,5262,1,5068,1,0,0,0,0,0,0,16,1,14,1
1490,4284,1,5588,1,5075,1,5068,1,0,0,0,0,0,0,16,1,14,1
1491,4390,1,5067,1,5288,1,5068,1,0,0,0,0,0,0,16,1,14,1
1492,2932,1,2931,1,5067,1,0,0,0,0,0,0,0,0,16,1,14,1
1493,4285,1,5588,1,5075,1,5068,1,0,0,0,0,0,0,16,1,14,1
1494,4183,1,5067,1,5068,1,0,0,0,0,0,0,0,0,16,1,14,1
1495,4528,1,5067,1,5262,1,5068,1,0,0,0,0,0,0,16,1,14,1
1496,2588,10,4925,3,4825,1,0,0,0,0,0,0,0,0,2,1,7,1
1497,2589,10,4931,3,4825,1,0,0,0,0,0,0,0,0,2,1,7,1
1498,2593,10,4880,3,4825,1,0,0,0,0,0,0,0,0,2,1,7,1
1499,6142,3,4955,1,4847,1,4829,1,0,0,0,0,0,0,2,1,7,1
1500,2595,10,4959,3,4826,1,0,0,0,0,0,0,0,0,2,2,7,2
1501,2598,10,4895,3,4826,1,0,0,0,0,0,0,0,0,2,4,7,3
1502,6143,3,4905,1,4847,1,0,0,0,0,0,0,0,0,2,5,7,4
1503,4679,3,4787,1,4829,1,4830,1,4844,1,4852,1,4769,1,2,5,7,5
1504,4714,3,4861,1,4777,1,6148,1,4837,1,4757,1,4847,1,8,3,13,2
1505,6144,3,4882,1,5040,1,4847,1,4751,1,4791,1,0,0,2,6,7,6
1506,4721,3,4881,1,4871,1,4884,1,6148,1,4857,1,4843,1,8,3,13,2
1507,4672,3,4915,1,4826,1,4857,3,4847,1,0,0,0,0,8,3,13,2
1508,4688,3,5549,1,4782,1,4777,1,6148,1,4857,1,4847,1,8,3,13,2
1509,4725,3,4757,2,4852,1,6147,1,4863,1,0,0,0,0,8,3,13,2
1510,4656,3,4800,1,4775,1,4852,1,4853,1,4847,1,4751,1,14,1,19,1
1511,4648,3,6150,1,6151,1,6152,1,4829,1,4853,1,0,0,14,1,19,1
1512,4734,3,4816,1,4826,1,6149,1,4775,1,4849,1,0,0,14,1,19,1
1513,4748,3,4816,4,0,0,0,0,0,0,0,0,0,0,14,1,19,1
1514,4704,3,4775,1,4782,1,4853,1,6152,1,4697,1,0,0,14,1,19,1
1515,4695,3,4800,1,4819,1,4754,1,4777,1,0,0,0,0,14,1,19,1
1516,4665,3,5055,1,5050,1,4777,1,4838,1,4826,1,4837,1,14,1,19,1
1517,2238,1,2224,1,5367,1,5275,1,5091,1,4859,1,0,0,10,1,-1,0
1518,2041,1,2014,1,5472,1,0,0,0,0,0,0,0,0,10,1,-1,0
1519,2580,1,5374,1,5409,1,5065,1,0,0,0,0,0,0,4,5,3,4
1520,2030,1,5414,1,5125,1,5494,1,0,0,0,0,0,0,4,5,3,5
1521,2289,1,2237,1,5374,2,5228,1,5092,1,5517,1,0,0,10,1,-1,0
1522,2465,1,5376,2,5094,2,0,0,0,0,0,0,0,0,4,6,3,5
1523,1871,1,1840,1,5367,1,5260,1,5505,1,0,0,0,0,9,1,-1,0
1524,2414,1,5376,1,5059,1,5263,1,0,0,0,0,0,0,4,6,3,5
1525,1941,1,1910,1,5376,1,0,0,0,0,0,0,0,0,10,1,-1,0
1526,5378,1,5395,3,0,0,0,0,0,0,0,0,0,0,10,3,-1,0
1527,5379,1,5378,2,5532,9,0,0,0,0,0,0,0,0,16,1,-1,0
1528,5574,1,5379,1,5061,2,0,0,0,0,0,0,0,0,16,1,15,1
1529,1949,1,5568,1,5378,1,0,0,0,0,0,0,0,0,10,3,9,2
1530,1879,1,5565,1,5378,1,0,0,0,0,0,0,0,0,10,3,9,2
1531,2415,1,5061,1,5158,1,5378,1,0,0,0,0,0,0,10,3,9,2
1532,2466,1,5378,2,5094,2,0,0,0,0,0,0,0,0,10,3,9,2
1533,2304,1,5379,1,5095,2,5061,1,0,0,0,0,0,0,16,1,15,1
1534,1953,1,5574,1,5061,1,5378,3,0,0,0,0,0,0,16,1,15,1
1535,3947,1,5533,1,5379,1,5329,1,5285,1,0,0,0,0,16,1,15,1
1536,2184,1,2158,1,5390,1,0,0,0,0,0,0,0,0,13,1,-1,0
1537,2169,1,2166,1,5064,2,0,0,0,0,0,0,0,0,7,4,6,4
1538,1971,1,5470,1,5409,1,4603,1,0,0,0,0,0,0,7,4,6,4
1539,2174,1,5478,1,5065,2,5346,1,0,0,0,0,0,0,7,5,6,5
1540,5479,1,5272,2,5494,1,0,0,0,0,0,0,0,0,7,5,-1,0
1541,2185,1,5479,1,5066,2,5059,1,5393,1,5337,1,0,0,7,6,6,5
1542,4584,3,5489,1,5555,1,5558,1,0,0,0,0,0,0,7,6,6,5
1543,4588,3,5489,1,5555,1,5564,1,0,0,0,0,0,0,7,6,6,5
1544,4587,3,5489,1,5555,1,4843,1,0,0,0,0,0,0,7,6,6,6
1545,4586,3,5489,1,5555,1,5054,1,0,0,0,0,0,0,7,6,6,6
1546,2189,1,2185,1,5066,2,5059,1,0,0,0,0,0,0,7,6,6,6
1547,1987,1,5472,1,5414,1,5494,1,4608,1,0,0,0,0,7,6,6,6
1548,4585,3,5489,1,5555,1,5497,1,0,0,0,0,0,0,7,6,6,6
1549,5480,1,5273,3,5494,1,0,0,0,0,0,0,0,0,13,3,-1,0
1550,5473,1,5546,1,5489,1,5518,1,0,0,0,0,0,0,13,3,-1,0
1551,5575,1,5474,1,5545,1,5473,1,0,0,0,0,0,0,19,1,18,1
1552,5481,1,5480,1,5274,9,0,0,0,0,0,0,0,0,19,1,-1,0
1553,5474,1,5546,1,5489,1,5518,1,5502,9,0,0,0,0,19,1,-1,0
1554,2047,1,5472,1,5414,1,5494,1,5555,1,0,0,0,0,7,6,6,6
1555,2202,1,5569,1,5480,1,0,0,0,0,0,0,0,0,13,3,12,2
1556,2201,1,5569,1,5480,1,0,0,0,0,0,0,0,0,13,3,12,2
1557,2049,1,5473,1,5537,1,5547,1,0,0,0,0,0,0,13,3,12,2
1558,2051,1,5575,1,5061,1,5378,2,0,0,0,0,0,0,19,1,18,1
1559,2211,1,5481,1,5061,3,5064,1,5288,1,5338,1,0,0,19,1,18,1
1560,2212,1,5481,1,5061,3,5064,1,5288,1,5338,1,0,0,19,1,18,1
1561,4620,3,5518,1,5134,1,4840,1,0,0,0,0,0,0,7,6,6,6
1562,4625,3,5518,1,5139,1,4840,1,0,0,0,0,0,0,7,6,6,6
1563,4623,3,5518,1,5137,1,4840,1,0,0,0,0,0,0,7,6,6,6
1564,4621,3,5518,1,5135,1,4840,1,0,0,0,0,0,0,7,6,6,6
1565,4622,3,5518,1,5136,1,4840,1,0,0,0,0,0,0,7,6,6,6
1566,4624,3,5518,1,5138,1,4840,1,0,0,0,0,0,0,7,6,6,6
1567,4558,3,6154,1,5537,1,4840,1,0,0,0,0,0,0,19,1,18,1
1568,4554,3,6153,1,5537,1,5547,1,0,0,0,0,0,0,19,1,18,1
1569,4560,3,5502,1,5473,1,5537,1,5499,1,0,0,0,0,19,1,18,1
1570,4626,3,6152,1,5140,1,5546,1,0,0,0,0,0,0,19,1,18,1
1571,4631,3,6152,1,5145,1,5546,1,0,0,0,0,0,0,19,1,18,1
1572,4629,3,6152,1,5143,1,5546,1,0,0,0,0,0,0,19,1,18,1
1573,4627,3,6152,1,5141,1,5546,1,0,0,0,0,0,0,19,1,18,1
1574,4628,3,6152,1,5142,1,5546,1,0,0,0,0,0,0,19,1,18,1
1575,4630,3,6152,1,5144,1,5546,1,0,0,0,0,0,0,19,1,18,1
1576,6139,1,5068,1,0,0,0,0,0,0,0,0,0,0,19,1,-1,0
1577,3773,1,5276,1,5364,1,5319,1,0,0,0,0,0,0,5,1,4,1
1578,3780,1,5276,1,5056,1,5319,1,5510,1,0,0,0,0,5,1,4,1
1579,3806,1,5277,1,5326,1,0,0,0,0,0,0,0,0,5,2,4,2
1580,3856,1,5282,1,5328,1,0,0,0,0,0,0,0,0,5,5,4,4
1581,7009,1,7008,3,0,0,0,0,0,0,0,0,0,0,4,3,-1,0
1582,7013,1,5229,2,5513,1,0,0,0,0,0,0,0,0,7,1,-1,0
1583,7014,1,5526,1,5231,2,5513,1,0,0,0,0,0,0,7,5,-1,0
1584,7015,1,5513,2,5342,1,0,0,0,0,0,0,0,0,7,1,-1,0
1585,7016,1,5230,2,5267,1,5487,1,0,0,0,0,0,0,7,1,-1,0
1586,7017,1,5143,2,5485,1,5728,1,0,0,0,0,0,0,7,5,-1,0
1587,7018,1,5057,1,0,0,0,0,0,0,0,0,0,0,2,1,-1,0
1588,7019,1,5058,1,0,0,0,0,0,0,0,0,0,0,2,3,-1,0
1589,7020,1,5059,1,0,0,0,0,0,0,0,0,0,0,2,5,-1,0
1590,7021,1,5057,1,0,0,0,0,0,0,0,0,0,0,3,1,-1,0
1591,7022,1,5058,1,0,0,0,0,0,0,0,0,0,0,3,3,-1,0
1592,7023,1,5059,1,0,0,0,0,0,0,0,0,0,0,3,5,-1,0
1593,7024,1,5058,1,0,0,0,0,0,0,0,0,0,0,3,2,-1,0
1594,7025,1,5334,2,5333,1,5515,1,0,0,0,0,0,0,6,1,-1,0
1595,7026,1,5336,2,5334,1,5515,1,0,0,0,0,0,0,6,4,-1,0
1596,7027,1,5347,2,5526,1,5522,1,0,0,0,0,0,0,6,5,-1,0
1597,6347,1,7015,15,5368,5,7021,10,7018,10,0,0,0,0,7,4,6,4
1598,6348,1,5367,10,5364,10,7021,10,7018,10,0,0,0,0,4,4,3,4
1599,6349,1,5367,15,7015,5,7021,10,7018,10,0,0,0,0,4,8,3,8
1600,6350,1,7015,30,5373,5,7022,10,7019,10,0,0,0,0,7,16,6,16
1601,6351,1,5371,10,5368,10,7022,10,7019,10,0,0,0,0,4,16,3,12
1602,6352,1,5371,15,7015,10,7022,10,7019,10,0,0,0,0,4,20,3,16
1603,6353,1,7015,45,5378,5,7023,10,7020,10,7027,10,0,0,13,12,12,8
1604,6354,1,5376,10,5373,10,7023,10,7020,10,7017,10,0,0,10,12,9,8
1605,6355,1,5374,15,7015,15,7023,10,7020,10,7027,10,0,0,10,12,9,8
1606,6356,1,5342,30,5367,10,7021,10,7018,10,0,0,0,0,6,4,4,4
1607,6357,1,7015,15,5367,10,7021,10,7018,10,0,0,0,0,7,8,6,4
1608,6358,1,5342,45,5368,5,7021,10,7018,10,0,0,0,0,6,8,4,4
1609,6359,1,7011,30,5371,10,7022,10,7019,10,0,0,0,0,6,16,4,12
1610,6360,1,7015,30,5371,10,7022,10,7019,10,0,0,0,0,7,20,6,16
1611,6361,1,7011,45,5373,5,7022,10,7019,10,0,0,0,0,6,16,4,16
1612,6362,1,7012,30,5374,10,7023,10,7020,10,7027,10,0,0,12,12,10,8
1613,6363,1,7015,30,5376,10,7023,10,7020,10,7014,10,0,0,13,12,12,8
1614,6364,1,7012,45,5378,5,7023,10,7020,10,7027,10,0,0,12,12,10,8
1615,6365,1,5367,15,5063,5,7021,10,7018,10,0,0,0,0,4,8,3,4
1616,6366,1,5063,10,5230,15,5364,5,7016,10,7015,10,0,0,4,8,2,4
1617,6367,1,5063,10,5230,30,7016,10,7015,10,0,0,0,0,4,4,2,4
1618,6368,1,5373,15,5064,5,7022,10,7019,10,0,0,0,0,4,20,3,16
1619,6369,1,5064,10,7009,5,5371,5,7016,20,7015,20,0,0,4,16,2,16
1620,6370,1,5064,10,7009,10,7016,20,7015,20,0,0,0,0,4,16,2,12
1621,6371,1,5376,15,5066,5,7023,10,7020,10,7017,10,0,0,10,12,9,8
1622,6372,1,5066,10,7010,15,5374,5,7016,30,7015,30,7014,10,10,12,8,8
1623,6373,1,5066,10,7010,30,7016,30,7015,30,7014,10,0,0,10,12,8,8
1624,6374,1,5368,10,5230,15,7021,10,7018,10,0,0,0,0,4,8,3,4
1625,6375,1,5230,30,5367,5,7021,10,7018,10,0,0,0,0,4,4,2,4
1626,6376,1,5230,60,7016,15,0,0,0,0,0,0,0,0,4,8,2,4
1627,6377,1,5373,10,7008,15,7022,10,7019,10,0,0,0,0,4,16,3,16
1628,6378,1,7008,30,5371,5,7022,10,7019,10,0,0,0,0,4,16,2,16
1629,6379,1,7009,10,7008,15,7016,30,0,0,0,0,0,0,4,20,2,16
1630,6380,1,5378,10,7009,5,7023,10,7020,10,7017,10,0,0,10,12,9,8
1631,6381,1,7009,15,5376,5,7023,10,7020,10,7027,10,0,0,10,12,8,8
1632,6382,1,7010,45,7009,5,7008,15,7016,45,0,0,0,0,10,12,8,8
1633,6383,1,5367,15,5364,5,7021,10,7018,10,0,0,0,0,4,4,3,4
1634,6384,1,5368,10,5230,15,7016,15,0,0,0,0,0,0,4,8,3,4
1635,6385,1,5230,45,5368,5,7016,10,0,0,0,0,0,0,4,8,2,4
1636,6386,1,5371,15,5373,5,7022,10,7019,10,0,0,0,0,4,16,3,12
1637,6387,1,5371,10,7009,5,7016,30,0,0,0,0,0,0,4,20,3,16
1638,6388,1,7008,30,7009,5,5373,5,7016,20,0,0,0,0,4,16,2,16
1639,6389,1,5374,15,5378,5,7023,10,7020,10,7027,10,0,0,10,12,9,8
1640,6390,1,5376,10,7009,10,7008,15,7016,45,0,0,0,0,10,12,9,8
1641,6391,1,7009,10,7008,15,5378,5,7016,30,7014,10,0,0,10,12,8,8
1642,6392,1,5367,10,5230,30,7021,10,7018,10,0,0,0,0,4,8,3,4
1643,6393,1,5230,15,7013,10,5364,5,7016,5,0,0,0,0,4,8,2,4
1644,6394,1,5230,30,7013,15,7016,10,0,0,0,0,0,0,4,4,2,4
1645,6395,1,5373,10,7009,10,7021,10,7018,10,0,0,0,0,4,20,3,16
1646,6396,1,7009,5,7013,20,5371,5,7016,10,0,0,0,0,4,16,2,16
1647,6397,1,7009,5,7013,30,7008,15,7016,20,0,0,0,0,4,16,2,16
1648,6398,1,5376,10,7009,10,7023,10,7020,10,7027,10,0,0,10,12,9,8
1649,6399,1,7009,15,7014,10,5374,5,7008,30,7016,15,0,0,10,12,8,8
1650,6400,1,7010,15,7014,15,7009,5,7008,15,7016,30,0,0,10,12,8,8
1651,6401,1,5364,4,5512,4,5057,2,0,0,0,0,0,0,4,1,3,1
1652,6402,1,5367,6,5512,4,0,0,0,0,0,0,0,0,4,1,3,1
1653,6403,1,5057,4,5512,4,5367,2,0,0,0,0,0,0,2,1,5,1
1654,6404,1,5364,6,5512,4,0,0,0,0,0,0,0,0,4,1,3,1
1655,6405,1,5368,6,5512,4,0,0,0,0,0,0,0,0,4,2,3,1
1656,6406,1,5367,4,5512,4,5364,2,0,0,0,0,0,0,4,1,3,1
1657,6407,1,5367,3,5512,4,5057,3,0,0,0,0,0,0,4,1,3,1
1658,6408,1,5057,4,5512,4,5230,2,0,0,0,0,0,0,2,1,5,1
1659,6409,1,5057,3,5512,4,5364,3,0,0,0,0,0,0,2,1,5,1
1660,6410,1,5373,4,7024,4,5058,4,0,0,0,0,0,0,4,3,3,3
1661,6411,1,5230,6,7024,4,5371,4,5093,2,0,0,0,0,4,3,2,2
1662,6412,1,5058,4,7024,4,5371,2,5512,2,0,0,0,0,2,3,5,2
1663,6413,1,5230,6,7024,4,5371,6,0,0,0,0,0,0,4,3,2,3
1664,6414,1,5371,6,7024,4,5058,2,0,0,0,0,0,0,4,2,3,2
1665,6415,1,5373,4,7024,4,5064,4,0,0,0,0,0,0,4,3,3,3
1666,6416,1,5058,4,7024,4,5371,2,5230,2,0,0,0,0,3,3,5,2
1667,6417,1,5371,4,7024,4,5058,4,0,0,0,0,0,0,4,3,3,2
1668,6418,1,5230,6,7024,4,5058,2,5371,4,0,0,0,0,4,3,2,3
1669,6419,1,5073,3,5058,2,5093,2,0,0,0,0,0,0,3,4,5,3
1670,6420,1,7009,4,7013,4,7016,2,0,0,0,0,0,0,4,4,2,4
1671,6421,1,5371,2,7011,2,7015,2,5063,2,0,0,0,0,4,2,3,2
1672,6422,1,5074,3,5059,2,5376,2,5094,2,0,0,0,0,3,6,5,5
1673,6423,1,7009,3,7008,6,7016,3,0,0,0,0,0,0,4,3,2,3
1674,6424,1,7009,4,5064,2,5374,2,7016,2,0,0,0,0,4,5,2,4
1675,6425,1,5059,4,5376,4,5094,4,0,0,0,0,0,0,2,6,5,6
1676,6426,1,5065,4,5374,4,5099,4,0,0,0,0,0,0,2,5,5,5
1677,6427,1,5066,4,7009,2,5376,2,7016,4,0,0,0,0,4,6,2,5
1678,6428,1,5371,4,5058,2,5093,2,0,0,0,0,0,0,4,3,3,2
1679,6429,1,7025,4,5334,2,5368,2,0,0,0,0,0,0,6,3,4,3
1680,6430,1,7015,3,5367,2,5230,3,0,0,0,0,0,0,7,1,6,1
1681,6431,1,7026,4,5336,2,5373,2,0,0,0,0,0,0,6,5,4,4
1682,6432,1,5364,4,5057,2,5092,2,0,0,0,0,0,0,4,1,3,1
1683,6433,1,7026,4,5059,2,7009,2,0,0,0,0,0,0,6,5,4,5
1684,6434,1,7009,3,7013,4,7016,3,0,0,0,0,0,0,4,4,2,4
1685,6435,1,5073,3,5093,2,5230,3,5373,1,0,0,0,0,3,4,5,4
1686,6436,1,7009,3,5371,2,5064,2,7016,3,0,0,0,0,4,4,2,4
1687,6437,1,5072,3,5063,2,5367,2,5092,2,0,0,0,0,3,1,5,1
1688,6438,1,5072,4,5371,4,5092,2,0,0,0,0,0,0,3,2,5,2
1689,6439,1,5063,6,5368,4,5334,4,0,0,0,0,0,0,4,2,2,2
1690,6440,1,5073,3,5063,2,5374,2,5093,2,0,0,0,0,3,5,5,5
1691,6441,1,5073,2,5373,2,5093,2,5322,2,0,0,0,0,3,5,5,4
1692,6442,1,5066,6,5374,4,5336,4,0,0,0,0,0,0,4,6,2,5
1693,6443,1,5285,2,7026,2,5374,2,5058,2,0,0,0,0,5,5,4,5
1694,6444,1,5284,2,7026,2,5373,2,5058,2,0,0,0,0,5,5,4,4
1695,6445,1,5282,2,7026,2,5371,2,5058,2,0,0,0,0,5,4,4,4
1696,6446,1,7009,10,7015,30,7016,20,0,0,0,0,0,0,4,12,2,12
1697,6447,1,7009,15,5374,10,7016,25,0,0,0,0,0,0,4,24,2,20
1698,6448,1,7009,20,7008,30,7016,30,0,0,0,0,0,0,4,24,2,24
1699,6449,1,7009,10,7015,30,7030,20,5514,20,0,0,0,0,4,12,2,12
1700,6450,1,7011,45,5374,10,5058,10,0,0,0,0,0,0,6,20,4,20
1701,6451,1,5376,20,7008,30,5059,10,0,0,0,0,0,0,4,24,3,24
1702,6452,1,5373,10,7009,5,5058,5,7016,20,0,0,0,0,4,16,3,12
1703,6453,1,7009,15,7031,25,5514,25,7016,25,0,0,0,0,4,20,2,20
1704,6454,1,7009,20,5066,5,5059,5,7016,30,0,0,0,0,4,24,2,24
1705,6455,1,5371,8,5515,4,0,0,0,0,0,0,0,0,4,3,3,3
1706,6456,1,5371,8,5515,4,0,0,0,0,0,0,0,0,4,3,3,3
1707,6457,1,7016,8,5063,4,0,0,0,0,0,0,0,0,7,3,6,3
1708,6458,1,5371,6,5515,6,0,0,0,0,0,0,0,0,4,2,3,2
1709,6459,1,5371,6,5515,6,0,0,0,0,0,0,0,0,4,2,3,2
1710,6460,1,5371,6,5515,6,0,0,0,0,0,0,0,0,4,2,3,2
1711,6461,1,5057,4,5999,8,0,0,0,0,0,0,0,0,2,2,5,1
1712,6462,1,5058,4,5371,4,5998,4,0,0,0,0,0,0,2,3,5,2
1713,6463,1,5059,4,5373,4,5998,8,0,0,0,0,0,0,2,6,5,6
1714,6464,1,5367,4,5999,8,0,0,0,0,0,0,0,0,4,1,3,1
1715,6465,1,5371,8,5998,4,0,0,0,0,0,0,0,0,4,3,3,3
1716,6466,1,5374,4,5373,4,5998,8,0,0,0,0,0,0,4,6,3,5
1717,6467,1,5072,2,5999,8,0,0,0,0,0,0,0,0,3,2,5,1
1718,6468,1,5073,2,5064,4,5998,4,0,0,0,0,0,0,3,3,5,2
1719,6469,1,5074,2,5065,4,5998,8,0,0,0,0,0,0,3,6,5,6
1720,6473,1,5288,4,5376,2,5554,2,6173,1,7045,2,5998,4,5,6,4,6
1721,6474,1,5067,2,6220,1,6218,1,6219,1,7047,2,0,0,16,1,14,1
1722,6475,1,5074,2,5374,2,5328,2,7007,1,0,0,0,0,3,6,5,5
1723,6476,1,5471,4,7030,6,5514,6,0,0,0,0,0,0,7,1,6,1
1724,6477,1,5471,4,7029,6,5514,6,0,0,0,0,0,0,7,1,6,1
1725,6478,1,5471,4,7031,6,5514,6,0,0,0,0,0,0,7,1,6,1
1726,6479,1,5491,12,5230,12,0,0,0,0,0,0,0,0,7,2,6,2
1727,6480,1,5472,4,5231,12,0,0,0,0,0,0,0,0,7,4,6,3
1728,6481,1,5528,4,5405,6,5229,6,0,0,0,0,0,0,7,3,6,2
1729,6482,1,7026,4,5065,2,5064,2,0,0,0,0,0,0,6,5,4,4
1730,6483,1,7032,1,5371,2,5515,4,0,0,0,0,0,0,7,4,6,4
1731,6484,1,5371,2,5073,2,5093,2,0,0,0,0,0,0,4,3,3,2
1732,6485,1,5079,2,5373,2,5099,2,0,0,0,0,0,0,3,5,5,4
1733,6486,1,5071,2,5063,4,0,0,0,0,0,0,0,0,3,1,5,1
1734,6487,1,5058,4,5373,2,5093,2,0,0,0,0,0,0,2,4,5,3
1735,6488,1,5471,2,5371,2,5092,1,7030,3,5514,3,0,0,7,2,6,2
1736,6489,1,5471,2,5367,2,5091,1,7030,3,5514,3,0,0,7,1,6,1
1737,6490,1,5058,2,5371,2,5512,2,5998,2,0,0,0,0,2,3,5,3
1738,6491,1,5364,4,5091,2,0,0,0,0,0,0,0,0,4,1,3,1
1739,6492,1,5383,1,5515,5,0,0,0,0,0,0,0,0,4,1,3,1
1740,6494,1,5383,9,0,0,0,0,0,0,0,0,0,0,4,1,3,1
1741,6497,1,5068,4,5061,4,6162,1,7047,1,5998,4,0,0,11,5,-1,0
1742,6498,1,5067,2,5061,4,6163,1,7047,2,5998,4,0,0,11,10,-1,0
1743,6501,1,5061,6,5066,6,6164,4,0,0,0,0,0,0,2,6,5,6
1744,6502,1,5066,6,5060,2,7006,1,5183,4,0,0,0,0,16,1,14,1
1745,6503,1,5461,4,7036,4,0,0,0,0,0,0,0,0,7,2,6,2
1746,6504,1,5061,8,5074,2,7033,4,0,0,0,0,0,0,8,3,11,2
1747,6505,1,5074,2,5065,4,7033,2,0,0,0,0,0,0,2,6,5,5
1748,6506,1,5059,6,5414,6,7033,2,0,0,0,0,0,0,2,6,5,5
1749,6507,1,5472,4,5494,4,7034,3,5514,3,0,0,0,0,7,6,6,5
1750,6508,1,5472,4,4584,12,7034,3,5514,3,0,0,0,0,7,6,6,6
1751,6509,1,5471,4,4576,9,7035,2,5514,3,0,0,0,0,7,2,6,2
1752,6510,1,5471,4,4574,9,7035,2,5514,3,0,0,0,0,7,2,6,2
1753,6511,1,5471,4,4575,9,7035,2,5514,3,0,0,0,0,7,2,6,1
1754,6512,1,7037,4,5414,12,5526,8,0,0,0,0,0,0,4,6,2,6
1755,6513,1,5057,2,5368,2,0,0,0,0,0,0,0,0,2,2,5,1
1756,6514,1,5364,2,5503,2,0,0,0,0,0,0,0,0,4,1,3,1
1757,6515,1,5371,3,5503,3,0,0,0,0,0,0,0,0,4,3,3,3
1758,6516,1,5288,2,5376,2,5554,2,5328,1,5447,1,7045,1,5,6,4,6
1759,6517,1,5280,1,5371,1,5058,1,5093,1,7043,1,0,0,5,4,4,3
1760,6518,1,5066,3,5374,2,5348,1,5337,2,7028,1,0,0,4,5,2,5
1761,6519,1,5280,2,5058,2,5064,1,7038,1,0,0,0,0,5,3,4,2
1762,6520,1,5371,3,5064,2,7038,1,0,0,0,0,0,0,4,3,3,2
1763,6521,1,5376,4,5328,3,7033,1,0,0,0,0,0,0,4,6,3,5
1764,6522,1,5060,1,5061,4,5068,3,6219,1,0,0,0,0,14,1,17,1
1765,6523,1,5059,4,5376,4,5329,2,5328,2,0,0,0,0,2,6,5,5
1766,6524,1,5276,4,5364,4,0,0,0,0,0,0,0,0,5,1,4,1
1767,6525,1,5328,4,5374,4,5066,2,0,0,0,0,0,0,6,5,4,5
1768,6529,1,5328,2,5337,2,5348,2,5371,1,5073,1,0,0,6,5,4,5
1769,6530,1,5285,2,5373,2,5094,2,5348,2,0,0,0,0,5,6,4,5
1770,6531,1,5329,2,5328,2,5374,2,5066,2,0,0,0,0,6,6,4,5
1771,6532,1,5328,4,5337,2,5348,3,5371,2,5073,1,0,0,6,5,4,5
1772,6533,1,5285,4,5373,3,5094,3,5348,2,0,0,0,0,5,6,4,6
1773,6534,1,5329,3,5328,3,5374,3,5066,3,0,0,0,0,6,6,4,5
1774,6535,1,5280,4,5371,2,7038,2,0,0,0,0,0,0,5,3,4,2
1775,6536,1,5329,4,5378,2,6160,1,7047,1,5066,2,5183,2,10,5,-1,0
1776,6537,1,5330,2,5378,2,6161,1,7047,2,5066,2,5183,2,10,10,-1,0
1777,6542,1,5325,2,5361,2,5056,2,0,0,0,0,0,0,6,1,4,1
1778,6543,1,5326,4,5367,4,0,0,0,0,0,0,0,0,6,3,4,2
1779,6544,1,5327,4,5373,2,5057,2,0,0,0,0,0,0,6,4,4,3
1780,6548,1,5367,2,5364,2,5057,1,7021,2,5515,1,0,0,4,1,3,1
1781,6549,1,7024,2,5072,2,5371,4,0,0,0,0,0,0,3,3,5,3
1782,6550,1,5371,4,5368,4,7024,2,0,0,0,0,0,0,4,3,3,3
1783,6551,1,5373,4,5058,4,7024,2,0,0,0,0,0,0,4,4,3,3
1784,6552,1,5371,4,5064,2,7024,2,7038,2,0,0,0,0,4,3,3,2
1785,6559,1,5074,5,5066,2,7024,2,0,0,0,0,0,0,3,6,5,6
1786,6560,1,5371,3,5057,2,5092,2,5515,2,0,0,0,0,4,3,3,2
1787,6561,1,5367,2,5364,2,5063,1,5515,1,0,0,0,0,4,1,3,1
1788,6562,1,5371,3,5367,2,5063,2,5515,2,0,0,0,0,4,2,3,2
1789,6563,1,5371,4,7022,2,7024,2,7038,2,0,0,0,0,4,3,3,2
1790,6564,1,5058,2,5093,2,5371,2,5326,2,7043,1,0,0,2,4,5,3
1791,6565,1,5066,3,5374,3,5512,2,7028,2,7024,2,0,0,4,5,2,5
1792,6566,1,5074,2,5059,3,5374,3,7017,2,0,0,0,0,3,6,5,6
1793,6567,1,5374,4,5373,4,5064,2,7017,2,0,0,0,0,4,5,3,5
1794,6568,1,5376,3,5374,3,5066,2,5512,2,7017,2,0,0,4,6,3,5
1795,6569,1,5371,4,5064,2,7022,2,7038,2,0,0,0,0,4,3,3,2
1796,6570,1,5058,3,5093,2,5371,3,7043,1,0,0,0,0,2,4,5,3
1797,6571,1,5066,4,5374,6,7028,2,0,0,0,0,0,0,4,5,2,5
1798,6572,1,5288,4,5376,2,5554,2,5328,1,5447,1,7045,1,5,6,4,6
1799,6573,1,7009,4,5373,2,7016,4,0,0,0,0,0,0,4,4,2,4
1800,6574,1,5373,8,5485,2,0,0,0,0,0,0,0,0,4,5,3,4
1801,6575,1,7009,4,5374,2,7016,4,0,0,0,0,0,0,4,5,2,4
1802,6576,1,5368,4,5367,4,0,0,0,0,0,0,0,0,4,2,3,1
1803,6577,1,5371,4,5368,4,0,0,0,0,0,0,0,0,4,3,3,3
1804,6578,1,5063,4,5230,3,7016,1,0,0,0,0,0,0,4,1,2,1
1805,6579,1,5059,4,5374,6,5376,2,0,0,0,0,0,0,2,6,5,6
1806,6580,1,5058,2,5093,4,5371,2,7043,1,0,0,0,0,2,4,5,3
1807,6581,1,5066,4,5374,2,7024,4,7028,2,0,0,0,0,4,5,2,5
1808,6582,1,5288,3,5376,1,5554,4,5328,1,5447,1,7045,1,5,6,4,6
1809,6583,1,5059,4,7009,2,5512,2,5998,2,0,0,0,0,2,6,5,5
1810,6584,1,5376,4,5374,2,5512,2,5998,2,0,0,0,0,4,6,3,6
1811,6585,1,5059,3,5066,2,7009,1,5512,2,5998,2,0,0,2,6,5,5
1812,6586,1,5064,2,5998,3,7038,1,0,0,0,0,0,0,4,3,2,2
1813,6587,1,5329,3,5378,1,5061,3,5998,6,7047,1,0,0,12,3,10,2
1814,6588,1,5066,3,5285,3,5998,4,7047,1,0,0,0,0,4,6,2,6
1815,6589,1,5067,1,7009,1,5065,5,5998,6,7047,2,0,0,4,8,2,7
1816,6590,1,6634,1,5376,4,5059,4,0,0,0,0,0,0,8,2,-1,0
1817,6591,1,7009,6,5061,3,5374,2,5512,1,6494,1,0,0,4,6,2,6
1818,6592,1,5378,4,5376,3,5368,3,7008,3,6494,1,0,0,4,6,3,6
1819,6593,1,7009,6,5068,3,7010,9,4858,1,6494,1,0,0,4,6,2,6
1820,6594,1,5513,9,5342,3,0,0,0,0,0,0,0,0,7,1,6,1
1821,6595,1,5471,3,5513,6,7031,2,5514,1,0,0,0,0,7,2,6,1
1822,6596,1,5066,4,5374,3,5285,2,5512,1,0,0,0,0,4,6,2,6
1823,6597,1,5068,2,5065,3,5373,1,7037,4,7046,1,0,0,10,3,8,2
1824,6598,1,5067,1,7010,9,5074,2,7038,4,7046,2,0,0,16,1,14,1
1825,6599,1,7010,9,5066,4,5056,6,5174,12,5487,9,0,0,4,6,2,6
1826,6601,1,5073,2,5371,2,0,0,0,0,0,0,0,0,3,3,5,3
1827,6602,1,5057,2,5367,2,0,0,0,0,0,0,0,0,2,1,5,1
1828,6603,1,5364,2,5056,2,0,0,0,0,0,0,0,0,4,1,3,1
1829,6604,1,5073,1,5093,1,5371,1,5485,1,7043,1,0,0,3,4,5,3
1830,6605,1,5060,1,5068,6,5512,2,6218,1,0,0,0,0,15,1,17,1
1831,6606,1,5057,2,5368,2,5515,2,0,0,0,0,0,0,2,2,5,2
1832,6607,1,5373,2,5371,2,5485,2,0,0,0,0,0,0,4,4,3,4
1833,6608,1,5376,4,5066,4,5328,2,0,0,0,0,0,0,4,6,3,5
1834,6609,1,5066,4,5374,3,7028,1,0,0,0,0,0,0,4,5,2,5
1835,6610,1,5073,2,5093,1,5371,2,5485,1,0,0,0,0,3,4,5,3
1836,6611,1,5072,2,5092,1,5368,2,5515,1,0,0,0,0,3,2,5,2
1837,6612,1,5072,2,5092,1,5367,2,5515,1,0,0,0,0,3,1,5,1
1838,6613,1,5371,6,5058,2,0,0,0,0,0,0,0,0,4,2,3,2
1839,6614,1,5066,2,5374,4,5328,2,7028,2,0,0,0,0,4,5,2,5
1840,6615,1,5371,4,5326,2,7038,2,0,0,0,0,0,0,4,3,3,2
1841,6616,1,5074,2,5094,2,5376,2,7017,2,0,0,0,0,3,6,5,5
1842,6617,1,5374,6,5064,2,5485,2,0,0,0,0,0,0,4,5,3,4
1843,6618,1,5373,4,5371,2,5485,2,0,0,0,0,0,0,4,4,3,4
1844,6619,1,5073,1,5093,1,5371,3,7038,2,0,0,0,0,3,3,5,2
1845,6620,1,5094,2,5376,6,7033,2,0,0,0,0,0,0,2,6,5,5
1846,6621,1,5371,3,5058,3,5515,2,0,0,0,0,0,0,4,3,3,3
1847,6622,1,5368,3,5063,3,5515,2,0,0,0,0,0,0,4,2,3,1
1848,6623,1,5373,3,5063,3,5515,2,0,0,0,0,0,0,4,4,3,3
1849,6624,1,5364,2,5062,2,5515,2,0,0,0,0,0,0,4,1,3,1
1850,6625,1,5058,2,5064,2,5326,2,7038,2,0,0,0,0,2,3,5,3
1851,6626,1,5371,3,5058,2,5093,1,7043,1,0,0,0,0,2,4,5,3
1852,6627,1,5371,3,5058,1,5093,1,5485,1,0,0,0,0,4,3,3,3
1853,6628,1,5373,3,5371,2,5485,1,0,0,0,0,0,0,4,4,3,3
1854,6629,1,5374,4,7022,2,5485,2,0,0,0,0,0,0,4,5,3,4
1855,6630,1,5058,3,5374,4,5328,3,0,0,0,0,0,0,2,5,5,4
1856,6631,1,5284,2,5373,4,5058,2,0,0,0,0,0,0,5,4,4,4
1857,6632,1,5059,2,5376,4,5066,1,5328,3,0,0,0,0,2,6,5,5
1858,6633,1,5066,3,5374,4,5328,1,7028,2,0,0,0,0,4,5,2,5
1859,6634,1,5074,2,5376,2,7014,2,7038,2,0,0,0,0,3,6,5,6
1860,6635,1,5063,1,5999,3,0,0,0,0,0,0,0,0,4,1,2,1
1861,6636,1,5071,1,5324,1,5999,1,0,0,0,0,0,0,3,1,5,1
1862,6637,1,5405,6,5325,2,5999,2,0,0,0,0,0,0,4,2,3,1
1863,6638,1,5064,2,5512,2,5998,2,0,0,0,0,0,0,4,2,2,2
1864,6639,1,5471,2,7029,3,5057,3,0,0,0,0,0,0,7,2,6,1
1865,6640,1,5471,2,7030,3,5367,3,0,0,0,0,0,0,7,2,6,1
1866,6641,1,5471,2,7031,3,5063,3,0,0,0,0,0,0,7,2,6,1
1867,6642,1,5472,2,7030,3,5066,3,5374,1,7028,1,0,0,7,5,6,5
1868,6643,1,5064,2,5063,1,5062,1,5540,1,7043,1,0,0,4,4,2,3
1869,6644,1,5472,2,7029,3,5058,2,5513,2,5514,1,0,0,7,4,6,3
1870,6645,1,5472,2,7030,3,5368,2,5057,2,5514,1,0,0,7,4,6,3
1871,6646,1,5472,2,7031,3,5063,2,5513,2,5514,1,0,0,7,4,6,3
1872,6647,1,5066,2,5059,1,5094,4,5063,1,0,0,0,0,4,6,2,5
1873,6648,1,5064,2,5063,1,5062,1,5512,1,7043,1,0,0,4,4,2,3
1874,6649,1,5476,3,5351,1,0,0,0,0,0,0,0,0,7,1,6,1
1875,6650,1,5064,2,5063,1,5087,2,5368,1,0,0,0,0,4,3,2,2
1876,6651,1,5065,4,5064,1,5063,1,5512,1,5371,1,0,0,4,5,2,5
1877,6652,1,5060,1,5079,3,5066,1,7047,2,0,0,0,0,15,1,17,1
1878,6653,1,5330,1,5328,4,5348,3,5337,8,0,0,0,0,18,1,16,1
1879,6654,1,5328,1,5348,1,5337,2,5359,3,7044,2,0,0,6,6,4,6
1880,6655,1,5288,2,5064,1,5487,1,5348,5,7047,1,0,0,11,3,10,2
1881,6663,1,5058,1,5057,3,5371,2,5093,2,0,0,0,0,2,3,5,2
1882,6664,1,7010,9,5065,3,7037,6,7046,2,0,0,0,0,16,1,14,1
1883,6665,1,5068,4,5061,4,6158,1,7047,1,5998,4,0,0,8,5,-1,0
1884,6666,1,5067,2,5061,4,6159,1,7047,2,5998,4,0,0,8,10,-1,0
1885,6667,1,5066,3,5374,1,5512,2,7028,2,5998,4,0,0,4,5,2,5
1886,6668,1,5059,3,5084,3,7039,6,0,0,0,0,0,0,2,6,5,5
1887,6669,1,7037,2,5065,4,5061,2,5998,4,0,0,0,0,4,6,2,6
1888,6670,1,5079,1,5089,2,7040,3,5998,2,0,0,0,0,3,4,5,4
1889,6671,1,5066,2,5059,1,5094,4,5063,1,5376,2,0,0,4,6,2,6
1890,6672,1,5288,3,5376,3,5061,2,6155,4,7042,2,0,0,11,3,10,2
1891,6673,1,5327,4,5326,2,5336,4,0,0,0,0,0,0,6,4,4,4
1892,6674,1,5285,6,5303,4,5337,4,0,0,0,0,0,0,5,6,4,5
1893,6675,1,5284,6,5328,2,5337,4,0,0,0,0,0,0,5,5,4,4
1894,6676,1,5328,4,5327,2,5282,2,5337,4,0,0,0,0,6,5,4,4
1895,6677,1,5327,4,5326,2,5336,4,0,0,0,0,0,0,6,4,4,4
1896,6678,1,5285,6,7011,6,5099,2,0,0,0,0,0,0,5,5,4,5
1897,6679,1,5327,4,5326,2,5336,4,0,0,0,0,0,0,6,4,4,4
1898,6680,1,5329,6,5328,2,5337,4,0,0,0,0,0,0,6,6,4,5
1899,6681,1,5326,4,5325,2,5334,4,0,0,0,0,0,0,6,3,4,3
1900,6682,1,5282,5,5347,4,7041,2,0,0,0,0,0,0,5,5,4,4
1901,6683,1,5329,4,5327,1,5336,2,7044,2,0,0,0,0,6,6,4,5
1902,6684,1,5330,1,5328,4,5327,3,5337,8,0,0,0,0,18,1,16,1
1903,6685,1,5288,3,5349,1,5554,4,5328,1,7045,1,0,0,5,6,4,6
1904,6981,1,7041,1,5328,1,5337,1,5510,1,0,0,0,0,5,5,4,4
1905,6978,1,7041,1,5328,1,5337,1,0,0,0,0,0,0,5,5,4,4
1906,6980,1,7041,1,5328,1,5337,1,0,0,0,0,0,0,5,5,4,4
1907,6979,1,7041,1,5328,2,5337,2,0,0,0,0,0,0,5,5,4,4
1908,6983,1,7042,1,5338,1,5068,1,5510,1,0,0,0,0,11,3,10,2
1909,6982,1,7042,2,5282,1,5338,2,0,0,0,0,0,0,11,3,10,2
1910,2010,1,5368,1,5471,1,5063,1,5492,1,5333,1,0,0,4,2,3,2
1911,2044,1,5374,1,5472,1,5065,1,5494,1,5335,1,0,0,4,6,3,6
1912,2116,1,5198,1,5435,1,5492,1,0,0,0,0,0,0,4,2,2,1
1913,4577,3,5489,1,5548,1,5483,1,0,0,0,0,0,0,7,2,6,1
1914,4578,3,5489,1,5556,1,5483,1,0,0,0,0,0,0,7,2,6,1
1915,4609,3,6152,1,5486,1,5537,1,0,0,0,0,0,0,7,8,6,7
1916,4610,3,6152,1,5054,1,5537,1,0,0,0,0,0,0,7,8,6,7
1917,4611,3,6152,1,5526,1,5537,1,0,0,0,0,0,0,7,8,6,7
1918,4612,3,6152,1,5564,1,5537,1,0,0,0,0,0,0,7,8,6,7
1919,4614,3,5518,1,5169,1,5549,1,0,0,0,0,0,0,7,4,6,3
1920,4615,3,5518,1,5170,1,5549,1,0,0,0,0,0,0,7,4,6,3
1921,4616,3,5518,1,5171,1,5549,1,0,0,0,0,0,0,7,4,6,3
1922,4617,3,5518,1,5172,1,5549,1,0,0,0,0,0,0,7,4,6,3
1923,4618,3,5518,1,5173,1,5549,1,0,0,0,0,0,0,7,4,6,3
1924,4619,3,5518,1,5174,1,5549,1,0,0,0,0,0,0,7,4,6,3
1925,7534,1,5342,1,5545,1,5542,1,5540,1,5338,1,0,0,12,3,10,2
1926,7535,1,7772,2,5282,1,5326,1,5338,1,0,0,0,0,12,3,10,2
1927,7536,1,7769,1,5330,1,0,0,0,0,0,0,0,0,18,2,16,1
1928,7537,1,7772,2,5338,2,0,0,0,0,0,0,0,0,12,3,10,2
1929,7538,1,7772,1,5285,1,5338,1,5510,1,0,0,0,0,11,3,10,2
1930,7539,1,7768,1,5342,1,5330,1,0,0,0,0,0,0,18,2,16,1
1931,7540,1,7771,2,5330,1,5338,1,4843,1,0,0,0,0,18,2,16,1
1932,7541,1,7771,2,5330,1,5338,1,0,0,0,0,0,0,18,2,16,1
1933,7542,1,7771,1,5289,1,5338,1,0,0,0,0,0,0,18,2,16,1
1934,7543,1,7770,1,5330,1,5338,1,0,0,0,0,0,0,18,2,16,1
1935,7546,1,7794,1,5288,1,5060,1,0,0,0,0,0,0,15,1,17,1
1936,7547,1,7794,1,5288,1,5060,1,0,0,0,0,0,0,15,1,17,1
1937,7548,1,7795,1,5338,1,5067,1,0,0,0,0,0,0,18,1,16,1
1938,7549,1,7795,1,5289,1,5338,1,0,0,0,0,0,0,18,1,16,1
1939,7552,1,7159,1,5069,1,5075,1,5288,1,0,0,0,0,15,2,17,1
1940,7559,1,7775,1,7777,1,5325,1,5343,1,0,0,0,0,6,99,-1,0
1941,7568,1,7775,1,7776,1,5414,1,7606,1,0,0,0,0,4,99,-1,0
1942,7574,3,7593,1,4787,1,4852,1,4853,1,4847,1,4784,1,14,1,19,1
1943,7575,3,7594,1,4775,1,4861,1,4844,1,4756,1,4847,1,14,1,19,1
1944,7620,9,6153,9,5490,6,0,0,0,0,0,0,0,0,19,1,-1,0
1945,7767,12,4870,3,0,0,0,0,0,0,0,0,0,0,2,1,-1,0
1946,7777,1,7774,3,0,0,0,0,0,0,0,0,0,0,12,3,-1,0
1947,7064,1,7607,1,7606,1,5360,1,0,0,0,0,0,0,14,2,17,1
1948,7065,1,7775,1,7606,1,5376,4,5059,4,7020,2,0,0,16,2,15,1
1949,7066,1,7775,1,7607,1,5061,4,5059,4,5530,1,0,0,14,2,17,1
1950,7067,1,7775,1,7607,1,7010,6,7009,4,7016,2,5530,1,16,2,14,1
1951,7068,1,7775,1,7606,1,5378,4,5061,4,5066,2,0,0,16,2,15,1
1952,7069,1,7775,1,7606,1,5376,4,5061,4,5316,2,0,0,16,2,15,1
1953,7070,1,7775,1,7606,1,5374,4,5378,2,5059,2,5328,2,16,2,15,1
1954,7071,1,7775,1,7607,1,5075,2,5095,4,5530,1,0,0,15,2,17,1
1955,7072,1,7775,1,7607,1,5061,4,5378,2,7009,2,5530,1,14,2,17,1
1956,7073,1,5066,2,5059,1,5094,4,5376,1,0,0,0,0,4,6,2,5
1957,7074,1,5066,2,5374,1,5373,1,5063,1,5094,4,0,0,4,6,2,6
1958,7075,1,5328,2,7041,1,5338,2,5374,4,5059,2,0,0,12,3,10,2
1959,7076,1,5328,3,7041,1,5338,2,5374,5,5059,2,0,0,12,3,10,2
1960,7077,1,5288,3,7041,1,5374,3,5066,3,5348,3,0,0,11,3,10,2
1961,7078,1,5288,4,7041,1,5374,4,5066,3,5348,3,0,0,11,3,10,2
1962,7079,1,5378,5,5376,5,5066,2,5329,1,5348,1,0,0,10,3,9,2
1963,7080,1,5328,6,7041,1,5374,2,5066,2,5348,2,0,0,12,3,10,2
1964,7081,1,5378,3,5376,6,5066,5,0,0,0,0,0,0,10,3,9,2
1965,7082,1,5061,5,7047,1,5066,4,5998,6,0,0,0,0,8,3,11,2
1966,7083,1,7777,2,5328,6,5337,4,0,0,0,0,0,0,12,3,10,2
1967,7084,1,5364,2,5367,2,0,0,0,0,0,0,0,0,4,1,3,1
1968,7085,1,7043,1,7044,1,5326,1,5335,1,0,0,0,0,6,5,4,4
1969,7086,1,7773,1,7043,1,5063,2,0,0,0,0,0,0,4,5,2,4
1970,7087,1,5187,1,5328,4,5378,3,5282,3,5338,2,0,0,18,2,16,1
1971,7088,1,5187,1,5288,4,5328,4,5348,3,5059,3,0,0,17,2,16,1
1972,7089,1,5187,1,5378,4,5374,4,5328,6,0,0,0,0,16,2,15,1
1973,7090,1,5187,1,5378,3,5374,3,5282,6,0,0,0,0,16,2,15,1
1974,7091,1,5187,2,5378,4,5374,4,5285,4,0,0,0,0,16,2,15,1
1975,7092,1,5187,2,7777,2,5288,4,5285,4,0,0,0,0,17,2,16,1
1976,7093,1,5187,1,5068,5,5065,5,5094,4,0,0,0,0,16,2,14,1
1977,7094,1,5187,1,7047,3,5998,4,5068,2,5288,2,0,0,16,2,14,1
1978,7098,1,5378,6,5376,4,5066,4,0,0,0,0,0,0,10,3,9,2
1979,7099,1,7777,2,5328,5,5337,5,0,0,0,0,0,0,12,3,10,2
1980,7100,1,7157,1,5069,2,5068,4,5074,3,0,0,0,0,15,2,17,1
1981,7101,1,7157,1,5075,4,5074,3,0,0,0,0,0,0,15,2,17,1
1982,7102,1,7158,5,5374,3,8150,2,6662,1,0,0,0,0,16,2,15,1
1983,7103,1,7158,3,7017,5,8150,1,0,0,0,0,0,0,16,2,15,1
1984,7104,1,7158,3,7017,5,8150,1,0,0,0,0,0,0,16,2,15,1
1985,7105,1,7158,3,7017,5,8150,1,0,0,0,0,0,0,16,2,15,1
1986,7106,1,7158,3,7017,5,8150,1,0,0,0,0,0,0,16,2,15,1
1987,7107,1,7158,3,7017,5,8150,1,0,0,0,0,0,0,16,2,15,1
1988,7108,1,7808,2,7775,1,5378,4,5374,4,5059,4,0,0,16,2,15,1
1989,7109,1,7038,2,5371,4,0,0,0,0,0,0,0,0,4,3,3,3
1990,7110,1,7808,2,7775,1,5378,4,5285,4,5094,4,0,0,16,2,15,1
1991,7111,1,7808,2,7775,1,5374,4,5075,4,0,0,0,0,15,2,17,1
1992,7112,1,7808,2,7775,1,5378,4,5059,4,5335,4,0,0,16,2,15,1
1993,7113,1,7808,2,7775,1,5378,4,5374,4,5335,4,0,0,16,2,15,1
1994,7114,1,7038,2,5371,4,0,0,0,0,0,0,0,0,4,3,3,3
1995,6499,1,7159,1,5068,2,7010,6,5061,10,0,0,0,0,13,10,-1,0
1996,6500,1,7160,1,5069,1,7010,6,5061,10,0,0,0,0,13,12,-1,0
1997,7115,1,7161,1,5069,1,5074,4,7606,1,5328,2,0,0,16,2,14,1
1998,7116,1,5187,1,5378,5,5374,5,5061,4,0,0,0,0,16,2,15,1
1999,7117,1,5187,3,5061,2,5374,6,5059,2,0,0,0,0,14,2,17,1
2000,7992,1,7030,6,5472,6,0,0,0,0,0,0,0,0,7,4,6,3
2001,7993,1,5376,5,5059,3,5514,3,7029,3,0,0,0,0,4,6,3,5
2002,7994,1,8022,3,5513,6,5472,5,0,0,0,0,0,0,7,5,6,4
2003,7121,1,7606,3,7607,2,7775,2,8150,3,0,0,0,0,16,2,15,1
2004,7131,1,7014,5,7016,4,7010,3,0,0,0,0,0,0,7,6,6,6
2005,7132,1,5267,4,7016,4,5093,2,0,0,0,0,0,0,7,3,6,3
2006,7136,1,7010,6,7009,4,7016,4,0,0,0,0,0,0,4,6,2,6
2007,7137,1,5074,2,5073,2,5093,2,0,0,0,0,0,0,3,6,5,5
2008,7138,1,5371,2,7016,4,5535,1,5472,1,0,0,0,0,4,3,3,3
2009,7139,1,5359,4,7016,4,5329,1,5337,1,0,0,0,0,6,6,4,6
2010,7140,1,7007,1,7016,6,5329,2,5337,2,0,0,0,0,18,1,16,1
2011,7141,1,7010,6,7009,4,7016,4,0,0,0,0,0,0,7,6,6,6
2012,7142,1,5267,4,7016,4,5093,2,0,0,0,0,0,0,7,3,6,3
2013,7146,1,7010,6,7009,4,7016,4,0,0,0,0,0,0,4,6,2,6
2014,7147,1,5074,2,5073,2,5093,2,0,0,0,0,0,0,3,6,5,5
2015,7148,1,5277,2,5542,2,5472,4,0,0,0,0,0,0,5,3,4,3
2016,7149,1,5359,4,5329,3,5337,3,0,0,0,0,0,0,6,6,4,6
2017,7150,1,7007,1,5329,5,5337,5,0,0,0,0,0,0,18,1,16,1
2018,7151,1,5061,4,7047,2,5512,2,5066,3,5998,4,0,0,2,7,5,6
2019,4613,3,6152,1,5558,1,5537,1,0,0,0,0,0,0,7,8,6,7
2020,8168,30,7776,1,5365,5,0,0,0,0,0,0,0,0,16,1,15,1
2021,8563,1,5512,2,5064,1,0,0,0,0,0,0,0,0,4,2,2,1
2022,8564,1,8028,2,5061,1,0,0,0,0,0,0,0,0,10,3,8,2
2023,8570,1,8019,1,7608,1,5068,1,5338,4,0,0,0,0,17,2,16,1
2024,7958,1,5376,2,5059,2,5094,4,0,0,0,0,0,0,4,6,3,5
2025,7966,1,8025,2,7044,2,5282,2,5329,2,5336,2,0,0,11,3,10,2
2026,7970,1,7029,3,5371,2,5092,2,5514,3,0,0,0,0,7,3,6,2
2027,7972,1,5365,6,5378,4,5060,2,5526,3,6494,1,0,0,16,1,15,1
2028,7973,1,5368,3,5367,3,0,0,0,0,0,0,0,0,4,1,3,1
2029,7974,1,7754,3,5513,3,5514,3,5474,4,0,0,0,0,19,1,18,1
2030,7975,1,7031,3,5378,4,5061,4,5514,3,0,0,0,0,13,3,12,2
2031,7976,1,5373,1,5374,1,7017,3,5099,3,0,0,0,0,4,5,3,5
2032,7977,1,8021,3,5342,3,5334,3,8148,2,0,0,0,0,12,3,10,2
2033,7978,1,5376,4,5074,2,5059,2,0,0,0,0,0,0,4,6,3,5
2034,7979,1,7029,3,5374,4,5367,4,5514,3,0,0,0,0,7,5,6,4
2035,7980,1,8019,1,5060,3,5330,2,8149,2,0,0,0,0,12,10,-1,0
2036,7981,1,8020,1,7607,3,5330,2,8150,2,0,0,0,0,12,12,-1,0
2037,7982,1,8018,1,5069,3,5261,2,8150,3,0,0,0,0,16,2,14,1
2038,7983,1,5328,4,5327,3,5337,2,0,0,0,0,0,0,6,5,4,4
2039,7984,1,8024,6,5330,3,5374,2,5061,2,8149,2,0,0,18,1,16,1
2040,7985,1,5378,2,5376,3,5061,2,5359,6,8148,2,0,0,10,3,9,2
2041,7986,1,8024,3,5328,2,5338,3,8149,3,0,0,0,0,18,1,16,1
2042,7987,1,8024,3,5328,2,5338,3,8149,3,0,0,0,0,18,1,16,1
2043,7988,1,8024,3,5328,2,5338,3,8149,3,0,0,0,0,18,1,16,1
2044,7995,1,5231,24,5230,24,5472,8,7807,4,0,0,0,0,16,2,14,1
2045,7996,1,5073,2,5058,1,5364,5,0,0,0,0,0,0,3,3,5,3
2046,7997,1,5371,5,5058,1,5093,2,0,0,0,0,0,0,4,3,3,3
2047,7998,1,5231,6,7016,4,0,0,0,0,0,0,0,0,4,4,2,3
2048,7999,1,5231,9,7016,4,0,0,0,0,0,0,0,0,4,4,2,3
2049,8000,1,7596,2,7017,10,0,0,0,0,0,0,0,0,16,1,15,1
2050,8001,1,7596,3,7017,10,0,0,0,0,0,0,0,0,16,1,15,1
2051,8002,1,7030,3,5376,3,5472,3,5513,3,0,0,0,0,7,6,6,5
2052,8004,1,7030,15,5376,30,5473,15,0,0,0,0,0,0,7,28,6,24
2053,8005,1,7009,30,7008,20,7010,20,7016,20,0,0,0,0,4,28,2,24
2054,8006,1,5059,20,5094,15,5374,15,0,0,0,0,0,0,2,28,5,24
2055,8007,1,5328,4,5337,3,7016,3,0,0,0,0,0,0,6,5,4,4
2056,8008,1,5328,4,5337,3,7016,3,0,0,0,0,0,0,6,5,4,4
2057,8009,1,5328,4,5337,3,7016,3,0,0,0,0,0,0,6,5,4,4
2058,8010,1,5329,4,5338,7,7016,3,0,0,0,0,0,0,12,3,10,2
2059,8011,1,5329,4,5337,3,7016,3,0,0,0,0,0,0,6,6,4,5
2060,8012,1,7008,3,7009,3,7016,4,0,0,0,0,0,0,4,4,2,3
2061,8013,1,5229,6,5513,6,7016,4,0,0,0,0,0,0,7,2,6,2
2062,8014,1,7010,9,5261,9,7016,4,0,0,0,0,0,0,16,1,14,1
2063,8015,1,5513,6,5342,6,7016,4,0,0,0,0,0,0,4,2,2,2
2064,8703,1,5512,2,5064,1,0,0,0,0,0,0,0,0,4,2,2,1
2065,8704,1,5512,2,5340,1,5104,1,0,0,0,0,0,0,16,1,14,1
2066,9297,1,5059,1,8028,1,0,0,0,0,0,0,0,0,10,3,8,2
2067,9298,1,5065,1,5512,1,0,0,0,0,0,0,0,0,4,5,2,4
2068,9289,1,7771,1,5330,1,5338,1,0,0,0,0,0,0,18,2,16,1
2069,9355,1,9378,1,9364,1,7609,1,9359,1,0,0,0,0,17,2,16,2
2070,8200,1,9367,1,7609,1,5348,3,5338,1,0,0,0,0,6,99,-1,0
2071,9184,1,5056,2,5361,1,5432,1,0,0,0,0,0,0,2,1,5,1
2072,9185,1,5056,2,5361,1,0,0,0,0,0,0,0,0,2,1,5,1
2073,8660,1,5056,2,5364,1,0,0,0,0,0,0,0,0,2,1,5,1
2074,9186,1,5063,1,5056,1,5361,1,0,0,0,0,0,0,2,1,5,1
2075,8661,1,5063,1,5056,1,5364,1,0,0,0,0,0,0,2,1,5,1
2076,8662,1,5057,2,5367,1,0,0,0,0,0,0,0,0,2,1,5,1
2077,8663,1,5057,2,5276,1,5433,1,0,0,0,0,0,0,2,2,5,1
2078,9193,1,5058,2,5368,1,0,0,0,0,0,0,0,0,2,2,5,2
2079,8664,1,5058,2,5371,1,0,0,0,0,0,0,0,0,2,3,5,3
2080,8665,1,5058,2,5373,1,0,0,0,0,0,0,0,0,2,4,5,3
2081,9205,1,9196,1,4583,1,0,0,0,0,0,0,0,0,11,1,-1,0
2082,8666,1,5065,2,5373,1,0,0,0,0,0,0,0,0,2,4,5,4
2083,9209,1,5065,2,5371,1,0,0,0,0,0,0,0,0,2,5,5,4
2084,8667,1,5065,2,5374,1,0,0,0,0,0,0,0,0,2,6,5,5
2085,8668,1,5059,2,5376,1,0,0,0,0,0,0,0,0,2,6,5,6
2086,9224,1,9374,1,4587,1,5376,1,0,0,0,0,0,0,13,3,12,2
2087,9226,1,9461,1,5061,1,5068,1,5378,1,0,0,0,0,14,1,17,1
2088,9461,1,5060,1,5068,1,0,0,0,0,0,0,0,0,14,1,17,1
2089,7959,1,4697,1,4640,1,4654,1,4782,1,4780,1,0,0,2,5,7,4
2090,7960,1,4702,1,4648,1,4679,1,4782,1,6148,1,0,0,14,1,19,1
2091,7961,1,4749,1,4734,1,4698,1,4701,1,4848,1,0,0,14,1,19,1
2092,7962,1,4816,1,4809,1,4808,1,4812,1,5371,1,0,0,2,6,7,6
2093,7963,1,4746,1,4745,1,5064,1,4847,1,0,0,0,0,9,1,-1,0
2094,8777,1,5330,3,5348,3,5338,4,5376,3,0,0,0,0,18,1,16,1
2095,8778,1,5330,3,5348,6,5338,6,5376,3,0,0,0,0,18,1,16,1
2096,8779,1,5377,2,5378,4,7607,2,5065,2,5328,4,0,0,16,2,15,2
2097,8780,1,5377,2,5378,4,7609,2,5328,4,5337,2,0,0,16,2,15,2
2098,8781,1,5377,2,5378,4,5069,2,5196,2,5328,4,0,0,16,2,15,2
2099,8782,1,5378,3,7029,3,5514,3,5068,5,0,0,0,0,13,3,12,2
2100,8783,1,7607,2,5059,6,5376,2,0,0,0,0,0,0,14,2,17,1
2101,8784,1,9380,1,9358,2,7607,5,6220,1,0,0,0,0,14,2,17,2
2102,8786,1,5373,3,5057,3,7017,2,0,0,0,0,0,0,4,5,3,5
2103,8787,1,5374,3,5505,3,7017,2,0,0,0,0,0,0,4,6,3,5
2104,8788,1,5374,3,5066,3,7017,2,0,0,0,0,0,0,4,6,3,5
2105,8789,1,5377,5,7607,2,7017,4,0,0,0,0,0,0,16,2,15,2
2106,8790,1,7008,3,7009,2,7016,2,5058,2,6494,1,0,0,4,3,2,3
2107,8793,1,5376,7,5061,4,5095,3,0,0,0,0,0,0,10,3,9,2
2108,8794,1,5378,7,5059,4,5196,3,0,0,0,0,0,0,10,3,9,2
2109,8795,1,5378,7,5376,4,7017,3,0,0,0,0,0,0,10,3,9,2
2110,8796,1,5371,4,5057,1,5092,1,0,0,0,0,0,0,4,3,3,2
2111,8797,1,5373,3,5058,1,5093,1,5505,1,0,0,0,0,4,4,3,3
2112,8798,1,5069,2,5079,2,4856,8,4858,8,0,0,0,0,15,2,17,1
2113,8805,1,5059,4,5998,4,7047,2,0,0,0,0,0,0,2,6,5,6
2114,8806,1,5280,2,5371,2,7038,2,0,0,0,0,0,0,5,3,4,2
2115,8807,1,4917,1,5061,2,5525,3,5342,3,5182,2,0,0,13,3,12,2
2116,8808,1,4923,1,5379,2,5065,2,5486,2,0,0,0,0,16,1,14,1
2117,8809,1,5028,1,5379,1,5525,2,5095,2,5194,2,0,0,19,1,18,1
2118,8811,1,5057,2,5092,1,5325,1,0,0,0,0,0,0,2,1,5,1
2119,8813,1,5328,4,5326,2,5337,3,0,0,0,0,0,0,6,5,4,5
2120,8814,1,5329,3,5328,4,5337,2,0,0,0,0,0,0,6,6,4,5
2121,8815,1,7777,4,7600,4,5329,6,0,0,0,0,0,0,18,2,16,1
2122,8816,1,5374,3,7029,3,5472,3,5376,2,0,0,0,0,7,6,6,6
2123,8817,1,7607,3,5998,4,7047,3,5061,3,0,0,0,0,14,2,17,1
2124,8818,1,7606,3,5998,4,5060,3,5095,3,0,0,0,0,16,2,15,1
2125,8819,1,7607,3,5998,4,7040,3,5068,3,0,0,0,0,14,2,17,1
2126,8820,1,5373,2,5998,2,5512,2,5058,2,0,0,0,0,4,4,3,3
2127,8821,1,5058,2,5998,2,5512,2,7009,2,0,0,0,0,2,3,5,3
2128,8831,1,7008,3,7009,4,7016,3,0,0,0,0,0,0,4,3,2,3
2129,8832,1,7008,3,7009,4,7016,3,0,0,0,0,0,0,4,3,2,3
2130,8833,1,7010,6,7014,6,7017,3,0,0,0,0,0,0,4,6,2,6
2131,8834,1,5072,2,5073,2,5093,2,0,0,0,0,0,0,3,3,5,2
2132,8835,1,9377,1,5998,8,5069,2,5060,2,8150,2,0,0,9,12,-1,0
2133,8836,1,9378,1,5998,8,9360,2,7607,2,8150,3,0,0,9,14,-1,0
2134,8802,1,4763,1,4866,1,0,0,0,0,0,0,0,0,2,1,7,1
2135,8804,1,4852,1,4826,1,4853,1,4775,1,4815,1,0,0,2,6,7,5
2136,8697,1,5064,1,0,0,0,0,0,0,0,0,0,0,19,1,-1,0
2137,10071,1,9358,1,5104,1,5105,1,5340,1,5533,1,7775,1,2,99,-1,0
2138,10049,1,5512,2,5065,1,0,0,0,0,0,0,0,0,4,5,2,4
2139,10050,1,5512,2,5060,1,0,0,0,0,0,0,0,0,16,1,14,1
2140,9615,3,10094,2,10097,2,7895,1,4868,1,0,0,0,0,2,3,7,3
2141,9616,5,10095,2,10098,2,7895,1,4868,1,0,0,0,0,14,1,19,1
2142,9618,3,10094,2,10097,2,7900,1,4868,1,0,0,0,0,2,3,7,3
2143,9619,5,10095,2,10098,2,7900,1,4868,1,0,0,0,0,14,1,19,1
2144,9621,3,10094,2,10097,2,7894,1,4868,1,0,0,0,0,2,3,7,3
2145,9622,5,10095,2,10098,2,7894,1,4868,1,0,0,0,0,14,1,19,1
2146,9624,3,10094,2,10097,2,7898,1,4868,1,0,0,0,0,2,3,7,3
2147,9625,5,10095,2,10098,2,7898,1,4868,1,0,0,0,0,14,1,19,1
2148,9627,3,10094,2,10097,2,7897,1,4868,1,0,0,0,0,2,3,7,3
2149,9628,5,10095,2,10098,2,7897,1,4868,1,0,0,0,0,14,1,19,1
2150,8844,1,10099,1,5064,1,5480,1,5274,1,0,0,0,0,19,1,18,1
2151,8845,1,10099,1,5064,1,5480,1,5274,1,0,0,0,0,19,1,18,1
2152,8846,1,10099,1,5064,1,5480,1,5274,1,0,0,0,0,19,1,18,1
2153,8847,1,10099,1,5064,1,5480,1,5274,1,0,0,0,0,19,1,18,1
2154,8848,1,10099,1,5064,1,5480,1,5274,1,0,0,0,0,19,1,18,1
2155,8849,1,10099,1,5064,1,5480,1,5274,1,0,0,0,0,19,1,18,1
2156,8850,1,10099,1,5064,1,5480,1,5274,1,0,0,0,0,19,1,18,1
2157,8851,1,10099,1,5064,1,5480,1,5274,1,0,0,0,0,19,1,18,1
2158,8852,1,10099,1,5064,1,5480,1,5274,1,0,0,0,0,19,1,18,1
2159,8853,1,10099,1,5064,1,5480,1,5274,1,0,0,0,0,19,1,18,1
2160,8854,1,10099,1,5064,1,5480,1,5274,1,0,0,0,0,19,1,18,1
2161,8855,1,10099,1,5064,1,5480,1,5274,1,0,0,0,0,19,1,18,1
2162,8856,1,10099,1,5064,1,5480,1,5274,1,0,0,0,0,19,1,18,1
2163,8857,1,10099,1,5064,1,5480,1,5274,1,0,0,0,0,19,1,18,1
2164,8858,1,10099,1,5064,1,5480,1,5274,1,0,0,0,0,19,1,18,1
2165,8859,1,10099,1,5064,1,5480,1,5274,1,0,0,0,0,19,1,18,1
2166,8785,1,9379,1,10092,4,5069,4,5187,1,9376,1,0,0,16,2,14,2
2167,9718,1,7606,2,5374,2,5069,2,5059,2,8149,2,0,0,16,2,15,1
2168,9719,1,5379,4,5378,3,5376,3,7008,3,6494,1,0,0,16,1,15,1
2169,9722,1,5378,4,5376,2,8025,2,5325,2,6003,1,0,0,10,3,9,2
2170,9723,1,5364,1,4782,1,4780,1,4778,1,4779,1,0,0,2,1,7,1
2171,9724,1,5377,3,5378,3,7040,3,5512,3,5196,3,0,0,16,2,15,2
2172,9726,1,4701,1,4731,1,4855,1,4848,1,6149,1,0,0,2,4,7,3
2173,9727,1,4759,1,4766,1,4784,1,4830,1,5518,1,0,0,2,2,7,2
2174,9728,1,4644,1,4787,1,4857,1,6152,1,4750,2,0,0,8,3,13,2
2175,9730,1,7606,4,5064,1,5056,1,5512,1,5535,1,8149,2,16,2,15,1
2176,9733,1,10090,3,8029,1,5069,2,5187,1,5192,1,0,0,15,2,17,1
2177,9734,1,5472,2,5373,2,5093,2,7029,3,5514,3,0,0,7,4,6,3
2178,9735,1,7604,2,4735,2,4826,2,4852,2,4853,2,4815,2,14,2,19,1
2179,9736,1,5374,4,5066,4,7017,2,0,0,0,0,0,0,4,5,3,5
2180,9737,1,5377,6,5437,2,5198,2,5056,4,4858,4,0,0,16,2,15,2
2181,9738,1,4846,2,4819,1,4818,1,4840,1,5365,1,0,0,8,3,13,2
2182,9739,1,5373,2,7008,3,5472,2,5057,2,5342,3,0,0,4,4,3,3
2183,9740,1,7606,2,7607,2,7596,1,7775,2,8150,3,0,0,16,2,15,1
2184,9744,1,10091,3,5474,4,5514,6,0,0,0,0,0,0,19,1,18,1
2185,9745,1,5068,4,5061,2,5059,4,7009,3,5512,1,0,0,10,3,8,2
2186,9746,1,5376,4,5368,2,5057,2,4810,1,4809,1,0,0,4,6,3,5
2187,9748,1,5371,3,5058,3,5515,2,6649,1,0,0,0,0,4,3,3,3
2188,9749,1,5284,2,5373,4,5058,2,6649,1,0,0,0,0,5,5,4,4
2189,9766,1,5327,3,5336,2,7016,3,0,0,0,0,0,0,6,4,4,3
2190,9767,1,5329,3,5337,4,7016,3,0,0,0,0,0,0,6,6,4,5
2191,9768,1,8021,6,5342,6,5334,6,8150,1,0,0,0,0,18,1,16,1
2192,9769,1,7010,6,10092,6,5261,6,7016,4,0,0,0,0,16,1,14,1
2193,9770,1,7014,3,7008,3,7009,2,7016,4,0,0,0,0,4,5,2,4
2194,9771,1,7047,2,5068,3,5204,3,5063,3,5998,4,0,0,10,3,8,2
2195,5366,1,5384,5,0,0,0,0,0,0,0,0,0,0,10,3,-1,0
2196,10604,1,5366,1,12518,2,12562,1,5506,1,0,0,0,0,10,3,9,2
2197,10605,1,12580,1,12519,2,5068,2,5506,1,0,0,0,0,10,3,9,3
2198,10606,1,12581,1,12524,2,12564,1,5506,1,0,0,0,0,10,4,9,3
2199,10607,1,12582,1,12525,3,12565,1,5507,1,0,0,0,0,10,5,9,4
2200,10608,1,12583,1,12526,1,12522,2,12566,1,5507,1,0,0,10,5,9,5
2201,10610,1,5403,2,5366,1,12518,1,12594,1,0,0,0,0,10,3,9,2
2202,10611,1,12580,1,5403,1,12519,2,12594,1,12563,1,0,0,10,3,9,3
2203,10612,1,12585,2,12581,1,12524,1,12595,1,12564,1,0,0,10,4,9,3
2204,10613,1,12582,2,12585,1,12521,2,5066,1,12595,1,0,0,10,5,9,4
2205,10614,1,12583,1,12586,2,12526,2,12592,1,12595,1,0,0,10,5,9,5
2206,10634,1,5403,1,12575,1,5066,1,12562,1,0,0,0,0,10,3,9,2
2207,10635,1,12607,2,12580,1,12588,1,12594,1,0,0,0,0,13,3,12,3
2208,10636,1,12585,1,12581,1,12607,3,0,0,0,0,0,0,10,4,9,3
2209,10638,1,12583,1,12586,2,12592,1,12595,2,12608,1,0,0,10,5,9,5
2210,10799,1,12582,1,12521,1,5185,1,5507,1,12613,1,0,0,10,5,9,4
2211,10883,1,12582,1,12521,1,5186,1,5507,1,12616,1,0,0,10,5,9,4
2212,10925,1,12582,1,12521,1,5183,1,5507,1,12615,1,0,0,10,5,9,4
2213,11911,1,5403,1,5366,2,12518,2,0,0,0,0,0,0,10,3,9,3
2214,11912,1,12581,1,12585,2,12520,2,12564,1,0,0,0,0,10,4,9,4
2215,11913,1,12582,1,12585,2,12521,2,0,0,0,0,0,0,10,5,9,4
2216,11927,1,12580,2,12518,1,5158,2,0,0,0,0,0,0,10,4,9,3
2217,11928,1,12581,2,12520,1,12561,2,0,0,0,0,0,0,10,5,9,4
2218,11929,1,12583,2,12522,1,12627,2,0,0,0,0,0,0,10,5,9,5
2219,11935,1,12580,3,12528,2,0,0,0,0,0,0,0,0,10,4,9,3
2220,11936,1,12581,3,12529,2,0,0,0,0,0,0,0,0,10,5,9,4
2221,11937,1,12583,3,12530,2,0,0,0,0,0,0,0,0,10,5,9,5
2222,12011,1,12580,2,7017,1,0,0,0,0,0,0,0,0,10,4,9,3
2223,12012,1,12582,2,7017,1,0,0,0,0,0,0,0,0,10,5,9,5
2224,12014,1,12580,2,7017,1,0,0,0,0,0,0,0,0,10,4,9,3
2225,12015,1,12582,2,7017,1,0,0,0,0,0,0,0,0,10,5,9,5
2226,12020,1,12580,1,7017,1,0,0,0,0,0,0,0,0,10,4,9,3
2227,12021,1,12582,1,7017,1,0,0,0,0,0,0,0,0,10,5,9,4
2228,12084,1,12581,2,5366,1,12520,3,0,0,0,0,0,0,10,4,9,4
2229,12085,1,12581,5,7010,1,12520,4,0,0,0,0,0,0,10,4,9,4
2230,12094,1,12654,3,12581,2,5366,1,5507,1,6653,1,7085,1,10,4,9,4
2231,12095,1,5373,3,5368,3,0,0,0,0,0,0,0,0,4,4,3,3
2232,12096,1,5374,3,5371,3,0,0,0,0,0,0,0,0,4,5,3,4
2233,12097,1,5366,7,5373,7,5063,7,5064,4,0,0,0,0,10,3,9,3
2234,12098,1,5371,3,5057,2,5326,1,0,0,0,0,0,0,4,3,3,3
2235,12100,1,12582,6,5374,3,12521,1,7017,1,7009,9,0,0,10,5,9,4
2236,12101,1,5366,4,12588,4,12594,3,0,0,0,0,0,0,10,3,9,2
2237,12114,1,5371,2,7024,1,8812,1,0,0,0,0,0,0,4,3,3,3
2238,12115,1,5367,2,5342,3,5325,1,0,0,0,0,0,0,4,1,3,1
2239,12580,1,5366,1,12604,2,0,0,0,0,0,0,0,0,10,3,-1,0
2240,12581,1,12578,5,0,0,0,0,0,0,0,0,0,0,10,4,-1,0
2241,12582,1,12581,1,12605,2,0,0,0,0,0,0,0,0,10,5,-1,0
2242,12583,1,12579,5,0,0,0,0,0,0,0,0,0,0,10,5,-1,0
2243,10401,1,5058,3,5371,1,5282,1,0,0,0,0,0,0,2,4,5,3
2244,10402,1,5065,2,5058,1,5056,1,5373,1,5505,1,0,0,2,4,5,4
2245,10403,1,5065,3,5374,1,5284,1,0,0,0,0,0,0,2,5,5,4
2246,10404,1,5059,3,5066,1,5374,1,5505,1,0,0,0,0,2,6,5,5
2247,10405,1,5059,3,5066,1,5376,1,5285,1,0,0,0,0,2,6,5,6
2248,10407,1,5060,1,5061,3,5068,1,5378,1,0,0,0,0,14,1,17,1
2249,10463,1,5058,2,5371,1,5280,1,5125,1,12611,1,0,0,2,4,5,3
2250,10464,1,5065,1,5063,1,5373,1,5282,1,5125,1,12611,1,2,4,5,4
2251,10465,1,5065,1,5058,1,5374,1,5284,1,5125,1,12611,1,2,5,5,4
2252,10466,1,5059,1,5066,1,5374,1,5285,1,5125,1,12611,1,2,6,5,5
2253,10467,1,5059,2,5066,1,5376,1,5125,1,12611,1,0,0,2,6,5,6
2254,10469,1,5060,1,5061,2,5068,1,5378,1,5125,2,12611,1,14,1,17,1
2255,10586,1,12518,2,5061,2,5366,1,12562,1,5506,1,0,0,8,3,11,2
2256,10587,1,12519,3,5064,1,12563,1,5506,1,0,0,0,0,8,4,11,3
2257,10588,1,12524,3,12520,1,5066,1,12564,1,5506,1,0,0,8,4,11,3
2258,10589,1,12525,3,12519,1,12582,1,12565,1,5507,1,0,0,8,5,11,4
2259,10590,1,12526,2,12525,1,12522,2,12566,1,5507,1,0,0,8,5,11,5
2260,10592,1,12518,2,5059,2,12528,2,0,0,0,0,0,0,8,3,11,2
2261,10593,1,12519,2,5059,2,12580,1,12563,1,5506,1,0,0,8,4,11,3
2262,10594,1,12524,3,12581,1,12564,1,5506,1,0,0,0,0,8,4,11,3
2263,10595,1,12525,2,12519,2,12582,1,5507,1,0,0,0,0,8,5,11,4
2264,10596,1,12526,2,12522,2,12583,1,12566,1,5507,1,0,0,8,5,11,5
2265,10598,1,12518,2,5061,2,5366,1,12562,1,5506,1,0,0,8,3,11,2
2266,10599,1,12519,3,12580,1,12563,1,12528,1,5506,1,0,0,8,4,11,3
2267,10600,1,12524,3,12581,1,12529,2,5506,1,0,0,0,0,8,4,11,3
2268,10601,1,12525,3,12582,1,12529,2,5507,1,0,0,0,0,8,5,11,4
2269,10602,1,12526,3,12583,1,12566,1,5507,1,0,0,0,0,8,5,11,5
2270,10616,1,12518,3,5059,1,12562,1,12528,1,5506,1,0,0,8,3,11,2
2271,10617,1,12519,3,5059,1,12563,1,5506,1,0,0,0,0,8,4,11,3
2272,10618,1,12524,3,12519,1,12564,1,12529,1,5506,1,0,0,8,4,11,3
2273,10619,1,12525,2,12519,2,12582,1,12529,1,5507,1,0,0,8,5,11,4
2274,10620,1,12526,3,12522,1,12562,1,12530,1,5507,1,0,0,8,5,11,5
2275,10622,1,12518,4,5065,1,5366,1,12562,1,5506,1,0,0,8,3,11,2
2276,10623,1,12519,4,5065,1,12580,1,12563,1,5506,1,0,0,8,4,11,3
2277,10624,1,12524,4,5066,1,12581,1,12564,1,5506,1,0,0,8,4,11,3
2278,10625,1,12525,3,5061,3,5066,1,12529,1,5507,1,0,0,8,5,11,4
2279,10626,1,12526,4,12522,2,12583,1,12565,1,5507,1,0,0,8,5,11,5
2280,10628,1,12518,2,5061,2,5366,2,12528,1,5126,3,12611,1,8,3,11,2
2281,10629,1,12519,2,12580,1,5366,1,12528,1,5126,3,12611,1,8,4,11,3
2282,10630,1,12524,2,5061,2,12581,2,12529,1,5126,3,12611,1,8,4,11,3
2283,10631,1,12525,2,5066,2,12582,1,12529,1,5126,3,12611,1,8,5,11,4
2284,10632,1,12526,2,12525,1,12519,1,12583,1,5127,3,12611,1,8,5,11,5
2285,11871,1,12518,3,12562,1,12528,1,0,0,0,0,0,0,8,3,11,3
2286,11872,1,12520,3,12581,1,12529,1,0,0,0,0,0,0,8,4,11,4
2287,11873,1,12525,3,12565,1,12529,1,0,0,0,0,0,0,8,5,11,4
2288,11875,1,12518,2,5366,1,5066,1,5506,1,0,0,0,0,8,3,11,3
2289,11876,1,12524,2,12564,1,5507,1,0,0,0,0,0,0,8,4,11,4
2290,11877,1,12525,2,12582,1,12519,1,5507,1,0,0,0,0,8,5,11,4
2291,11879,1,12518,2,5366,1,12528,1,0,0,0,0,0,0,8,3,11,3
2292,11880,1,12524,2,5061,2,12564,1,0,0,0,0,0,0,8,4,11,4
2293,11881,1,12525,2,12582,1,12565,1,12529,1,0,0,0,0,8,5,11,4
2294,11883,1,12518,2,5366,1,5186,1,0,0,0,0,0,0,8,3,11,3
2295,11884,1,12520,2,12581,1,12544,1,0,0,0,0,0,0,8,4,11,4
2296,11885,1,12521,2,12582,1,5066,1,12543,1,0,0,0,0,8,5,11,4
2297,11887,1,12518,2,5366,1,12562,1,12528,1,0,0,0,0,8,3,11,3
2298,11888,1,12524,2,12581,1,5066,1,5507,1,0,0,0,0,8,4,11,4
2299,11889,1,12521,2,12582,1,12565,1,12529,1,0,0,0,0,8,5,11,4
2300,11903,1,12518,3,5366,1,5506,1,12528,1,0,0,0,0,8,3,11,3
2301,11904,1,12524,2,12520,1,12581,1,12564,1,12529,1,0,0,8,4,11,4
2302,11905,1,12525,3,12582,1,5507,1,12529,1,0,0,0,0,8,5,11,4
2303,11907,1,12518,2,5403,1,12562,1,12575,1,0,0,0,0,8,3,11,3
2304,11908,1,12524,3,12585,1,12564,1,0,0,0,0,0,0,8,4,11,4
2305,11909,1,12525,1,12521,1,12585,1,12565,1,12576,1,0,0,8,5,11,4
2306,11915,1,12519,2,12580,1,5485,1,0,0,0,0,0,0,8,4,11,3
2307,11916,1,12524,2,12581,1,5485,1,0,0,0,0,0,0,8,5,11,4
2308,11917,1,12526,2,12583,1,5486,1,0,0,0,0,0,0,8,5,11,5
2309,11919,1,12519,2,12563,1,0,0,0,0,0,0,0,0,8,4,11,3
2310,11920,1,12524,2,12564,1,0,0,0,0,0,0,0,0,8,5,11,4
2311,11921,1,12526,2,12565,1,0,0,0,0,0,0,0,0,8,5,11,5
2312,11923,1,12519,2,12528,1,5485,1,0,0,0,0,0,0,8,4,11,3
2313,11924,1,12524,2,12529,1,5485,1,0,0,0,0,0,0,8,5,11,4
2314,11925,1,12526,2,12530,1,5486,1,0,0,0,0,0,0,8,5,11,5
2315,11931,1,12519,2,12580,1,12589,1,0,0,0,0,0,0,8,4,11,3
2316,11932,1,12524,2,12581,1,12590,1,0,0,0,0,0,0,8,5,11,4
2317,11933,1,12526,2,12583,1,12592,1,0,0,0,0,0,0,8,5,11,5
2318,11939,1,12519,3,12580,1,0,0,0,0,0,0,0,0,8,4,11,3
2319,11940,1,12524,3,12581,1,0,0,0,0,0,0,0,0,8,5,11,4
2320,11941,1,12526,3,12583,1,0,0,0,0,0,0,0,0,8,5,11,5
2321,11943,1,12519,2,12580,1,5262,1,0,0,0,0,0,0,8,4,11,3
2322,11944,1,12524,2,12581,1,12561,1,0,0,0,0,0,0,8,5,11,4
2323,11945,1,12526,2,12583,1,12627,1,0,0,0,0,0,0,8,5,11,5
2324,11947,1,12519,2,12580,1,5506,1,0,0,0,0,0,0,8,4,11,3
2325,11948,1,12524,2,12581,1,5507,1,0,0,0,0,0,0,8,5,11,4
2326,11949,1,12526,2,12583,1,5508,1,0,0,0,0,0,0,8,5,11,5
2327,11951,1,12519,2,5403,1,5262,1,0,0,0,0,0,0,8,4,11,3
2328,11952,1,12524,1,12585,1,12561,1,0,0,0,0,0,0,8,5,11,4
2329,11953,1,12526,2,12586,1,12627,1,0,0,0,0,0,0,8,5,11,5
2330,12518,1,12531,5,5114,1,0,0,0,0,0,0,0,0,8,3,-1,0
2331,12519,1,12534,4,12518,1,0,0,0,0,0,0,0,0,8,3,-1,0
2332,12524,1,12537,5,5111,1,5526,1,0,0,0,0,0,0,8,4,-1,0
2333,12525,1,12539,4,12524,1,0,0,0,0,0,0,0,0,8,5,-1,0
2334,12526,1,12538,5,5121,1,0,0,0,0,0,0,0,0,8,5,-1,0
2335,12528,1,12518,1,0,0,0,0,0,0,0,0,0,0,8,3,-1,0
2336,12529,1,12524,1,0,0,0,0,0,0,0,0,0,0,8,4,-1,0
2337,12530,1,12526,1,0,0,0,0,0,0,0,0,0,0,8,5,-1,0
2338,10664,1,12518,3,12528,1,12562,1,0,0,0,0,0,0,9,3,11,2
2339,10665,1,12519,3,12528,2,5061,2,0,0,0,0,0,0,9,4,11,3
2340,10666,1,12524,3,12529,2,5061,2,0,0,0,0,0,0,9,4,11,4
2341,10667,1,12525,3,12582,1,12529,1,0,0,0,0,0,0,9,5,11,4
2342,10668,1,12526,2,12525,2,12566,1,5068,1,0,0,0,0,9,5,11,5
2343,10670,1,12518,3,12562,1,5066,1,0,0,0,0,0,0,9,3,11,2
2344,10672,1,12524,2,12529,1,5068,1,0,0,0,0,0,0,9,4,11,3
2345,10673,1,12525,2,12564,1,12521,1,12614,1,0,0,0,0,9,5,11,4
2346,10674,1,12526,2,12565,1,12599,2,12614,1,0,0,0,0,9,5,11,5
2347,10677,1,12518,4,12562,1,5085,1,5066,1,0,0,0,0,9,3,11,2
2348,10679,1,12524,2,12564,1,12590,2,5068,1,0,0,0,0,9,4,11,4
2349,10680,1,12525,3,12565,1,12521,1,12614,2,0,0,0,0,9,5,11,4
2350,10681,1,12526,3,12591,1,12529,1,5061,1,12614,2,0,0,9,5,11,5
2351,10684,1,12518,3,12562,1,5066,1,0,0,0,0,0,0,9,3,11,2
2352,10686,1,12524,2,12564,2,5068,1,0,0,0,0,0,0,9,4,11,4
2353,10687,1,12525,1,12565,1,12564,1,12521,1,12614,1,0,0,9,5,11,4
2354,10688,1,12526,2,12565,1,12529,1,5061,1,12614,1,0,0,9,5,11,5
2355,0,0,0,0,0,0,0,0,0,0,0,0,0,0,9,3,11,2
2356,0,0,0,0,0,0,0,0,0,0,0,0,0,0,9,4,11,3
2357,0,0,0,0,0,0,0,0,0,0,0,0,0,0,9,5,11,4
2358,0,0,0,0,0,0,0,0,0,0,0,0,0,0,9,5,11,5
2359,10702,1,12526,3,12565,2,12614,2,0,0,0,0,0,0,9,5,11,5
2360,10705,1,12518,3,12562,1,5066,1,0,0,0,0,0,0,9,3,11,2
2361,10707,1,12524,2,12564,2,5068,1,0,0,0,0,0,0,9,4,11,4
2362,10708,1,12525,2,12565,1,12521,1,12614,1,0,0,0,0,9,5,11,4
2363,10709,1,12526,2,12565,1,12529,1,5061,1,12614,1,0,0,9,5,11,5
2364,10712,1,12518,3,12562,1,5066,1,0,0,0,0,0,0,9,3,11,2
2365,10714,1,12524,2,12529,1,12564,1,5068,1,0,0,0,0,9,4,11,3
2366,10715,1,12525,2,12564,1,5061,1,12612,1,0,0,0,0,9,5,11,4
2367,10716,1,12526,2,12565,1,12525,1,12612,1,0,0,0,0,9,5,11,5
2368,10719,1,12518,4,12562,1,5085,1,5066,1,0,0,0,0,9,3,11,2
2369,10721,1,12524,3,12564,1,12529,1,5068,1,0,0,0,0,9,4,11,4
2370,10722,1,12525,2,12565,1,12591,1,12521,1,12612,2,0,0,9,5,11,4
2371,10723,1,12526,3,12591,1,12529,1,5068,1,12612,2,0,0,9,5,11,5
2372,10726,1,12518,3,12562,1,5066,1,0,0,0,0,0,0,9,3,11,2
2373,10728,1,12524,2,12564,2,5068,1,0,0,0,0,0,0,9,4,11,4
2374,10729,1,12525,1,12565,1,12564,1,12521,1,12612,1,0,0,9,5,11,4
2375,10730,1,12526,2,12565,1,12529,1,5068,1,12612,1,0,0,9,5,11,5
2376,0,0,0,0,0,0,0,0,0,0,0,0,0,0,9,3,11,2
2377,0,0,0,0,0,0,0,0,0,0,0,0,0,0,9,4,11,3
2378,0,0,0,0,0,0,0,0,0,0,0,0,0,0,9,5,11,5
2379,10744,1,12526,3,12565,2,12612,2,0,0,0,0,0,0,9,5,11,5
2380,10747,1,12518,3,12562,1,5066,1,0,0,0,0,0,0,9,3,11,2
2381,10749,1,12524,2,12564,1,12529,1,5068,1,0,0,0,0,9,4,11,4
2382,10750,1,12525,2,12565,1,12521,1,12612,1,0,0,0,0,9,5,11,4
2383,10751,1,12526,2,12565,1,12529,1,5068,1,12612,1,0,0,9,5,11,5
2384,10756,1,12524,2,12564,1,5068,1,0,0,0,0,0,0,9,4,11,3
2385,10757,1,12525,2,12564,1,5061,1,12612,1,0,0,0,0,9,5,11,4
2386,10764,1,12525,2,12565,1,12591,1,12521,1,12612,2,0,0,9,5,11,4
2387,10771,1,12525,1,12565,1,12564,1,12521,1,12612,1,0,0,9,5,11,4
2388,10792,1,12525,2,12565,1,12521,1,12612,1,0,0,0,0,9,5,11,4
2389,10798,1,12524,2,12564,1,5068,1,0,0,0,0,0,0,9,4,11,3
2390,10840,1,12524,2,12564,1,5068,1,0,0,0,0,0,0,9,4,11,3
2391,10841,1,12525,2,12564,1,5061,1,12613,1,0,0,0,0,9,5,11,4
2392,10848,1,12525,2,12565,1,12591,1,12521,1,12613,2,0,0,9,5,11,4
2393,10855,1,12525,1,12565,1,12564,1,12521,1,12613,1,0,0,9,5,11,4
2394,10876,1,12525,2,12565,1,12521,1,12613,1,0,0,0,0,9,5,11,4
2395,11895,1,12518,3,12528,1,0,0,0,0,0,0,0,0,9,3,11,3
2396,11896,1,12520,2,12529,2,12541,1,0,0,0,0,0,0,9,4,11,3
2397,11897,1,12525,2,5066,1,12529,2,12546,1,0,0,0,0,9,5,11,4
2398,11899,1,12518,3,5366,1,12528,1,0,0,0,0,0,0,9,3,11,3
2399,11900,1,12524,3,12581,1,12529,1,0,0,0,0,0,0,9,4,11,3
2400,11901,1,12525,3,12582,1,12529,1,0,0,0,0,0,0,9,5,11,4
2401,12235,1,7996,1,6492,3,6481,1,0,0,0,0,0,0,3,4,5,3
2402,12518,1,12531,5,5114,1,0,0,0,0,0,0,0,0,9,3,-1,0
2403,12519,1,12534,4,12518,1,0,0,0,0,0,0,0,0,9,3,-1,0
2404,12524,1,12537,5,5111,1,5526,1,0,0,0,0,0,0,9,4,-1,0
2405,12525,1,12539,4,12524,1,0,0,0,0,0,0,0,0,9,5,-1,0
2406,12526,1,12538,5,5121,1,0,0,0,0,0,0,0,0,9,5,-1,0
2407,10346,1,12610,9,12519,3,7009,3,5506,3,0,0,0,0,10,4,8,3
2408,10525,1,5064,1,5057,1,5063,1,5477,1,0,0,0,0,4,4,2,3
2409,10526,1,5065,1,5064,1,5478,1,0,0,0,0,0,0,4,4,2,4
2410,10527,1,5065,2,5196,2,5478,1,0,0,0,0,0,0,4,5,2,4
2411,10528,1,5066,1,5059,2,5479,1,0,0,0,0,0,0,4,6,2,5
2412,10529,1,5059,2,5181,2,5479,1,0,0,0,0,0,0,4,6,2,6
2413,10531,1,5481,1,5061,3,5064,1,5067,1,5066,1,0,0,16,1,14,1
2414,10640,1,5366,1,12575,2,12543,2,5506,1,0,0,0,0,10,3,8,2
2415,10641,1,5126,4,5061,2,5196,1,5506,1,0,0,0,0,10,4,8,3
2416,10642,1,12520,2,12589,1,12541,1,5506,1,0,0,0,0,10,4,8,3
2417,10643,1,12521,2,12565,1,12541,1,12542,1,0,0,0,0,10,5,8,4
2418,10644,1,12522,2,12583,1,5127,2,5185,2,5183,1,0,0,10,5,8,5
2419,10658,1,12518,2,5061,2,12601,1,0,0,0,0,0,0,10,3,8,2
2420,10659,1,12519,3,5066,1,5185,3,12601,1,0,0,0,0,10,4,8,3
2421,10660,1,12520,3,12524,1,5066,1,12602,1,0,0,0,0,10,4,8,4
2422,10661,1,12521,2,12525,1,5066,1,12550,1,12602,1,0,0,10,5,8,4
2423,10662,1,12522,2,12526,1,12521,2,12603,1,0,0,0,0,10,5,8,5
2424,10754,1,12518,2,5360,2,0,0,0,0,0,0,0,0,10,3,8,2
2425,10882,1,12520,1,12610,1,12541,1,0,0,0,0,0,0,10,4,8,3
2426,10924,1,12520,1,12610,4,0,0,0,0,0,0,0,0,10,4,8,3
2427,10965,1,12519,1,12543,2,12594,1,0,0,0,0,0,0,10,4,8,3
2428,10967,1,12521,1,12546,1,12565,1,12614,1,0,0,0,0,10,5,8,4
2429,10968,1,12522,1,12541,2,12596,1,12614,1,0,0,0,0,10,5,8,5
2430,10970,1,12518,1,12542,2,5196,2,0,0,0,0,0,0,10,3,8,2
2431,10971,1,12519,2,12563,1,0,0,0,0,0,0,0,0,10,3,8,3
2432,10972,1,12520,2,12545,2,12544,2,12614,1,0,0,0,0,10,4,8,4
2433,10973,1,12521,2,12565,1,12546,2,12614,1,0,0,0,0,10,5,8,4
2434,10974,1,12522,2,12562,1,12614,1,0,0,0,0,0,0,10,5,8,5
2435,10976,1,12518,2,5196,2,0,0,0,0,0,0,0,0,10,3,8,2
2436,10977,1,12519,1,5064,1,12714,2,0,0,0,0,0,0,10,3,8,3
2437,10978,1,12520,2,12545,2,12614,1,0,0,0,0,0,0,10,4,8,4
2438,10979,1,12521,1,12546,3,12614,1,0,0,0,0,0,0,10,5,8,4
2439,10980,1,12522,1,12521,1,12795,2,12614,1,0,0,0,0,10,5,8,5
2440,10982,1,12543,1,5262,1,0,0,0,0,0,0,0,0,10,3,8,2
2441,10983,1,12519,1,12575,1,0,0,0,0,0,0,0,0,10,4,8,3
2442,10984,1,12549,1,5262,1,12614,1,0,0,0,0,0,0,10,4,8,3
2443,10985,1,12521,1,12546,1,12614,1,0,0,0,0,0,0,10,5,8,4
2444,10986,1,12522,1,12577,1,12614,1,0,0,0,0,0,0,10,5,8,5
2445,10989,1,12519,1,12543,2,12594,1,0,0,0,0,0,0,10,4,8,3
2446,10991,1,12521,1,12546,1,12565,1,12612,1,0,0,0,0,10,5,8,4
2447,10992,1,12522,1,12541,2,12596,1,12612,1,0,0,0,0,10,5,8,5
2448,10994,1,12518,1,12542,2,5196,2,0,0,0,0,0,0,10,3,8,2
2449,10995,1,12519,2,12563,1,0,0,0,0,0,0,0,0,10,3,8,3
2450,10996,1,12520,2,12545,2,12544,2,12612,1,0,0,0,0,10,4,8,4
2451,10997,1,12521,2,12565,1,12546,2,12612,1,0,0,0,0,10,5,8,4
2452,10998,1,12522,2,12562,1,12612,1,0,0,0,0,0,0,10,5,8,5
2453,11000,1,12518,2,5196,2,0,0,0,0,0,0,0,0,10,3,8,2
2454,11001,1,12519,1,5064,1,12714,2,0,0,0,0,0,0,10,3,8,3
2455,11002,1,12520,2,12545,2,12612,1,0,0,0,0,0,0,10,4,8,4
2456,11003,1,12521,1,12546,3,12612,1,0,0,0,0,0,0,10,5,8,4
2457,11004,1,12522,1,12521,1,12795,2,12612,1,0,0,0,0,10,5,8,5
2458,11006,1,12543,1,5262,1,0,0,0,0,0,0,0,0,10,3,8,2
2459,11007,1,12519,1,12575,1,0,0,0,0,0,0,0,0,10,4,8,3
2460,11008,1,12549,1,5262,1,12612,1,0,0,0,0,0,0,10,4,8,3
2461,11009,1,12521,1,12546,1,12612,1,0,0,0,0,0,0,10,5,8,4
2462,11010,1,12522,1,12577,1,12612,1,0,0,0,0,0,0,10,5,8,5
2463,11013,1,12519,1,12543,2,12594,1,0,0,0,0,0,0,10,4,8,3
2464,11015,1,12521,1,12546,1,12565,1,12613,1,0,0,0,0,10,5,8,4
2465,11016,1,12522,1,12541,2,12596,1,12613,1,0,0,0,0,10,5,8,5
2466,11018,1,12518,1,12542,2,5196,2,0,0,0,0,0,0,10,3,8,2
2467,11019,1,12519,2,12563,1,0,0,0,0,0,0,0,0,10,3,8,3
2468,11020,1,12520,2,12545,2,12544,2,12613,1,0,0,0,0,10,4,8,4
2469,11021,1,12521,2,12565,1,12546,2,12613,1,0,0,0,0,10,5,8,4
2470,11022,1,12522,2,12562,1,12613,1,0,0,0,0,0,0,10,5,8,5
2471,11024,1,12518,2,5196,2,0,0,0,0,0,0,0,0,10,3,8,2
2472,11025,1,12519,1,5064,1,12714,2,0,0,0,0,0,0,10,3,8,3
2473,11026,1,12520,2,12545,2,12613,1,0,0,0,0,0,0,10,4,8,4
2474,11027,1,12521,1,12546,3,12613,1,0,0,0,0,0,0,10,5,8,4
2475,11028,1,12522,1,12521,1,12795,2,12613,1,0,0,0,0,10,5,8,5
2476,11030,1,12543,1,5262,1,0,0,0,0,0,0,0,0,10,3,8,2
2477,11031,1,12519,1,12575,1,0,0,0,0,0,0,0,0,10,4,8,3
2478,11032,1,12549,1,5262,1,12613,1,0,0,0,0,0,0,10,4,8,3
2479,11033,1,12521,1,12546,1,12613,1,0,0,0,0,0,0,10,5,8,4
2480,11034,1,12522,1,12577,1,12613,1,0,0,0,0,0,0,10,5,8,5
2481,11037,1,12519,1,12543,2,12594,1,0,0,0,0,0,0,10,4,8,3
2482,11039,1,12521,1,12546,1,12565,1,12616,1,0,0,0,0,10,5,8,4
2483,11040,1,12522,1,12541,2,12596,1,12616,1,0,0,0,0,10,5,8,5
2484,11042,1,12518,1,12542,2,5196,2,0,0,0,0,0,0,10,3,8,2
2485,11043,1,12519,2,12563,1,0,0,0,0,0,0,0,0,10,3,8,3
2486,11044,1,12520,2,12545,2,12544,2,12616,1,0,0,0,0,10,4,8,4
2487,11045,1,12521,2,12565,1,12546,2,12616,1,0,0,0,0,10,5,8,4
2488,11046,1,12522,2,12562,1,12616,1,0,0,0,0,0,0,10,5,8,5
2489,11048,1,12518,2,5196,2,0,0,0,0,0,0,0,0,10,3,8,2
2490,11049,1,12519,1,5064,1,12714,2,0,0,0,0,0,0,10,3,8,3
2491,11050,1,12520,2,12545,2,12616,1,0,0,0,0,0,0,10,4,8,4
2492,11051,1,12521,1,12546,3,12616,1,0,0,0,0,0,0,10,5,8,4
2493,11052,1,12522,1,12521,1,12795,2,12616,1,0,0,0,0,10,5,8,5
2494,11054,1,12543,1,5262,1,0,0,0,0,0,0,0,0,10,3,8,2
2495,11055,1,12519,1,12575,1,0,0,0,0,0,0,0,0,10,4,8,3
2496,11056,1,12549,1,5262,1,12616,1,0,0,0,0,0,0,10,4,8,3
2497,11057,1,12521,1,12546,1,12616,1,0,0,0,0,0,0,10,5,8,4
2498,11058,1,12522,1,12577,1,12616,1,0,0,0,0,0,0,10,5,8,5
2499,11061,1,12519,1,12543,2,12594,1,0,0,0,0,0,0,10,4,8,3
2500,11063,1,12521,1,12546,1,12565,1,12615,1,0,0,0,0,10,5,8,4
2501,11064,1,12522,1,12541,2,12596,1,12615,1,0,0,0,0,10,5,8,5
2502,11066,1,12518,1,12542,2,5196,2,0,0,0,0,0,0,10,3,8,2
2503,11067,1,12519,2,12563,1,0,0,0,0,0,0,0,0,10,3,8,3
2504,11068,1,12520,2,12545,2,12544,2,12615,1,0,0,0,0,10,4,8,4
2505,11069,1,12521,2,12565,1,12546,2,12615,1,0,0,0,0,10,5,8,4
2506,11070,1,12522,2,12562,1,12615,1,0,0,0,0,0,0,10,5,8,5
2507,11072,1,12518,2,5196,2,0,0,0,0,0,0,0,0,10,3,8,2
2508,11073,1,12519,1,5064,1,12714,2,0,0,0,0,0,0,10,3,8,3
2509,11074,1,12520,2,12545,2,12615,1,0,0,0,0,0,0,10,4,8,4
2510,11075,1,12521,1,12546,3,12615,1,0,0,0,0,0,0,10,5,8,4
2511,11076,1,12522,1,12521,1,12795,2,12615,1,0,0,0,0,10,5,8,5
2512,11078,1,12543,1,5262,1,0,0,0,0,0,0,0,0,10,3,8,2
2513,11079,1,12519,1,12575,1,0,0,0,0,0,0,0,0,10,4,8,3
2514,11080,1,12549,1,5262,1,12615,1,0,0,0,0,0,0,10,4,8,3
2515,11081,1,12521,1,12546,1,12615,1,0,0,0,0,0,0,10,5,8,4
2516,11082,1,12522,1,12577,1,12615,1,0,0,0,0,0,0,10,5,8,5
2517,11891,1,12518,2,5366,1,5262,1,0,0,0,0,0,0,10,3,8,3
2518,11892,1,12520,2,12580,1,5262,1,0,0,0,0,0,0,10,4,8,3
2519,11893,1,12576,1,12521,1,12581,1,12561,1,0,0,0,0,10,5,8,4
2520,11955,1,12518,2,12610,2,12562,1,0,0,0,0,0,0,10,3,8,2
2521,11983,1,12518,2,12610,2,12562,1,0,0,0,0,0,0,10,3,8,2
2522,12017,1,12575,2,12518,1,0,0,0,0,0,0,0,0,10,3,8,3
2523,12018,1,12576,2,12520,1,0,0,0,0,0,0,0,0,10,5,8,4
2524,12029,1,12518,2,12604,1,0,0,0,0,0,0,0,0,10,3,8,3
2525,12030,1,12521,2,12605,1,0,0,0,0,0,0,0,0,10,5,8,4
2526,12518,1,12531,5,5114,1,0,0,0,0,0,0,0,0,10,3,-1,0
2527,12519,1,12534,4,12518,1,0,0,0,0,0,0,0,0,10,3,-1,0
2528,12520,1,12532,5,5113,1,0,0,0,0,0,0,0,0,10,4,-1,0
2529,12521,1,12535,4,12520,1,0,0,0,0,0,0,0,0,10,5,-1,0
2530,12522,1,12533,5,5118,1,0,0,0,0,0,0,0,0,10,5,-1,0
2531,12541,1,12551,3,5262,1,0,0,0,0,0,0,0,0,10,4,-1,0
2532,12542,1,12552,3,5262,1,0,0,0,0,0,0,0,0,10,3,-1,0
2533,12543,1,12553,3,5262,1,0,0,0,0,0,0,0,0,10,3,-1,0
2534,12544,1,12554,3,5262,1,0,0,0,0,0,0,0,0,10,4,-1,0
2535,12545,1,12555,3,5262,1,0,0,0,0,0,0,0,0,10,4,-1,0
2536,12546,1,12556,3,12561,1,0,0,0,0,0,0,0,0,10,5,-1,0
2537,12547,1,12557,3,12561,1,0,0,0,0,0,0,0,0,10,5,-1,0
2538,12548,1,12558,3,12561,1,0,0,0,0,0,0,0,0,10,6,-1,0
2539,12549,1,12559,3,5261,1,0,0,0,0,0,0,0,0,10,4,-1,0
2540,12550,1,12560,3,12561,1,0,0,0,0,0,0,0,0,10,5,-1,0
2541,12561,1,12539,3,0,0,0,0,0,0,0,0,0,0,10,5,-1,0
2542,12644,1,12522,1,12561,1,0,0,0,0,0,0,0,0,10,5,8,5
2543,12706,1,12521,1,12561,1,0,0,0,0,0,0,0,0,10,5,8,5
2544,12707,1,12526,1,12561,1,0,0,0,0,0,0,0,0,10,6,8,5
2545,10671,1,12563,2,5349,4,12542,2,0,0,0,0,0,0,11,4,10,3
2546,10685,1,12563,2,12562,1,12588,1,0,0,0,0,0,0,11,3,10,3
2547,0,0,0,0,0,0,0,0,0,0,0,0,0,0,11,3,10,3
2548,10698,1,12562,3,12588,1,12594,1,0,0,0,0,0,0,11,3,10,2
2549,10700,1,12564,3,12563,1,12590,1,0,0,0,0,0,0,11,4,10,4
2550,10701,1,12565,2,12564,2,12521,1,12614,2,0,0,0,0,11,5,10,4
2551,10706,1,12563,2,12562,2,5068,1,5510,1,0,0,0,0,11,4,10,3
2552,10713,1,12563,2,12562,1,5068,1,0,0,0,0,0,0,11,4,10,3
2553,10727,1,12563,1,12519,2,5068,2,0,0,0,0,0,0,11,3,10,3
2554,0,0,0,0,0,0,0,0,0,0,0,0,0,0,11,3,10,3
2555,0,0,0,0,0,0,0,0,0,0,0,0,0,0,11,5,10,4
2556,10740,1,12562,3,12588,1,12594,1,0,0,0,0,0,0,11,3,10,2
2557,10742,1,12564,3,12563,1,12590,1,0,0,0,0,0,0,11,4,10,4
2558,10743,1,12565,2,12564,2,12521,1,12612,2,0,0,0,0,11,5,10,4
2559,10748,1,12563,2,12588,1,12518,1,5510,1,0,0,0,0,11,4,10,3
2560,10755,1,12563,2,12562,1,12594,1,0,0,0,0,0,0,11,4,10,3
2561,10763,1,12564,2,12590,1,12524,1,5068,1,0,0,0,0,11,4,10,4
2562,10768,1,12562,2,12518,1,5196,2,0,0,0,0,0,0,11,3,10,2
2563,10769,1,12563,1,12519,2,5068,2,0,0,0,0,0,0,11,3,10,3
2564,10770,1,12564,2,12520,2,0,0,0,0,0,0,0,0,11,4,10,3
2565,10772,1,12566,2,12525,1,12529,1,12612,1,0,0,0,0,11,5,10,5
2566,0,0,0,0,0,0,0,0,0,0,0,0,0,0,11,3,10,2
2567,0,0,0,0,0,0,0,0,0,0,0,0,0,0,11,3,10,3
2568,0,0,0,0,0,0,0,0,0,0,0,0,0,0,11,4,10,3
2569,0,0,0,0,0,0,0,0,0,0,0,0,0,0,11,5,10,4
2570,0,0,0,0,0,0,0,0,0,0,0,0,0,0,11,5,10,5
2571,10785,1,12565,2,12564,2,12521,1,12612,2,0,0,0,0,11,5,10,4
2572,10789,1,12562,2,12594,1,12714,2,5510,1,0,0,0,0,11,3,10,2
2573,10790,1,12563,2,12562,1,12528,1,5510,1,0,0,0,0,11,4,10,3
2574,10791,1,12564,2,12590,1,12524,1,5510,1,0,0,0,0,11,4,10,4
2575,10793,1,12566,2,12521,1,12596,1,5510,1,12612,1,0,0,11,5,10,5
2576,10805,1,12564,2,12590,1,12524,1,5068,1,0,0,0,0,11,4,10,4
2577,10810,1,12562,2,12594,1,12543,2,0,0,0,0,0,0,11,3,10,2
2578,10811,1,12563,2,12588,1,5068,1,0,0,0,0,0,0,11,3,10,3
2579,10812,1,12564,2,12520,2,0,0,0,0,0,0,0,0,11,4,10,3
2580,10813,1,12565,2,12564,1,12595,1,12613,1,0,0,0,0,11,5,10,4
2581,10814,1,12566,2,12525,1,12529,1,12613,1,0,0,0,0,11,5,10,5
2582,0,0,0,0,0,0,0,0,0,0,0,0,0,0,11,3,10,3
2583,0,0,0,0,0,0,0,0,0,0,0,0,0,0,11,4,10,3
2584,0,0,0,0,0,0,0,0,0,0,0,0,0,0,11,5,10,5
2585,10831,1,12562,2,12594,1,5066,1,5510,1,0,0,0,0,11,3,10,2
2586,10832,1,12563,2,12588,1,12528,1,5510,1,0,0,0,0,11,4,10,3
2587,10833,1,12564,2,12590,1,12524,1,5510,1,0,0,0,0,11,4,10,4
2588,10834,1,12565,2,12564,1,12520,1,5510,1,12613,1,0,0,11,5,10,4
2589,10835,1,12566,2,12521,1,12596,1,5510,1,12613,1,0,0,11,5,10,5
2590,10847,1,12564,2,12590,1,12524,1,5068,1,0,0,0,0,11,4,10,4
2591,10853,1,12563,2,12588,1,5068,1,0,0,0,0,0,0,11,3,10,3
2592,10854,1,12564,2,12520,2,0,0,0,0,0,0,0,0,11,4,10,3
2593,10856,1,12566,2,12525,1,12529,1,12613,1,0,0,0,0,11,5,10,5
2594,0,0,0,0,0,0,0,0,0,0,0,0,0,0,11,3,10,3
2595,0,0,0,0,0,0,0,0,0,0,0,0,0,0,11,4,10,3
2596,0,0,0,0,0,0,0,0,0,0,0,0,0,0,11,5,10,4
2597,0,0,0,0,0,0,0,0,0,0,0,0,0,0,11,5,10,5
2598,10869,1,12565,2,12564,2,12521,1,12613,2,0,0,0,0,11,5,10,4
2599,10873,1,12562,2,12588,1,12594,1,5510,1,0,0,0,0,11,3,10,2
2600,10874,1,12563,2,12588,1,12528,1,5510,1,0,0,0,0,11,4,10,3
2601,10875,1,12564,2,12590,1,12524,1,5510,1,0,0,0,0,11,4,10,4
2602,10877,1,12566,2,12521,1,12596,1,5510,1,12613,1,0,0,11,5,10,5
2603,10894,1,12562,2,12594,1,12543,2,0,0,0,0,0,0,11,3,10,2
2604,10895,1,12563,2,12519,1,12594,1,0,0,0,0,0,0,11,3,10,3
2605,10897,1,12565,2,12564,1,12595,1,12616,1,0,0,0,0,11,5,10,4
2606,0,0,0,0,0,0,0,0,0,0,0,0,0,0,11,3,10,3
2607,0,0,0,0,0,0,0,0,0,0,0,0,0,0,11,4,10,3
2608,10915,1,12562,2,12594,1,5066,1,5510,1,0,0,0,0,11,3,10,2
2609,10916,1,12563,2,12588,1,12594,1,5068,1,5510,1,0,0,11,4,10,3
2610,10917,1,12564,2,12590,1,12520,1,5510,1,0,0,0,0,11,4,10,4
2611,10918,1,12565,2,12564,1,12520,1,5510,1,12616,1,0,0,11,5,10,4
2612,10919,1,12566,2,12591,1,12525,1,5510,1,12616,1,0,0,11,5,10,5
2613,10923,1,12563,2,12519,1,12575,2,0,0,0,0,0,0,11,4,10,3
2614,10926,1,12566,2,12591,1,5068,1,12615,1,0,0,0,0,11,5,10,5
2615,10936,1,12562,2,12594,1,12543,2,0,0,0,0,0,0,11,3,10,2
2616,10937,1,12563,2,12519,1,12594,1,0,0,0,0,0,0,11,3,10,3
2617,10939,1,12565,2,12564,1,12595,1,12615,1,0,0,0,0,11,5,10,4
2618,10940,1,12566,2,12596,1,5196,1,12615,1,0,0,0,0,11,5,10,5
2619,0,0,0,0,0,0,0,0,0,0,0,0,0,0,11,3,10,3
2620,0,0,0,0,0,0,0,0,0,0,0,0,0,0,11,4,10,3
2621,10957,1,12562,2,12594,1,5066,1,5510,1,0,0,0,0,11,3,10,2
2622,10958,1,12563,2,12588,1,12594,1,5068,1,5510,1,0,0,11,4,10,3
2623,10959,1,12564,2,12590,1,12520,1,5510,1,0,0,0,0,11,4,10,4
2624,10960,1,12565,2,12564,1,12520,1,5510,1,12615,1,0,0,11,5,10,4
2625,10961,1,12566,2,12591,1,12525,1,5510,1,12615,1,0,0,11,5,10,5
2626,11960,1,12562,3,12588,1,12594,1,12518,1,0,0,0,0,11,3,10,3
2627,11965,1,12562,2,12594,1,12518,1,0,0,0,0,0,0,11,3,10,2
2628,11967,1,12564,2,12595,1,0,0,0,0,0,0,0,0,11,4,10,4
2629,0,0,0,0,0,0,0,0,0,0,0,0,0,0,11,5,10,5
2630,11973,1,12562,3,12594,1,12518,1,0,0,0,0,0,0,11,3,10,3
2631,11978,1,12562,2,12588,1,12594,1,5510,1,0,0,0,0,11,3,10,3
2632,11980,1,12564,2,12563,1,12595,1,5510,1,0,0,0,0,11,5,10,4
2633,11985,1,12564,2,12590,1,12520,1,0,0,0,0,0,0,11,4,10,4
2634,11988,1,12562,3,12588,1,12594,1,12518,1,0,0,0,0,11,3,10,3
2635,11989,1,12563,3,12589,1,12594,1,5061,1,0,0,0,0,11,4,10,3
2636,11990,1,12564,2,12590,2,12595,1,12520,1,0,0,0,0,11,5,10,4
2637,11993,1,12562,2,12594,1,12518,1,0,0,0,0,0,0,11,3,10,2
2638,11995,1,12564,2,12563,1,12595,1,0,0,0,0,0,0,11,4,10,4
2639,0,0,0,0,0,0,0,0,0,0,0,0,0,0,11,4,10,3
2640,0,0,0,0,0,0,0,0,0,0,0,0,0,0,11,5,10,5
2641,12001,1,12562,3,12594,1,12518,1,0,0,0,0,0,0,11,3,10,3
2642,12002,1,12563,3,12589,1,12594,1,0,0,0,0,0,0,11,4,10,3
2643,12006,1,12562,2,12588,1,12594,1,5510,1,0,0,0,0,11,3,10,3
2644,12007,1,12563,2,12589,1,12594,1,5510,1,0,0,0,0,11,4,10,3
2645,12008,1,12564,2,12563,1,12595,1,5510,1,0,0,0,0,11,5,10,4
2646,12023,1,12563,1,12519,1,12594,1,0,0,0,0,0,0,11,4,10,3
2647,12024,1,12565,1,12521,1,12595,1,0,0,0,0,0,0,11,5,10,5
2648,12026,1,12563,2,12519,1,5196,2,0,0,0,0,0,0,11,4,10,3
2649,12027,1,12565,2,12521,1,12541,2,0,0,0,0,0,0,11,5,10,5
2650,12032,1,12563,1,12519,1,0,0,0,0,0,0,0,0,11,4,10,3
2651,12033,1,12565,1,12521,1,0,0,0,0,0,0,0,0,11,5,10,4
2652,12081,1,7041,2,5328,2,5337,3,5367,1,0,0,0,0,5,5,4,4
2653,12562,1,12568,3,12882,1,0,0,0,0,0,0,0,0,11,3,-1,0
2654,12563,1,12569,3,12882,1,0,0,0,0,0,0,0,0,11,3,-1,0
2655,12564,1,12570,3,12578,1,0,0,0,0,0,0,0,0,11,4,-1,0
2656,12565,1,12571,3,12578,1,0,0,0,0,0,0,0,0,11,5,-1,0
2657,12566,1,12572,3,12578,1,0,0,0,0,0,0,0,0,11,5,-1,0
2658,10678,1,12589,3,12594,1,12563,1,12518,1,0,0,0,0,12,4,10,3
2659,10699,1,12589,3,12594,1,12563,1,0,0,0,0,0,0,12,3,10,3
2660,10720,1,12589,3,12594,1,12563,1,12518,1,0,0,0,0,12,4,10,3
2661,10741,1,12589,3,12594,1,12563,1,0,0,0,0,0,0,12,3,10,3
2662,10758,1,12592,2,12522,1,12525,1,12612,1,0,0,0,0,12,5,10,5
2663,10761,1,12588,3,12562,1,12594,1,5066,1,5185,1,0,0,12,3,10,2
2664,10762,1,12589,3,12594,1,12563,1,12518,1,0,0,0,0,12,4,10,3
2665,10765,1,12592,3,12525,1,12596,1,5068,1,12612,2,0,0,12,5,10,5
2666,10782,1,12588,2,12562,2,12594,1,0,0,0,0,0,0,12,3,10,2
2667,10783,1,12589,3,12594,1,12563,1,0,0,0,0,0,0,12,3,10,3
2668,10784,1,12590,2,12564,2,12595,1,0,0,0,0,0,0,12,4,10,4
2669,10786,1,12592,3,12565,1,12596,1,12612,2,0,0,0,0,12,5,10,5
2670,10796,1,12588,3,12594,1,0,0,0,0,0,0,0,0,12,3,10,2
2671,10797,1,12589,3,12594,1,12518,1,5359,1,0,0,0,0,12,3,10,3
2672,10800,1,12592,2,12522,1,12525,1,12613,1,0,0,0,0,12,5,10,5
2673,10803,1,12588,3,12562,1,12594,1,5066,1,0,0,0,0,12,3,10,2
2674,10804,1,12589,3,12594,1,12563,1,12518,1,0,0,0,0,12,4,10,3
2675,10806,1,12591,3,12564,1,12546,1,12613,2,0,0,0,0,12,5,10,4
2676,10807,1,12592,3,12525,1,12596,1,5068,1,12613,2,0,0,12,5,10,5
2677,0,0,0,0,0,0,0,0,0,0,0,0,0,0,12,3,10,2
2678,0,0,0,0,0,0,0,0,0,0,0,0,0,0,12,5,10,4
2679,10824,1,12588,3,12562,1,12594,1,0,0,0,0,0,0,12,3,10,2
2680,10825,1,12589,3,12594,1,12563,1,0,0,0,0,0,0,12,3,10,3
2681,10826,1,12590,2,12564,2,12595,1,0,0,0,0,0,0,12,4,10,4
2682,10827,1,12591,3,12564,1,12595,1,12613,2,0,0,0,0,12,5,10,4
2683,10828,1,12592,3,12565,1,12596,1,12613,2,0,0,0,0,12,5,10,5
2684,10838,1,12588,2,12518,1,12594,1,0,0,0,0,0,0,12,3,10,2
2685,10839,1,12589,3,12594,1,0,0,0,0,0,0,0,0,12,3,10,3
2686,10842,1,12592,2,12522,1,12525,1,12613,1,0,0,0,0,12,5,10,5
2687,10845,1,12588,3,12562,1,12594,1,5066,1,0,0,0,0,12,3,10,2
2688,10846,1,12589,3,12594,1,12563,1,12518,1,0,0,0,0,12,4,10,3
2689,10849,1,12592,3,12525,1,12596,1,5068,1,12613,2,0,0,12,5,10,5
2690,10852,1,12588,2,12594,1,0,0,0,0,0,0,0,0,12,3,10,2
2691,0,0,0,0,0,0,0,0,0,0,0,0,0,0,12,3,10,2
2692,10866,1,12588,3,12562,1,12594,1,0,0,0,0,0,0,12,3,10,2
2693,10867,1,12589,3,12594,1,12563,1,0,0,0,0,0,0,12,3,10,3
2694,10868,1,12590,2,12564,2,12595,1,0,0,0,0,0,0,12,4,10,4
2695,10870,1,12592,3,12565,1,12596,1,12613,2,0,0,0,0,12,5,10,5
2696,10880,1,12588,3,12594,1,0,0,0,0,0,0,0,0,12,3,10,2
2697,10881,1,12589,3,12594,1,12518,1,0,0,0,0,0,0,12,4,10,3
2698,10884,1,12592,2,12582,1,12596,1,12616,1,0,0,0,0,12,5,10,5
2699,10887,1,12588,3,12562,1,12594,1,5066,1,0,0,0,0,12,3,10,2
2700,10888,1,12589,3,12594,1,12563,1,12518,1,0,0,0,0,12,4,10,3
2701,10889,1,12590,3,12564,1,12595,1,5068,1,0,0,0,0,12,4,10,4
2702,10890,1,12591,3,12564,1,12546,1,12616,2,0,0,0,0,12,5,10,4
2703,10891,1,12592,3,12596,2,12550,1,12616,2,0,0,0,0,12,5,10,5
2704,10896,1,12590,2,12564,1,12595,1,0,0,0,0,0,0,12,4,10,3
2705,10898,1,12592,2,12565,1,12596,1,12616,1,0,0,0,0,12,5,10,5
2706,0,0,0,0,0,0,0,0,0,0,0,0,0,0,12,3,10,2
2707,0,0,0,0,0,0,0,0,0,0,0,0,0,0,12,5,10,4
2708,0,0,0,0,0,0,0,0,0,0,0,0,0,0,12,5,10,5
2709,10908,1,12588,3,12562,1,12594,1,0,0,0,0,0,0,12,3,10,2
2710,10909,1,12589,3,12594,1,12563,1,0,0,0,0,0,0,12,3,10,3
2711,10910,1,12590,3,12564,1,12595,1,0,0,0,0,0,0,12,4,10,4
2712,10911,1,12591,3,12564,1,12595,1,12616,2,0,0,0,0,12,5,10,4
2713,10912,1,12592,3,12565,1,12596,1,5068,1,12616,2,0,0,12,5,10,5
2714,10922,1,12588,3,12594,1,0,0,0,0,0,0,0,0,12,3,10,2
2715,10929,1,12588,3,12562,1,12594,1,5066,1,0,0,0,0,12,3,10,2
2716,10930,1,12589,3,12594,1,12563,1,12518,1,0,0,0,0,12,4,10,3
2717,10931,1,12590,3,12564,1,12595,1,5068,1,0,0,0,0,12,4,10,4
2718,10932,1,12591,3,12564,1,12546,1,12615,2,0,0,0,0,12,5,10,4
2719,10933,1,12592,3,12591,1,12596,1,12595,1,12615,2,0,0,12,5,10,5
2720,10938,1,12590,2,12564,1,12595,1,0,0,0,0,0,0,12,4,10,3
2721,0,0,0,0,0,0,0,0,0,0,0,0,0,0,12,3,10,2
2722,0,0,0,0,0,0,0,0,0,0,0,0,0,0,12,5,10,4
2723,0,0,0,0,0,0,0,0,0,0,0,0,0,0,12,5,10,5
2724,10950,1,12588,3,12562,1,12594,1,0,0,0,0,0,0,12,3,10,2
2725,10951,1,12589,3,12594,1,12563,1,0,0,0,0,0,0,12,3,10,3
2726,10952,1,12590,3,12564,1,12595,1,0,0,0,0,0,0,12,4,10,4
2727,10953,1,12591,3,12564,1,12595,1,12615,2,0,0,0,0,12,5,10,4
2728,10954,1,12592,3,12565,1,12596,1,5068,1,12615,2,0,0,12,5,10,5
2729,10964,1,12588,2,12543,1,12594,1,0,0,0,0,0,0,12,3,10,2
2730,10966,1,12590,2,12541,1,12595,1,12614,1,0,0,0,0,12,4,10,3
2731,10988,1,12588,2,12543,1,12594,1,0,0,0,0,0,0,12,3,10,2
2732,10990,1,12590,2,12541,1,12595,1,12612,1,0,0,0,0,12,4,10,3
2733,11012,1,12588,2,12543,1,12594,1,0,0,0,0,0,0,12,3,10,2
2734,11014,1,12590,2,12541,1,12595,1,12613,1,0,0,0,0,12,4,10,3
2735,11036,1,12588,2,12543,1,12594,1,0,0,0,0,0,0,12,3,10,2
2736,11038,1,12590,2,12541,1,12595,1,12616,1,0,0,0,0,12,4,10,3
2737,11060,1,12588,2,12543,1,12594,1,0,0,0,0,0,0,12,3,10,2
2738,11062,1,12590,2,12541,1,12595,1,12615,1,0,0,0,0,12,4,10,3
2739,11956,1,12589,2,12594,1,12518,1,0,0,0,0,0,0,12,4,10,3
2740,11957,1,12590,2,12595,1,5068,1,12545,1,0,0,0,0,12,4,10,4
2741,11961,1,12589,3,12594,1,12518,1,0,0,0,0,0,0,12,4,10,3
2742,11962,1,12590,2,12564,2,12595,1,12520,1,0,0,0,0,12,5,10,4
2743,11966,1,12589,2,12594,1,0,0,0,0,0,0,0,0,12,4,10,3
2744,0,0,0,0,0,0,0,0,0,0,0,0,0,0,12,4,10,3
2745,11974,1,12589,2,12563,1,12594,1,0,0,0,0,0,0,12,4,10,3
2746,11975,1,12590,3,12589,1,12595,1,0,0,0,0,0,0,12,5,10,4
2747,11979,1,12589,2,12594,1,12518,1,5510,1,0,0,0,0,12,4,10,3
2748,11984,1,12589,1,12563,1,12594,1,5342,3,0,0,0,0,12,4,10,3
2749,11994,1,12589,2,12563,1,12594,1,0,0,0,0,0,0,12,4,10,3
2750,12003,1,12590,3,12564,1,12595,1,0,0,0,0,0,0,12,5,10,4
2751,12588,1,12594,2,5335,1,0,0,0,0,0,0,0,0,12,2,-1,0
2752,12589,1,12588,1,12604,2,0,0,0,0,0,0,0,0,12,3,-1,0
2753,12590,1,12595,2,5336,1,0,0,0,0,0,0,0,0,12,2,-1,0
2754,12591,1,12590,1,12605,2,0,0,0,0,0,0,0,0,12,5,-1,0
2755,12592,1,12599,5,5347,1,5522,1,0,0,0,0,0,0,12,5,-1,0
2756,12594,2,12597,3,5343,2,0,0,0,0,0,0,0,0,12,1,-1,0
2757,12595,2,12598,3,5346,2,0,0,0,0,0,0,0,0,12,2,-1,0
2758,12596,2,12600,3,5350,2,5491,1,0,0,0,0,0,0,12,5,-1,0
2759,5506,1,12635,3,5558,2,0,0,0,0,0,0,0,0,13,3,-1,0
2760,5507,1,12636,3,5553,2,12629,2,0,0,0,0,0,0,13,4,-1,0
2761,5508,1,12627,3,5449,2,5448,2,0,0,0,0,0,0,13,5,-1,0
2762,10637,1,12607,3,12582,1,12521,1,0,0,0,0,0,0,13,5,12,4
2763,10646,1,12601,1,12562,2,5288,1,5066,1,0,0,0,0,13,3,12,2
2764,10647,1,12601,1,12563,2,12519,1,0,0,0,0,0,0,13,3,12,3
2765,10648,1,12602,1,12564,2,12520,1,5185,1,0,0,0,0,13,4,12,4
2766,10649,1,12602,1,12565,2,12521,1,12519,1,0,0,0,0,13,5,12,4
2767,10650,1,12603,1,12522,2,12521,1,12544,2,0,0,0,0,13,5,12,5
2768,10652,1,12601,1,12562,2,5288,1,5066,1,0,0,0,0,13,3,12,2
2769,10653,1,12601,1,12563,2,12519,1,0,0,0,0,0,0,13,3,12,3
2770,10654,1,12602,1,12564,2,12520,1,5181,1,0,0,0,0,13,4,12,4
2771,10655,1,12602,1,12565,2,12521,1,12519,1,0,0,0,0,13,5,12,4
2772,10656,1,12603,1,12522,2,12521,1,12545,2,0,0,0,0,13,5,12,5
2773,12113,1,12656,3,12585,1,12607,5,0,0,0,0,0,0,13,4,12,4
2774,12214,1,10099,1,5064,1,5480,1,5274,1,0,0,0,0,19,1,18,1
2775,12234,1,12650,2,12607,5,0,0,0,0,0,0,0,0,13,4,12,4
2776,12601,1,12531,4,12628,2,0,0,0,0,0,0,0,0,13,3,-1,0
2777,12602,1,12532,4,12629,2,12631,1,0,0,0,0,0,0,13,4,-1,0
2778,12603,1,12533,4,12630,2,12632,1,0,0,0,0,0,0,13,5,-1,0
2779,12604,3,12631,2,12943,2,0,0,0,0,0,0,0,0,13,3,-1,0
2780,12605,3,12632,2,12944,2,0,0,0,0,0,0,0,0,13,5,-1,0
2781,12607,1,12637,3,5489,1,6152,2,0,0,0,0,0,0,13,3,-1,0
2782,12608,1,12642,3,12629,1,5159,2,0,0,0,0,0,0,13,5,-1,0
2783,12610,1,5523,3,5522,1,5274,1,0,0,0,0,0,0,13,5,-1,0
2784,12611,1,5521,3,5527,3,5390,1,0,0,0,0,0,0,7,3,-1,0
2785,12612,3,12628,4,12609,2,6152,1,0,0,0,0,0,0,13,4,-1,0
2786,12613,3,12628,4,12883,2,6152,1,0,0,0,0,0,0,13,4,-1,0
2787,12614,3,12628,4,12636,2,6152,1,0,0,0,0,0,0,13,4,-1,0
2788,12615,3,12628,4,12758,2,6152,1,0,0,0,0,0,0,13,4,-1,0
2789,12616,3,12628,4,12736,2,6152,1,0,0,0,0,0,0,13,4,-1,0
2790,10332,1,12990,1,4787,1,4857,1,4847,1,0,0,0,0,2,1,7,1
2791,12086,1,12842,2,4734,2,12897,2,4809,2,0,0,0,0,8,5,13,4
2792,12090,1,12881,4,12896,2,12894,2,4815,2,4814,2,0,0,8,3,13,3
2793,12092,1,12908,2,4865,2,4704,2,4745,2,0,0,0,0,8,5,13,4
2794,12842,3,12882,3,12888,2,4848,1,0,0,0,0,0,0,8,4,13,3
2795,12843,3,12897,2,12896,2,12888,2,0,0,0,0,0,0,8,5,13,5
2796,12845,3,12896,3,4863,1,12888,2,4848,1,0,0,0,0,8,3,13,2
2797,12846,3,12893,3,4848,1,4852,1,12881,2,0,0,0,0,8,4,13,3
2798,12847,3,12893,3,12892,1,6151,1,0,0,0,0,0,0,8,5,13,5
2799,12849,3,12887,2,12881,3,12888,1,0,0,0,0,0,0,8,4,13,4
2800,12850,3,12888,1,4826,3,4827,1,0,0,0,0,0,0,8,4,13,3
2801,12851,3,12876,2,12849,1,4756,1,0,0,0,0,0,0,8,5,13,5
2802,12853,3,12899,2,4829,1,4845,1,12895,1,6152,1,0,0,8,4,13,3
2803,12854,3,12898,2,12879,2,4782,1,7594,1,4857,1,12887,1,8,6,13,5
2804,12855,3,12780,1,6152,2,0,0,0,0,0,0,0,0,8,4,13,3
2805,12856,3,12741,1,12901,1,12899,2,12895,1,0,0,0,0,8,5,13,5
2806,12858,3,12876,3,12878,2,4696,1,4865,1,12901,1,0,0,8,5,13,5
2807,12859,3,12872,2,12890,1,12737,1,12850,1,0,0,0,0,8,5,13,4
2808,12860,3,12875,3,12881,1,4857,1,7603,1,12901,1,0,0,8,6,13,5
2809,12861,3,12878,3,4702,1,4867,1,4756,1,6152,1,0,0,8,3,13,3
2810,12862,3,12885,2,12873,2,12877,2,12883,2,12894,1,12901,1,8,4,13,3
2811,12863,3,12879,3,4818,2,12905,1,12884,2,12901,1,0,0,8,5,13,4
2812,12864,3,12808,2,12719,2,12905,1,12884,1,12901,1,0,0,8,6,13,5
2813,12866,3,12877,3,12873,2,4867,1,4865,1,6152,1,0,0,8,3,13,3
2814,12867,3,12874,2,12878,2,4792,1,12881,1,4787,1,12894,1,8,4,13,3
2815,12868,3,12900,3,12875,2,4756,1,12884,2,12890,1,12901,1,8,6,13,5
2816,12869,3,12874,2,12878,2,12905,1,4839,1,12894,1,0,0,8,5,13,4
2817,12881,3,12880,5,0,0,0,0,0,0,0,0,0,0,2,7,-1,0
2818,12890,3,12889,1,12871,1,12895,1,4830,1,0,0,0,0,2,7,-1,0
2819,12892,3,12891,3,0,0,0,0,0,0,0,0,0,0,2,8,-1,0
2820,12894,3,12888,3,0,0,0,0,0,0,0,0,0,0,2,7,-1,0
2821,12895,3,12888,5,0,0,0,0,0,0,0,0,0,0,2,7,-1,0
2822,12991,1,12590,4,12564,1,5066,1,12541,2,0,0,0,0,12,5,10,4
2823,12908,3,12881,3,12631,1,12901,1,0,0,0,0,0,0,2,8,-1,0
2824,12528,1,12518,1,0,0,0,0,0,0,0,0,0,0,9,3,-1,0
2825,12529,1,12524,1,0,0,0,0,0,0,0,0,0,0,9,4,-1,0
2826,12530,1,12526,1,0,0,0,0,0,0,0,0,0,0,9,5,-1,0
2827,13070,1,4846,1,4819,1,4776,1,12906,1,0,0,0,0,14,2,19,1
2828,13071,1,7808,2,5060,2,5059,1,7014,4,7016,2,0,0,14,1,17,1
2829,13072,1,7808,2,5379,3,7009,2,7014,2,7016,2,0,0,16,1,15,1
2830,13075,1,5367,3,5515,1,0,0,0,0,0,0,0,0,4,1,3,1
2831,13077,1,5371,2,5515,1,0,0,0,0,0,0,0,0,4,2,3,2
2832,13078,1,5374,3,5373,4,5063,1,7024,1,0,0,0,0,4,5,3,4
2833,13084,1,12656,3,12586,3,12607,3,0,0,0,0,0,0,13,4,12,4
2834,13090,1,13757,2,12608,5,0,0,0,0,0,0,0,0,13,5,12,5
2835,13095,1,5365,3,5342,3,5513,5,5267,5,0,0,0,0,16,1,15,1
2836,13096,1,7808,2,5378,4,5328,4,5337,3,0,0,0,0,16,1,15,1
2837,13256,1,5329,1,5280,1,5337,1,0,0,0,0,0,0,6,6,4,5
2838,13257,1,5328,1,5326,1,5337,1,0,0,0,0,0,0,6,5,4,4
2839,13258,1,5328,1,5326,1,5337,1,0,0,0,0,0,0,6,5,4,4
2840,13259,1,5328,1,5326,1,5337,1,5348,2,0,0,0,0,6,5,4,5
2841,13262,1,12610,2,5064,1,0,0,0,0,0,0,0,0,4,8,2,7
2842,13263,1,12610,2,5064,1,0,0,0,0,0,0,0,0,4,8,2,7
2843,13273,1,5288,1,5338,1,5068,1,0,0,0,0,0,0,5,7,4,6
2844,0,0,0,0,0,0,0,0,0,0,0,0,0,0,0,0,0,0
2845,13637,3,13752,1,13736,1,12638,1,12639,1,6153,1,0,0,13,6,12,5
2846,13638,3,13752,1,13736,1,12971,1,12640,1,6153,1,0,0,13,6,12,5
2847,13682,1,12588,2,7028,1,12594,1,5066,1,0,0,0,0,12,3,10,2
2848,13683,1,12588,1,7028,1,12594,1,5066,1,0,0,0,0,12,3,10,2
2849,13684,1,12562,1,12594,1,5510,1,0,0,0,0,0,0,11,3,10,2
2850,13685,1,12562,1,12594,1,5359,1,5360,1,0,0,0,0,11,3,10,2
2851,13686,1,12588,2,7028,1,12594,1,5064,1,0,0,0,0,12,3,10,2
2852,13687,1,12562,1,5064,1,5510,1,0,0,0,0,0,0,11,3,10,2
2853,13688,1,12590,2,12595,1,12565,1,5059,1,0,0,0,0,12,5,10,4
2854,13726,1,5057,1,5325,1,0,0,0,0,0,0,0,0,2,1,-1,0
2855,13743,3,12881,1,12871,1,12887,2,4850,1,0,0,0,0,8,5,13,4
2856,13771,1,12565,2,12590,1,12595,1,5059,1,0,0,0,0,11,5,10,4
2857,13772,1,12565,1,12595,1,5510,1,0,0,0,0,0,0,11,5,10,4
2858,14052,1,12860,1,12862,1,12849,1,12886,1,12888,1,0,0,8,6,13,5
2859,14053,1,12859,1,12853,1,12845,1,12846,1,9372,1,4751,1,8,5,13,4
2860,14061,1,12656,3,12585,1,12607,5,0,0,0,0,0,0,13,4,12,4
2861,14068,1,12525,3,12521,1,5998,7,0,0,0,0,0,0,8,5,11,4
2862,14069,1,7010,7,10092,3,12561,5,7016,4,0,0,0,0,10,5,8,4
2863,14070,1,10092,10,12561,5,5067,3,7016,4,0,0,0,0,10,5,8,4
2864,14181,1,5341,1,5385,1,0,0,0,0,0,0,0,0,4,1,-1,0
2865,14182,1,5395,1,9518,1,5501,1,0,0,0,0,0,0,10,7,-1,0
2866,14183,1,12220,1,12578,1,12579,1,5501,1,0,0,0,0,10,6,-1,0
2867,14229,1,14181,1,5478,1,14268,1,0,0,0,0,0,0,13,2,12,1
2868,14234,1,14181,1,5479,1,14271,1,0,0,0,0,0,0,13,2,12,1
2869,14235,1,14181,1,5479,1,14272,1,0,0,0,0,0,0,13,2,12,1
2870,14241,1,14181,1,5477,1,14275,1,0,0,0,0,0,0,7,3,6,3
2871,14242,1,14181,1,5477,1,14276,1,0,0,0,0,0,0,7,3,6,3
2872,14243,1,14181,1,5477,1,14277,1,0,0,0,0,0,0,7,3,6,3
2873,14850,1,5287,1,5282,1,5337,1,0,0,0,0,0,0,11,3,10,2
2874,14851,1,5287,1,5282,1,5337,1,0,0,0,0,0,0,11,3,10,2
2875,14852,1,5288,1,5328,1,5337,1,0,0,0,0,0,0,11,3,10,2
2876,14853,1,5288,1,5328,1,5337,1,0,0,0,0,0,0,11,3,10,2
2877,14868,1,5287,2,5322,1,5065,1,0,0,0,0,0,0,11,3,10,2
2878,14869,1,5287,2,5286,1,5328,2,5337,1,5068,2,0,0,11,3,10,2
2879,14894,1,5286,2,5068,1,0,0,0,0,0,0,0,0,11,3,10,2
2880,14924,1,12564,2,12590,1,12595,1,5057,1,0,0,0,0,11,4,10,4
2881,14925,1,12590,2,12564,1,12595,1,0,0,0,0,0,0,12,4,10,4
2882,14926,1,12564,1,12590,1,12595,1,5510,1,0,0,0,0,11,4,10,4
2883,14927,1,12590,2,12564,1,12595,1,5057,1,5186,2,0,0,12,4,10,4
2884,14928,1,12564,2,12595,1,5092,1,0,0,0,0,0,0,11,4,10,4
2885,14929,1,12590,1,12564,1,5092,1,0,0,0,0,0,0,12,4,10,4
2886,14930,1,12564,2,12595,1,5510,1,0,0,0,0,0,0,11,4,10,4
2887,15146,1,4697,1,4653,1,4645,1,4684,1,4780,2,4757,1,2,6,7,5
2888,15147,1,12581,3,12912,1,7017,2,0,0,0,0,0,0,10,4,9,4
2889,15151,1,5327,10,5065,5,5063,3,5373,2,0,0,0,0,6,4,4,3
2890,15164,1,5067,6,7009,6,5261,6,7016,4,0,0,0,0,16,1,14,1
2891,15165,1,12590,4,5329,4,12595,3,7016,4,5789,10,0,0,12,4,10,4
2892,15425,1,4751,1,4815,1,4849,1,4753,1,0,0,0,0,3,2,-1,0
2893,15928,1,5282,2,5336,1,5174,2,0,0,0,0,0,0,5,4,4,3
2894,15929,1,5327,3,5336,2,0,0,0,0,0,0,0,0,6,4,4,3
2895,15930,1,5327,2,5282,1,5336,2,5058,1,0,0,0,0,6,4,4,3
2896,15931,1,5282,2,5336,2,0,0,0,0,0,0,0,0,5,4,4,3
2897,15921,1,7772,2,5338,2,0,0,0,0,0,0,0,0,12,3,10,2
2898,15922,1,7772,3,5338,2,0,0,0,0,0,0,0,0,12,3,10,2
2899,15923,1,7772,2,5338,2,0,0,0,0,0,0,0,0,12,3,10,2
2900,15924,1,7772,1,5288,1,0,0,0,0,0,0,0,0,11,3,10,2
2901,15925,1,7772,3,5338,2,0,0,0,0,0,0,0,0,12,3,10,2
2902,15926,1,7772,2,5338,2,0,0,0,0,0,0,0,0,12,3,10,2
2903,15927,1,7772,1,5288,1,0,0,0,0,0,0,0,0,11,3,10,2
2904,14841,1,14071,1,12609,1,12631,1,0,0,0,0,0,0,13,4,12,3
2905,14842,1,14072,1,12609,1,12631,1,0,0,0,0,0,0,13,4,12,3
2906,14843,1,14073,1,12609,1,12631,1,0,0,0,0,0,0,13,4,12,3
2907,14844,1,14074,1,12609,1,12631,1,0,0,0,0,0,0,13,4,12,3
2908,14845,1,14075,1,12609,1,12631,1,0,0,0,0,0,0,13,4,12,3
2909,14846,1,14076,1,12609,1,12631,1,0,0,0,0,0,0,13,4,12,3
2910,14847,1,14077,1,12609,1,12631,1,0,0,0,0,0,0,13,4,12,3
2911,14848,1,14078,1,12609,1,12631,1,0,0,0,0,0,0,13,4,12,3
2912,14849,1,14079,1,12609,1,12631,1,0,0,0,0,0,0,13,4,12,3
2913,16911,3,4751,1,5545,1,4834,1,4814,1,0,0,0,0,13,3,12,2
2914,15775,1,5376,3,5066,1,5512,1,5230,1,5267,4,0,0,10,2,9,1
2915,15970,1,5373,3,5058,2,0,0,0,0,0,0,0,0,4,4,3,3
2916,15974,1,5376,5,13073,1,13074,1,0,0,0,0,0,0,4,6,3,5
2917,15976,1,7777,2,16906,2,5337,8,0,0,0,0,0,0,12,3,10,2
2918,15476,1,5327,2,5336,2,0,0,0,0,0,0,0,0,6,4,4,3
2919,15477,1,5327,3,5282,1,5336,2,5058,1,0,0,0,0,6,4,4,3
2920,16596,1,12590,1,5328,1,7041,1,5337,1,0,0,0,0,12,4,10,4
2921,16597,1,12590,1,5328,2,7041,2,5337,2,12524,1,0,0,12,4,10,4
2922,16909,1,12590,2,5328,2,7041,1,5337,2,0,0,0,0,12,4,10,4
2923,16598,1,12564,1,5328,1,7041,1,12524,1,5510,1,0,0,11,4,10,4
2924,16616,1,16017,1,12609,1,12631,1,0,0,0,0,0,0,13,4,12,3
2925,16617,1,16018,1,12609,1,12631,1,0,0,0,0,0,0,13,4,12,3
2926,16618,1,16019,1,12609,1,12631,1,0,0,0,0,0,0,13,4,12,3
2927,16619,1,16020,1,12609,1,12631,1,0,0,0,0,0,0,13,4,12,3
2928,16620,1,16021,1,12609,1,12631,1,0,0,0,0,0,0,13,4,12,3
2929,16621,1,16022,1,12609,1,12631,1,0,0,0,0,0,0,13,4,12,3
2930,16622,1,16023,1,12609,1,12631,1,0,0,0,0,0,0,13,4,12,3
2931,16623,1,16024,1,12609,1,12631,1,0,0,0,0,0,0,13,4,12,3
2932,16624,1,16025,1,12609,1,12631,1,0,0,0,0,0,0,13,4,12,3
2933,15776,1,12582,4,5069,3,12610,1,7008,2,5267,8,7807,1,10,5,9,5
2934,16935,1,5374,2,5371,2,5485,2,7025,2,0,0,0,0,4,5,3,4
2935,16936,1,12581,3,12580,3,7017,3,7026,3,0,0,0,0,10,4,9,4
2936,17020,1,5365,1,5337,6,0,0,0,0,0,0,0,0,16,1,15,1
2937,17021,1,12871,2,12895,1,12901,1,4865,1,4784,1,0,0,8,5,13,4
2938,17023,1,12583,1,12586,8,7025,2,4620,2,17548,2,5998,3,10,5,9,5
2939,17024,1,5378,6,5075,2,7017,2,7024,2,13074,1,0,0,10,3,9,2
2940,17025,1,7009,6,7016,4,7029,4,5473,3,0,0,0,0,10,3,8,2
2941,17030,1,12656,3,12585,2,12607,4,0,0,0,0,0,0,13,4,12,4
2942,17036,1,5067,3,12610,3,5998,3,7030,3,5474,2,0,0,16,1,14,1
2943,17462,1,5328,1,5337,5,0,0,0,0,0,0,0,0,6,6,4,5
2944,17463,1,5328,2,5327,2,5285,1,5336,2,0,0,0,0,6,6,4,5
2945,17464,1,5328,1,5327,2,5336,2,0,0,0,0,0,0,6,6,4,5
2946,17465,1,5328,1,5285,2,5510,1,0,0,0,0,0,0,5,6,4,5
2947,17537,1,17048,1,12609,1,12631,1,0,0,0,0,0,0,13,4,12,3
2948,17538,1,17049,1,12609,1,12631,1,0,0,0,0,0,0,13,4,12,3
2949,17539,1,17050,1,12609,1,12631,1,0,0,0,0,0,0,13,4,12,3
2950,17540,1,17051,1,12609,1,12631,1,0,0,0,0,0,0,13,4,12,3
2951,17541,1,17052,1,12609,1,12631,1,0,0,0,0,0,0,13,4,12,3
2952,17542,1,17053,1,12609,1,12631,1,0,0,0,0,0,0,13,4,12,3
2953,17543,1,17054,1,12609,1,12631,1,0,0,0,0,0,0,13,4,12,3
2954,17544,1,17055,1,12609,1,12631,1,0,0,0,0,0,0,13,4,12,3
2955,17545,1,17056,1,12609,1,12631,1,0,0,0,0,0,0,13,4,12,3
2956,18033,1,19939,2,19938,1,19925,1,12564,1,5507,1,0,0,8,3,11,2
2957,18034,1,19939,2,19938,1,19925,1,12592,1,5185,2,0,0,8,3,11,2
2958,18035,1,19939,3,19938,1,19925,1,12524,1,5507,1,0,0,8,3,11,2
2959,18036,1,19925,1,19939,3,19993,1,5507,1,0,0,0,0,10,3,9,2
2960,18037,1,19925,3,19939,1,19938,1,12596,1,0,0,0,0,10,3,9,2
2961,18038,1,19939,2,19938,1,19925,1,12544,2,5507,1,0,0,8,3,11,2
2962,18039,1,19939,3,12524,2,19925,1,19993,1,5507,1,0,0,8,3,11,2
2963,18040,1,19939,3,19938,1,19925,1,12611,1,0,0,0,0,8,3,11,2
2964,18041,1,19925,2,19938,1,12566,1,12544,2,19904,1,0,0,10,3,9,2
2965,18042,1,19938,2,19939,2,19925,1,12544,1,5507,1,0,0,10,3,8,2
2966,18043,1,19901,1,19938,2,12518,2,19925,1,12566,1,0,0,13,3,12,2
2967,18044,1,19901,1,19938,2,12518,2,19925,1,12544,1,0,0,13,3,12,2
2968,18045,1,19938,3,12518,2,19939,1,12549,3,19901,1,0,0,10,3,8,2
2969,18046,1,19939,3,19925,1,12596,1,19938,1,12561,1,0,0,8,3,11,2
2970,18047,1,19938,2,19925,1,19939,2,0,0,0,0,0,0,10,3,8,2
2971,18048,1,19939,2,19938,1,12524,1,0,0,0,0,0,0,9,3,11,2
2972,18049,1,19939,2,19974,1,5360,4,0,0,0,0,0,0,9,3,11,2
2973,18050,1,19939,2,19938,1,19974,2,0,0,0,0,0,0,9,3,11,2
2974,18051,1,19939,2,19993,1,19975,1,0,0,0,0,0,0,9,3,11,2
2975,18052,1,19993,2,19939,2,19975,1,0,0,0,0,0,0,11,3,10,2
2976,18053,1,19993,2,19939,1,19975,1,0,0,0,0,0,0,11,3,10,2
2977,0,0,0,0,0,0,0,0,0,0,0,0,0,0,11,3,10,2
2978,18055,1,19939,2,19974,1,5360,4,0,0,0,0,0,0,9,3,11,2
2979,18056,1,19939,2,19938,1,19974,2,0,0,0,0,0,0,9,3,11,2
2980,18057,1,19939,2,19993,1,19975,1,0,0,0,0,0,0,9,3,11,2
2981,18058,1,19993,2,19939,2,19975,1,0,0,0,0,0,0,11,3,10,2
2982,18059,1,19993,2,19939,1,19975,1,0,0,0,0,0,0,11,3,10,2
2983,0,0,0,0,0,0,0,0,0,0,0,0,0,0,11,3,10,2
2984,18061,1,19938,2,19974,1,19975,1,12545,1,0,0,0,0,10,3,8,2
2985,18062,1,19993,2,19974,2,19975,1,5066,1,0,0,0,0,12,3,10,2
2986,18063,1,19974,2,19975,1,19938,1,0,0,0,0,0,0,12,3,10,2
2987,18064,1,19974,3,19975,1,19938,1,0,0,0,0,0,0,12,3,10,2
2988,18065,1,19993,3,19975,1,5510,1,0,0,0,0,0,0,11,3,10,2
2989,0,0,0,0,0,0,0,0,0,0,0,0,0,0,11,3,10,2
2990,18067,1,19993,2,19974,1,19975,1,0,0,0,0,0,0,11,3,10,2
2991,18068,1,19993,3,19974,1,19975,1,19938,1,0,0,0,0,11,3,10,2
2992,18069,1,19993,2,19938,1,19975,1,0,0,0,0,0,0,11,3,10,2
2993,18070,1,19993,3,19974,1,19975,1,19938,1,0,0,0,0,11,3,10,2
2994,18071,1,19993,2,19938,1,19975,1,5510,1,0,0,0,0,11,3,10,2
2995,0,0,0,0,0,0,0,0,0,0,0,0,0,0,11,3,10,2
2996,18073,1,19938,2,19974,1,19975,1,12544,1,0,0,0,0,10,3,8,2
2997,18074,1,19993,2,19974,2,19975,1,5066,1,0,0,0,0,12,3,10,2
2998,18075,1,19974,2,19975,1,19938,1,0,0,0,0,0,0,12,3,10,2
2999,18076,1,19974,3,19975,1,19938,1,0,0,0,0,0,0,12,3,10,2
3000,18077,1,19993,3,19975,1,5510,1,0,0,0,0,0,0,11,3,10,2
3001,0,0,0,0,0,0,0,0,0,0,0,0,0,0,11,3,10,2
3002,18079,1,19925,2,19919,2,0,0,0,0,0,0,0,0,10,3,9,2
3003,18080,1,19974,3,19975,1,19938,1,5351,5,0,0,0,0,12,3,10,2
3004,18081,1,19938,2,19974,1,19975,1,5351,2,0,0,0,0,10,3,8,2
3005,18082,1,19974,3,19993,1,19975,1,5064,1,0,0,0,0,12,3,10,2
3006,18083,1,19993,2,19938,1,19975,1,5510,1,0,0,0,0,11,3,10,2
3007,0,0,0,0,0,0,0,0,0,0,0,0,0,0,11,3,10,2
3008,18085,1,19925,2,19919,2,0,0,0,0,0,0,0,0,10,3,9,2
3009,18086,1,19974,3,19975,1,19938,1,5352,5,0,0,0,0,12,3,10,2
3010,18087,1,19938,2,19974,1,19975,1,5352,2,0,0,0,0,10,3,8,2
3011,18088,1,19974,3,19993,1,19975,1,5064,1,0,0,0,0,12,3,10,2
3012,18089,1,19993,2,19938,1,19975,1,5510,1,0,0,0,0,11,3,10,2
3013,0,0,0,0,0,0,0,0,0,0,0,0,0,0,11,3,10,2
3014,18091,1,19938,1,19962,2,0,0,0,0,0,0,0,0,10,3,8,2
3015,18092,1,19938,1,19962,2,0,0,0,0,0,0,0,0,10,3,8,2
3016,18093,1,19938,1,19962,2,0,0,0,0,0,0,0,0,10,3,8,2
3017,18094,1,19938,1,19962,2,0,0,0,0,0,0,0,0,10,3,8,2
3018,18095,1,19938,1,19962,2,0,0,0,0,0,0,0,0,10,3,8,2
3019,18096,1,19938,2,19962,1,0,0,0,0,0,0,0,0,10,3,8,2
3020,18097,1,19938,2,19962,1,0,0,0,0,0,0,0,0,10,3,8,2
3021,18098,1,19938,2,19962,1,0,0,0,0,0,0,0,0,10,3,8,2
3022,18099,1,19938,2,19962,1,0,0,0,0,0,0,0,0,10,3,8,2
3023,18100,1,19938,2,19962,1,0,0,0,0,0,0,0,0,10,3,8,2
3024,18101,1,19938,1,19962,2,0,0,0,0,0,0,0,0,10,3,8,2
3025,18102,1,19938,1,19962,2,0,0,0,0,0,0,0,0,10,3,8,2
3026,18103,1,19938,1,19962,2,0,0,0,0,0,0,0,0,10,3,8,2
3027,18104,1,19938,1,19962,2,0,0,0,0,0,0,0,0,10,3,8,2
3028,18105,1,19938,1,19962,2,0,0,0,0,0,0,0,0,10,3,8,2
3029,18106,1,19938,1,19962,1,0,0,0,0,0,0,0,0,10,3,8,2
3030,18107,1,19938,1,19962,1,0,0,0,0,0,0,0,0,10,3,8,2
3031,18108,1,19938,1,19962,1,0,0,0,0,0,0,0,0,10,3,8,2
3032,18109,1,19938,1,19962,1,0,0,0,0,0,0,0,0,10,3,8,2
3033,18110,1,19938,1,19962,1,0,0,0,0,0,0,0,0,10,3,8,2
3034,18189,1,19941,2,19938,1,19926,1,19993,1,5507,1,0,0,8,4,11,3
3035,18190,1,19941,2,19940,1,19926,1,19974,1,19964,2,0,0,8,4,11,3
3036,18191,1,19941,3,19926,1,19939,1,5507,1,0,0,0,0,8,4,11,3
3037,18192,1,19926,1,19941,3,19993,1,5507,1,0,0,0,0,10,3,9,3
3038,18193,1,19926,2,19941,2,19938,1,19978,1,0,0,0,0,10,3,9,3
3039,18194,1,19941,2,19940,1,19926,1,19939,1,5507,1,0,0,8,4,11,3
3040,18195,1,19941,3,19940,1,19939,1,5507,1,0,0,0,0,8,4,11,3
3041,18196,1,19941,2,19940,1,19926,1,19939,1,12611,1,0,0,8,4,11,3
3042,18197,1,19926,2,19940,1,19904,2,0,0,0,0,0,0,10,3,9,3
3043,18198,1,19940,3,19994,1,12541,1,12550,1,0,0,0,0,10,4,8,3
3044,18199,1,19901,1,19994,2,19940,1,19926,1,0,0,0,0,13,3,12,3
3045,18200,1,19901,1,19994,2,19940,1,19926,1,0,0,0,0,13,3,12,3
3046,18201,1,19940,3,19941,1,19938,1,19962,3,19901,1,0,0,10,4,8,3
3047,18202,1,19941,3,19926,1,19974,1,12524,1,20008,1,0,0,8,4,11,3
3048,18203,1,19940,3,19926,1,12524,2,0,0,0,0,0,0,10,4,8,3
3049,18204,1,19941,2,19939,1,19938,1,19993,1,0,0,0,0,9,3,11,3
3050,18205,1,19941,3,19939,1,19993,1,0,0,0,0,0,0,9,3,11,3
3051,18206,1,19941,3,19993,1,19974,2,0,0,0,0,0,0,9,4,11,3
3052,18207,1,19941,2,19994,1,19939,1,0,0,0,0,0,0,9,4,11,3
3053,18208,1,19994,2,19977,2,19978,1,0,0,0,0,0,0,11,3,10,3
3054,18209,1,19941,2,19994,1,19939,1,0,0,0,0,0,0,9,4,11,3
3055,0,0,0,0,0,0,0,0,0,0,0,0,0,0,9,3,11,3
3056,18211,1,19941,3,19939,1,19993,1,5358,2,0,0,0,0,9,3,11,3
3057,18212,1,19941,2,19977,2,19938,1,0,0,0,0,0,0,9,4,11,3
3058,18213,1,19941,2,19994,1,19939,1,0,0,0,0,0,0,9,4,11,3
3059,18214,1,19994,2,19977,2,19978,1,0,0,0,0,0,0,11,3,10,3
3060,18215,1,19941,2,19994,1,19938,1,0,0,0,0,0,0,9,4,11,3
3061,0,0,0,0,0,0,0,0,0,0,0,0,0,0,9,3,11,3
3062,18217,1,19977,2,19978,1,19941,1,0,0,0,0,0,0,12,3,10,3
3063,18218,1,19977,2,19994,1,19941,1,19978,1,0,0,0,0,12,4,10,3
3064,18219,1,19994,2,19977,1,19978,1,19939,1,0,0,0,0,11,3,10,3
3065,18220,1,19977,2,19994,1,19941,1,19978,1,0,0,0,0,12,4,10,3
3066,18221,1,19994,2,19977,1,19978,1,5510,1,0,0,0,0,11,4,10,3
3067,0,0,0,0,0,0,0,0,0,0,0,0,0,0,11,3,10,3
3068,18223,1,19994,2,19941,1,19978,1,0,0,0,0,0,0,11,3,10,3
3069,18224,1,19977,3,19994,1,19978,1,19939,1,0,0,0,0,12,4,10,3
3070,18225,1,19994,2,19941,1,19978,1,0,0,0,0,0,0,11,3,10,3
3071,18226,1,19977,3,19994,1,19978,1,19939,1,0,0,0,0,12,4,10,3
3072,18227,1,19994,2,19977,1,19978,1,5510,1,0,0,0,0,11,4,10,3
3073,0,0,0,0,0,0,0,0,0,0,0,0,0,0,11,3,10,3
3074,18229,1,19977,2,19978,1,19941,1,0,0,0,0,0,0,12,3,10,3
3075,18230,1,19977,2,19994,1,19941,1,19978,1,0,0,0,0,12,4,10,3
3076,18231,1,19994,2,19977,1,19978,1,19939,1,0,0,0,0,11,3,10,3
3077,18232,1,19977,2,19994,1,19941,1,19978,1,0,0,0,0,12,4,10,3
3078,18233,1,19994,2,19974,1,19978,1,5510,1,0,0,0,0,11,4,10,3
3079,0,0,0,0,0,0,0,0,0,0,0,0,0,0,11,3,10,3
3080,18235,1,19940,3,19978,1,0,0,0,0,0,0,0,0,10,4,8,3
3081,18236,1,19977,3,19974,1,19994,1,19978,1,0,0,0,0,12,4,10,3
3082,18237,1,19994,2,19940,1,19978,1,0,0,0,0,0,0,11,3,10,3
3083,18238,1,19977,3,19994,1,19978,1,19938,1,0,0,0,0,12,4,10,3
3084,18239,1,19994,3,19993,1,19978,1,5510,1,0,0,0,0,11,4,10,3
3085,0,0,0,0,0,0,0,0,0,0,0,0,0,0,12,3,10,3
3086,18241,1,19977,2,19994,1,19978,1,19938,1,5358,1,0,0,12,3,10,3
3087,18242,1,19977,3,19994,1,19978,1,19938,1,0,0,0,0,12,4,10,3
3088,18243,1,19977,2,19994,1,19978,1,0,0,0,0,0,0,12,3,10,3
3089,18244,1,19977,3,19994,1,19978,1,19938,1,0,0,0,0,12,4,10,3
3090,18245,1,19994,2,19977,1,19978,1,5510,1,0,0,0,0,11,4,10,3
3091,0,0,0,0,0,0,0,0,0,0,0,0,0,0,12,3,10,3
3092,18247,1,19940,1,19938,1,19963,2,0,0,0,0,0,0,10,4,8,3
3093,18248,1,19940,1,19938,1,19963,2,0,0,0,0,0,0,10,4,8,3
3094,18249,1,19940,1,19938,1,19963,2,0,0,0,0,0,0,10,4,8,3
3095,18250,1,19940,1,19938,1,19963,2,0,0,0,0,0,0,10,4,8,3
3096,18251,1,19940,1,19938,1,19963,2,0,0,0,0,0,0,10,4,8,3
3097,18252,1,19940,1,19963,2,19978,1,0,0,0,0,0,0,10,4,8,3
3098,18253,1,19940,1,19963,2,19978,1,0,0,0,0,0,0,10,4,8,3
3099,18254,1,19940,1,19963,2,19978,1,0,0,0,0,0,0,10,4,8,3
3100,18255,1,19940,1,19963,2,19978,1,0,0,0,0,0,0,10,4,8,3
3101,18256,1,19940,1,19963,2,19978,1,0,0,0,0,0,0,10,4,8,3
3102,18257,1,19940,1,19938,1,19993,1,0,0,0,0,0,0,10,3,8,3
3103,18258,1,19940,1,19938,1,19993,1,0,0,0,0,0,0,10,3,8,3
3104,18259,1,19940,1,19938,1,19993,1,0,0,0,0,0,0,10,3,8,3
3105,18260,1,19940,1,19938,1,19993,1,0,0,0,0,0,0,10,3,8,3
3106,18261,1,19940,1,19938,1,19993,1,0,0,0,0,0,0,10,3,8,3
3107,18262,1,19940,1,19938,1,19919,1,0,0,0,0,0,0,10,3,8,3
3108,18263,1,19940,1,19938,1,19919,1,0,0,0,0,0,0,10,3,8,3
3109,18264,1,19940,1,19938,1,19919,1,0,0,0,0,0,0,10,3,8,3
3110,18265,1,19940,1,19938,1,19919,1,0,0,0,0,0,0,10,3,8,3
3111,18266,1,19940,1,19938,1,19919,1,0,0,0,0,0,0,10,3,8,3
3112,18345,1,19943,2,19942,1,19993,1,19906,1,0,0,0,0,8,4,11,3
3113,18346,1,19943,2,19942,1,5372,1,19994,1,19906,1,0,0,8,4,11,3
3114,18347,1,19943,2,5372,1,19942,1,19994,1,19906,1,0,0,8,4,11,3
3115,18348,1,19943,1,5372,2,19942,1,19994,1,19906,1,0,0,10,4,9,3
3116,18349,1,5372,3,19942,1,19977,1,19906,1,0,0,0,0,10,4,9,3
3117,18350,1,19943,3,19942,1,19977,1,19906,1,0,0,0,0,8,4,11,4
3118,18351,1,19943,3,19942,1,19926,1,19994,1,19906,1,0,0,8,4,11,4
3119,18352,1,19943,3,19942,1,19926,1,12611,1,0,0,0,0,8,4,11,4
3120,18353,1,5372,2,19980,1,12944,1,19904,2,0,0,0,0,10,4,9,3
3121,18354,1,19942,3,5372,1,19964,1,0,0,0,0,0,0,10,4,8,4
3122,18355,1,19902,1,19995,2,19942,1,5372,1,19963,1,0,0,13,4,12,4
3123,18356,1,19902,1,19995,2,19942,1,5372,1,19964,1,0,0,13,4,12,4
3124,18357,1,19942,3,19943,1,19963,1,19902,1,0,0,0,0,10,4,8,4
3125,18358,1,19943,3,19926,1,19980,1,19938,1,20008,1,0,0,8,4,11,4
3126,18359,1,19942,2,19943,2,19994,1,19964,1,0,0,0,0,10,4,8,4
3127,18360,1,19943,2,19941,1,19940,1,0,0,0,0,0,0,9,4,11,4
3128,18361,1,19942,2,19941,1,12550,1,19893,1,0,0,0,0,10,4,8,4
3129,18362,1,19943,2,19995,1,19980,1,19978,1,19893,2,0,0,9,4,11,4
3130,18363,1,19943,2,19995,1,19940,1,19893,1,0,0,0,0,9,4,11,3
3131,18364,1,19980,3,19942,1,19978,1,19893,2,0,0,0,0,12,4,10,3
3132,18365,1,19943,2,19995,1,19940,1,5510,1,19893,1,0,0,9,4,11,3
3133,0,0,0,0,0,0,0,0,0,0,0,0,0,0,9,4,11,3
3134,18367,1,19942,2,19941,1,12550,1,19891,1,0,0,0,0,10,4,8,4
3135,18368,1,19943,2,19995,1,19980,1,19978,1,19891,2,0,0,9,4,11,4
3136,18369,1,19943,2,19995,1,19940,1,19891,1,0,0,0,0,9,4,11,3
3137,18370,1,19980,3,19942,1,19978,1,19891,2,0,0,0,0,12,4,10,3
3138,18371,1,19943,2,19995,1,19940,1,5510,1,19891,1,0,0,9,4,11,3
3139,0,0,0,0,0,0,0,0,0,0,0,0,0,0,9,4,11,3
3140,18373,1,19995,2,19942,1,19940,1,19978,1,19891,1,0,0,11,4,10,4
3141,18374,1,19980,3,19994,1,19940,1,19978,1,19891,2,0,0,12,4,10,4
3142,18375,1,19995,2,19980,1,19941,1,19891,1,0,0,0,0,11,4,10,3
3143,18376,1,19980,3,19995,1,19941,1,19978,1,19891,2,0,0,12,4,10,4
3144,18377,1,19995,3,19994,1,19981,1,5510,1,19891,1,0,0,11,4,10,4
3145,0,0,0,0,0,0,0,0,0,0,0,0,0,0,11,4,10,3
3146,18379,1,19995,2,19942,1,19940,1,19978,1,19892,1,0,0,11,4,10,4
3147,18380,1,19980,3,19994,1,19940,1,19978,1,19892,2,0,0,12,4,10,4
3148,18381,1,19995,2,19980,1,19941,1,19892,1,0,0,0,0,11,4,10,3
3149,18382,1,19980,3,19995,1,19941,1,19978,1,19892,2,0,0,12,4,10,3
3150,18383,1,19995,3,19994,1,19981,1,5510,1,19892,1,0,0,11,4,10,4
3151,0,0,0,0,0,0,0,0,0,0,0,0,0,0,11,4,10,3
3152,18385,1,19995,2,19942,1,19940,1,19978,1,19892,1,0,0,11,4,10,4
3153,18386,1,19980,3,19994,1,19940,1,19978,1,19892,2,0,0,12,4,10,4
3154,18387,1,19995,2,19980,1,19941,1,19892,1,0,0,0,0,11,4,10,3
3155,18388,1,19980,3,19995,1,19941,1,19978,1,19892,2,0,0,12,4,10,3
3156,18389,1,19995,3,19994,1,19981,1,5510,1,19892,1,0,0,11,4,10,4
3157,0,0,0,0,0,0,0,0,0,0,0,0,0,0,11,4,10,3
3158,18391,1,19980,2,19942,1,19978,1,19895,1,0,0,0,0,12,4,10,3
3159,18392,1,19980,3,19942,1,19977,1,19978,1,19895,2,0,0,12,4,10,4
3160,18393,1,19995,2,19980,1,19940,1,19895,1,0,0,0,0,11,4,10,3
3161,18394,1,19980,3,19942,1,19981,1,19978,1,19895,2,0,0,12,4,10,3
3162,18395,1,19995,2,19980,1,19981,1,5510,1,19895,1,0,0,11,4,10,4
3163,0,0,0,0,0,0,0,0,0,0,0,0,0,0,12,4,10,3
3164,18397,1,19980,2,19942,1,19978,1,19894,1,0,0,0,0,12,4,10,3
3165,18398,1,19980,3,19942,1,19977,1,19978,1,19894,2,0,0,12,4,10,4
3166,18399,1,19995,2,19980,1,19940,1,19894,1,0,0,0,0,11,4,10,3
3167,18400,1,19980,3,19942,1,19981,1,19978,1,19894,2,0,0,12,4,10,3
3168,18401,1,19995,2,19980,1,19981,1,5510,1,19894,1,0,0,11,4,10,4
3169,0,0,0,0,0,0,0,0,0,0,0,0,0,0,12,4,10,3
3170,18403,1,19942,1,19938,1,19964,2,19893,1,0,0,0,0,10,4,8,4
3171,18404,1,19942,1,19938,1,19964,2,19891,1,0,0,0,0,10,4,8,4
3172,18405,1,19942,1,19938,1,19964,2,19892,1,0,0,0,0,10,4,8,4
3173,18406,1,19942,1,19938,1,19964,2,19895,1,0,0,0,0,10,4,8,4
3174,18407,1,19942,1,19938,1,19964,2,19894,1,0,0,0,0,10,4,8,4
3175,18408,1,19942,1,19938,2,19964,1,19893,1,0,0,0,0,10,4,8,4
3176,18409,1,19942,1,19938,2,19964,1,19891,1,0,0,0,0,10,4,8,4
3177,18410,1,19942,1,19938,2,19964,1,19892,1,0,0,0,0,10,4,8,4
3178,18411,1,19942,1,19938,2,19964,1,19895,1,0,0,0,0,10,4,8,4
3179,18412,1,19942,1,19938,2,19964,1,19894,1,0,0,0,0,10,4,8,4
3180,18413,1,19942,1,19938,1,19964,2,19893,1,0,0,0,0,10,4,8,3
3181,18414,1,19942,1,19938,1,19964,2,19891,1,0,0,0,0,10,4,8,3
3182,18415,1,19942,1,19938,1,19964,2,19892,1,0,0,0,0,10,4,8,3
3183,18416,1,19942,1,19938,1,19964,2,19895,1,0,0,0,0,10,4,8,3
3184,18417,1,19942,1,19938,1,19964,2,19894,1,0,0,0,0,10,4,8,3
3185,18418,1,19942,1,19938,1,19964,1,19893,1,0,0,0,0,10,4,8,3
3186,18419,1,19942,1,19938,1,19964,1,19891,1,0,0,0,0,10,4,8,3
3187,18420,1,19942,1,19938,1,19964,1,19892,1,0,0,0,0,10,4,8,3
3188,18421,1,19942,1,19938,1,19964,1,19895,1,0,0,0,0,10,4,8,3
3189,18422,1,19942,1,19938,1,19964,1,19894,1,0,0,0,0,10,4,8,3
3190,18501,1,19945,2,19944,1,19943,1,19906,1,0,0,0,0,8,5,11,4
3191,18502,1,19945,3,19927,1,19943,1,0,0,0,0,0,0,8,5,11,4
3192,18503,1,19945,3,19927,1,19996,1,19906,1,0,0,0,0,8,5,11,4
3193,18504,1,19927,2,19945,2,19995,1,19906,1,0,0,0,0,10,5,9,4
3194,18505,1,19927,2,19945,1,19944,1,19984,1,0,0,0,0,10,5,9,4
3195,18506,1,19945,2,19944,2,19995,1,19906,1,0,0,0,0,8,5,11,4
3196,18507,1,19945,3,19944,1,19995,1,19906,1,0,0,0,0,8,5,11,4
3197,18508,1,19945,2,19944,1,19927,1,19943,1,12611,1,0,0,8,5,11,4
3198,18509,1,19927,2,19944,2,19942,1,19905,1,0,0,0,0,10,5,9,4
3199,18510,1,19944,3,19927,1,19942,1,0,0,0,0,0,0,10,5,8,4
3200,18511,1,19902,1,19996,2,19927,1,19942,1,0,0,0,0,13,5,12,4
3201,18512,1,19902,1,19996,2,19927,1,19942,1,0,0,0,0,13,5,12,4
3202,18513,1,19944,3,19942,1,19940,1,19965,3,19902,1,0,0,10,5,8,4
3203,18514,1,19945,3,19927,1,19942,1,19995,1,20008,1,0,0,8,5,11,4
3204,18515,1,19944,2,19945,2,19964,2,0,0,0,0,0,0,10,5,8,4
3205,18516,1,19945,2,5372,1,19942,1,0,0,0,0,0,0,9,5,11,4
3206,18517,1,19945,2,19996,1,19943,1,19893,1,0,0,0,0,9,5,11,4
3207,18518,1,19945,2,19983,2,19995,1,19942,1,19893,2,0,0,9,5,11,4
3208,18519,1,19945,3,19943,1,19995,1,19893,1,0,0,0,0,9,5,11,4
3209,18520,1,19996,2,19983,2,19995,1,19984,1,19893,2,0,0,11,5,10,4
3210,18521,1,19945,2,19996,1,19943,1,19893,1,0,0,0,0,9,5,11,4
3211,0,0,0,0,0,0,0,0,0,0,0,0,0,0,11,5,10,4
3212,18523,1,19945,2,19996,1,19942,1,19891,1,0,0,0,0,9,5,11,4
3213,18524,1,19945,2,19983,2,19995,1,19942,1,19891,2,0,0,9,5,11,4
3214,18525,1,19945,3,19943,1,19995,1,19891,1,0,0,0,0,9,5,11,4
3215,18526,1,19996,2,19983,2,19995,1,19984,1,19891,2,0,0,11,5,10,4
3216,18527,1,19945,2,19996,1,19942,1,19891,1,0,0,0,0,9,5,11,4
3217,0,0,0,0,0,0,0,0,0,0,0,0,0,0,11,5,10,4
3218,18529,1,19996,2,19983,1,19984,1,19942,1,19891,1,0,0,11,5,10,4
3219,18530,1,19996,3,19983,1,19981,1,19942,1,19891,2,0,0,11,5,10,4
3220,18531,1,19945,3,19943,1,19995,1,19891,1,0,0,0,0,9,5,11,4
3221,18532,1,19996,2,19983,2,19995,1,19984,1,19891,2,0,0,11,5,10,4
3222,18533,1,19945,2,19996,1,19942,1,19891,1,0,0,0,0,9,5,11,4
3223,0,0,0,0,0,0,0,0,0,0,0,0,0,0,12,5,10,4
3224,18535,1,19983,2,19996,1,19984,1,5357,1,19892,1,0,0,12,5,10,4
3225,18536,1,19983,3,19996,1,19984,1,19943,1,19892,2,0,0,12,5,10,4
3226,18537,1,19996,2,19983,1,19984,1,19943,1,19892,1,0,0,11,5,10,4
3227,18538,1,19983,3,19996,1,19984,1,19943,1,19892,2,0,0,12,5,10,4
3228,18539,1,19996,2,19945,1,19995,1,5510,1,19892,1,0,0,11,5,10,4
3229,0,0,0,0,0,0,0,0,0,0,0,0,0,0,11,5,10,4
3230,18541,1,19996,2,19983,1,19984,1,19942,1,19892,1,0,0,11,5,10,4
3231,18542,1,19996,3,19983,1,19981,1,19942,1,19892,2,0,0,11,5,10,4
3232,18543,1,19945,3,19943,1,19995,1,19892,1,0,0,0,0,9,5,11,4
3233,18544,1,19996,2,19983,2,19995,1,19984,1,19892,2,0,0,11,5,10,4
3234,18545,1,19945,2,19996,1,19943,1,19892,1,0,0,0,0,9,5,11,4
3235,0,0,0,0,0,0,0,0,0,0,0,0,0,0,12,5,10,4
3236,18547,1,19983,2,19996,1,19984,1,5357,1,19895,1,0,0,12,5,10,4
3237,18548,1,19983,3,19996,1,19984,1,19942,1,19895,2,0,0,12,5,10,4
3238,18549,1,19996,2,19983,1,19984,1,19942,1,19895,1,0,0,11,5,10,4
3239,18550,1,19983,3,19996,1,19984,1,19942,1,19895,2,0,0,12,5,10,4
3240,18551,1,19996,2,19944,1,19995,1,5510,1,19895,1,0,0,11,5,10,4
3241,0,0,0,0,0,0,0,0,0,0,0,0,0,0,11,5,10,4
3242,18553,1,19983,2,19996,1,19984,1,5357,1,19894,1,0,0,12,5,10,4
3243,18554,1,19983,3,19996,1,19984,1,19942,1,19894,2,0,0,12,5,10,4
3244,18555,1,19996,2,19983,1,19984,1,19942,1,19894,1,0,0,11,5,10,4
3245,18556,1,19983,3,19996,1,19984,1,19942,1,19894,2,0,0,12,5,10,4
3246,18557,1,19996,2,19944,1,19995,1,5510,1,19894,1,0,0,11,5,10,4
3247,0,0,0,0,0,0,0,0,0,0,0,0,0,0,11,5,10,4
3248,18559,1,19944,1,19965,3,19893,1,0,0,0,0,0,0,10,5,8,4
3249,18560,1,19944,1,19965,3,19891,1,0,0,0,0,0,0,10,5,8,4
3250,18561,1,19944,1,19965,3,19892,1,0,0,0,0,0,0,10,5,8,4
3251,18562,1,19944,1,19965,3,19895,1,0,0,0,0,0,0,10,5,8,4
3252,18563,1,19944,1,19965,3,19894,1,0,0,0,0,0,0,10,5,8,4
3253,18564,1,19944,1,19965,1,19995,1,19893,1,0,0,0,0,10,5,8,4
3254,18565,1,19944,1,19965,1,19995,1,19891,1,0,0,0,0,10,5,8,4
3255,18566,1,19944,1,19965,1,19995,1,19892,1,0,0,0,0,10,5,8,4
3256,18567,1,19944,1,19965,1,19995,1,19895,1,0,0,0,0,10,5,8,4
3257,18568,1,19944,1,19965,1,19995,1,19894,1,0,0,0,0,10,5,8,4
3258,18569,1,19944,1,19965,2,19995,1,19893,1,0,0,0,0,10,5,8,4
3259,18570,1,19944,1,19965,2,19995,1,19891,1,0,0,0,0,10,5,8,4
3260,18571,1,19944,1,19965,2,19995,1,19892,1,0,0,0,0,10,5,8,4
3261,18572,1,19944,1,19965,2,19995,1,19895,1,0,0,0,0,10,5,8,4
3262,18573,1,19944,1,19965,2,19995,1,19894,1,0,0,0,0,10,5,8,4
3263,18574,1,19944,1,19965,1,19893,1,0,0,0,0,0,0,10,5,8,4
3264,18575,1,19944,1,19965,1,19891,1,0,0,0,0,0,0,10,5,8,4
3265,18576,1,19944,1,19965,1,19892,1,0,0,0,0,0,0,10,5,8,4
3266,18577,1,19944,1,19965,1,19895,1,0,0,0,0,0,0,10,5,8,4
3267,18578,1,19944,1,19965,1,19894,1,0,0,0,0,0,0,10,5,8,4
3268,18657,1,19947,2,19945,1,19942,1,19906,1,0,0,0,0,8,5,11,5
3269,18658,1,19947,2,19928,1,19942,2,0,0,0,0,0,0,8,5,11,5
3270,18659,1,19947,2,19928,1,19996,1,19906,1,0,0,0,0,8,5,11,5
3271,18660,1,19928,2,19947,1,19996,1,19906,1,0,0,0,0,10,5,9,5
3272,18661,1,19928,3,19983,1,19984,1,0,0,0,0,0,0,10,5,9,5
3273,18662,1,19947,2,19997,1,19942,1,19906,1,0,0,0,0,8,5,11,5
3274,18663,1,19947,3,19945,1,19942,1,19906,1,0,0,0,0,8,5,11,5
3275,18664,1,19947,2,19928,1,19996,1,12611,1,0,0,0,0,8,5,11,5
3276,18665,1,19928,2,19946,1,19942,1,19967,1,19905,1,0,0,10,5,9,5
3277,18666,1,19946,2,19947,1,19942,1,19906,1,0,0,0,0,10,5,8,5
3278,18667,1,19903,1,19997,2,19928,1,19942,1,0,0,0,0,13,5,12,5
3279,18668,1,19903,1,19997,2,19928,1,19942,1,0,0,0,0,13,5,12,5
3280,18669,1,19946,3,19942,1,19967,3,19903,1,0,0,0,0,10,5,8,5
3281,18670,1,19947,3,19928,1,19995,1,19944,1,20008,1,0,0,8,5,11,5
3282,18671,1,19946,2,19947,1,19997,1,12550,1,0,0,0,0,10,5,8,5
3283,18672,1,19947,1,19945,1,19927,1,0,0,0,0,0,0,9,5,11,5
3284,18673,1,19947,2,19997,1,19988,1,19893,1,0,0,0,0,9,5,11,5
3285,18674,1,19997,3,19987,1,19988,1,19945,1,19893,2,0,0,11,5,10,5
3286,18675,1,19997,2,19947,1,19988,1,19945,1,19893,1,0,0,11,5,10,5
3287,18676,1,19987,3,19997,1,19988,1,19945,1,19893,2,0,0,12,5,10,5
3288,18677,1,19947,2,19997,1,19945,1,19893,1,0,0,0,0,9,5,11,5
3289,0,0,0,0,0,0,0,0,0,0,0,0,0,0,9,5,11,5
3290,18679,1,19947,2,19997,1,19988,1,19891,1,0,0,0,0,9,5,11,5
3291,18680,1,19997,3,19987,1,19988,1,19945,1,19967,1,19891,2,11,5,10,5
3292,18681,1,19947,2,19997,1,19983,1,19891,1,0,0,0,0,9,5,11,5
3293,18682,1,19997,2,19987,1,19988,1,19945,1,19891,2,0,0,11,5,10,5
3294,18683,1,19997,3,19983,1,19988,1,19945,1,19891,1,0,0,11,5,10,5
3295,0,0,0,0,0,0,0,0,0,0,0,0,0,0,9,5,11,5
3296,18685,1,19987,2,19997,1,19988,1,19945,1,19891,1,0,0,12,5,10,5
3297,18686,1,19997,3,19987,1,19988,1,19945,1,19963,1,19891,2,11,5,10,5
3298,18687,1,19947,2,19997,1,19983,1,19891,1,0,0,0,0,9,5,11,5
3299,18688,1,19997,2,19987,1,19988,1,19945,1,19891,2,0,0,11,5,10,5
3300,18689,1,19997,3,19983,1,19988,1,19945,1,19891,1,0,0,11,5,10,5
3301,0,0,0,0,0,0,0,0,0,0,0,0,0,0,11,5,10,5
3302,18691,1,19987,2,19997,1,19988,1,19945,1,19967,1,19892,1,12,5,10,5
3303,18692,1,19987,2,19997,1,19983,1,19988,1,19945,1,19892,2,12,5,10,5
3304,18693,1,19997,3,19983,1,19988,1,19945,1,19892,1,0,0,11,5,10,5
3305,18694,1,19987,2,19997,2,19988,1,19945,1,19892,2,0,0,12,5,10,5
3306,18695,1,19997,3,19988,1,19945,1,5510,1,19892,1,0,0,11,5,10,5
3307,0,0,0,0,0,0,0,0,0,0,0,0,0,0,11,5,10,5
3308,18697,1,19987,2,19997,1,19988,1,19945,1,19963,1,19892,1,12,5,10,5
3309,18698,1,19997,3,19987,1,19988,1,19945,1,19963,1,19892,2,11,5,10,5
3310,18699,1,19947,2,19997,1,19983,1,19892,1,0,0,0,0,9,5,11,5
3311,18700,1,19997,2,19987,1,19988,1,19945,1,19892,2,0,0,11,5,10,5
3312,18701,1,19997,3,19983,1,19988,1,19945,1,19892,1,0,0,11,5,10,5
3313,0,0,0,0,0,0,0,0,0,0,0,0,0,0,11,5,10,5
3314,18703,1,19987,2,19997,1,19988,1,19944,1,19895,1,0,0,12,5,10,5
3315,18704,1,19997,3,19987,1,19988,1,19944,1,19895,2,0,0,11,5,10,5
3316,18705,1,19997,2,19947,1,19988,1,19944,1,19895,1,0,0,11,5,10,5
3317,18706,1,19987,3,19997,1,19988,1,19944,1,19895,2,0,0,12,5,10,5
3318,18707,1,19997,2,19987,1,19988,1,5510,1,19895,1,0,0,11,5,10,5
3319,0,0,0,0,0,0,0,0,0,0,0,0,0,0,12,5,10,5
3320,18709,1,19987,2,19997,1,19988,1,19944,1,19894,1,0,0,12,5,10,5
3321,18710,1,19987,2,19997,1,19983,1,19988,1,19944,1,19894,2,12,5,10,5
3322,18711,1,19997,3,19983,1,19988,1,19944,1,19894,1,0,0,11,5,10,5
3323,18712,1,19987,2,19997,2,19988,1,19944,1,19894,2,0,0,12,5,10,5
3324,18713,1,19997,3,19988,1,19945,1,5510,1,19894,1,0,0,11,5,10,5
3325,0,0,0,0,0,0,0,0,0,0,0,0,0,0,12,5,10,5
3326,18715,1,19947,1,19946,1,19893,1,0,0,0,0,0,0,10,5,8,5
3327,18716,1,19947,1,19946,1,19891,1,0,0,0,0,0,0,10,5,8,5
3328,18717,1,19947,1,19946,1,19892,1,0,0,0,0,0,0,10,5,8,5
3329,18718,1,19947,1,19946,1,19895,1,0,0,0,0,0,0,10,5,8,5
3330,18719,1,19947,1,19946,1,19894,1,0,0,0,0,0,0,10,5,8,5
3331,18720,1,19946,1,19945,1,19996,1,19893,1,0,0,0,0,10,5,8,5
3332,18721,1,19946,1,19945,1,19996,1,19891,1,0,0,0,0,10,5,8,5
3333,18722,1,19946,1,19945,1,19996,1,19892,1,0,0,0,0,10,5,8,5
3334,18723,1,19946,1,19945,1,19996,1,19895,1,0,0,0,0,10,5,8,5
3335,18724,1,19946,1,19945,1,19996,1,19894,1,0,0,0,0,10,5,8,5
3336,18725,1,19946,1,19945,1,19981,2,19893,1,0,0,0,0,10,5,8,5
3337,18726,1,19946,1,19945,1,19981,2,19891,1,0,0,0,0,10,5,8,5
3338,18727,1,19946,1,19945,1,19981,2,19892,1,0,0,0,0,10,5,8,5
3339,18728,1,19946,1,19945,1,19981,2,19895,1,0,0,0,0,10,5,8,5
3340,18729,1,19946,1,19945,1,19981,2,19894,1,0,0,0,0,10,5,8,5
3341,18730,1,19946,1,19996,1,19893,1,0,0,0,0,0,0,10,5,8,5
3342,18731,1,19946,1,19996,1,19891,1,0,0,0,0,0,0,10,5,8,5
3343,18732,1,19946,1,19996,1,19892,1,0,0,0,0,0,0,10,5,8,5
3344,18733,1,19946,1,19996,1,19895,1,0,0,0,0,0,0,10,5,8,5
3345,18734,1,19946,1,19996,1,19894,1,0,0,0,0,0,0,10,5,8,5
3346,0,0,0,0,0,0,0,0,0,0,0,0,0,0,9,6,11,5
3347,0,0,0,0,0,0,0,0,0,0,0,0,0,0,9,6,11,5
3348,0,0,0,0,0,0,0,0,0,0,0,0,0,0,11,6,10,5
3349,0,0,0,0,0,0,0,0,0,0,0,0,0,0,11,6,10,5
3350,0,0,0,0,0,0,0,0,0,0,0,0,0,0,11,6,10,5
3351,0,0,0,0,0,0,0,0,0,0,0,0,0,0,12,5,10,5
3352,0,0,0,0,0,0,0,0,0,0,0,0,0,0,12,5,10,5
3353,18949,1,19946,1,19966,2,20011,1,19893,1,0,0,0,0,10,6,8,5
3354,18950,1,19946,1,19966,2,20011,1,19891,1,0,0,0,0,10,6,8,5
3355,18951,1,19946,1,19966,2,20011,1,19892,1,0,0,0,0,10,6,8,5
3356,18952,1,19946,1,19966,2,20011,1,19895,1,0,0,0,0,10,6,8,5
3357,18953,1,19946,1,19966,2,20011,1,19894,1,0,0,0,0,10,6,8,5
3358,18954,1,19966,2,19988,1,20011,1,19893,1,0,0,0,0,10,6,8,5
3359,18955,1,19966,2,19988,1,20011,1,19891,1,0,0,0,0,10,6,8,5
3360,18956,1,19966,2,19988,1,20011,1,19892,1,0,0,0,0,10,6,8,5
3361,18957,1,19966,2,19988,1,20011,1,19895,1,0,0,0,0,10,6,8,5
3362,18958,1,19966,2,19988,1,20011,1,19894,1,0,0,0,0,10,6,8,5
3363,18959,1,19966,3,20011,1,19893,1,0,0,0,0,0,0,10,5,8,5
3364,18960,1,19966,3,20011,1,19891,1,0,0,0,0,0,0,10,5,8,5
3365,18961,1,19966,3,20011,1,19892,1,0,0,0,0,0,0,10,5,8,5
3366,18962,1,19966,3,20011,1,19895,1,0,0,0,0,0,0,10,5,8,5
3367,18963,1,19966,3,20011,1,19894,1,0,0,0,0,0,0,10,5,8,5
3368,18964,1,19966,2,20011,1,19893,1,0,0,0,0,0,0,10,5,8,5
3369,18965,1,19966,2,20011,1,19891,1,0,0,0,0,0,0,10,5,8,5
3370,18966,1,19966,2,20011,1,19892,1,0,0,0,0,0,0,10,5,8,5
3371,18967,1,19966,2,20011,1,19895,1,0,0,0,0,0,0,10,5,8,5
3372,18968,1,19966,2,20011,1,19894,1,0,0,0,0,0,0,10,5,8,5
3373,19506,1,19939,3,19925,1,0,0,0,0,0,0,0,0,8,3,11,2
3374,19507,1,19939,2,19925,1,19993,1,0,0,0,0,0,0,8,3,11,2
3375,19508,1,19939,3,19925,1,0,0,0,0,0,0,0,0,8,3,11,2
3376,19509,1,19939,1,19938,2,19925,1,0,0,0,0,0,0,8,3,11,2
3377,19510,1,19939,1,19938,1,19925,1,5232,1,0,0,0,0,8,3,11,2
3378,19511,1,19923,1,19925,1,19938,1,5232,1,0,0,0,0,10,3,8,2
3379,19512,1,19939,3,19938,1,0,0,0,0,0,0,0,0,9,3,11,2
3380,19513,1,19939,3,19925,1,0,0,0,0,0,0,0,0,9,3,11,2
3381,19514,1,19939,2,19925,1,19993,1,0,0,0,0,0,0,8,3,11,2
3382,19515,1,19939,2,19925,1,19938,1,0,0,0,0,0,0,8,3,11,2
3383,19516,1,19925,2,19939,1,19919,1,0,0,0,0,0,0,10,3,9,2
3384,19517,1,19941,2,19926,1,0,0,0,0,0,0,0,0,8,3,11,3
3385,19518,1,19941,2,19977,1,0,0,0,0,0,0,0,0,8,3,11,3
3386,19519,1,19941,3,19939,1,0,0,0,0,0,0,0,0,8,3,11,3
3387,19520,1,19926,2,19941,1,5232,2,0,0,0,0,0,0,10,3,9,3
3388,19521,1,19941,2,19926,1,19974,1,0,0,0,0,0,0,8,3,11,3
3389,19522,1,19926,3,19939,1,0,0,0,0,0,0,0,0,10,3,9,3
3390,19523,1,19941,2,19926,1,0,0,0,0,0,0,0,0,8,3,11,3
3391,19524,1,19941,2,19926,1,20008,1,0,0,0,0,0,0,8,3,11,3
3392,19525,1,19941,2,19926,1,0,0,0,0,0,0,0,0,8,3,11,3
3393,19526,1,19941,2,19926,1,20008,1,0,0,0,0,0,0,8,3,11,3
3394,19527,1,19943,2,19995,1,19942,1,0,0,0,0,0,0,8,4,11,3
3395,19528,1,19943,2,5372,1,19942,1,19906,1,0,0,0,0,8,4,11,3
3396,19529,1,19943,3,5372,1,19906,1,0,0,0,0,0,0,8,4,11,3
3397,19530,1,19943,1,19942,2,5372,1,12549,1,0,0,0,0,8,4,11,3
3398,19531,1,19943,2,5372,1,20008,1,0,0,0,0,0,0,8,4,11,3
3399,19532,1,19921,1,5372,1,19942,1,20008,1,0,0,0,0,10,4,8,4
3400,19533,1,19943,3,19942,1,19939,1,0,0,0,0,0,0,9,4,11,4
3401,19534,1,19943,3,5372,1,19939,1,0,0,0,0,0,0,9,4,11,4
3402,19535,1,19943,3,5372,1,19939,1,19906,1,0,0,0,0,8,4,11,3
3403,19536,1,19943,3,5372,1,19994,1,19906,1,0,0,0,0,8,4,11,3
3404,19537,1,5372,2,19942,1,19977,1,0,0,0,0,0,0,10,4,9,4
3405,19538,1,19943,2,5372,1,19906,1,0,0,0,0,0,0,8,4,11,4
3406,19539,1,19943,2,19995,1,0,0,0,0,0,0,0,0,8,4,11,4
3407,19540,1,19943,3,19939,1,0,0,0,0,0,0,0,0,8,4,11,4
3408,19541,1,5372,2,19943,1,20007,2,0,0,0,0,0,0,10,4,9,4
3409,19542,1,19943,2,5372,1,19977,1,0,0,0,0,0,0,8,4,11,4
3410,19543,1,5372,3,19939,1,0,0,0,0,0,0,0,0,10,4,9,4
3411,19544,1,19943,2,5372,1,0,0,0,0,0,0,0,0,8,4,11,4
3412,19545,1,19943,2,5372,1,20008,1,0,0,0,0,0,0,8,4,11,4
3413,19546,1,19943,2,5372,1,19906,1,0,0,0,0,0,0,8,4,11,4
3414,19547,1,19943,2,5372,1,20008,1,0,0,0,0,0,0,8,4,11,4
3415,19548,1,19945,3,19927,1,19943,1,0,0,0,0,0,0,8,5,11,4
3416,19549,1,19945,3,19996,1,19906,1,0,0,0,0,0,0,8,5,11,4
3417,19550,1,19945,2,19927,1,19996,1,19906,1,0,0,0,0,8,5,11,4
3418,19551,1,19945,1,19944,2,19927,1,12546,1,0,0,0,0,8,5,11,4
3419,19552,1,19945,2,19927,1,19996,1,20008,1,0,0,0,0,8,5,11,4
3420,19553,1,19920,1,19944,1,19927,1,20008,1,0,0,0,0,10,5,8,4
3421,19554,1,19945,3,19944,1,19943,1,12546,1,0,0,0,0,9,5,11,4
3422,19555,1,19945,3,19927,1,19943,1,0,0,0,0,0,0,9,5,11,4
3423,19556,1,19945,3,19927,1,19980,1,5360,1,19906,1,0,0,8,5,11,4
3424,19557,1,19945,3,19927,1,5358,1,19906,1,0,0,0,0,8,5,11,4
3425,19558,1,19927,2,19945,1,19920,1,0,0,0,0,0,0,10,5,9,4
3426,19559,1,19945,2,19927,1,19906,1,0,0,0,0,0,0,8,5,11,4
3427,19560,1,19945,2,19996,1,0,0,0,0,0,0,0,0,8,5,11,4
3428,19561,1,19945,3,19943,1,0,0,0,0,0,0,0,0,8,5,11,4
3429,19562,1,19927,2,19944,1,20007,2,0,0,0,0,0,0,10,5,9,4
3430,19563,1,19945,2,19927,1,19980,1,0,0,0,0,0,0,8,5,11,4
3431,19564,1,19927,3,19943,1,0,0,0,0,0,0,0,0,10,5,9,4
3432,19565,1,19945,2,19927,1,0,0,0,0,0,0,0,0,8,5,11,4
3433,19566,1,19945,2,19927,1,20008,1,0,0,0,0,0,0,8,5,11,4
3434,19567,1,19945,2,19927,1,19906,1,0,0,0,0,0,0,8,5,11,4
3435,19568,1,19945,2,19927,1,20008,1,0,0,0,0,0,0,8,5,11,4
3436,19569,1,19947,3,19997,1,19942,1,0,0,0,0,0,0,8,5,11,5
3437,19570,1,19947,2,19928,1,19946,1,19906,1,0,0,0,0,8,5,11,5
3438,19571,1,19947,2,19945,2,19997,1,19906,1,0,0,0,0,8,5,11,5
3439,19572,1,19947,1,19946,2,19928,1,19964,1,0,0,0,0,8,5,11,5
3440,19573,1,19947,2,19928,1,19942,1,20008,1,0,0,0,0,8,5,11,5
3441,19574,1,19946,2,19928,1,19942,1,20008,1,0,0,0,0,10,5,8,5
3442,19575,1,19947,3,19946,1,19945,1,0,0,0,0,0,0,9,6,11,5
3443,19576,1,19947,3,19928,1,19945,1,0,0,0,0,0,0,9,6,11,5
3444,19577,1,19947,3,19928,1,19945,1,19906,1,0,0,0,0,8,5,11,5
3445,19578,1,19947,2,19928,1,19997,1,19906,1,0,0,0,0,8,5,11,5
3446,19579,1,19928,2,19947,1,19946,1,19983,1,0,0,0,0,10,6,9,5
3447,19580,1,19947,2,19928,1,19906,1,0,0,0,0,0,0,8,6,11,5
3448,19581,1,19947,2,19997,1,0,0,0,0,0,0,0,0,8,6,11,5
3449,19582,1,19947,3,19945,1,0,0,0,0,0,0,0,0,8,6,11,5
3450,19583,1,19928,2,19946,1,20011,2,0,0,0,0,0,0,10,6,9,5
3451,19584,1,19947,2,19928,1,19983,1,0,0,0,0,0,0,8,6,11,5
3452,19585,1,19928,3,19945,1,0,0,0,0,0,0,0,0,10,6,9,5
3453,19586,1,19947,2,19928,1,0,0,0,0,0,0,0,0,8,6,11,5
3454,19587,1,19947,2,19928,1,20008,1,0,0,0,0,0,0,8,6,11,5
3455,19588,1,19947,2,19928,1,19906,1,0,0,0,0,0,0,8,6,11,5
3456,19589,1,19947,2,19928,1,20008,1,0,0,0,0,0,0,8,6,11,5
3457,19612,1,19974,2,19975,1,19938,1,19962,1,0,0,0,0,12,3,10,2
3458,19613,1,19974,2,19993,2,19975,1,5068,1,0,0,0,0,12,3,10,2
3459,19614,1,19993,2,19975,1,0,0,0,0,0,0,0,0,11,3,10,2
3460,19615,1,19974,3,19993,1,19975,1,0,0,0,0,0,0,12,3,10,2
3461,19616,1,19993,2,19974,1,19975,1,5510,1,0,0,0,0,11,3,10,2
3462,19617,1,19993,2,19974,1,5068,1,0,0,0,0,0,0,11,3,10,2
3463,19618,1,19993,2,19974,2,19975,1,5068,1,0,0,0,0,11,3,10,2
3464,19619,1,19993,2,12566,1,19975,1,0,0,0,0,0,0,11,3,10,2
3465,19620,1,19974,3,19993,1,19975,1,0,0,0,0,0,0,12,3,10,2
3466,19621,1,19993,2,12566,1,19975,1,5510,1,0,0,0,0,11,3,10,2
3467,19622,1,19977,2,19978,1,19940,1,0,0,0,0,0,0,12,4,10,3
3468,19623,1,19977,3,19994,1,19978,1,19939,1,0,0,0,0,12,4,10,3
3469,19624,1,19994,2,19978,1,19939,1,0,0,0,0,0,0,11,4,10,3
3470,19625,1,19977,3,19994,1,19978,1,19939,1,0,0,0,0,12,4,10,3
3471,19626,1,19994,2,19977,1,19978,1,5510,1,0,0,0,0,11,4,10,3
3472,19627,1,19994,2,19977,1,19978,1,0,0,0,0,0,0,11,4,10,3
3473,19628,1,19994,3,19977,1,19978,1,19939,1,0,0,0,0,11,4,10,3
3474,19629,1,19994,2,19940,1,19978,1,0,0,0,0,0,0,11,4,10,3
3475,19630,1,19994,3,19977,1,19978,1,19939,1,0,0,0,0,11,4,10,3
3476,19631,1,19994,2,19941,1,19978,1,5510,1,0,0,0,0,11,4,10,3
3477,19632,1,19980,2,19942,1,19978,1,12544,1,5351,3,0,0,12,4,10,4
3478,19633,1,19980,3,19978,1,19942,1,19985,2,12544,1,0,0,12,4,10,4
3479,19634,1,19942,1,12544,2,19965,2,0,0,0,0,0,0,10,4,8,4
3480,19635,1,19980,2,19977,1,19978,1,19995,1,5196,2,0,0,12,4,10,4
3481,19636,1,19995,2,19980,1,19978,1,5510,1,0,0,0,0,11,4,10,4
3482,19637,1,19995,2,19978,1,19985,2,5360,1,0,0,0,0,11,4,10,4
3483,19638,1,19980,3,19978,1,19942,1,19965,1,0,0,0,0,12,4,10,4
3484,19639,1,19995,2,19942,1,19978,1,19985,1,19965,1,0,0,11,4,10,4
3485,19640,1,19980,2,19977,1,19978,1,19995,1,5196,2,0,0,12,4,10,4
3486,19641,1,19995,2,19980,1,19978,1,5510,1,0,0,0,0,11,4,10,4
3487,19642,1,19983,2,19984,1,19944,1,12550,1,0,0,0,0,12,5,10,4
3488,19643,1,19996,2,19983,1,19984,1,19944,1,12550,1,0,0,11,5,10,4
3489,19644,1,19996,2,19984,1,19944,1,0,0,0,0,0,0,11,5,10,4
3490,19645,1,19983,3,19984,1,19944,1,0,0,0,0,0,0,12,5,10,4
3491,19646,1,19996,2,19984,1,19944,1,5510,1,0,0,0,0,11,5,10,4
3492,19647,1,19983,2,19984,1,19944,1,19965,1,0,0,0,0,12,5,10,4
3493,19648,1,19996,2,19983,1,19984,1,19944,1,19965,2,0,0,11,5,10,4
3494,19649,1,19996,2,19984,1,19944,1,0,0,0,0,0,0,11,5,10,4
3495,19650,1,19983,3,19984,1,19944,1,0,0,0,0,0,0,12,5,10,4
3496,19651,1,19996,2,19984,1,19944,1,5510,1,0,0,0,0,11,5,10,4
3497,19652,1,19987,1,19984,4,0,0,0,0,0,0,0,0,12,6,10,5
3498,19653,1,19987,2,19983,2,19997,1,19988,2,0,0,0,0,12,6,10,5
3499,19654,1,19997,2,19987,1,19988,1,0,0,0,0,0,0,11,6,10,5
3500,19655,1,19987,2,19983,2,19988,1,0,0,0,0,0,0,12,6,10,5
3501,19656,1,19997,2,19987,1,19988,1,5510,1,0,0,0,0,11,6,10,5
3502,19657,1,19987,1,19983,2,19984,1,19986,3,0,0,0,0,12,6,10,5
3503,19658,1,19987,1,19983,3,19984,1,19986,3,0,0,0,0,12,6,10,5
3504,19659,1,19987,1,19983,2,19984,1,0,0,0,0,0,0,12,6,10,5
3505,19660,1,19987,2,19997,1,19983,1,19984,1,0,0,0,0,12,6,10,5
3506,19661,1,19997,2,19983,1,19984,1,19986,3,5510,1,0,0,11,6,10,5
3507,0,0,0,0,0,0,0,0,0,0,0,0,0,0,12,3,10,3
3508,19728,1,19926,1,19925,1,7017,1,0,0,0,0,0,0,10,4,9,3
3509,19729,1,19926,1,19925,1,19978,1,7017,1,0,0,0,0,10,4,9,3
3510,19730,1,19926,2,19925,1,19978,1,7017,1,0,0,0,0,10,4,9,3
3511,19731,1,19926,1,7017,1,0,0,0,0,0,0,0,0,10,4,9,3
3512,0,0,0,0,0,0,0,0,0,0,0,0,0,0,11,3,10,3
3513,19733,1,19994,1,19940,2,0,0,0,0,0,0,0,0,11,4,10,3
3514,19734,1,19994,1,19978,1,19940,1,0,0,0,0,0,0,11,4,10,3
3515,19735,1,19994,2,19978,1,19940,1,0,0,0,0,0,0,11,4,10,3
3516,19736,1,19994,1,19940,1,0,0,0,0,0,0,0,0,11,4,10,3
3517,0,0,0,0,0,0,0,0,0,0,0,0,0,0,12,5,10,4
3518,19738,1,19927,1,5372,1,7017,1,0,0,0,0,0,0,10,5,9,4
3519,19739,1,19927,1,5372,1,19984,1,7017,1,0,0,0,0,10,5,9,4
3520,19740,1,19927,2,5372,1,19984,1,7017,1,0,0,0,0,10,5,9,4
3521,19741,1,19927,1,7017,1,0,0,0,0,0,0,0,0,10,5,9,4
3522,0,0,0,0,0,0,0,0,0,0,0,0,0,0,11,5,10,4
3523,19743,1,19996,1,19944,2,0,0,0,0,0,0,0,0,11,5,10,4
3524,19744,1,19996,1,19984,1,19944,1,0,0,0,0,0,0,11,5,10,4
3525,19745,1,19996,2,19984,1,19944,1,0,0,0,0,0,0,11,5,10,4
3526,19746,1,19996,1,19944,1,0,0,0,0,0,0,0,0,11,5,10,4
3527,0,0,0,0,0,0,0,0,0,0,0,0,0,0,12,5,10,5
3528,19748,1,19928,1,19927,1,7017,1,0,0,0,0,0,0,10,5,9,5
3529,19749,1,19928,1,19927,1,19988,1,7017,1,0,0,0,0,10,5,9,5
3530,19750,1,19928,2,19927,1,19988,1,7017,1,0,0,0,0,10,5,9,5
3531,19751,1,19928,1,7017,1,0,0,0,0,0,0,0,0,10,5,9,5
3532,0,0,0,0,0,0,0,0,0,0,0,0,0,0,11,6,10,5
3533,19753,1,19997,1,19946,2,0,0,0,0,0,0,0,0,11,6,10,5
3534,19754,1,19997,1,19988,1,19946,1,0,0,0,0,0,0,11,6,10,5
3535,19755,1,19997,2,19988,1,19946,1,0,0,0,0,0,0,11,6,10,5
3536,19756,1,19997,1,19946,1,0,0,0,0,0,0,0,0,11,6,10,5
3537,17953,1,12591,2,12582,2,12597,4,12594,2,12544,4,0,0,12,5,10,4
3538,17955,1,7009,2,5063,3,0,0,0,0,0,0,0,0,4,3,2,2
3539,17956,1,12570,12,12578,4,19926,4,0,0,0,0,0,0,11,4,10,3
3540,17957,1,19999,12,19910,4,19928,3,0,0,0,0,0,0,11,6,10,5
3541,17958,1,19926,2,5365,1,19938,1,0,0,0,0,0,0,10,4,9,3
3542,17959,1,5372,2,19925,1,19977,1,12610,1,19942,1,0,0,10,4,9,4
3543,17960,1,19928,2,19927,2,19943,1,7017,1,0,0,0,0,10,5,9,5
3544,17967,1,19849,1,19843,1,4967,1,4896,1,20187,1,4891,1,8,4,13,4
3545,17968,1,19850,1,4864,1,12906,1,19855,1,19879,1,0,0,8,5,13,4
3546,17969,1,19841,1,4864,1,12906,1,19842,1,19844,1,19859,1,8,4,13,3
3547,17970,1,19849,1,19848,1,19879,1,4967,1,4846,1,0,0,8,4,13,4
3548,17971,1,5373,2,5485,1,7025,2,0,0,0,0,0,0,4,4,3,3
3549,17983,1,19928,3,19946,2,12592,4,0,0,0,0,0,0,10,6,9,5
3550,17984,1,12656,3,12586,5,12607,3,0,0,0,0,0,0,13,4,12,4
3551,19807,3,19869,1,4828,1,19857,1,19872,1,19844,1,0,0,8,5,13,5
3552,19808,3,19851,3,12889,1,4850,1,0,0,0,0,0,0,8,3,13,2
3553,19809,3,19850,3,19871,1,4846,1,0,0,0,0,0,0,8,3,13,3
3554,19811,3,19841,1,19877,1,4753,1,4842,1,4806,1,4850,1,8,3,13,2
3555,19812,3,19851,1,19869,1,19852,1,4863,1,19844,1,20013,1,14,2,19,1
3556,19813,3,19869,1,19841,1,19877,1,4844,1,19844,1,19878,1,8,5,13,4
3557,19814,3,19849,1,19843,1,19863,1,19865,1,20187,1,19877,1,8,5,13,5
3558,19815,3,19849,1,19843,1,19870,1,20225,1,20226,1,20013,1,14,2,19,1
3559,19816,3,19850,1,4864,1,12906,1,19861,1,19877,1,19879,1,8,4,13,3
3560,19817,3,19873,1,4785,1,19864,1,4830,1,19848,1,0,0,8,4,13,4
3561,19819,3,19875,1,19907,1,19864,1,4830,1,4838,1,12971,1,8,5,13,5
3562,19820,3,19877,1,20208,1,19853,1,19863,1,19860,1,4864,1,8,5,13,4
3563,19821,3,20209,1,12906,1,19845,1,12907,1,0,0,0,0,8,5,13,5
3564,19822,3,20174,1,12906,1,19845,1,0,0,0,0,0,0,8,4,13,3
3565,19823,3,20199,1,19855,1,12906,1,19880,1,19857,1,19844,1,8,5,13,5
3566,19824,3,20038,1,12906,1,19846,1,19845,1,19857,1,19859,1,8,6,13,5
3567,19825,3,20191,1,19841,1,19846,1,19853,1,19843,1,19844,1,8,4,13,4
3568,19826,3,19841,1,19877,1,19846,1,20187,1,20179,1,19865,1,8,5,13,4
3569,19827,3,20218,1,19907,1,19846,1,19853,1,19866,1,19854,1,8,6,13,5
3570,19828,3,20050,1,19848,1,0,0,0,0,0,0,0,0,8,3,13,3
3571,19829,3,19842,1,19854,1,19855,1,12907,1,19844,1,19845,1,8,5,13,5
3572,19830,3,19854,1,4792,1,19861,1,19875,1,19841,1,19878,1,8,6,13,5
3573,19831,3,19874,1,19860,1,19865,1,19863,1,19858,1,12906,1,8,4,13,4
3574,19832,3,19858,1,19855,1,19865,1,19843,1,19846,1,19848,1,8,5,13,4
3575,19833,3,19841,1,19842,1,20176,1,19861,1,12878,1,19846,1,8,4,13,3
3576,19834,3,12907,1,4864,1,19842,1,19859,1,19872,1,0,0,8,4,13,3
3577,19835,3,20203,1,20171,1,19861,1,19859,1,19848,1,19872,1,8,5,13,4
3578,19837,3,19873,1,19861,1,19858,1,19866,1,19867,1,19848,1,8,5,13,4
3579,19838,3,19850,1,12905,1,12878,1,12883,1,19877,1,0,0,8,3,13,3
3580,19839,3,19873,1,19841,1,19866,1,12878,1,12906,1,19848,1,8,5,13,4
3581,19841,3,19868,5,0,0,0,0,0,0,0,0,0,0,2,7,-1,0
3582,19842,3,19862,3,19847,1,19872,1,0,0,0,0,0,0,2,7,-1,0
3583,19843,3,19849,2,4819,2,19872,1,0,0,0,0,0,0,2,7,-1,0
3584,19844,3,19856,5,0,0,0,0,0,0,0,0,0,0,2,7,-1,0
3585,19846,3,19979,5,0,0,0,0,0,0,0,0,0,0,2,7,-1,0
3586,19848,3,19881,5,0,0,0,0,0,0,0,0,0,0,2,7,-1,0
3587,19882,3,19872,1,19921,1,19853,2,19864,1,0,0,0,0,13,4,12,3
3588,19883,3,19872,1,19921,1,19870,2,19864,1,0,0,0,0,13,4,12,4
3589,19884,3,19872,1,19920,1,19916,2,19867,1,0,0,0,0,13,5,12,4
3590,19885,3,19871,1,19919,2,19851,1,19856,1,0,0,0,0,13,3,12,3
3591,19886,3,19872,1,19907,1,19911,2,20013,1,0,0,0,0,19,2,18,1
3592,19887,3,19872,1,19907,1,19912,2,20013,1,0,0,0,0,19,2,18,1
3593,19888,3,19872,1,19907,1,19913,2,20013,1,0,0,0,0,19,2,18,1
3594,19889,3,19872,1,19907,1,19914,2,20013,1,0,0,0,0,19,2,18,1
3595,19890,3,19872,1,19907,1,19915,2,20013,1,0,0,0,0,19,2,18,1
3596,19891,3,19871,1,19917,2,12642,2,20006,1,0,0,0,0,13,4,-1,0
3597,19892,3,19871,1,19917,2,12638,2,20006,1,0,0,0,0,13,4,-1,0
3598,19893,3,19871,1,19917,2,12639,2,20006,1,0,0,0,0,13,4,-1,0
3599,19894,3,19871,1,19917,2,12643,2,20006,1,0,0,0,0,13,4,-1,0
3600,19895,3,19871,1,19917,2,12640,2,20006,1,0,0,0,0,13,4,-1,0
3601,19901,1,19950,3,19922,1,12628,1,0,0,0,0,0,0,13,3,-1,0
3602,19902,1,19952,3,19846,1,19871,1,0,0,0,0,0,0,13,4,-1,0
3603,19903,1,19956,3,19908,1,19872,1,0,0,0,0,0,0,13,5,-1,0
3604,19904,1,19847,1,19922,2,12891,1,0,0,0,0,0,0,13,3,-1,0
3605,19905,1,19916,3,19909,1,20010,1,0,0,0,0,0,0,13,5,-1,0
3606,19906,1,19924,2,19908,1,19922,1,0,0,0,0,0,0,13,4,-1,0
3607,19909,3,19869,5,19872,1,0,0,0,0,0,0,0,0,13,5,-1,0
3608,19925,1,19930,4,0,0,0,0,0,0,0,0,0,0,10,3,-1,0
3609,19926,1,19931,4,0,0,0,0,0,0,0,0,0,0,10,3,-1,0
3610,5372,1,5389,4,0,0,0,0,0,0,0,0,0,0,10,4,-1,0
3611,19927,1,19932,4,0,0,0,0,0,0,0,0,0,0,10,5,-1,0
3612,19928,1,19933,4,0,0,0,0,0,0,0,0,0,0,10,5,-1,0
3613,19938,1,19950,4,5106,1,0,0,0,0,0,0,0,0,10,3,-1,0
3614,19939,1,19950,4,5111,1,0,0,0,0,0,0,0,0,8,3,-1,0
3615,19939,1,19950,4,5111,1,0,0,0,0,0,0,0,0,9,3,-1,0
3616,19940,1,19951,4,19938,1,0,0,0,0,0,0,0,0,10,3,-1,0
3617,19941,1,19951,4,19939,1,0,0,0,0,0,0,0,0,8,3,-1,0
3618,19941,1,19951,4,19939,1,0,0,0,0,0,0,0,0,9,3,-1,0
3619,19942,1,19952,4,5113,1,0,0,0,0,0,0,0,0,10,4,-1,0
3620,19943,1,19953,4,5111,1,0,0,0,0,0,0,0,0,8,4,-1,0
3621,19943,1,19953,4,5111,1,0,0,0,0,0,0,0,0,9,4,-1,0
3622,19944,1,19954,4,19942,1,0,0,0,0,0,0,0,0,10,5,-1,0
3623,19945,1,19955,4,19943,1,0,0,0,0,0,0,0,0,8,5,-1,0
3624,19945,1,19955,4,19943,1,0,0,0,0,0,0,0,0,9,5,-1,0
3625,19946,1,19956,4,5115,1,0,0,0,0,0,0,0,0,10,5,-1,0
3626,19947,1,19957,4,5116,1,0,0,0,0,0,0,0,0,8,5,-1,0
3627,19947,1,19957,4,5116,1,0,0,0,0,0,0,0,0,9,5,-1,0
3628,19962,1,19968,3,5232,1,0,0,0,0,0,0,0,0,10,3,-1,0
3629,19963,1,19969,3,5232,1,0,0,0,0,0,0,0,0,10,3,-1,0
3630,19964,1,19970,3,5232,1,0,0,0,0,0,0,0,0,10,4,-1,0
3631,19965,1,19971,3,5232,1,0,0,0,0,0,0,0,0,10,5,-1,0
3632,19966,1,19972,3,5232,1,0,0,0,0,0,0,0,0,10,5,-1,0
3633,19967,1,19973,3,5232,1,0,0,0,0,0,0,0,0,10,6,-1,0
3634,19974,1,19975,3,0,0,0,0,0,0,0,0,0,0,12,2,-1,0
3635,19975,3,19976,4,0,0,0,0,0,0,0,0,0,0,12,1,-1,0
3636,19977,1,19978,3,0,0,0,0,0,0,0,0,0,0,12,2,-1,0
3637,19978,3,19979,4,0,0,0,0,0,0,0,0,0,0,12,1,-1,0
3638,19980,1,19981,2,19978,1,0,0,0,0,0,0,0,0,12,2,-1,0
3639,19981,2,19982,4,0,0,0,0,0,0,0,0,0,0,12,2,-1,0
3640,19983,1,19984,3,0,0,0,0,0,0,0,0,0,0,12,3,-1,0
3641,19984,3,19985,2,19986,2,5522,1,0,0,0,0,0,0,12,2,-1,0
3642,19987,1,19988,3,0,0,0,0,0,0,0,0,0,0,12,3,-1,0
3643,19988,3,19989,4,5491,1,0,0,0,0,0,0,0,0,12,2,-1,0
3644,19993,1,19999,3,19910,1,0,0,0,0,0,0,0,0,11,3,-1,0
3645,19994,1,20000,3,19910,1,0,0,0,0,0,0,0,0,11,3,-1,0
3646,19995,1,20001,3,19910,1,0,0,0,0,0,0,0,0,11,4,-1,0
3647,19996,1,20002,3,19909,1,0,0,0,0,0,0,0,0,11,5,-1,0
3648,19997,1,20003,3,19909,1,0,0,0,0,0,0,0,0,11,5,-1,0
3649,20008,1,20007,3,0,0,0,0,0,0,0,0,0,0,10,3,-1,0
3650,20388,1,12518,3,5366,1,5325,1,5059,1,5261,1,0,0,8,3,11,2
3651,20389,1,12518,3,5366,1,5059,2,0,0,0,0,0,0,10,3,8,2
3652,20390,1,12519,3,5366,1,12588,1,5059,1,5261,1,0,0,8,3,11,3
3653,20391,1,12519,3,5366,1,12518,2,0,0,0,0,0,0,10,3,8,3
3654,20392,1,12524,3,12580,1,12589,1,5066,1,5261,1,0,0,8,4,11,3
3655,20393,1,12520,2,12580,1,12524,2,0,0,0,0,0,0,10,4,8,3
3656,20394,1,12525,3,12581,1,12590,1,12520,1,12561,1,0,0,8,5,11,4
3657,20395,1,12521,2,12581,1,12524,2,0,0,0,0,0,0,10,5,8,4
3658,20396,1,12526,3,12582,1,12591,1,5066,1,12561,1,0,0,8,5,11,5
3659,20397,1,12522,2,12582,1,12526,2,0,0,0,0,0,0,10,5,8,5
3660,20261,1,17997,1,12609,1,12631,1,0,0,0,0,0,0,13,4,12,3
3661,20262,1,17998,1,12609,1,12631,1,0,0,0,0,0,0,13,4,12,3
3662,20263,1,17999,1,12609,1,12631,1,0,0,0,0,0,0,13,4,12,3
3663,20264,1,18000,1,12609,1,12631,1,0,0,0,0,0,0,13,4,12,3
3664,20265,1,18001,1,12609,1,12631,1,0,0,0,0,0,0,13,4,12,3
3665,20266,1,18002,1,12609,1,12631,1,0,0,0,0,0,0,13,4,12,3
3666,20267,1,18003,1,12609,1,12631,1,0,0,0,0,0,0,13,4,12,3
3667,20268,1,18004,1,12609,1,12631,1,0,0,0,0,0,0,13,4,12,3
3668,20269,1,18005,1,12609,1,12631,1,0,0,0,0,0,0,13,4,12,3
3669,20805,1,20796,1,12609,1,12631,1,0,0,0,0,0,0,13,4,12,3
3670,20806,1,20797,1,12609,1,12631,1,0,0,0,0,0,0,13,4,12,3
3671,20807,1,20798,1,12609,1,12631,1,0,0,0,0,0,0,13,4,12,3
3672,20808,1,20799,1,12609,1,12631,1,0,0,0,0,0,0,13,4,12,3
3673,20809,1,20800,1,12609,1,12631,1,0,0,0,0,0,0,13,4,12,3
3674,20810,1,20801,1,12609,1,12631,1,0,0,0,0,0,0,13,4,12,3
3675,20811,1,20802,1,12609,1,12631,1,0,0,0,0,0,0,13,4,12,3
3676,20812,1,20803,1,12609,1,12631,1,0,0,0,0,0,0,13,4,12,3
3677,20813,1,20804,1,12609,1,12631,1,0,0,0,0,0,0,13,4,12,3
3678,20680,1,19939,10,12528,5,5366,5,7021,10,7016,10,0,0,8,12,11,8
3679,20681,1,19939,10,12518,5,5366,5,7021,10,7016,10,0,0,10,12,8,8
3680,20682,1,19939,10,5079,5,12519,5,7021,10,7016,10,0,0,9,12,11,8
3681,20683,1,19943,10,12529,10,12581,10,7022,15,7016,15,0,0,8,16,11,12
3682,20684,1,19943,10,12520,10,12581,10,7022,15,7016,15,0,0,10,16,8,12
3683,20685,1,19943,10,5074,10,12521,10,7022,15,7016,15,0,0,9,16,11,12
3684,20686,1,19947,10,12530,15,12583,15,7023,20,7016,20,0,0,8,20,11,20
3685,20687,1,19947,10,12522,15,12583,15,7023,20,7016,20,0,0,10,20,8,20
3686,20688,1,19947,10,5075,15,12525,15,7023,20,7016,20,0,0,9,20,11,20
3687,20689,1,19925,10,5366,5,7009,5,7008,10,5512,5,0,0,10,12,9,8
3688,20690,1,19925,10,12518,5,7027,5,7008,10,7017,5,0,0,10,12,9,8
3689,20691,1,19925,10,12519,5,7027,5,7008,10,5512,5,0,0,9,12,11,8
3690,20692,1,19927,10,12581,10,7009,10,7008,15,5512,10,0,0,10,20,9,16
3691,20693,1,19927,10,12520,10,7027,10,7008,15,7017,10,0,0,10,20,9,16
3692,20694,1,19927,10,12525,10,7027,10,7008,15,5512,10,0,0,9,20,11,16
3693,20695,1,19928,10,12583,15,7009,15,7008,20,5512,15,0,0,10,20,9,20
3694,20696,1,19928,10,12522,15,7027,15,7008,20,7017,15,0,0,10,20,9,20
3695,20697,1,19928,10,12521,15,7027,15,7008,20,5512,15,0,0,9,20,11,20
3696,20698,1,19925,6,5512,5,0,0,0,0,0,0,0,0,10,3,9,2
3697,20699,1,19927,3,7009,3,5512,3,0,0,0,0,0,0,10,5,9,4
3698,20700,1,19941,6,5512,3,0,0,0,0,0,0,0,0,9,4,11,3
3699,20701,1,19925,4,12518,4,7009,3,0,0,0,0,0,0,10,3,9,2
3700,20702,1,5372,4,12522,4,7009,3,0,0,0,0,0,0,10,4,9,3
3701,20703,1,19927,4,12520,4,5512,5,0,0,0,0,0,0,10,5,9,4
3702,20704,1,19925,4,12520,2,12519,2,0,0,0,0,0,0,10,3,9,2
3703,20705,1,19940,4,12581,2,7017,4,0,0,0,0,0,0,10,4,8,3
3704,20706,1,19942,4,12521,3,7009,3,7008,3,0,0,0,0,10,5,8,4
3705,20707,1,19946,4,12583,3,7008,4,7017,3,0,0,0,0,10,5,8,5
3706,20708,1,19938,4,5366,3,7009,3,7017,3,0,0,0,0,10,3,8,2
3707,20709,1,19945,4,19941,3,7009,3,0,0,0,0,0,0,9,5,11,4
3708,20710,1,5372,4,12519,3,5512,4,0,0,0,0,0,0,10,4,9,3
3709,20711,1,19928,4,5068,4,7017,2,0,0,0,0,0,0,10,5,9,5
3710,20712,1,19947,4,12521,3,5073,2,0,0,0,0,0,0,9,5,11,5
3711,20713,1,19941,20,7008,20,12583,15,0,0,0,0,0,0,8,12,11,12
3712,20714,1,19927,20,12520,10,7017,5,5229,15,0,0,0,0,10,20,9,16
3713,20715,1,19943,20,7009,20,7008,15,5229,15,0,0,0,0,9,16,11,12
3714,20716,1,19980,4,19978,3,7016,3,0,0,0,0,0,0,12,4,10,3
3715,20718,1,19928,5,7009,4,7008,3,0,0,0,0,0,0,10,5,9,5
3716,20720,1,19938,4,5998,5,5512,5,0,0,0,0,0,0,10,3,8,2
3717,20721,1,5372,5,5998,8,0,0,0,0,0,0,0,0,10,4,9,3
3718,20722,1,19928,6,19927,4,5998,12,0,0,0,0,0,0,10,5,9,5
3719,20729,1,19974,2,12596,2,12599,2,0,0,0,0,0,0,12,3,10,3
3720,20730,1,19974,5,12590,2,12596,4,12599,5,0,0,0,0,12,5,10,4
3721,20731,1,5372,6,8021,2,5328,3,5068,2,0,0,0,0,10,4,9,3
3722,6541,1,19926,2,19925,1,5501,1,12610,1,5360,1,0,0,10,3,9,3
3723,22520,1,19926,2,19925,1,5501,1,12610,1,5360,1,5355,1,10,3,9,3
3724,20734,1,19925,6,5366,2,7022,4,7017,3,0,0,0,0,10,3,9,2
3725,20735,1,19927,6,5066,3,7023,4,7017,3,0,0,0,0,10,5,9,4
3726,20736,1,19928,6,5060,3,5094,4,7017,3,0,0,0,0,10,5,9,5
3727,20737,1,19945,5,12525,5,5066,5,7008,6,0,0,0,0,9,5,11,4
3728,20738,1,19927,5,5061,5,5523,5,6494,1,7017,2,0,0,10,5,9,4
3729,20739,1,19928,4,12581,4,5068,3,5501,1,7017,2,0,0,4,8,3,8
3730,20740,1,19928,2,5365,4,7009,3,16026,3,0,0,0,0,4,8,3,8
3731,20742,1,19925,1,5366,2,5501,2,5998,1,0,0,0,0,4,7,3,6
3732,20745,1,19987,2,19977,1,19974,1,7606,1,5068,2,0,0,12,5,10,5
3733,20747,1,19943,3,19925,1,12524,1,12589,1,20008,1,7607,3,8,4,11,3
3734,20748,1,19945,5,19942,3,19980,3,5366,3,10112,2,0,0,9,5,11,4
3735,21926,1,21876,1,12609,1,12631,1,0,0,0,0,0,0,13,5,12,4
3736,21927,1,21877,1,12609,1,12631,1,0,0,0,0,0,0,13,5,12,4
3737,21928,1,21878,1,12609,1,12631,1,0,0,0,0,0,0,13,5,12,4
3738,21929,1,21879,1,12609,1,12631,1,0,0,0,0,0,0,13,5,12,4
3739,21930,1,21880,1,12609,1,12631,1,0,0,0,0,0,0,13,5,12,4
3740,21931,1,21881,1,12609,1,12631,1,0,0,0,0,0,0,13,5,12,4
3741,21932,1,21882,1,12609,1,12631,1,0,0,0,0,0,0,13,5,12,4
3742,21933,1,21883,1,12609,1,12631,1,0,0,0,0,0,0,13,5,12,4
3743,21934,1,21884,1,12609,1,12631,1,0,0,0,0,0,0,13,5,12,4
3744,21936,1,19983,2,19984,3,0,0,0,0,0,0,0,0,12,5,10,4
3745,21822,1,19841,5,19872,3,19907,1,19844,2,0,0,0,0,8,5,13,5
3746,21824,1,12846,1,12845,1,12842,1,0,0,0,0,0,0,8,4,13,4
3747,21825,1,12882,3,4841,1,4848,2,6149,2,0,0,0,0,8,3,13,3
3748,21864,1,7030,12,5472,6,0,0,0,0,0,0,0,0,13,3,12,2
3749,22440,1,7030,6,5473,6,0,0,0,0,0,0,0,0,13,3,12,2
3750,23098,1,22590,1,12609,1,12631,1,0,0,0,0,0,0,13,5,12,4
3751,23099,1,22591,1,12609,1,12631,1,0,0,0,0,0,0,13,5,12,4
3752,23100,1,22592,1,12609,1,12631,1,0,0,0,0,0,0,13,5,12,4
3753,23101,1,22593,1,12609,1,12631,1,0,0,0,0,0,0,13,5,12,4
3754,23102,1,22594,1,12609,1,12631,1,0,0,0,0,0,0,13,5,12,4
3755,23103,1,22595,1,12609,1,12631,1,0,0,0,0,0,0,13,5,12,4
3756,23104,1,22596,1,12609,1,12631,1,0,0,0,0,0,0,13,5,12,4
3757,23105,1,22597,1,12609,1,12631,1,0,0,0,0,0,0,13,5,12,4
3758,23106,1,22598,1,12609,1,12631,1,0,0,0,0,0,0,13,5,12,4
3759,23218,1,23213,1,23214,1,23215,1,23216,1,23217,1,0,0,13,6,12,5
3760,23349,3,23345,1,23346,1,23347,1,23348,1,0,0,0,0,13,6,12,5
3761,23167,3,19872,1,19912,1,19913,1,19853,1,0,0,0,0,13,6,12,5
3762,23168,3,19872,1,19914,1,19915,1,19853,1,0,0,0,0,13,6,12,5
3763,23862,1,6149,3,4853,2,4767,2,4787,3,4778,3,4777,3,2,3,7,3
3764,23874,1,4861,3,4815,3,4853,3,4848,3,5522,3,4863,3,2,5,7,5
3765,23877,1,5366,4,12610,3,5068,1,7021,2,0,0,0,0,4,7,3,6
3766,23879,1,5373,5,5064,2,5093,2,0,0,0,0,0,0,4,3,3,3
3767,23880,1,19984,5,12595,5,5337,5,0,0,0,0,0,0,12,5,10,4
3768,23884,1,5374,4,5329,5,5348,5,5093,2,0,0,0,0,4,5,3,5
3769,23885,1,5365,3,7025,2,0,0,0,0,0,0,0,0,16,1,15,1
3770,23891,1,5374,3,5059,4,5099,3,0,0,0,0,0,0,4,5,3,5
3771,23893,1,5513,10,7009,5,7017,3,5073,1,0,0,0,0,7,5,6,5
3772,23894,1,5513,3,7009,2,7017,1,0,0,0,0,0,0,7,5,6,5
3773,23896,1,12592,3,12588,3,7028,3,8025,6,0,0,0,0,12,5,10,5
3774,24175,1,24166,1,12609,1,12631,1,0,0,0,0,0,0,13,5,12,4
3775,24176,1,24167,1,12609,1,12631,1,0,0,0,0,0,0,13,5,12,4
3776,24177,1,24168,1,12609,1,12631,1,0,0,0,0,0,0,13,5,12,4
3777,24178,1,24169,1,12609,1,12631,1,0,0,0,0,0,0,13,5,12,4
3778,24179,1,24170,1,12609,1,12631,1,0,0,0,0,0,0,13,5,12,4
3779,24180,1,24171,1,12609,1,12631,1,0,0,0,0,0,0,13,5,12,4
3780,24181,1,24172,1,12609,1,12631,1,0,0,0,0,0,0,13,5,12,4
3781,24182,1,24173,1,12609,1,12631,1,0,0,0,0,0,0,13,5,12,4
3782,24183,1,24174,1,12609,1,12631,1,0,0,0,0,0,0,13,5,12,4
3783,24859,1,24542,1,12609,1,12631,1,0,0,0,0,0,0,13,5,12,4
3784,24860,1,24543,1,12609,1,12631,1,0,0,0,0,0,0,13,5,12,4
3785,24861,1,24544,1,12609,1,12631,1,0,0,0,0,0,0,13,5,12,4
3786,24862,1,24545,1,12609,1,12631,1,0,0,0,0,0,0,13,5,12,4
3787,24863,1,24546,1,12609,1,12631,1,0,0,0,0,0,0,13,5,12,4
3788,24864,1,24547,1,12609,1,12631,1,0,0,0,0,0,0,13,5,12,4
3789,24865,1,24548,1,12609,1,12631,1,0,0,0,0,0,0,13,5,12,4
3790,24866,1,24549,1,12609,1,12631,1,0,0,0,0,0,0,13,5,12,4
3791,24867,1,24550,1,12609,1,12631,1,0,0,0,0,0,0,13,5,12,4
3792,24501,1,5373,3,5512,2,5093,1,0,0,0,0,0,0,4,3,3,3
3793,24502,1,24908,2,19977,1,19981,1,5522,2,0,0,0,0,13,4,12,3
3794,24506,1,12521,1,5068,2,12565,2,12588,1,0,0,0,0,10,5,8,4
3795,24507,1,5371,3,5388,2,0,0,0,0,0,0,0,0,4,3,3,3
3796,24508,1,12641,1,12640,1,12642,1,12643,1,5542,1,12604,1,13,6,12,5
3797,24509,1,12581,4,5060,2,7023,2,7009,3,7008,5,7027,2,10,4,9,4
3798,24511,1,5376,3,5099,2,7017,2,0,0,0,0,0,0,4,6,3,5
3799,24512,1,5376,2,5099,2,7017,2,0,0,0,0,0,0,4,6,3,5
3800,24513,1,5376,2,7017,1,0,0,0,0,0,0,0,0,4,6,3,5
3801,24514,1,7009,6,7016,3,0,0,0,0,0,0,0,0,4,3,2,3
3802,24515,1,4864,3,4787,6,4891,2,4781,4,4775,4,0,0,2,3,7,2
3803,24522,1,7026,2,5336,2,0,0,0,0,0,0,0,0,6,4,4,4
3804,24523,1,12520,3,12607,1,5537,2,5544,1,0,0,0,0,10,4,8,4
3805,24524,1,5513,3,5516,6,0,0,0,0,0,0,0,0,7,1,6,1
3806,24525,1,5328,3,5337,2,0,0,0,0,0,0,0,0,6,5,4,4
3807,24526,1,5373,2,7029,1,7030,1,7031,1,5471,3,0,0,4,4,3,3
3808,24528,1,19983,2,12592,3,5328,3,19978,3,5348,5,0,0,12,5,10,4
3809,24536,1,7721,1,7718,1,5472,2,16026,3,0,0,0,0,7,3,6,3
3810,24538,1,5329,3,7027,3,5336,2,0,0,0,0,0,0,6,6,4,5
3811,24539,1,5393,2,5391,2,5390,2,0,0,0,0,0,0,4,6,3,5
3812,27689,1,27683,4,0,0,0,0,0,0,0,0,0,0,10,6,-1,0
3813,27690,1,27684,4,0,0,0,0,0,0,0,0,0,0,10,6,-1,0
3814,27691,1,27685,4,0,0,0,0,0,0,0,0,0,0,10,7,-1,0
3815,27692,1,27686,4,0,0,0,0,0,0,0,0,0,0,10,7,-1,0
3816,27693,1,27687,4,0,0,0,0,0,0,0,0,0,0,10,7,-1,0
3817,27706,1,27696,4,5106,1,0,0,0,0,0,0,0,0,8,6,-1,0
3818,27708,1,27697,4,5106,1,0,0,0,0,0,0,0,0,8,6,-1,0
3819,27711,1,27698,4,5232,1,0,0,0,0,0,0,0,0,8,7,-1,0
3820,27713,1,27701,4,12537,1,0,0,0,0,0,0,0,0,8,7,-1,0
3821,27714,1,27703,4,12534,1,0,0,0,0,0,0,0,0,8,7,-1,0
3822,27706,1,27696,4,5106,1,0,0,0,0,0,0,0,0,9,6,-1,0
3823,27708,1,27697,4,5106,1,0,0,0,0,0,0,0,0,9,6,-1,0
3824,27711,1,27698,4,5232,1,0,0,0,0,0,0,0,0,9,7,-1,0
3825,27713,1,27701,4,12537,1,0,0,0,0,0,0,0,0,9,7,-1,0
3826,27714,1,27703,4,12534,1,0,0,0,0,0,0,0,0,9,7,-1,0
3827,27707,1,27696,4,5118,1,0,0,0,0,0,0,0,0,10,6,-1,0
3828,27709,1,27697,4,5118,1,0,0,0,0,0,0,0,0,10,6,-1,0
3829,27710,1,27699,4,5113,1,0,0,0,0,0,0,0,0,10,7,-1,0
3830,27712,1,27700,4,12537,1,0,0,0,0,0,0,0,0,10,7,-1,0
3831,27715,1,27702,4,12531,1,0,0,0,0,0,0,0,0,10,7,-1,0
3832,27720,1,27726,3,27802,1,0,0,0,0,0,0,0,0,10,6,-1,0
3833,27721,1,27727,3,27802,1,0,0,0,0,0,0,0,0,10,6,-1,0
3834,27722,1,27728,3,27802,1,0,0,0,0,0,0,0,0,10,7,-1,0
3835,27723,1,27729,3,27804,1,0,0,0,0,0,0,0,0,10,7,-1,0
3836,27724,1,27730,3,27804,1,0,0,0,0,0,0,0,0,10,7,-1,0
3837,27725,1,27731,3,27804,1,0,0,0,0,0,0,0,0,10,7,-1,0
3838,27802,1,27801,3,0,0,0,0,0,0,0,0,0,0,10,6,-1,0
3839,27804,1,27803,3,0,0,0,0,0,0,0,0,0,0,10,7,-1,0
3840,27738,1,27732,4,27817,1,0,0,0,0,0,0,0,0,11,6,-1,0
3841,27739,1,27733,4,27817,1,0,0,0,0,0,0,0,0,11,6,-1,0
3842,27740,1,27734,4,27817,1,0,0,0,0,0,0,0,0,11,7,-1,0
3843,27741,1,27735,4,27817,1,0,0,0,0,0,0,0,0,11,7,-1,0
3844,27742,1,27736,4,27817,1,0,0,0,0,0,0,0,0,11,7,-1,0
3845,27745,1,27746,3,0,0,0,0,0,0,0,0,0,0,12,3,-1,0
3846,27746,3,27747,4,0,0,0,0,0,0,0,0,0,0,12,3,-1,0
3847,27748,1,27749,3,0,0,0,0,0,0,0,0,0,0,12,3,-1,0
3848,27749,3,27750,4,5491,1,0,0,0,0,0,0,0,0,12,3,-1,0
3849,27751,1,27752,3,0,0,0,0,0,0,0,0,0,0,12,4,-1,0
3850,27752,3,27753,4,0,0,0,0,0,0,0,0,0,0,12,3,-1,0
3851,27754,1,27755,3,0,0,0,0,0,0,0,0,0,0,12,4,-1,0
3852,27755,3,27756,4,27777,1,0,0,0,0,0,0,0,0,12,3,-1,0
3853,27757,1,27758,3,0,0,0,0,0,0,0,0,0,0,12,4,-1,0
3854,27758,3,27759,4,0,0,0,0,0,0,0,0,0,0,12,3,-1,0
3855,27765,1,27763,2,27764,2,12891,1,0,0,0,0,0,0,13,6,-1,0
3856,27766,1,27696,3,27764,1,19872,1,0,0,0,0,0,0,13,6,-1,0
3857,27955,1,27954,3,5527,3,19931,1,0,0,0,0,0,0,13,6,-1,0
3858,27767,3,27968,1,27763,1,19911,2,0,0,0,0,0,0,13,6,-1,0
3859,27768,3,27968,1,27763,1,19912,2,0,0,0,0,0,0,13,6,-1,0
3860,27769,3,27968,1,27763,1,19913,2,0,0,0,0,0,0,13,6,-1,0
3861,27770,3,27968,1,27763,1,19914,2,0,0,0,0,0,0,13,6,-1,0
3862,27771,3,27968,1,27763,1,19915,2,0,0,0,0,0,0,13,6,-1,0
3863,27772,1,27699,3,27764,1,27968,1,0,0,0,0,0,0,13,7,-1,0
3864,27775,1,27773,2,27774,2,0,0,0,0,0,0,0,0,13,7,-1,0
3865,27777,1,27776,1,19907,1,0,0,0,0,0,0,0,0,13,7,-1,0
3866,27778,1,27763,2,27774,2,27782,1,0,0,0,0,0,0,13,7,-1,0
3867,27781,1,27702,3,27773,1,27782,1,0,0,0,0,0,0,13,7,-1,0
3868,27786,3,27782,1,27799,2,27779,2,27811,1,27812,1,0,0,13,7,12,7
3869,27787,3,27782,1,27799,2,27785,2,27811,1,27812,1,0,0,13,7,12,7
3870,27788,3,27782,1,27800,2,27783,2,27811,1,27812,1,0,0,13,7,12,7
3871,27789,3,27782,1,27799,2,27780,2,27811,1,27812,1,0,0,13,7,12,7
3872,27790,3,27782,1,27800,2,27784,2,27811,1,27812,1,0,0,13,7,12,7
3873,27957,3,27968,1,27773,2,27779,2,19853,2,0,0,0,0,13,7,12,6
3874,27958,3,27782,1,27800,2,27783,2,19853,2,0,0,0,0,13,7,12,7
3875,27959,3,27782,1,27799,2,27785,2,19853,2,0,0,0,0,13,7,12,7
3876,27960,3,27968,1,27818,1,5444,2,27824,1,0,0,0,0,13,6,12,6
3877,27838,3,27820,5,0,0,0,0,0,0,0,0,0,0,8,6,-1,0
3878,27839,3,27824,5,0,0,0,0,0,0,0,0,0,0,8,6,-1,0
3879,27840,3,27457,5,0,0,0,0,0,0,0,0,0,0,8,6,-1,0
3880,27841,3,27832,5,0,0,0,0,0,0,0,0,0,0,8,7,-1,0
3881,27842,3,27834,5,0,0,0,0,0,0,0,0,0,0,8,7,-1,0
3882,27843,3,27826,5,0,0,0,0,0,0,0,0,0,0,8,7,-1,0
3883,27853,3,27850,1,27838,2,12901,1,14143,1,0,0,0,0,8,6,13,5
3884,27854,3,27818,3,27831,6,0,0,0,0,0,0,0,0,8,6,13,5
3885,27855,3,27839,3,12895,1,12894,3,0,0,0,0,0,0,8,6,13,6
3886,27856,3,27850,1,27833,4,4818,2,27968,1,19907,1,0,0,8,6,13,6
3887,27857,3,27840,2,27838,1,12908,3,27825,3,0,0,0,0,8,6,13,6
3888,27858,3,27833,3,27838,1,27818,2,27823,1,4782,2,0,0,8,6,13,6
3889,27859,3,27525,3,12901,3,0,0,0,0,0,0,0,0,8,6,13,6
3890,27860,3,27841,2,27968,3,19907,1,0,0,0,0,0,0,8,7,13,6
3891,27861,3,27842,1,27825,3,12889,1,0,0,0,0,0,0,8,7,13,6
3892,27862,3,27841,1,27831,2,27842,1,12895,1,4828,1,0,0,8,7,13,6
3893,27863,3,27841,1,27842,1,27851,1,4842,1,4806,1,12888,1,8,7,13,6
3894,27864,3,27843,1,27825,1,4782,1,12878,1,4847,1,0,0,8,7,13,6
3895,27865,3,27829,1,27838,1,12901,1,12895,1,0,0,0,0,8,7,13,6
3896,27866,3,27852,1,27849,1,27839,1,4847,1,27827,1,0,0,8,7,13,6
3897,27867,3,27852,1,27843,1,27827,1,19907,1,4853,1,27822,1,8,7,13,6
3898,27868,3,27821,1,27829,2,27825,1,4792,1,12901,1,0,0,8,7,13,6
3899,27869,3,27576,3,19907,1,27829,2,12895,1,0,0,0,0,8,7,13,6
3900,27870,3,27866,1,27822,2,27823,1,12901,1,27827,1,0,0,8,7,13,7
3901,27871,3,27822,1,27841,1,19878,1,12878,1,4756,1,27827,1,8,7,13,7
3902,27872,3,27821,1,27782,1,12882,1,19878,1,4828,1,0,0,8,7,13,7
3903,27873,3,27840,1,27830,1,27823,1,27825,1,27838,1,19907,1,8,7,13,7
3904,27874,3,27837,1,27782,1,12894,1,27839,1,4828,1,0,0,8,7,13,7
3905,27875,3,27828,1,27843,1,12895,1,27827,1,0,0,0,0,8,7,13,7
3906,27876,3,27825,2,27838,1,27451,1,27513,2,12878,1,4843,1,8,7,13,7
3907,27877,3,27830,2,27451,1,27838,1,27511,2,4785,1,12889,1,8,7,13,7
3908,27878,3,27841,1,27837,1,27839,1,0,0,0,0,0,0,8,7,13,7
3909,27879,3,27852,1,27841,1,4756,1,27835,1,27838,1,19907,1,8,7,13,7
3910,27880,3,27835,1,27842,2,27782,1,0,0,0,0,0,0,8,7,13,7
3911,27881,3,27819,2,27839,1,4863,1,27835,1,0,0,0,0,8,7,13,7
3912,27882,3,27513,3,27835,2,0,0,0,0,0,0,0,0,8,7,13,7
3913,25628,1,27706,2,27707,1,19943,1,19906,1,0,0,0,0,8,6,11,5
3914,25629,1,27706,2,27707,2,19943,1,19906,1,0,0,0,0,8,6,11,5
3915,25630,1,27706,2,27707,1,27689,1,19943,1,19906,1,0,0,8,6,11,5
3916,25631,1,27689,1,27706,2,27738,1,19906,1,0,0,0,0,10,6,9,5
3917,25632,1,27689,3,27707,1,19988,1,19943,1,0,0,0,0,10,6,9,5
3918,25633,1,27706,2,27707,2,19943,1,19906,1,0,0,0,0,8,6,11,5
3919,25634,1,27706,2,27707,1,27689,1,19943,1,19906,1,0,0,8,6,11,5
3920,25635,1,27706,2,27707,1,19943,1,27955,1,0,0,0,0,8,6,11,5
3921,25636,1,27689,2,27765,1,27707,1,19967,1,0,0,0,0,10,6,9,5
3922,25637,1,27689,2,27765,1,27707,1,19967,1,0,0,0,0,10,6,9,5
3923,25638,1,27766,1,27738,1,19946,2,27689,1,0,0,0,0,13,6,12,5
3924,25639,1,27766,1,27738,1,19946,2,27689,1,0,0,0,0,13,6,12,5
3925,25640,1,27707,2,27706,1,27766,1,19966,2,0,0,0,0,10,6,8,5
3926,25641,1,27706,3,27707,1,19988,1,27802,1,0,0,0,0,8,6,11,5
3927,25642,1,27707,2,27706,2,19967,1,0,0,0,0,0,0,10,6,8,5
3928,25643,1,27706,2,27707,1,19943,2,0,0,0,0,0,0,8,6,11,5
3929,25644,1,27706,2,27707,1,27738,1,19906,1,27802,1,0,0,8,6,11,5
3930,25645,1,27706,2,27707,1,19943,1,0,0,0,0,0,0,9,6,11,5
3931,25646,1,27706,2,27745,1,19943,1,0,0,0,0,0,0,9,6,11,5
3932,25647,1,27706,2,27707,1,27745,1,19943,1,0,0,0,0,9,6,11,5
3933,25648,1,27706,2,27745,1,19996,1,0,0,0,0,0,0,9,6,11,5
3934,25649,1,27738,3,27745,1,19975,1,19942,1,0,0,0,0,11,6,10,5
3935,25650,1,27706,2,27707,1,19996,1,5510,1,0,0,0,0,9,6,11,5
3936,0,0,0,0,0,0,0,0,0,0,0,0,0,0,9,6,11,5
3937,25652,1,27707,2,27745,1,19963,1,0,0,0,0,0,0,10,6,8,5
3938,25653,1,27745,3,27738,1,19975,1,19942,1,0,0,0,0,12,6,10,5
3939,25654,1,27738,2,27745,1,19942,1,0,0,0,0,0,0,11,6,10,5
3940,25655,1,27738,3,27745,1,27746,1,19942,1,0,0,0,0,11,6,10,5
3941,25656,1,27738,2,27745,1,19942,1,5510,1,0,0,0,0,11,6,10,5
3942,0,0,0,0,0,0,0,0,0,0,0,0,0,0,9,6,11,5
3943,25658,1,27745,2,27738,1,19975,1,19942,1,0,0,0,0,12,6,10,5
3944,25659,1,27745,3,27738,1,19975,1,12544,1,0,0,0,0,12,6,10,5
3945,25660,1,27745,2,19967,1,19975,1,19942,1,0,0,0,0,12,6,10,5
3946,25661,1,27745,3,19967,1,19975,1,19942,1,0,0,0,0,12,6,10,5
3947,25662,1,27738,2,27745,1,19975,1,5510,1,0,0,0,0,11,6,10,5
3948,0,0,0,0,0,0,0,0,0,0,0,0,0,0,9,6,11,5
3949,25664,1,27745,2,27738,1,19975,1,19942,1,0,0,0,0,12,6,10,5
3950,25665,1,27745,3,27738,1,19975,1,12545,1,0,0,0,0,12,6,10,5
3951,25666,1,27745,2,19967,1,19975,1,19942,1,0,0,0,0,12,6,10,5
3952,25667,1,27745,3,19967,1,19975,1,19942,1,0,0,0,0,12,6,10,5
3953,25668,1,27738,2,27745,1,19975,1,5510,1,0,0,0,0,11,6,10,5
3954,0,0,0,0,0,0,0,0,0,0,0,0,0,0,9,6,11,5
3955,25670,1,27706,2,27707,1,19980,1,0,0,0,0,0,0,9,6,11,5
3956,25671,1,27745,3,27738,1,19975,1,19942,1,0,0,0,0,12,6,10,5
3957,25672,1,27738,2,27745,1,19942,1,0,0,0,0,0,0,11,6,10,5
3958,25673,1,27745,3,27738,1,27746,1,19942,1,0,0,0,0,12,6,10,5
3959,25674,1,27738,2,27745,1,19942,1,5510,1,0,0,0,0,11,6,10,5
3960,0,0,0,0,0,0,0,0,0,0,0,0,0,0,9,6,11,5
3961,25676,1,27745,2,27738,1,19975,1,19942,1,0,0,0,0,12,6,10,5
3962,25677,1,27745,3,27738,1,19975,1,12545,1,0,0,0,0,12,6,10,5
3963,25678,1,27738,2,27745,1,19975,1,19942,1,0,0,0,0,11,6,10,5
3964,25679,1,27745,3,27738,1,19975,1,19942,1,0,0,0,0,12,6,10,5
3965,25680,1,27738,2,27745,1,19975,1,5510,1,0,0,0,0,11,6,10,5
3966,0,0,0,0,0,0,0,0,0,0,0,0,0,0,9,6,11,5
3967,25682,1,27745,2,27738,1,19975,1,19942,1,0,0,0,0,12,6,10,5
3968,25683,1,27745,3,27738,1,19975,1,12544,1,0,0,0,0,12,6,10,5
3969,25684,1,27738,2,27745,1,19975,1,19942,1,0,0,0,0,11,6,10,5
3970,25685,1,27745,3,27738,1,19975,1,19942,1,0,0,0,0,12,6,10,5
3971,25686,1,27738,2,27745,1,19975,1,5510,1,0,0,0,0,11,6,10,5
3972,0,0,0,0,0,0,0,0,0,0,0,0,0,0,9,6,11,5
3973,25688,1,27707,1,27720,1,19942,1,12518,1,0,0,0,0,10,6,8,5
3974,25689,1,27707,1,27720,1,19942,1,12518,1,0,0,0,0,10,6,8,5
3975,25690,1,27707,1,27720,1,19942,1,12518,1,0,0,0,0,10,6,8,5
3976,25691,1,27707,1,27720,1,19942,1,12518,1,0,0,0,0,10,6,8,5
3977,25692,1,27707,1,27720,1,19942,1,12518,1,0,0,0,0,10,6,8,5
3978,25693,1,27707,1,27720,1,19975,1,12518,1,0,0,0,0,10,6,8,5
3979,25694,1,27707,1,27720,1,19975,1,12518,1,0,0,0,0,10,6,8,5
3980,25695,1,27707,1,27720,1,19975,1,12518,1,0,0,0,0,10,6,8,5
3981,25696,1,27707,1,27720,1,19975,1,12518,1,0,0,0,0,10,6,8,5
3982,25697,1,27707,1,27720,1,19975,1,12518,1,0,0,0,0,10,6,8,5
3983,25698,1,27707,2,19997,1,27798,1,0,0,0,0,0,0,10,6,8,5
3984,25699,1,27707,2,19997,1,27798,1,0,0,0,0,0,0,10,6,8,5
3985,25700,1,27707,2,19997,1,27798,1,0,0,0,0,0,0,10,6,8,5
3986,25701,1,27707,2,19997,1,27798,1,0,0,0,0,0,0,10,6,8,5
3987,25702,1,27707,2,19997,1,27798,1,0,0,0,0,0,0,10,6,8,5
3988,25703,1,27707,1,27798,1,0,0,0,0,0,0,0,0,10,6,8,5
3989,25704,1,27707,1,27798,1,0,0,0,0,0,0,0,0,10,6,8,5
3990,25705,1,27707,1,27798,1,0,0,0,0,0,0,0,0,10,6,8,5
3991,25706,1,27707,1,27798,1,0,0,0,0,0,0,0,0,10,6,8,5
3992,25707,1,27707,1,27798,1,0,0,0,0,0,0,0,0,10,6,8,5
3993,25788,1,27708,2,27709,1,5059,1,19906,1,0,0,0,0,8,6,11,6
3994,25789,1,27708,3,27709,1,5066,1,19906,1,0,0,0,0,8,6,11,6
3995,25790,1,27708,3,27709,1,12581,1,5059,1,19906,1,0,0,8,6,11,6
3996,25791,1,27690,2,27708,1,27739,1,5059,1,19906,1,0,0,10,6,9,6
3997,25792,1,27690,3,27708,1,5066,1,5338,1,0,0,0,0,10,6,9,6
3998,25793,1,27708,3,27709,1,5066,1,19906,1,0,0,0,0,8,6,11,6
3999,25794,1,27708,3,27709,1,12581,1,5059,1,19906,1,0,0,8,6,11,6
4000,25795,1,27708,2,27709,1,5059,1,27955,1,0,0,0,0,8,6,11,6
4001,25796,1,27690,2,27765,1,27707,1,12522,1,0,0,0,0,10,6,9,6
4002,25797,1,27690,2,27765,1,27707,1,12522,1,0,0,0,0,10,6,9,6
4003,25798,1,27766,1,27739,1,27708,2,5066,1,0,0,0,0,13,6,12,6
4004,25799,1,27766,1,27739,1,27708,2,5066,1,0,0,0,0,13,6,12,6
4005,25800,1,27709,3,27766,1,5066,1,0,0,0,0,0,0,10,6,8,6
4006,25801,1,27708,3,27709,1,5059,1,27802,1,0,0,0,0,8,6,11,6
4007,25802,1,27709,3,27708,1,5066,1,5059,1,0,0,0,0,10,6,8,6
4008,25803,1,27708,2,27709,1,5059,2,0,0,0,0,0,0,8,6,11,6
4009,25804,1,27708,2,27709,1,27739,1,19906,1,27802,1,0,0,8,6,11,6
4010,25805,1,27708,2,27709,1,5059,1,0,0,0,0,0,0,9,6,11,6
4011,25806,1,27708,2,27748,1,5360,2,0,0,0,0,0,0,9,6,11,6
4012,25807,1,27708,2,27748,1,27739,1,5066,1,0,0,0,0,9,6,11,6
4013,25808,1,27708,2,27739,1,5338,1,0,0,0,0,0,0,9,6,11,6
4014,25809,1,27739,3,27748,1,5338,1,5066,1,0,0,0,0,11,6,10,6
4015,25810,1,27739,2,27748,1,5338,1,5510,1,0,0,0,0,11,6,10,6
4016,0,0,0,0,0,0,0,0,0,0,0,0,0,0,9,6,11,6
4017,25812,1,27748,2,27749,1,27708,1,19986,1,0,0,0,0,12,6,10,6
4018,25813,1,27708,2,27748,1,27739,1,5066,1,0,0,0,0,9,6,11,6
4019,25814,1,27708,2,27748,1,5338,1,0,0,0,0,0,0,9,6,11,6
4020,25815,1,27739,3,27748,1,5338,1,5066,1,0,0,0,0,11,6,10,6
4021,25816,1,27708,2,27739,1,5059,1,5510,1,0,0,0,0,9,6,11,6
4022,0,0,0,0,0,0,0,0,0,0,0,0,0,0,9,6,11,6
4023,25818,1,27748,2,27749,3,5360,1,0,0,0,0,0,0,12,6,10,6
4024,25819,1,27748,2,27739,2,5338,1,5066,1,0,0,0,0,12,6,10,6
4025,25820,1,27739,2,27748,1,5338,1,0,0,0,0,0,0,11,6,10,6
4026,25821,1,27748,3,27739,1,5338,1,0,0,0,0,0,0,12,6,10,6
4027,25822,1,27739,2,27709,1,5338,1,5510,1,0,0,0,0,11,6,10,6
4028,0,0,0,0,0,0,0,0,0,0,0,0,0,0,9,6,11,6
4029,25824,1,27748,2,27739,1,5360,1,0,0,0,0,0,0,12,6,10,6
4030,25825,1,27748,2,27739,2,5338,1,5066,1,0,0,0,0,12,6,10,6
4031,25826,1,27739,2,27749,3,5066,1,0,0,0,0,0,0,11,6,10,6
4032,25827,1,27748,3,27739,1,5338,1,0,0,0,0,0,0,12,6,10,6
4033,25828,1,27739,2,27749,1,5066,1,5510,1,0,0,0,0,11,6,10,6
4034,0,0,0,0,0,0,0,0,0,0,0,0,0,0,9,6,11,6
4035,25830,1,27748,2,27749,3,5360,1,0,0,0,0,0,0,12,6,10,6
4036,25831,1,27748,2,27739,2,5338,1,5066,1,0,0,0,0,12,6,10,6
4037,25832,1,27739,2,27748,1,5338,1,0,0,0,0,0,0,11,6,10,6
4038,25833,1,27748,3,27739,1,5338,1,0,0,0,0,0,0,12,6,10,6
4039,25834,1,27739,2,27709,1,5338,1,5510,1,0,0,0,0,11,6,10,6
4040,0,0,0,0,0,0,0,0,0,0,0,0,0,0,9,6,11,6
4041,25836,1,27748,2,27739,1,5338,1,0,0,0,0,0,0,12,6,10,6
4042,25837,1,27748,3,27739,1,12545,1,5066,1,0,0,0,0,12,6,10,6
4043,25838,1,27739,2,27748,1,5338,1,0,0,0,0,0,0,11,6,10,6
4044,25839,1,27748,3,27739,1,5338,1,0,0,0,0,0,0,12,6,10,6
4045,25840,1,27739,2,27749,3,5510,1,0,0,0,0,0,0,11,6,10,6
4046,0,0,0,0,0,0,0,0,0,0,0,0,0,0,9,6,11,6
4047,25842,1,27748,2,27739,1,5338,1,0,0,0,0,0,0,12,6,10,6
4048,25843,1,27748,3,27739,1,12544,1,5066,1,0,0,0,0,12,6,10,6
4049,25844,1,27739,2,27748,1,5338,1,0,0,0,0,0,0,11,6,10,6
4050,25845,1,27748,3,27739,1,5338,1,0,0,0,0,0,0,12,6,10,6
4051,25846,1,27739,2,27749,3,5510,1,0,0,0,0,0,0,11,6,10,6
4052,0,0,0,0,0,0,0,0,0,0,0,0,0,0,9,6,11,6
4053,25848,1,27709,2,27721,1,5066,1,0,0,0,0,0,0,10,6,8,6
4054,25849,1,27709,2,27721,1,5066,1,0,0,0,0,0,0,10,6,8,6
4055,25850,1,27709,2,27721,1,5066,1,0,0,0,0,0,0,10,6,8,6
4056,25851,1,27709,2,27721,1,5066,1,0,0,0,0,0,0,10,6,8,6
4057,25852,1,27709,2,27721,1,5066,1,0,0,0,0,0,0,10,6,8,6
4058,25853,1,27709,2,27721,1,5066,1,0,0,0,0,0,0,10,6,8,6
4059,25854,1,27709,2,27721,1,5066,1,0,0,0,0,0,0,10,6,8,6
4060,25855,1,27709,2,27721,1,5066,1,0,0,0,0,0,0,10,6,8,6
4061,25856,1,27709,2,27721,1,5066,1,0,0,0,0,0,0,10,6,8,6
4062,25857,1,27709,2,27721,1,5066,1,0,0,0,0,0,0,10,6,8,6
4063,25858,1,27709,2,27721,1,5066,1,0,0,0,0,0,0,10,6,8,6
4064,25859,1,27709,2,27721,1,5066,1,0,0,0,0,0,0,10,6,8,6
4065,25860,1,27709,2,27721,1,5066,1,0,0,0,0,0,0,10,6,8,6
4066,25861,1,27709,2,27721,1,5066,1,0,0,0,0,0,0,10,6,8,6
4067,25862,1,27709,2,27721,1,5066,1,0,0,0,0,0,0,10,6,8,6
4068,25863,1,27709,1,27721,1,0,0,0,0,0,0,0,0,10,6,8,6
4069,25864,1,27709,1,27721,1,0,0,0,0,0,0,0,0,10,6,8,6
4070,25865,1,27709,1,27721,1,0,0,0,0,0,0,0,0,10,6,8,6
4071,25866,1,27709,1,27721,1,0,0,0,0,0,0,0,0,10,6,8,6
4072,25867,1,27709,1,27721,1,0,0,0,0,0,0,0,0,10,6,8,6
4073,25948,1,27711,2,27710,1,12544,1,5068,1,0,0,0,0,8,7,11,6
4074,25949,1,27710,2,27711,2,12544,1,5068,1,0,0,0,0,10,7,8,6
4075,25950,1,27711,3,27710,1,12544,1,5068,1,0,0,0,0,8,7,11,6
4076,25951,1,27691,2,27711,2,12544,1,5061,1,0,0,0,0,10,7,9,6
4077,25952,1,27710,3,27711,1,12544,1,5068,1,0,0,0,0,10,7,8,6
4078,25953,1,27710,2,27711,2,12544,1,5068,1,0,0,0,0,10,7,8,6
4079,25954,1,27711,3,27710,1,12544,1,5061,1,0,0,0,0,8,7,11,6
4080,25955,1,27711,1,27710,2,12544,1,5061,2,27955,1,0,0,8,7,11,6
4081,25956,1,27691,1,27711,1,27710,2,27765,1,12544,1,0,0,10,7,9,6
4082,25957,1,27710,3,27711,1,12544,1,5068,1,0,0,0,0,10,7,8,6
4083,25958,1,27772,1,27711,2,27710,1,12544,1,5068,1,0,0,13,7,12,6
4084,25959,1,27772,1,27711,2,27710,1,12544,1,5068,1,0,0,13,7,12,6
4085,25960,1,27710,2,27711,1,27772,1,12544,1,5068,1,0,0,10,7,8,6
4086,25961,1,27710,1,27711,2,12544,1,5068,2,27802,1,0,0,10,7,8,6
4087,25962,1,27710,3,27711,1,12544,1,5068,1,0,0,0,0,10,7,8,6
4088,25963,1,27711,2,27710,1,12544,1,5061,2,0,0,0,0,8,7,11,6
4089,25964,1,27710,2,27711,2,12544,1,5068,1,27802,1,0,0,10,7,8,6
4090,25965,1,27711,2,27710,1,12544,1,5061,1,0,0,0,0,9,7,11,6
4091,25966,1,27711,2,27740,1,5068,1,27769,1,0,0,0,0,9,7,11,6
4092,25967,1,27711,3,27740,1,5068,2,27769,2,0,0,0,0,9,7,11,6
4093,25968,1,27711,2,27740,1,5068,1,27769,1,0,0,0,0,9,7,11,6
4094,25969,1,27740,3,27751,1,5068,1,27769,2,0,0,0,0,11,7,10,6
4095,25970,1,27711,2,27740,1,5068,1,27769,1,0,0,0,0,9,7,11,6
4096,0,0,0,0,0,0,0,0,0,0,0,0,0,0,9,7,11,6
4097,25972,1,27711,2,27740,1,5068,1,27767,1,0,0,0,0,9,7,11,6
4098,25973,1,27711,3,27740,1,5068,2,27767,2,0,0,0,0,9,7,11,6
4099,25974,1,27711,2,27740,1,5068,1,27767,1,0,0,0,0,9,7,11,6
4100,25975,1,27740,3,27751,1,5068,1,27767,2,0,0,0,0,11,7,10,6
4101,25976,1,27711,2,27740,1,5061,1,27767,1,0,0,0,0,9,7,11,6
4102,0,0,0,0,0,0,0,0,0,0,0,0,0,0,9,7,11,6
4103,25978,1,27751,2,27740,1,5360,2,12594,1,27767,1,0,0,12,7,10,6
4104,25979,1,27751,2,27740,1,27710,1,12594,1,27767,2,0,0,12,7,10,6
4105,25980,1,27751,2,27740,1,5068,1,12594,1,27767,1,0,0,12,7,10,6
4106,25981,1,27751,3,27740,1,5068,1,12594,1,27767,2,0,0,12,7,10,6
4107,25982,1,27740,2,27751,1,12594,1,5510,1,27767,1,0,0,11,7,10,6
4108,0,0,0,0,0,0,0,0,0,0,0,0,0,0,9,7,11,6
4109,25984,1,27740,2,27711,1,12594,1,19906,1,27768,1,0,0,11,7,10,6
4110,25985,1,27740,2,27711,1,27710,1,12594,1,27768,2,0,0,11,7,10,6
4111,25986,1,27740,2,27751,1,5061,1,12594,1,27768,1,0,0,11,7,10,6
4112,25987,1,27751,2,27740,2,5068,1,12594,1,27768,2,0,0,12,7,10,6
4113,25988,1,27740,2,27751,1,5061,1,5510,1,27768,1,0,0,11,7,10,6
4114,0,0,0,0,0,0,0,0,0,0,0,0,0,0,9,7,11,6
4115,25990,1,27740,2,27711,1,12594,1,19906,1,27768,1,0,0,11,7,10,6
4116,25991,1,27740,3,27711,1,27710,1,12594,1,27768,2,0,0,11,7,10,6
4117,25992,1,27740,2,27751,1,5061,1,12594,1,27768,1,0,0,11,7,10,6
4118,25993,1,27751,2,27740,2,5068,1,12594,1,27768,2,0,0,12,7,10,6
4119,25994,1,27740,2,27751,1,5061,1,5510,1,27768,1,0,0,11,7,10,6
4120,0,0,0,0,0,0,0,0,0,0,0,0,0,0,9,7,11,6
4121,25996,1,27751,2,27740,1,27752,1,5068,1,27771,1,0,0,12,7,10,6
4122,25997,1,27751,2,27740,1,27748,1,27752,1,5068,1,27771,2,12,7,10,6
4123,25998,1,27740,2,27748,1,27752,1,5068,1,27771,1,0,0,11,7,10,6
4124,25999,1,27751,2,27740,2,27752,1,5068,1,27771,2,0,0,12,7,10,6
4125,26000,1,27740,3,27752,1,5061,1,5510,1,27771,1,0,0,11,7,10,6
4126,0,0,0,0,0,0,0,0,0,0,0,0,0,0,9,7,11,6
4127,26002,1,27711,2,27740,1,27752,1,27770,1,0,0,0,0,9,7,11,6
4128,26003,1,27740,3,27751,1,27752,1,5061,1,27770,2,0,0,11,7,10,6
4129,26004,1,27740,2,27711,1,27752,1,5061,1,27770,1,0,0,11,7,10,6
4130,26005,1,27751,3,27740,1,27752,1,5061,1,27770,2,0,0,12,7,10,6
4131,26006,1,27711,2,27740,1,5068,1,27770,1,0,0,0,0,9,7,11,6
4132,0,0,0,0,0,0,0,0,0,0,0,0,0,0,9,7,11,6
4133,26008,1,27691,1,27740,1,12594,1,27769,1,0,0,0,0,10,7,9,6
4134,26009,1,27691,1,27740,1,12594,1,27767,1,0,0,0,0,10,7,9,6
4135,26010,1,27691,1,27740,1,12594,1,27768,1,0,0,0,0,10,7,9,6
4136,26011,1,27691,1,27740,1,12594,1,27771,1,0,0,0,0,10,7,9,6
4137,26012,1,27691,1,27740,1,12594,1,27770,1,0,0,0,0,10,7,9,6
4138,26013,1,27740,1,27722,1,5068,1,27769,1,0,0,0,0,11,7,10,6
4139,26014,1,27740,1,27722,1,5068,1,27767,1,0,0,0,0,11,7,10,6
4140,26015,1,27740,1,27722,1,5068,1,27768,1,0,0,0,0,11,7,10,6
4141,26016,1,27740,1,27722,1,5068,1,27771,1,0,0,0,0,11,7,10,6
4142,26017,1,27740,1,27722,1,5068,1,27770,1,0,0,0,0,11,7,10,6
4143,26018,1,27740,1,27710,1,12594,1,27769,1,0,0,0,0,11,7,10,6
4144,26019,1,27740,1,27710,1,12594,1,27767,1,0,0,0,0,11,7,10,6
4145,26020,1,27740,1,27710,1,12594,1,27768,1,0,0,0,0,11,7,10,6
4146,26021,1,27740,1,27710,1,12594,1,27771,1,0,0,0,0,11,7,10,6
4147,26022,1,27740,1,27710,1,12594,1,27770,1,0,0,0,0,11,7,10,6
4148,26023,1,27710,1,27722,1,27769,1,0,0,0,0,0,0,10,7,8,6
4149,26024,1,27710,1,27722,1,27767,1,0,0,0,0,0,0,10,7,8,6
4150,26025,1,27710,1,27722,1,27768,1,0,0,0,0,0,0,10,7,8,6
4151,26026,1,27710,1,27722,1,27771,1,0,0,0,0,0,0,10,7,8,6
4152,26027,1,27710,1,27722,1,27770,1,0,0,0,0,0,0,10,7,8,6
4153,26108,1,27713,2,27723,1,12524,1,27775,1,0,0,0,0,8,7,11,6
4154,26109,1,27713,2,27712,1,27722,1,12524,1,27775,1,0,0,8,7,11,6
4155,26110,1,27713,3,27723,1,12566,1,27775,1,0,0,0,0,8,7,11,6
4156,26111,1,27692,2,27713,2,12524,1,27775,1,0,0,0,0,10,7,9,6
4157,26112,1,27692,3,27741,1,12524,1,27775,1,0,0,0,0,10,7,9,6
4158,26113,1,27713,2,27723,1,12566,1,27775,1,0,0,0,0,8,7,11,6
4159,26114,1,27713,3,27723,1,12566,1,27775,1,0,0,0,0,8,7,11,6
4160,26115,1,27713,2,27712,1,27692,1,12524,1,27955,1,0,0,8,7,11,6
4161,26116,1,27692,2,27778,1,27712,1,12520,1,0,0,0,0,10,7,9,6
4162,26117,1,27692,2,27778,1,27712,1,12520,1,0,0,0,0,10,7,9,6
4163,26118,1,27781,1,27741,2,27712,1,12520,1,5360,1,0,0,13,7,12,7
4164,26119,1,27781,1,27741,2,27712,1,12520,1,5360,1,0,0,13,7,12,7
4165,26120,1,27712,2,27781,1,27723,1,12520,1,0,0,0,0,10,7,8,6
4166,26121,1,27713,2,27712,1,27723,1,12520,1,27804,1,0,0,8,7,11,6
4167,26122,1,27712,2,27713,1,27723,1,12520,1,0,0,0,0,10,7,8,6
4168,26123,1,27713,2,27692,1,27722,1,12524,1,0,0,0,0,8,7,11,6
4169,26124,1,27713,2,27712,2,12524,1,27775,1,27804,1,0,0,8,7,11,6
4170,26125,1,27713,2,27712,1,12520,1,0,0,0,0,0,0,9,7,11,7
4171,26126,1,27712,2,27741,1,12520,1,27769,1,0,0,0,0,10,7,8,7
4172,26127,1,27741,3,27754,1,12524,1,12595,1,27769,2,0,0,11,7,10,7
4173,26128,1,27741,2,27754,1,12595,1,27769,1,0,0,0,0,11,7,10,7
4174,26129,1,27754,3,27741,1,12595,1,27769,2,0,0,0,0,12,7,10,7
4175,26130,1,27741,2,27754,1,12524,1,5510,1,27769,1,0,0,11,7,10,7
4176,0,0,0,0,0,0,0,0,0,0,0,0,0,0,9,7,11,6
4177,26132,1,27712,2,27741,1,12520,1,27767,1,0,0,0,0,10,7,8,7
4178,26133,1,27741,3,27754,1,12524,1,12595,1,27767,2,0,0,11,7,10,7
4179,26134,1,27741,2,27754,1,12595,1,27767,1,0,0,0,0,11,7,10,7
4180,26135,1,27754,3,27741,1,12595,1,27767,2,0,0,0,0,12,7,10,7
4181,26136,1,27741,2,27754,1,12524,1,5510,1,27767,1,0,0,11,7,10,7
4182,0,0,0,0,0,0,0,0,0,0,0,0,0,0,9,7,11,6
4183,26138,1,27754,2,27741,1,12595,1,19986,1,27767,1,0,0,12,7,10,7
4184,26139,1,27754,3,27712,1,12520,1,12545,1,27767,2,0,0,12,7,10,7
4185,26140,1,27741,2,27754,1,12595,1,27767,1,0,0,0,0,11,7,10,6
4186,26141,1,27754,3,27741,1,12595,1,27767,2,0,0,0,0,12,7,10,7
4187,26142,1,27741,2,27754,1,12524,1,5510,1,27767,1,0,0,11,7,10,6
4188,0,0,0,0,0,0,0,0,0,0,0,0,0,0,9,7,11,6
4189,26144,1,27754,2,27741,1,12595,1,19986,1,27768,1,0,0,12,7,10,6
4190,26145,1,27754,2,27712,1,27741,1,12520,1,12544,1,27768,2,12,7,10,6
4191,26146,1,27741,2,27754,1,12595,1,27768,1,0,0,0,0,11,7,10,6
4192,26147,1,27754,3,27741,1,12595,1,27768,1,0,0,0,0,12,7,10,6
4193,26148,1,27741,2,27754,1,5510,1,27768,1,0,0,0,0,11,7,10,6
4194,0,0,0,0,0,0,0,0,0,0,0,0,0,0,9,7,11,6
4195,26150,1,27712,2,27741,1,12520,1,27768,1,0,0,0,0,9,7,11,6
4196,26151,1,27754,2,27741,2,12595,1,27768,2,0,0,0,0,12,7,10,6
4197,26152,1,27741,2,27754,1,12524,1,27768,1,0,0,0,0,11,7,10,6
4198,26153,1,27754,3,27755,2,12520,1,27768,1,0,0,0,0,12,7,10,6
4199,26154,1,27741,2,27754,1,12595,1,27768,1,0,0,0,0,11,7,10,6
4200,0,0,0,0,0,0,0,0,0,0,0,0,0,0,9,7,11,6
4201,26156,1,27754,2,27712,1,12595,1,19986,1,27771,1,0,0,12,7,10,6
4202,26157,1,27754,3,27712,1,12520,1,12544,1,27771,2,0,0,12,7,10,7
4203,26158,1,27741,2,27754,1,12595,1,27771,1,0,0,0,0,11,7,10,6
4204,26159,1,27754,3,27741,1,12520,2,27771,2,0,0,0,0,12,7,10,6
4205,26160,1,27741,2,27713,1,5510,1,27771,1,0,0,0,0,11,7,10,6
4206,0,0,0,0,0,0,0,0,0,0,0,0,0,0,9,7,11,6
4207,26162,1,27754,2,27712,1,12595,1,19986,1,27770,1,0,0,12,7,10,6
4208,26163,1,27754,2,27712,1,27741,1,12520,1,12545,1,27770,2,12,7,10,6
4209,26164,1,27741,2,27754,1,12524,1,27770,1,0,0,0,0,11,7,10,6
4210,26165,1,27754,2,27712,1,27741,1,12520,1,27770,2,0,0,12,7,10,6
4211,26166,1,27741,2,27754,1,5510,1,27770,1,0,0,0,0,11,7,10,6
4212,0,0,0,0,0,0,0,0,0,0,0,0,0,0,9,7,11,6
4213,26168,1,27712,1,27723,2,27769,1,0,0,0,0,0,0,10,7,8,6
4214,26169,1,27712,1,27723,2,27767,1,0,0,0,0,0,0,10,7,8,6
4215,26170,1,27712,1,27723,2,27768,1,0,0,0,0,0,0,10,7,8,6
4216,26171,1,27712,1,27723,2,27771,1,0,0,0,0,0,0,10,7,8,6
4217,26172,1,27712,1,27723,2,27770,1,0,0,0,0,0,0,10,7,8,6
4218,26173,1,27712,2,27723,1,12564,1,27769,1,0,0,0,0,10,7,8,7
4219,26174,1,27712,2,27723,1,12564,1,27767,1,0,0,0,0,10,7,8,7
4220,26175,1,27712,2,27723,1,12564,1,27768,1,0,0,0,0,10,7,8,7
4221,26176,1,27712,2,27723,1,12564,1,27771,1,0,0,0,0,10,7,8,7
4222,26177,1,27712,2,27723,1,12564,1,27770,1,0,0,0,0,10,7,8,7
4223,26178,1,27712,1,27723,2,12564,1,27769,1,0,0,0,0,10,7,8,7
4224,26179,1,27712,1,27723,2,12564,1,27767,1,0,0,0,0,10,7,8,7
4225,26180,1,27712,1,27723,2,12564,1,27768,1,0,0,0,0,10,7,8,7
4226,26181,1,27712,1,27723,2,12564,1,27771,1,0,0,0,0,10,7,8,7
4227,26182,1,27712,1,27723,2,12564,1,27770,1,0,0,0,0,10,7,8,7
4228,26183,1,27712,1,27723,1,27769,1,0,0,0,0,0,0,10,7,8,6
4229,26184,1,27712,1,27723,1,27767,1,0,0,0,0,0,0,10,7,8,6
4230,26185,1,27712,1,27723,1,27768,1,0,0,0,0,0,0,10,7,8,6
4231,26186,1,27712,1,27723,1,27771,1,0,0,0,0,0,0,10,7,8,6
4232,26187,1,27712,1,27723,1,27770,1,0,0,0,0,0,0,10,7,8,6
4233,26268,1,27714,2,27715,1,27708,1,27775,1,0,0,0,0,8,7,11,7
4234,26269,1,27714,2,27715,2,27708,1,27775,1,0,0,0,0,8,7,11,7
4235,26270,1,27714,3,27715,1,27708,1,27775,1,0,0,0,0,8,7,11,7
4236,26271,1,27693,2,27714,1,27715,1,27708,1,27775,1,0,0,10,7,9,7
4237,26272,1,27693,1,27714,2,27715,1,27708,1,27775,1,0,0,10,7,9,7
4238,26273,1,27714,2,27693,1,27708,1,27775,1,0,0,0,0,8,7,11,7
4239,26274,1,27714,3,27715,1,27708,1,27775,1,0,0,0,0,8,7,11,7
4240,26275,1,27714,1,27715,1,27693,1,27775,1,27955,1,0,0,8,7,11,7
4241,26276,1,27693,1,27714,2,27715,1,27778,1,0,0,0,0,10,7,9,7
4242,26277,1,27693,1,27714,2,27715,1,27778,1,0,0,0,0,10,7,9,7
4243,26278,1,27781,1,27714,2,27693,1,27709,1,0,0,0,0,13,7,12,7
4244,26279,1,27781,1,27714,2,27693,1,27709,1,0,0,0,0,13,7,12,7
4245,26280,1,27714,2,27723,1,27781,1,27707,1,0,0,0,0,8,7,11,7
4246,26281,1,27714,2,27715,1,27707,1,27804,1,0,0,0,0,8,7,11,7
4247,26282,1,27715,1,27714,2,27693,1,27707,1,0,0,0,0,10,7,8,7
4248,26283,1,27714,2,27715,1,27693,1,27709,2,0,0,0,0,8,7,11,7
4249,26284,1,27714,2,27715,1,27707,1,27804,1,0,0,0,0,8,7,11,7
4250,26285,1,27714,2,27715,1,27709,1,0,0,0,0,0,0,9,7,11,7
4251,26286,1,27714,2,27757,1,5360,2,27769,1,0,0,0,0,9,7,11,7
4252,26287,1,27714,2,27742,1,27757,1,19985,2,27746,1,27769,2,9,7,11,7
4253,26288,1,27742,2,27757,1,27746,1,27769,1,0,0,0,0,11,7,10,7
4254,26289,1,27757,3,27742,1,27746,1,27769,2,0,0,0,0,12,7,10,7
4255,26290,1,27714,2,27742,1,27746,1,27769,1,5510,1,0,0,9,7,11,7
4256,0,0,0,0,0,0,0,0,0,0,0,0,0,0,9,7,11,7
4257,26292,1,27714,2,27757,1,5360,2,27767,1,0,0,0,0,9,7,11,7
4258,26293,1,27714,2,27742,1,27757,1,19985,2,27746,1,27767,2,9,7,11,7
4259,26294,1,27742,2,27757,1,27746,1,27767,1,0,0,0,0,11,7,10,7
4260,26295,1,27757,3,27742,1,27746,1,27767,2,0,0,0,0,12,7,10,7
4261,26296,1,27714,2,27742,1,27746,1,27767,1,5510,1,0,0,9,7,11,7
4262,0,0,0,0,0,0,0,0,0,0,0,0,0,0,9,7,11,7
4263,26298,1,27714,2,27757,1,5360,2,27767,1,0,0,0,0,9,7,11,7
4264,26299,1,27714,2,27742,1,27757,1,19985,2,27746,1,27767,2,9,7,11,7
4265,26300,1,27742,2,27757,1,27746,1,27767,1,0,0,0,0,11,7,10,7
4266,26301,1,27757,3,27742,1,27746,1,27767,2,0,0,0,0,12,7,10,7
4267,26302,1,27742,2,27757,1,27746,1,27767,1,5510,1,0,0,11,7,10,7
4268,0,0,0,0,0,0,0,0,0,0,0,0,0,0,9,7,11,7
4269,26304,1,27757,3,27746,1,19985,1,5360,2,27768,1,0,0,12,7,10,7
4270,26305,1,27742,2,27757,1,27724,1,19985,1,27746,1,27768,2,11,7,10,7
4271,26306,1,27742,2,27715,1,27707,1,27768,1,0,0,0,0,11,7,10,7
4272,26307,1,27757,3,27742,1,27746,1,27768,2,0,0,0,0,12,7,10,7
4273,26308,1,27714,2,27742,1,27746,1,27768,1,5510,1,0,0,9,7,11,7
4274,0,0,0,0,0,0,0,0,0,0,0,0,0,0,9,7,11,7
4275,26310,1,27757,3,27746,1,19985,1,5360,2,27768,1,0,0,12,7,10,7
4276,26311,1,27742,2,27757,1,27724,1,19985,1,27746,1,27768,2,11,7,10,7
4277,26312,1,27742,2,27715,1,27707,1,27768,1,0,0,0,0,11,7,10,7
4278,26313,1,27757,3,27742,1,27746,1,27768,2,0,0,0,0,12,7,10,7
4279,26314,1,27714,2,27742,1,27746,1,27768,1,5510,1,0,0,9,7,11,7
4280,0,0,0,0,0,0,0,0,0,0,0,0,0,0,9,7,11,7
4281,26316,1,27757,2,27742,1,19985,1,27771,1,0,0,0,0,12,7,10,7
4282,26317,1,27742,2,27757,1,27724,1,19985,1,27746,1,27771,2,11,7,10,7
4283,26318,1,27742,2,27715,1,27707,1,27771,1,0,0,0,0,11,7,10,7
4284,26319,1,27757,3,27742,1,27746,1,27771,2,0,0,0,0,12,7,10,7
4285,26320,1,27742,2,27715,1,27746,1,27771,1,5510,1,0,0,11,7,10,7
4286,0,0,0,0,0,0,0,0,0,0,0,0,0,0,9,7,11,7
4287,26322,1,27757,2,27742,1,19985,1,27770,1,0,0,0,0,12,7,10,7
4288,26323,1,27742,2,27757,1,27724,1,19985,1,27746,1,27770,2,11,7,10,7
4289,26324,1,27742,2,27715,1,27707,1,27770,1,0,0,0,0,11,7,10,7
4290,26325,1,27757,3,27742,1,27746,1,27770,2,0,0,0,0,12,7,10,7
4291,26326,1,27742,2,27715,1,27746,1,27770,1,5510,1,0,0,11,7,10,7
4292,0,0,0,0,0,0,0,0,0,0,0,0,0,0,9,7,11,7
4293,26328,1,27715,1,27724,2,27769,1,0,0,0,0,0,0,10,7,8,7
4294,26329,1,27715,1,27724,2,27767,1,0,0,0,0,0,0,10,7,8,7
4295,26330,1,27715,1,27724,2,27768,1,0,0,0,0,0,0,10,7,8,7
4296,26331,1,27715,1,27724,2,27771,1,0,0,0,0,0,0,10,7,8,7
4297,26332,1,27715,1,27724,2,27770,1,0,0,0,0,0,0,10,7,8,7
4298,26333,1,27715,2,27724,1,27710,1,27769,1,0,0,0,0,10,7,8,7
4299,26334,1,27715,2,27724,1,27710,1,27767,1,0,0,0,0,10,7,8,7
4300,26335,1,27715,2,27724,1,27710,1,27768,1,0,0,0,0,10,7,8,7
4301,26336,1,27715,2,27724,1,27710,1,27771,1,0,0,0,0,10,7,8,7
4302,26337,1,27715,2,27724,1,27710,1,27770,1,0,0,0,0,10,7,8,7
4303,26338,1,27715,1,27724,2,27710,1,27769,1,0,0,0,0,10,7,8,7
4304,26339,1,27715,1,27724,2,27710,1,27767,1,0,0,0,0,10,7,8,7
4305,26340,1,27715,1,27724,2,27710,1,27768,1,0,0,0,0,10,7,8,7
4306,26341,1,27715,1,27724,2,27710,1,27771,1,0,0,0,0,10,7,8,7
4307,26342,1,27715,1,27724,2,27710,1,27770,1,0,0,0,0,10,7,8,7
4308,26343,1,27715,1,27724,1,27769,1,0,0,0,0,0,0,10,7,8,7
4309,26344,1,27715,1,27724,1,27767,1,0,0,0,0,0,0,10,7,8,7
4310,26345,1,27715,1,27724,1,27768,1,0,0,0,0,0,0,10,7,8,7
4311,26346,1,27715,1,27724,1,27771,1,0,0,0,0,0,0,10,7,8,7
4312,26347,1,27715,1,27724,1,27770,1,0,0,0,0,0,0,10,7,8,7
4313,27077,1,27706,3,27689,1,0,0,0,0,0,0,0,0,8,6,11,5
4314,27078,1,27706,2,27689,1,27738,1,0,0,0,0,0,0,8,6,11,5
4315,27079,1,27706,3,27689,1,0,0,0,0,0,0,0,0,8,6,11,5
4316,27080,1,27706,1,27707,2,27689,1,0,0,0,0,0,0,8,6,11,5
4317,27081,1,27706,1,27707,1,27689,1,27802,1,0,0,0,0,8,6,11,5
4318,27082,1,27707,2,27689,1,19946,1,27802,1,0,0,0,0,10,6,8,5
4319,27083,1,27706,3,27707,1,0,0,0,0,0,0,0,0,9,6,11,5
4320,27084,1,27706,3,27689,1,0,0,0,0,0,0,0,0,9,6,11,5
4321,27085,1,27706,2,27689,1,27738,1,0,0,0,0,0,0,8,6,11,5
4322,27086,1,27706,2,27707,1,27689,1,0,0,0,0,0,0,8,6,11,5
4323,27087,1,27689,2,27706,1,27738,1,0,0,0,0,0,0,10,6,9,5
4324,27088,1,27706,2,27689,1,0,0,0,0,0,0,0,0,8,6,11,5
4325,27089,1,27706,2,27745,1,0,0,0,0,0,0,0,0,8,6,11,5
4326,27090,1,27706,2,27707,1,0,0,0,0,0,0,0,0,8,6,11,5
4327,27091,1,27689,2,27706,1,27802,1,0,0,0,0,0,0,10,6,9,5
4328,27092,1,27706,2,27689,1,27746,1,0,0,0,0,0,0,8,6,11,5
4329,27093,1,27689,3,27706,1,0,0,0,0,0,0,0,0,10,6,9,5
4330,27094,1,27706,2,27689,1,0,0,0,0,0,0,0,0,8,6,11,5
4331,27095,1,27706,2,27689,1,27802,1,0,0,0,0,0,0,8,6,11,5
4332,27096,1,27706,2,27689,1,0,0,0,0,0,0,0,0,8,6,11,5
4333,27097,1,27706,2,27689,1,27802,1,0,0,0,0,0,0,8,6,11,5
4334,27098,1,27711,3,27691,1,0,0,0,0,0,0,0,0,8,7,11,6
4335,27099,1,27711,2,27691,1,27740,1,0,0,0,0,0,0,8,7,11,6
4336,27100,1,27711,3,27691,1,0,0,0,0,0,0,0,0,8,7,11,6
4337,27101,1,27711,1,27710,2,27691,1,0,0,0,0,0,0,8,7,11,6
4338,27102,1,27711,1,27710,1,27691,1,27802,1,0,0,0,0,8,7,11,6
4339,27103,1,27710,2,27691,1,27709,1,27802,1,0,0,0,0,10,7,8,6
4340,27104,1,27711,3,27710,1,0,0,0,0,0,0,0,0,9,7,11,6
4341,27105,1,27711,3,27691,1,0,0,0,0,0,0,0,0,9,7,11,6
4342,27106,1,27711,2,27691,1,27740,1,0,0,0,0,0,0,8,7,11,6
4343,27107,1,27711,2,27710,1,27691,1,0,0,0,0,0,0,8,7,11,6
4344,27108,1,27691,2,27711,1,27740,1,0,0,0,0,0,0,10,7,9,6
4345,27109,1,27711,2,27691,1,0,0,0,0,0,0,0,0,8,7,11,6
4346,27110,1,27711,2,27751,1,0,0,0,0,0,0,0,0,8,7,11,6
4347,27111,1,27711,2,27710,1,0,0,0,0,0,0,0,0,8,7,11,6
4348,27112,1,27691,2,27711,1,27802,1,0,0,0,0,0,0,10,7,9,6
4349,27113,1,27711,2,27691,1,27752,1,0,0,0,0,0,0,8,7,11,6
4350,27114,1,27691,3,27710,1,0,0,0,0,0,0,0,0,10,7,9,6
4351,27115,1,27711,2,27691,1,0,0,0,0,0,0,0,0,8,7,11,6
4352,27116,1,27711,2,27691,1,27802,1,0,0,0,0,0,0,8,7,11,6
4353,27117,1,27711,2,27691,1,0,0,0,0,0,0,0,0,8,7,11,6
4354,27118,1,27711,2,27691,1,27802,1,0,0,0,0,0,0,8,7,11,6
4355,27119,1,27713,3,27692,1,0,0,0,0,0,0,0,0,8,7,11,7
4356,27120,1,27713,2,27692,1,27741,1,0,0,0,0,0,0,8,7,11,7
4357,27121,1,27713,3,27692,1,0,0,0,0,0,0,0,0,8,7,11,7
4358,27122,1,27713,1,27712,2,27692,1,0,0,0,0,0,0,8,7,11,7
4359,27123,1,27713,1,27712,1,27692,1,27804,1,0,0,0,0,8,7,11,7
4360,27124,1,27712,2,27692,1,27713,1,27804,1,0,0,0,0,10,7,8,7
4361,27125,1,27713,3,27712,1,0,0,0,0,0,0,0,0,9,7,11,7
4362,27126,1,27713,3,27692,1,0,0,0,0,0,0,0,0,9,7,11,7
4363,27127,1,27713,2,27692,1,27741,1,5360,2,0,0,0,0,8,7,11,7
4364,27128,1,27713,2,27712,1,27692,1,19919,1,0,0,0,0,8,7,11,7
4365,27129,1,27692,2,27713,1,27741,1,0,0,0,0,0,0,10,7,9,7
4366,27130,1,27713,2,27692,1,0,0,0,0,0,0,0,0,8,7,11,7
4367,27131,1,27713,2,27754,1,0,0,0,0,0,0,0,0,8,7,11,7
4368,27132,1,27713,2,27712,1,0,0,0,0,0,0,0,0,8,7,11,7
4369,27133,1,27692,2,27713,1,27804,1,0,0,0,0,0,0,10,7,9,7
4370,27134,1,27713,2,27692,1,27755,1,0,0,0,0,0,0,8,7,11,7
4371,27135,1,27692,3,27712,1,0,0,0,0,0,0,0,0,10,7,9,7
4372,27136,1,27713,2,27692,1,0,0,0,0,0,0,0,0,8,7,11,7
4373,27137,1,27713,2,27692,1,27804,1,0,0,0,0,0,0,8,7,11,7
4374,27138,1,27713,2,27692,1,0,0,0,0,0,0,0,0,8,7,11,7
4375,27139,1,27713,2,27692,1,27804,1,0,0,0,0,0,0,8,7,11,7
4376,27140,1,27714,3,27693,1,0,0,0,0,0,0,0,0,8,7,11,7
4377,27141,1,27714,2,27693,1,27775,1,0,0,0,0,0,0,8,7,11,7
4378,27142,1,27714,3,27693,1,0,0,0,0,0,0,0,0,8,7,11,7
4379,27143,1,27714,1,27715,2,27693,1,0,0,0,0,0,0,8,7,11,7
4380,27144,1,27714,1,27715,1,27693,1,27804,1,0,0,0,0,8,7,11,7
4381,27145,1,27715,2,27693,1,27714,1,27804,1,0,0,0,0,10,7,8,7
4382,27146,1,27714,3,27715,1,0,0,0,0,0,0,0,0,9,7,11,7
4383,27147,1,27714,3,27693,1,0,0,0,0,0,0,0,0,9,7,11,7
4384,27148,1,27714,2,27693,1,27742,1,0,0,0,0,0,0,8,7,11,7
4385,27149,1,27714,2,27715,1,27693,1,0,0,0,0,0,0,8,7,11,7
4386,27150,1,27693,2,27714,1,27742,1,0,0,0,0,0,0,10,7,9,7
4387,27151,1,27714,2,27693,1,0,0,0,0,0,0,0,0,8,7,11,7
4388,27152,1,27714,2,27757,1,0,0,0,0,0,0,0,0,8,7,11,7
4389,27153,1,27714,2,27715,1,0,0,0,0,0,0,0,0,8,7,11,7
4390,27154,1,27693,2,27714,1,27804,1,0,0,0,0,0,0,10,7,9,7
4391,27155,1,27714,2,27693,1,27742,1,0,0,0,0,0,0,8,7,11,7
4392,27156,1,27693,3,27715,1,0,0,0,0,0,0,0,0,10,7,9,7
4393,27157,1,27714,2,27693,1,0,0,0,0,0,0,0,0,8,7,11,7
4394,27158,1,27714,2,27693,1,27804,1,0,0,0,0,0,0,8,7,11,7
4395,27159,1,27714,2,27693,1,0,0,0,0,0,0,0,0,8,7,11,7
4396,27160,1,27714,2,27693,1,27804,1,0,0,0,0,0,0,8,7,11,7
4397,27161,1,27745,2,27746,1,27707,1,0,0,0,0,0,0,12,6,10,5
4398,27162,1,27745,2,27738,1,19987,1,27746,1,0,0,0,0,12,6,10,5
4399,27163,1,27738,2,27745,1,27746,1,0,0,0,0,0,0,11,6,10,5
4400,27164,1,27745,2,27738,1,27746,1,0,0,0,0,0,0,12,6,10,5
4401,27165,1,27738,2,27745,1,27746,1,5510,1,0,0,0,0,11,6,10,5
4402,27166,1,27745,2,27707,1,27746,1,0,0,0,0,0,0,12,6,10,5
4403,27167,1,27745,2,27738,1,19987,1,27746,1,0,0,0,0,12,6,10,5
4404,27168,1,27738,2,27745,1,27746,1,0,0,0,0,0,0,11,6,10,5
4405,27169,1,27745,2,27738,1,27746,1,0,0,0,0,0,0,12,6,10,5
4406,27170,1,27738,2,27745,1,27746,1,5510,1,0,0,0,0,11,6,10,5
4407,27171,1,27751,2,27740,1,27752,1,0,0,0,0,0,0,12,7,10,6
4408,27172,1,27751,2,27740,1,27707,1,27752,2,0,0,0,0,12,7,10,6
4409,27173,1,27751,2,27710,1,27752,1,0,0,0,0,0,0,12,7,10,6
4410,27174,1,27751,2,27740,1,27710,1,27752,1,0,0,0,0,12,7,10,6
4411,27175,1,27740,2,27751,1,27710,1,5510,1,0,0,0,0,11,7,10,6
4412,27176,1,27740,2,27710,1,27752,1,0,0,0,0,0,0,11,7,10,6
4413,27177,1,27740,2,27751,1,19962,1,27752,2,0,0,0,0,11,7,10,6
4414,27178,1,27740,2,27710,1,27752,1,0,0,0,0,0,0,11,7,10,6
4415,27179,1,27751,2,27740,1,27710,1,27752,1,0,0,0,0,12,7,10,6
4416,27180,1,27740,2,27710,1,27752,1,5510,1,0,0,0,0,11,7,10,6
4417,27181,1,27754,2,27755,1,19985,1,5360,2,0,0,0,0,12,7,10,7
4418,27182,1,27741,2,27754,1,27712,1,27755,2,0,0,0,0,11,7,10,7
4419,27183,1,27741,1,27712,1,27721,1,27755,1,0,0,0,0,11,7,10,7
4420,27184,1,27754,2,27741,1,27755,1,0,0,0,0,0,0,12,7,10,7
4421,27185,1,27741,2,27712,1,27755,1,5510,1,0,0,0,0,11,7,10,7
4422,27186,1,27754,2,27755,1,19985,1,5360,2,0,0,0,0,12,7,10,7
4423,27187,1,27741,2,27754,1,27712,1,27755,2,0,0,0,0,11,7,10,7
4424,27188,1,27741,1,27712,1,27721,1,27755,1,0,0,0,0,11,7,10,7
4425,27189,1,27754,2,27741,1,27755,1,0,0,0,0,0,0,12,7,10,7
4426,27190,1,27741,2,27712,1,27755,1,5510,1,0,0,0,0,11,7,10,7
4427,27191,1,27757,2,27742,1,27758,1,5360,2,0,0,0,0,12,7,10,7
4428,27192,1,27757,2,27742,1,27707,1,27758,2,0,0,0,0,12,7,10,7
4429,27193,1,27742,2,27757,1,27758,1,0,0,0,0,0,0,11,7,10,7
4430,27194,1,27757,2,27742,1,27758,1,0,0,0,0,0,0,12,7,10,7
4431,27195,1,27742,2,27693,1,27758,1,5510,1,0,0,0,0,11,7,10,7
4432,27196,1,27757,2,27715,1,27758,1,0,0,0,0,0,0,12,7,10,7
4433,27197,1,27742,2,27757,1,27715,1,27758,2,0,0,0,0,11,7,10,7
4434,27198,1,27742,2,27715,1,27758,1,0,0,0,0,0,0,11,7,10,7
4435,27199,1,27757,2,27715,1,27758,1,0,0,0,0,0,0,12,7,10,7
4436,27200,1,27742,2,27693,1,27758,1,5510,1,0,0,0,0,11,7,10,7
4437,0,0,0,0,0,0,0,0,0,0,0,0,0,0,11,6,10,5
4438,27202,1,27689,2,7017,1,0,0,0,0,0,0,0,0,10,6,9,5
4439,27203,1,27689,2,27746,1,7017,1,0,0,0,0,0,0,10,6,9,5
4440,27204,1,27689,2,27746,1,7017,1,0,0,0,0,0,0,10,6,9,5
4441,27205,1,27689,1,7017,1,0,0,0,0,0,0,0,0,10,6,9,5
4442,0,0,0,0,0,0,0,0,0,0,0,0,0,0,11,6,10,5
4443,27207,1,27738,2,27707,1,0,0,0,0,0,0,0,0,11,6,10,5
4444,27208,1,27738,2,27707,1,27746,1,0,0,0,0,0,0,11,6,10,5
4445,27209,1,27738,2,27707,1,27746,1,0,0,0,0,0,0,11,6,10,5
4446,27210,1,27738,1,27707,1,0,0,0,0,0,0,0,0,11,6,10,5
4447,0,0,0,0,0,0,0,0,0,0,0,0,0,0,12,7,10,6
4448,27212,1,27710,2,27751,1,19988,1,0,0,0,0,0,0,10,7,8,6
4449,27213,1,27710,2,27751,1,19988,1,0,0,0,0,0,0,10,7,8,6
4450,27214,1,27710,2,27751,1,19988,1,0,0,0,0,0,0,10,7,8,6
4451,27215,1,27710,1,27751,1,0,0,0,0,0,0,0,0,10,7,8,6
4452,0,0,0,0,0,0,0,0,0,0,0,0,0,0,11,7,10,6
4453,27217,1,27691,2,27710,1,0,0,0,0,0,0,0,0,10,7,9,6
4454,27218,1,27691,2,27710,1,19981,1,0,0,0,0,0,0,10,7,9,6
4455,27219,1,27691,2,27710,1,19981,1,0,0,0,0,0,0,10,7,9,6
4456,27220,1,27691,1,27710,1,0,0,0,0,0,0,0,0,10,7,9,6
4457,0,0,0,0,0,0,0,0,0,0,0,0,0,0,11,7,10,7
4458,27222,1,27715,2,27757,1,0,0,0,0,0,0,0,0,10,7,8,7
4459,27223,1,27715,2,27757,1,27749,1,0,0,0,0,0,0,10,7,8,7
4460,27224,1,27715,2,27757,1,27749,1,0,0,0,0,0,0,10,7,8,7
4461,27225,1,27715,1,27757,1,27749,1,0,0,0,0,0,0,10,7,8,7
4462,0,0,0,0,0,0,0,0,0,0,0,0,0,0,11,7,10,7
4463,27227,1,27693,2,27715,1,0,0,0,0,0,0,0,0,10,7,9,7
4464,27228,1,27693,2,27715,1,27749,1,0,0,0,0,0,0,10,7,9,7
4465,27229,1,27693,2,27715,1,27749,1,0,0,0,0,0,0,10,7,9,7
4466,27230,1,27693,1,27715,1,0,0,0,0,0,0,0,0,10,7,9,7
4467,27357,1,19939,2,19938,1,19925,1,0,0,0,0,0,0,8,3,11,2
4468,27358,1,19939,2,19938,1,19925,1,20008,1,0,0,0,0,8,3,11,2
4469,27361,1,19941,2,19940,1,19926,1,0,0,0,0,0,0,8,4,11,3
4470,27362,1,19941,2,19940,1,19994,1,20008,1,0,0,0,0,8,4,11,3
4471,27365,1,19943,2,19942,1,19927,1,0,0,0,0,0,0,8,4,11,3
4472,27366,1,19943,2,19942,1,19938,1,20008,1,0,0,0,0,8,4,11,3
4473,27369,1,19945,2,19944,1,19906,1,0,0,0,0,0,0,8,5,11,4
4474,27370,1,19945,2,19944,1,19996,1,20008,1,0,0,0,0,8,5,11,4
4475,27373,1,19947,2,19946,1,19928,1,0,0,0,0,0,0,8,5,11,5
4476,27374,1,19947,2,19946,1,12520,1,20008,1,0,0,0,0,8,5,11,5
4477,27634,1,5275,1,5056,1,5318,1,5510,1,0,0,0,0,5,1,4,1
4478,27635,1,5325,3,0,0,0,0,0,0,0,0,0,0,6,1,4,1
4479,27636,1,5276,1,5324,1,5333,1,0,0,0,0,0,0,5,1,4,1
4480,27637,1,5276,1,5091,1,5319,1,0,0,0,0,0,0,5,1,4,1
4481,27638,1,5326,3,0,0,0,0,0,0,0,0,0,0,6,2,4,2
4482,27639,1,5327,3,0,0,0,0,0,0,0,0,0,0,6,4,4,3
4483,27640,1,5282,1,5058,1,5321,1,5510,1,0,0,0,0,5,4,4,3
4484,27641,1,5099,1,5282,1,5277,1,5063,1,0,0,0,0,5,4,4,4
4485,27642,1,5328,1,5337,1,5277,2,0,0,0,0,0,0,6,5,4,4
4486,27643,1,5328,1,5335,1,5282,1,5360,1,0,0,0,0,6,5,4,5
4487,27644,1,5328,2,5337,1,5277,1,5321,1,0,0,0,0,6,5,4,5
4488,27645,1,5282,1,5277,1,5328,1,5321,1,0,0,0,0,6,5,4,5
4489,27646,1,5328,1,5337,1,5282,1,5322,1,5099,1,0,0,6,5,4,5
4490,27647,1,5285,2,5059,1,5322,1,0,0,0,0,0,0,5,6,4,5
4491,27648,1,5328,2,5059,2,0,0,0,0,0,0,0,0,6,6,4,6
4492,27649,1,5285,2,5328,1,5322,1,0,0,0,0,0,0,5,6,4,6
4493,27650,1,5285,1,5059,1,5094,1,0,0,0,0,0,0,5,6,4,5
4494,27651,1,5285,1,5328,1,5337,1,5322,1,0,0,0,0,5,6,4,5
4495,27652,1,5285,2,5322,1,5065,1,0,0,0,0,0,0,5,6,4,6
4496,27653,1,5072,2,5092,1,5277,1,0,0,0,0,0,0,3,2,5,1
4497,27654,1,5073,2,5093,1,5280,1,0,0,0,0,0,0,3,3,5,3
4498,27655,1,5073,4,5063,1,0,0,0,0,0,0,0,0,3,4,5,3
4499,27656,1,5079,2,5099,1,5282,1,0,0,0,0,0,0,3,5,5,4
4500,27657,1,5059,2,5099,1,5284,1,0,0,0,0,0,0,3,5,5,5
4501,27658,1,5079,4,5066,1,0,0,0,0,0,0,0,0,3,5,5,5
4502,27659,1,5074,2,5094,1,5285,1,0,0,0,0,0,0,3,6,5,5
4503,27660,1,5074,2,5089,1,5066,1,0,0,0,0,0,0,3,6,5,6
4504,27661,1,5074,2,5089,1,5066,1,0,0,0,0,0,0,3,6,5,6
4505,27662,1,5074,2,5084,1,5282,1,5066,1,0,0,0,0,3,6,5,6
4506,27663,1,5328,1,5337,1,5285,1,5322,1,5094,1,0,0,6,6,4,5
4507,27664,1,5074,2,5084,1,5282,1,5066,1,0,0,0,0,3,6,5,6
4508,27665,1,5275,1,5361,1,5318,1,0,0,0,0,0,0,5,1,4,1
4509,27666,1,5325,2,5334,1,5319,1,0,0,0,0,0,0,6,1,4,1
4510,27667,1,5277,1,5326,1,5320,1,5510,1,0,0,0,0,5,3,4,2
4511,27668,1,5064,1,5512,1,0,0,0,0,0,0,0,0,4,3,2,3
4512,27669,1,5326,3,5335,2,5064,1,0,0,0,0,0,0,6,3,4,3
4513,27670,1,5326,1,5280,1,5335,2,0,0,0,0,0,0,6,3,4,3
4514,27671,1,5326,1,5335,1,5280,1,0,0,0,0,0,0,6,3,4,3
4515,27672,1,5280,2,5335,1,5510,1,0,0,0,0,0,0,5,3,4,3
4516,27990,1,5327,2,5336,1,0,0,0,0,0,0,0,0,6,4,4,3
4517,27673,1,5327,4,5336,1,0,0,0,0,0,0,0,0,6,4,4,4
4518,27674,1,5065,2,5064,1,0,0,0,0,0,0,0,0,4,5,2,4
4519,27675,1,5328,3,5337,2,5065,1,0,0,0,0,0,0,6,5,4,4
4520,27676,1,5328,2,5337,1,0,0,0,0,0,0,0,0,6,5,4,4
4521,27677,1,5328,3,5327,1,5337,1,0,0,0,0,0,0,6,6,4,5
4522,27678,1,5329,1,5337,1,5359,1,5065,1,0,0,0,0,6,6,4,5
4523,27679,1,5329,3,5337,1,5282,1,0,0,0,0,0,0,6,6,4,6
4524,27680,1,5329,2,5337,2,0,0,0,0,0,0,0,0,6,6,4,6
4525,27681,1,5329,1,5337,1,5282,2,0,0,0,0,0,0,6,6,4,5
4526,27682,1,5285,2,5337,1,5510,1,0,0,0,0,0,0,5,6,4,5
4527,27268,1,5371,6,5515,6,0,0,0,0,0,0,0,0,4,2,3,2
4528,27269,1,7013,6,7016,6,0,0,0,0,0,0,0,0,7,1,6,1
4529,27270,1,27712,6,27708,3,27706,2,12610,4,0,0,0,0,10,7,8,6
4530,27271,1,5065,2,5512,2,5998,2,0,0,0,0,0,0,4,4,2,3
4531,27272,1,5065,4,5512,4,5998,4,0,0,0,0,0,0,4,4,2,3
4532,27274,1,5327,2,5336,1,5064,1,0,0,0,0,0,0,6,4,4,3
4533,27278,1,12524,4,12520,2,5366,2,0,0,0,0,0,0,3,7,5,7
4534,27279,1,12581,4,5366,2,12520,2,0,0,0,0,0,0,4,7,3,7
4535,27282,1,27713,3,19983,2,5075,3,5094,1,0,0,0,0,9,7,11,7
4536,27284,1,27713,6,27712,3,7023,2,0,0,0,0,0,0,8,7,11,6
4537,27285,1,27713,4,27712,2,5094,2,0,0,0,0,0,0,9,7,11,7
4538,27286,1,27713,3,27712,1,0,0,0,0,0,0,0,0,9,7,11,7
4539,27291,1,27715,2,27713,2,19939,2,12528,1,0,0,0,0,10,7,8,7
4540,27295,1,4697,1,4773,3,4782,2,4780,4,0,0,0,0,2,1,7,1
4541,27296,1,5374,3,5064,2,0,0,0,0,0,0,0,0,4,5,3,4
4542,27297,1,5065,1,5512,2,0,0,0,0,0,0,0,0,4,5,2,4
4543,27924,1,27321,1,12609,1,12631,1,0,0,0,0,0,0,13,5,12,4
4544,27925,1,27322,1,12609,1,12631,1,0,0,0,0,0,0,13,5,12,4
4545,27926,1,27323,1,12609,1,12631,1,0,0,0,0,0,0,13,5,12,4
4546,27927,1,27324,1,12609,1,12631,1,0,0,0,0,0,0,13,5,12,4
4547,27928,1,27325,1,12609,1,12631,1,0,0,0,0,0,0,13,5,12,4
4548,27929,1,27326,1,12609,1,12631,1,0,0,0,0,0,0,13,5,12,4
4549,27930,1,27327,1,12609,1,12631,1,0,0,0,0,0,0,13,5,12,4
4550,27931,1,27328,1,12609,1,12631,1,0,0,0,0,0,0,13,5,12,4
4551,27932,1,27329,1,12609,1,12631,1,0,0,0,0,0,0,13,5,12,4
4552,28799,1,28176,1,12609,1,12631,1,0,0,0,0,0,0,13,5,12,4
4553,28800,1,28177,1,12609,1,12631,1,0,0,0,0,0,0,13,5,12,4
4554,28801,1,28178,1,12609,1,12631,1,0,0,0,0,0,0,13,5,12,4
4555,28802,1,28179,1,12609,1,12631,1,0,0,0,0,0,0,13,5,12,4
4556,28803,1,28180,1,12609,1,12631,1,0,0,0,0,0,0,13,5,12,4
4557,28804,1,28181,1,12609,1,12631,1,0,0,0,0,0,0,13,5,12,4
4558,28805,1,28182,1,12609,1,12631,1,0,0,0,0,0,0,13,5,12,4
4559,28806,1,28183,1,12609,1,12631,1,0,0,0,0,0,0,13,5,12,4
4560,28807,1,28184,1,12609,1,12631,1,0,0,0,0,0,0,13,5,12,4
4561,28126,1,27757,4,27751,4,27752,4,7016,4,5740,4,0,0,12,7,10,7
4562,28127,1,7010,8,27802,8,7016,4,0,0,0,0,0,0,10,7,8,7
4563,28128,1,27715,5,27710,4,12610,2,27724,2,0,0,0,0,10,7,8,7
4564,28133,1,7010,3,27802,2,7016,2,27782,1,0,0,0,0,9,7,11,7
4565,28132,1,27851,1,21089,1,19907,1,19863,1,19911,1,0,0,8,7,13,7
4566,28142,1,27757,2,27758,2,27797,2,5510,1,0,0,0,0,12,7,10,7
4567,28139,1,5512,4,27691,4,0,0,0,0,0,0,0,0,10,7,9,6
4568,28145,1,27714,2,27713,2,27712,1,0,0,0,0,0,0,8,7,11,7
4569,28147,1,27757,2,27741,1,27712,2,0,0,0,0,0,0,12,7,10,7
4570,28149,1,27715,2,27712,1,27754,1,27686,1,0,0,0,0,10,7,8,7
4571,28637,1,27693,3,27692,3,7017,2,0,0,0,0,0,0,10,7,9,7
4572,28638,1,27693,7,27692,5,7017,3,0,0,0,0,0,0,10,7,9,7
4573,28639,1,27742,5,27692,5,27797,3,0,0,0,0,0,0,11,7,10,7
4574,28148,1,5512,2,27710,2,27712,2,0,0,0,0,0,0,10,7,8,7
4575,28162,1,6613,1,6464,1,27757,3,27714,4,27713,4,27711,2,9,28,11,28
4576,28163,1,6613,1,6464,1,27757,3,27714,4,27713,4,27711,2,8,28,11,28
4577,28164,1,6613,1,6464,1,27757,3,27715,4,27712,3,27724,3,10,28,8,28
4578,28165,1,6613,1,6464,1,27757,3,21878,2,16018,2,27778,4,13,28,12,28
4579,28166,1,6613,1,6464,1,27757,3,27841,6,27968,6,19907,2,8,28,13,28
4580,28167,1,6613,1,6464,1,27757,3,27826,6,27831,6,4816,3,8,28,13,28
4581,28168,1,6613,1,6464,1,27757,3,27825,5,27822,5,19866,5,8,28,13,28
4582,28169,1,6613,1,6464,1,27757,3,27781,4,27741,4,27772,2,13,28,12,28
4583,28170,1,6613,1,6464,1,27757,3,27712,4,27751,3,27781,3,13,28,12,28
4584,28171,1,6613,1,6464,1,27757,3,27852,4,27850,4,19873,4,8,28,13,28
4585,28642,1,27693,10,27689,4,27713,2,21825,1,0,0,0,0,10,28,9,28
4586,28160,1,4785,3,4778,3,19855,3,27778,3,16026,5,0,0,13,28,12,28
4587,28131,1,7008,6,19872,3,5267,5,5365,3,9717,1,0,0,13,7,12,7
4588,30131,1,28948,1,12609,1,27968,1,0,0,0,0,0,0,13,6,12,6
4589,30132,1,28949,1,12609,1,27968,1,0,0,0,0,0,0,13,6,12,6
4590,30133,1,28950,1,12609,1,27968,1,0,0,0,0,0,0,13,6,12,6
4591,30134,1,28951,1,12609,1,27968,1,0,0,0,0,0,0,13,6,12,6
4592,29984,1,28952,1,12609,1,27968,1,0,0,0,0,0,0,13,6,12,6
4593,29985,1,28953,1,12609,1,27968,1,0,0,0,0,0,0,13,6,12,6
4594,29986,1,28954,1,12609,1,27968,1,0,0,0,0,0,0,13,6,12,6
4595,29987,1,28955,1,12609,1,27968,1,0,0,0,0,0,0,13,6,12,6
4596,29988,1,28956,1,12609,1,27968,1,0,0,0,0,0,0,13,6,12,6
4597,28960,1,7008,8,27693,6,7016,4,0,0,0,0,0,0,10,7,8,7
4598,28961,1,7008,8,27804,4,27693,2,7016,4,0,0,0,0,10,7,8,7
4599,28962,1,27693,6,27713,4,5998,4,0,0,0,0,0,0,10,7,9,7
4600,28965,1,27693,2,27778,2,5815,1,5820,1,0,0,0,0,13,7,12,7
4601,28970,1,27693,4,5342,1,27275,1,0,0,0,0,0,0,13,7,12,7
4602,28974,1,27693,5,27689,2,4754,4,4756,4,0,0,0,0,10,7,9,7
4603,28975,1,27693,3,27778,2,5514,2,14007,3,0,0,0,0,13,7,12,7
4604,28976,1,27757,4,27797,6,19987,3,0,0,0,0,0,0,12,7,10,7
4605,28977,1,27851,1,4782,1,12895,1,6152,1,4697,1,0,0,8,7,13,7
4606,28983,1,5365,2,27757,1,27275,1,27866,1,27831,1,0,0,12,7,10,7
4607,28137,1,4862,1,5523,2,5513,2,27777,1,0,0,0,0,13,7,12,7
4608,28984,1,27714,2,27708,3,27693,1,0,0,0,0,0,0,9,7,11,7
4609,28991,1,27693,4,27689,4,27832,2,0,0,0,0,0,0,10,7,9,7
4610,28992,1,27693,6,19996,4,19983,2,19985,3,0,0,0,0,11,7,10,7
4611,29683,1,27714,3,27711,1,5152,2,0,0,0,0,0,0,8,7,11,7
4612,29684,1,27693,4,27709,2,27754,2,27755,2,0,0,0,0,10,7,9,7
4613,29685,1,27714,7,27778,4,7008,3,5528,2,0,0,0,0,9,7,11,7
4614,29687,1,7013,10,27778,4,14007,2,16016,2,5514,2,0,0,13,7,12,7
4615,28978,1,27851,1,4898,1,27823,1,4785,1,4835,1,27835,1,8,7,13,7
4616,28973,1,27714,6,5512,3,27710,3,27751,4,0,0,0,0,8,7,11,7
4617,29686,1,30246,1,27689,1,27757,3,27797,3,0,0,0,0,10,7,9,7
4618,29680,1,5374,6,27693,4,27782,5,0,0,0,0,0,0,10,7,9,7
4619,30378,1,31090,2,27714,12,5074,4,0,0,0,0,0,0,9,7,11,7
4620,30379,1,31090,2,27714,12,5074,4,0,0,0,0,0,0,9,7,11,7
4621,30380,1,31090,2,27714,9,12610,3,0,0,0,0,0,0,8,7,11,7
4622,30385,1,27693,7,27709,5,13073,1,0,0,0,0,0,0,10,7,9,7
4623,30387,1,27693,4,27692,2,27712,2,0,0,0,0,0,0,10,7,9,7
4624,30388,1,27757,8,27758,3,27693,2,7008,1,6464,1,0,0,12,7,10,7
4625,30389,1,27757,6,27693,4,27712,2,0,0,0,0,0,0,12,7,10,7
4626,30390,1,27757,6,27758,3,27797,6,0,0,0,0,0,0,12,7,10,7
4627,30391,1,27841,1,27509,1,21089,1,19859,1,27851,2,27838,1,8,7,13,7
4628,30393,1,27693,6,27692,6,27713,2,0,0,0,0,0,0,10,7,9,7
4629,30394,1,7013,10,27778,4,27782,4,7029,2,0,0,0,0,13,7,12,7
4630,30395,1,27841,2,27852,2,27822,1,4782,1,12888,1,0,0,8,7,13,7
4631,30396,1,7013,12,27713,5,27693,3,6494,1,0,0,0,0,13,7,12,7
4632,30400,1,31090,1,27714,6,27713,4,0,0,0,0,0,0,8,7,11,7
4633,30401,1,31090,1,27714,7,27713,4,0,0,0,0,0,0,9,7,11,7
4634,30402,1,31090,1,27714,4,27713,2,0,0,0,0,0,0,8,7,11,7
4635,30403,1,31090,1,27714,6,27713,4,0,0,0,0,0,0,9,7,11,7
4636,30404,1,31090,1,27714,8,27713,6,0,0,0,0,0,0,9,7,11,7
4637,30405,1,31090,1,27714,7,27713,5,0,0,0,0,0,0,8,7,11,7
4638,30406,1,31090,1,27714,6,12610,2,0,0,0,0,0,0,8,7,11,7
4639,30407,1,31090,1,27714,6,27713,6,0,0,0,0,0,0,9,7,11,7
4640,30421,1,27693,10,7008,4,19943,4,7017,4,0,0,0,0,10,7,9,7
4641,31092,1,30366,1,12609,1,27968,1,0,0,0,0,0,0,13,6,12,6
4642,31093,1,30367,1,12609,1,27968,1,0,0,0,0,0,0,13,6,12,6
4643,31094,1,30368,1,12609,1,27968,1,0,0,0,0,0,0,13,6,12,6
4644,31095,1,30369,1,12609,1,27968,1,0,0,0,0,0,0,13,6,12,6
4645,31096,1,30370,1,12609,1,27968,1,0,0,0,0,0,0,13,6,12,6
4646,31097,1,30371,1,12609,1,27968,1,0,0,0,0,0,0,13,6,12,6
4647,31098,1,30372,1,12609,1,27968,1,0,0,0,0,0,0,13,6,12,6
4648,31099,1,30373,1,12609,1,27968,1,0,0,0,0,0,0,13,6,12,6
4649,31100,1,30374,1,12609,1,27968,1,0,0,0,0,0,0,13,6,12,6
4650,30410,1,7010,9,27757,3,27693,3,27797,2,0,0,0,0,10,7,8,7
4651,30427,1,30873,1,19907,2,0,0,0,0,0,0,0,0,8,7,13,7
4652,32226,1,27693,8,27692,5,0,0,0,0,0,0,0,0,10,7,9,7
4653,32227,1,27841,2,27839,2,27851,1,12888,1,0,0,0,0,8,7,13,7
4654,32228,1,6618,1,16016,1,21875,1,27320,1,27778,2,0,0,13,7,12,7
4655,32229,1,27693,4,27757,2,27797,2,0,0,0,0,0,0,10,7,9,7
4656,32221,1,27693,3,14007,2,27778,2,0,0,0,0,0,0,13,7,12,7
4657,32233,1,32230,1,27757,6,27758,3,27797,5,0,0,0,0,12,28,10,28
4658,32234,1,32230,1,27757,7,27754,4,27742,3,0,0,0,0,12,28,10,28
4659,32235,1,32230,1,27714,7,27713,5,27742,2,0,0,0,0,8,28,11,28
4660,32236,1,32230,1,16935,3,27781,3,0,0,0,0,0,0,13,28,12,28
4661,32237,1,32230,1,27841,7,27782,4,19907,3,0,0,0,0,8,28,13,28
4662,32202,1,4958,1,19849,2,12906,2,27839,1,0,0,0,0,8,7,13,7
4663,32212,1,27852,1,12903,1,27825,1,27851,1,4838,1,4841,1,8,7,13,7
4664,32251,1,7014,5,7013,4,7030,4,5514,4,27778,4,0,0,13,7,12,7
4665,32224,1,27757,4,27754,3,27710,2,0,0,0,0,0,0,12,7,10,7
4666,32225,1,27693,6,27692,4,27710,4,5764,3,0,0,0,0,10,7,9,7
4667,32252,1,27693,7,27691,7,7009,4,0,0,0,0,0,0,10,7,9,7
4668,32253,1,27715,5,27710,4,12610,2,27724,2,0,0,0,0,8,7,11,7
4669,32254,1,27693,7,27691,7,7009,4,0,0,0,0,0,0,10,7,9,7
4670,32242,1,32230,1,27757,6,27758,3,27797,5,0,0,0,0,12,28,10,28
4671,32243,1,32230,1,27757,7,27754,4,27742,3,0,0,0,0,12,28,10,28
4672,32244,1,32230,1,27714,7,27713,5,27742,2,0,0,0,0,8,28,11,28
4673,32245,1,32230,1,16935,3,27781,3,0,0,0,0,0,0,13,28,12,28
4674,32246,1,32230,1,27841,7,27782,4,19907,3,0,0,0,0,8,28,13,28
4675,32249,1,7014,5,7013,5,7016,3,27803,3,0,0,0,0,13,7,12,7
4676,32250,1,7726,3,27693,5,27775,5,27778,3,0,0,0,0,10,28,9,28
4677,33028,1,32813,1,12609,1,27968,1,0,0,0,0,0,0,13,6,12,6
4678,33029,1,32814,1,12609,1,27968,1,0,0,0,0,0,0,13,6,12,6
4679,33030,1,32815,1,12609,1,27968,1,0,0,0,0,0,0,13,6,12,6
4680,33031,1,32816,1,12609,1,27968,1,0,0,0,0,0,0,13,6,12,6
4681,33032,1,32817,1,12609,1,27968,1,0,0,0,0,0,0,13,6,12,6
4682,33033,1,32818,1,12609,1,27968,1,0,0,0,0,0,0,13,6,12,6
4683,33034,1,32819,1,12609,1,27968,1,0,0,0,0,0,0,13,6,12,6
4684,33035,1,32820,1,12609,1,27968,1,0,0,0,0,0,0,13,6,12,6
4685,33036,1,32821,1,12609,1,27968,1,0,0,0,0,0,0,13,6,12,6
4686,33874,1,33307,1,12609,1,27968,1,0,0,0,0,0,0,13,6,12,6
4687,33875,1,33308,1,12609,1,27968,1,0,0,0,0,0,0,13,6,12,6
4688,33876,1,33309,1,12609,1,27968,1,0,0,0,0,0,0,13,6,12,6
4689,33877,1,33310,1,12609,1,27968,1,0,0,0,0,0,0,13,6,12,6
4690,33878,1,33311,1,12609,1,27968,1,0,0,0,0,0,0,13,6,12,6
4691,33879,1,33312,1,12609,1,27968,1,0,0,0,0,0,0,13,6,12,6
4692,33880,1,33313,1,12609,1,27968,1,0,0,0,0,0,0,13,6,12,6
4693,33881,1,33314,1,12609,1,27968,1,0,0,0,0,0,0,13,6,12,6
4694,33882,1,33315,1,12609,1,27968,1,0,0,0,0,0,0,13,6,12,6
4695,33248,1,27715,6,7009,6,7008,4,7016,4,0,0,0,0,13,7,12,7
4696,33249,1,27754,8,27757,4,27693,4,7016,4,0,0,0,0,12,7,10,7
4697,33250,1,17548,6,12610,4,27775,3,0,0,0,0,0,0,13,7,12,7
4698,33258,1,7008,7,27782,6,4951,3,7032,1,0,0,0,0,10,28,8,28
4699,33259,1,21830,1,27860,4,12888,3,27831,3,4785,3,0,0,8,7,13,7
4700,33263,1,27693,8,27692,6,0,0,0,0,0,0,0,0,10,7,9,7
4701,33264,1,32230,1,5378,7,5361,4,27849,3,0,0,0,0,10,28,9,28
4702,33266,1,27714,4,27693,2,5745,1,5764,1,0,0,0,0,8,7,11,7
4703,33267,1,27693,6,27757,4,12610,3,0,0,0,0,0,0,10,7,9,7
4704,33268,1,27693,6,19930,6,7016,3,0,0,0,0,0,0,10,7,9,7
4705,33271,1,27693,8,27692,7,27775,3,0,0,0,0,0,0,10,28,9,28
4706,33272,1,27830,2,27828,1,27851,2,27825,1,0,0,0,0,8,7,13,7
4707,33273,1,27693,8,27692,4,27757,4,0,0,0,0,0,0,10,7,9,7
4708,33276,1,7014,5,7013,4,27693,3,7016,2,0,0,0,0,13,7,12,7
4709,33278,1,27837,4,27782,2,0,0,0,0,0,0,0,0,8,7,13,7
4710,33279,1,27693,10,28151,6,0,0,0,0,0,0,0,0,10,28,9,28
4711,33280,1,27831,5,4746,1,0,0,0,0,0,0,0,0,8,7,13,7
4712,33281,1,7030,4,27778,5,7010,6,0,0,0,0,0,0,10,7,8,7
4713,33282,1,27693,4,27757,3,27751,3,12610,6,0,0,0,0,13,7,12,7
4714,33283,1,27693,8,13073,2,7017,4,0,0,0,0,0,0,10,7,9,7
4715,33284,1,27693,8,27758,2,7044,1,7017,3,0,0,0,0,10,7,9,7
4716,33285,1,27693,6,6649,1,5510,3,5729,3,0,0,0,0,10,7,9,7
4717,33286,1,27693,4,22557,3,28151,1,0,0,0,0,0,0,10,7,9,7
4718,33291,1,27693,2,27725,2,27714,2,27715,2,0,0,0,0,10,7,8,7
4719,33295,1,7014,6,7013,5,27693,6,6636,1,0,0,0,0,13,28,12,28
4720,33296,1,8793,1,7030,6,5514,8,12888,4,0,0,0,0,13,7,12,7
4721,33299,1,7014,8,27714,4,5530,4,0,0,0,0,0,0,9,28,11,28
4722,33300,1,27714,8,19941,8,0,0,0,0,0,0,0,0,8,7,11,7
4723,33301,1,27714,7,27693,3,27713,3,27710,3,0,0,0,0,8,28,11,28
4724,33293,1,33871,1,27693,2,7016,2,0,0,0,0,0,0,10,7,8,7
4725,33292,1,33872,1,27714,2,7009,2,0,0,0,0,0,0,9,7,11,7
4726,33275,1,33873,1,27693,2,5153,2,0,0,0,0,0,0,10,7,9,7
4727,33696,1,5526,4,27686,6,27803,4,0,0,0,0,0,0,13,7,12,7
4728,34080,1,36168,1,36182,1,27693,1,27775,1,0,0,0,0,8,8,11,7
4729,34081,1,36168,3,36196,1,27742,1,27775,1,0,0,0,0,9,8,11,7
4730,34082,1,36168,3,36182,1,27693,1,27775,1,0,0,0,0,8,8,11,7
4731,34083,1,36196,2,36168,2,27742,1,27775,1,0,0,0,0,10,8,9,7
4732,34084,1,36196,3,36168,1,27758,1,27775,1,0,0,0,0,10,8,9,7
4733,34085,1,36168,3,36247,1,27693,1,27775,1,0,0,0,0,8,8,11,7
4734,34086,1,36168,3,36182,1,27742,1,27775,1,0,0,0,0,8,8,11,7
4735,34087,1,36168,2,36182,2,27693,1,27955,1,0,0,0,0,8,8,11,7
4736,34088,1,36196,2,36182,2,27757,1,27804,1,0,0,0,0,10,8,9,7
4737,34089,1,36196,2,36182,2,27742,1,27775,1,0,0,0,0,10,8,9,7
4738,34090,1,36237,2,36247,2,36182,1,27693,1,0,0,0,0,13,8,12,7
4739,34091,1,36237,2,36247,2,36182,1,27757,1,0,0,0,0,13,8,12,7
4740,34092,1,36182,2,36168,2,27725,1,27781,1,0,0,0,0,10,8,8,7
4741,34093,1,36168,3,36208,1,27715,1,27804,1,0,0,0,0,8,8,11,7
4742,34094,1,36182,2,36168,2,27742,1,27804,1,0,0,0,0,10,8,8,7
4743,34095,1,36168,2,36182,2,27693,1,27804,1,0,0,0,0,8,8,11,7
4744,34096,1,36168,3,36182,1,27742,1,20008,1,0,0,0,0,8,8,11,7
4745,34097,1,36182,2,36168,2,27715,1,27804,1,0,0,0,0,10,8,8,7
4746,34098,1,36168,2,36182,2,27742,1,27804,1,0,0,0,0,8,8,11,7
4747,34099,1,36168,1,36247,1,27693,1,0,0,0,0,0,0,9,8,11,7
4748,34100,1,36168,2,36182,1,27715,1,0,0,0,0,0,0,9,8,11,7
4749,34101,1,36247,3,36168,1,27757,1,27714,1,0,0,0,0,11,8,10,7
4750,34102,1,36168,2,36247,1,27757,1,0,0,0,0,0,0,9,8,11,7
4751,34103,1,36208,3,36247,1,27714,1,27757,1,0,0,0,0,12,8,10,7
4752,34104,1,36247,2,36168,1,27742,1,0,0,0,0,0,0,11,8,10,7
4753,34105,1,36182,2,36168,1,27715,1,0,0,0,0,0,0,10,8,8,7
4754,34106,1,36247,3,36208,1,27714,1,0,0,0,0,0,0,11,8,10,7
4755,34107,1,36168,2,36247,1,27757,1,0,0,0,0,0,0,9,8,11,7
4756,34108,1,36208,3,36247,1,27757,1,27742,1,0,0,0,0,12,8,10,7
4757,34109,1,36247,2,36168,1,27742,1,0,0,0,0,0,0,11,8,10,7
4758,34110,1,36182,2,36168,1,27715,1,0,0,0,0,0,0,10,8,8,7
4759,34111,1,36247,3,36168,1,27742,1,27714,1,0,0,0,0,11,8,10,7
4760,34112,1,36247,2,36168,1,27742,1,0,0,0,0,0,0,11,8,10,7
4761,34113,1,36208,3,36247,1,27757,1,27742,1,0,0,0,0,12,8,10,7
4762,34114,1,36247,2,36168,1,27742,1,0,0,0,0,0,0,11,8,10,7
4763,34115,1,36182,2,36168,1,27715,1,0,0,0,0,0,0,10,8,8,7
4764,34116,1,36247,3,36208,1,27714,1,27742,1,0,0,0,0,11,8,10,7
4765,34117,1,36168,2,36247,1,27714,1,0,0,0,0,0,0,9,8,11,7
4766,34118,1,36208,3,36247,1,27757,1,27742,1,0,0,0,0,12,8,10,7
4767,34119,1,36247,2,36168,1,27742,1,0,0,0,0,0,0,11,8,10,7
4768,34120,1,36168,2,36182,1,27715,1,0,0,0,0,0,0,9,8,11,7
4769,34121,1,36247,3,36168,1,27742,1,27714,1,0,0,0,0,11,8,10,7
4770,34122,1,36247,2,36168,1,27742,1,0,0,0,0,0,0,11,8,10,7
4771,34123,1,36208,3,36247,1,27757,1,27742,1,0,0,0,0,12,8,10,7
4772,34124,1,36247,2,36168,1,27742,1,0,0,0,0,0,0,11,8,10,7
4773,34125,1,36247,2,36208,1,27742,1,0,0,0,0,0,0,11,8,10,7
4774,34126,1,36208,3,36247,1,27757,1,27742,1,0,0,0,0,12,8,10,7
4775,34127,1,36208,2,36182,1,27757,1,0,0,0,0,0,0,12,8,10,7
4776,34128,1,36208,3,36247,1,27757,1,27742,1,0,0,0,0,12,8,10,7
4777,34129,1,36247,2,36196,1,27742,1,0,0,0,0,0,0,11,8,10,7
4778,34130,1,36247,2,36208,1,27742,1,0,0,0,0,0,0,11,8,10,7
4779,34131,1,36208,3,36247,1,27757,1,27742,1,0,0,0,0,12,8,10,7
4780,34132,1,36208,2,36182,1,27757,1,0,0,0,0,0,0,12,8,10,7
4781,34133,1,36208,3,36247,1,27757,1,27742,1,0,0,0,0,12,8,10,7
4782,34134,1,36247,2,36196,1,27742,1,0,0,0,0,0,0,11,8,10,7
4783,34135,1,36182,2,36168,1,0,0,0,0,0,0,0,0,10,8,8,7
4784,34136,1,36182,2,36168,1,0,0,0,0,0,0,0,0,10,8,8,7
4785,34137,1,36182,2,36168,1,0,0,0,0,0,0,0,0,10,8,8,7
4786,34138,1,36182,2,36168,1,0,0,0,0,0,0,0,0,10,8,8,7
4787,34139,1,36182,2,36168,1,0,0,0,0,0,0,0,0,10,8,8,7
4788,34140,1,36182,1,36168,2,0,0,0,0,0,0,0,0,10,8,8,7
4789,34141,1,36182,1,36168,2,0,0,0,0,0,0,0,0,10,8,8,7
4790,34142,1,36182,1,36168,2,0,0,0,0,0,0,0,0,10,8,8,7
4791,34143,1,36182,1,36168,2,0,0,0,0,0,0,0,0,10,8,8,7
4792,34144,1,36182,1,36168,2,0,0,0,0,0,0,0,0,10,8,8,7
4793,34145,1,36182,1,36168,1,36188,1,0,0,0,0,0,0,10,8,8,7
4794,34146,1,36182,1,36168,1,36188,1,0,0,0,0,0,0,10,8,8,7
4795,34147,1,36182,1,36168,1,36188,1,0,0,0,0,0,0,10,8,8,7
4796,34148,1,36182,1,36168,1,36188,1,0,0,0,0,0,0,10,8,8,7
4797,34149,1,36182,1,36168,1,36188,1,0,0,0,0,0,0,10,8,8,7
4798,34150,1,36182,1,36168,1,0,0,0,0,0,0,0,0,10,8,8,7
4799,34151,1,36182,1,36168,1,0,0,0,0,0,0,0,0,10,8,8,7
4800,34152,1,36182,1,36168,1,0,0,0,0,0,0,0,0,10,8,8,7
4801,34153,1,36182,1,36168,1,0,0,0,0,0,0,0,0,10,8,8,7
4802,34154,1,36182,1,36168,1,0,0,0,0,0,0,0,0,10,8,8,7
4803,34230,1,36169,1,36183,1,36197,1,27775,1,0,0,0,0,8,8,11,7
4804,34231,1,36169,3,36197,1,36247,1,27775,1,0,0,0,0,8,8,11,7
4805,34232,1,36169,3,36183,1,36196,1,27775,1,0,0,0,0,8,8,11,7
4806,34233,1,36197,2,36169,2,36247,1,27775,1,0,0,0,0,10,8,9,7
4807,34234,1,36197,3,36169,1,36247,1,27775,1,0,0,0,0,10,8,9,7
4808,34235,1,36169,3,36248,1,36196,1,27775,1,0,0,0,0,8,8,11,7
4809,34236,1,36169,3,36183,1,36247,1,27775,1,0,0,0,0,8,8,11,7
4810,34237,1,36169,2,36183,2,36196,1,27955,1,0,0,0,0,8,8,11,7
4811,34238,1,36197,2,36183,2,36209,1,36188,1,0,0,0,0,10,8,9,7
4812,34239,1,36183,2,36197,2,36247,1,27775,1,0,0,0,0,10,8,8,7
4813,34240,1,36237,2,36248,2,36182,1,36196,1,0,0,0,0,13,8,12,7
4814,34241,1,36237,2,36248,2,36182,1,36208,1,0,0,0,0,13,8,12,7
4815,34242,1,36183,2,36169,2,36182,1,36237,1,0,0,0,0,10,8,8,7
4816,34243,1,36169,3,36209,1,36183,1,36188,1,0,0,0,0,8,8,11,7
4817,34244,1,36183,2,36169,2,36182,1,36188,1,0,0,0,0,10,8,8,7
4818,34245,1,36169,2,36183,2,36196,1,36188,1,0,0,0,0,8,8,11,7
4819,34246,1,36169,3,36183,1,36247,1,36188,1,0,0,0,0,8,8,11,7
4820,34247,1,36183,2,36169,2,36182,1,36188,1,0,0,0,0,10,8,8,7
4821,34248,1,36169,2,36183,2,36247,1,36188,1,0,0,0,0,8,8,11,7
4822,34249,1,36169,1,36248,1,36197,1,0,0,0,0,0,0,9,8,11,7
4823,34250,1,36183,2,36169,1,36182,1,0,0,0,0,0,0,10,8,8,7
4824,34251,1,36169,3,36183,1,36209,1,36247,1,0,0,0,0,9,8,11,7
4825,34252,1,36169,2,36183,1,36168,1,0,0,0,0,0,0,9,8,11,7
4826,34253,1,36248,3,36209,1,36247,1,36208,1,0,0,0,0,11,8,10,7
4827,34254,1,36169,2,36248,1,36168,1,0,0,0,0,0,0,9,8,11,7
4828,34255,1,36183,2,36169,1,36182,1,0,0,0,0,0,0,10,8,8,7
4829,34256,1,36169,3,36183,1,36168,1,36247,1,0,0,0,0,9,8,11,7
4830,34257,1,36169,2,36183,1,36168,1,0,0,0,0,0,0,9,8,11,7
4831,34258,1,36248,3,36209,1,36247,1,36208,1,0,0,0,0,11,8,10,7
4832,34259,1,36169,2,36248,1,36168,1,0,0,0,0,0,0,9,8,11,7
4833,34260,1,36209,2,36183,1,36208,1,0,0,0,0,0,0,12,8,10,7
4834,34261,1,36248,3,36169,1,36247,1,36208,1,0,0,0,0,11,8,10,7
4835,34262,1,36248,2,36209,1,36247,1,0,0,0,0,0,0,11,8,10,7
4836,34263,1,36248,3,36183,1,36247,1,36208,1,0,0,0,0,11,8,10,7
4837,34264,1,36248,2,36183,1,36247,1,0,0,0,0,0,0,11,8,10,7
4838,34265,1,36209,2,36248,1,36208,1,0,0,0,0,0,0,12,8,10,7
4839,34266,1,36209,3,36183,1,36208,1,36247,1,0,0,0,0,12,8,10,7
4840,34267,1,36209,2,36248,1,36208,1,0,0,0,0,0,0,12,8,10,7
4841,34268,1,36248,3,36209,1,36247,1,36208,1,0,0,0,0,11,8,10,7
4842,34269,1,36248,2,36209,1,36247,1,0,0,0,0,0,0,11,8,10,7
4843,34270,1,36209,2,36183,1,36208,1,0,0,0,0,0,0,12,8,10,7
4844,34271,1,36248,3,36169,1,36247,1,36208,1,0,0,0,0,11,8,10,7
4845,34272,1,36248,2,36209,1,36247,1,0,0,0,0,0,0,11,8,10,7
4846,34273,1,36248,3,36183,1,36247,1,36208,1,0,0,0,0,11,8,10,7
4847,34274,1,36248,2,36209,1,36247,1,0,0,0,0,0,0,11,8,10,7
4848,34275,1,36209,2,36183,1,36208,1,0,0,0,0,0,0,12,8,10,7
4849,34276,1,36209,3,36183,1,36208,1,36247,1,0,0,0,0,12,8,10,7
4850,34277,1,36209,2,36248,1,36208,1,0,0,0,0,0,0,12,8,10,7
4851,34278,1,36248,3,36209,1,36247,1,36208,1,0,0,0,0,11,8,10,7
4852,34279,1,36248,2,36197,1,36247,1,0,0,0,0,0,0,11,8,10,7
4853,34280,1,36209,2,36183,1,36208,1,0,0,0,0,0,0,12,8,10,7
4854,34281,1,36209,3,36183,1,36208,1,36247,1,0,0,0,0,12,8,10,7
4855,34282,1,36209,2,36248,1,36208,1,0,0,0,0,0,0,12,8,10,7
4856,34283,1,36248,3,36209,1,36247,1,36208,1,0,0,0,0,11,8,10,7
4857,34284,1,36248,2,36197,1,36247,1,0,0,0,0,0,0,11,8,10,7
4858,34285,1,36197,2,36182,1,0,0,0,0,0,0,0,0,10,8,9,7
4859,34286,1,36197,2,36182,1,0,0,0,0,0,0,0,0,10,8,9,7
4860,34287,1,36197,2,36182,1,0,0,0,0,0,0,0,0,10,8,9,7
4861,34288,1,36197,2,36182,1,0,0,0,0,0,0,0,0,10,8,9,7
4862,34289,1,36197,2,36182,1,0,0,0,0,0,0,0,0,10,8,9,7
4863,34290,1,36183,1,36209,1,36248,1,0,0,0,0,0,0,10,8,8,7
4864,34291,1,36183,1,36209,1,36248,1,0,0,0,0,0,0,10,8,8,7
4865,34292,1,36183,1,36209,1,36248,1,0,0,0,0,0,0,10,8,8,7
4866,34293,1,36183,1,36209,1,36248,1,0,0,0,0,0,0,10,8,8,7
4867,34294,1,36183,1,36209,1,36248,1,0,0,0,0,0,0,10,8,8,7
4868,34295,1,36197,1,36248,1,36182,1,0,0,0,0,0,0,10,8,9,7
4869,34296,1,36197,1,36248,1,36182,1,0,0,0,0,0,0,10,8,9,7
4870,34297,1,36197,1,36248,1,36182,1,0,0,0,0,0,0,10,8,9,7
4871,34298,1,36197,1,36248,1,36182,1,0,0,0,0,0,0,10,8,9,7
4872,34299,1,36197,1,36248,1,36182,1,0,0,0,0,0,0,10,8,9,7
4873,34300,1,36183,1,36209,1,0,0,0,0,0,0,0,0,10,8,8,7
4874,34301,1,36183,1,36209,1,0,0,0,0,0,0,0,0,10,8,8,7
4875,34302,1,36183,1,36209,1,0,0,0,0,0,0,0,0,10,8,8,7
4876,34303,1,36183,1,36209,1,0,0,0,0,0,0,0,0,10,8,8,7
4877,34304,1,36183,1,36209,1,0,0,0,0,0,0,0,0,10,8,8,7
4878,34380,1,36170,1,36184,1,36198,1,27775,1,0,0,0,0,8,8,11,7
4879,34381,1,36170,3,36198,1,36248,1,27775,1,0,0,0,0,8,8,11,7
4880,34382,1,36170,3,36184,1,36197,1,27775,1,0,0,0,0,8,8,11,7
4881,34383,1,36198,2,36170,2,36248,1,27775,1,0,0,0,0,10,8,9,7
4882,34384,1,36170,3,36198,1,36248,1,27775,1,0,0,0,0,8,8,11,7
4883,34385,1,36170,3,36249,1,36197,1,27775,1,0,0,0,0,8,8,11,7
4884,34386,1,36170,3,36184,1,36248,1,27775,1,0,0,0,0,8,8,11,7
4885,34387,1,36170,2,36184,2,36197,1,27955,1,0,0,0,0,8,8,11,7
4886,34388,1,36198,2,36184,2,36210,1,36188,1,0,0,0,0,10,8,9,7
4887,34389,1,36184,3,36198,1,36248,1,27775,1,0,0,0,0,10,8,8,7
4888,34390,1,36237,2,36249,2,36182,1,36197,1,0,0,0,0,13,8,12,7
4889,34391,1,36237,2,36249,2,36182,1,36210,1,0,0,0,0,13,8,12,7
4890,34392,1,36184,2,36170,2,36183,1,36209,1,0,0,0,0,10,8,8,7
4891,34393,1,36170,3,36210,1,36183,1,36188,1,0,0,0,0,8,8,11,7
4892,34394,1,36184,2,36170,2,36182,1,36188,1,0,0,0,0,10,8,8,7
4893,34395,1,36170,2,36184,2,36197,1,36188,1,0,0,0,0,8,8,11,7
4894,34396,1,36170,3,36184,1,36248,1,36188,1,0,0,0,0,8,8,11,7
4895,34397,1,36184,2,36170,2,36182,1,36188,1,0,0,0,0,10,8,8,7
4896,34398,1,36170,2,36184,2,36248,1,36188,1,0,0,0,0,8,8,11,7
4897,34399,1,36170,1,36249,1,36198,1,0,0,0,0,0,0,9,8,11,7
4898,34400,1,36170,2,36184,1,36169,1,36229,1,0,0,0,0,9,8,11,7
4899,34401,1,36249,2,36170,1,36248,1,36209,1,36229,2,0,0,11,8,10,7
4900,34402,1,36249,2,36210,1,36248,1,36229,1,0,0,0,0,11,8,10,7
4901,34403,1,36249,2,36210,1,36248,1,36209,1,36229,2,0,0,11,8,10,7
4902,34404,1,36249,2,36198,1,36248,1,36229,1,0,0,0,0,11,8,10,7
4903,34405,1,36170,2,36184,1,36169,1,36227,1,0,0,0,0,9,8,11,7
4904,34406,1,36249,2,36170,1,36248,1,36209,1,36227,2,0,0,11,8,10,7
4905,34407,1,36249,2,36210,1,36248,1,36227,1,0,0,0,0,11,8,10,7
4906,34408,1,36249,2,36210,1,36248,1,36209,1,36227,2,0,0,11,8,10,7
4907,34409,1,36249,2,36198,1,36248,1,36227,1,0,0,0,0,11,8,10,7
4908,34410,1,36210,2,36249,1,36209,1,36227,1,0,0,0,0,12,8,10,7
4909,34411,1,36249,2,36170,1,36248,1,36209,1,36227,2,0,0,11,8,10,7
4910,34412,1,36249,2,36210,1,36248,1,36227,1,0,0,0,0,11,8,10,7
4911,34413,1,36210,2,36249,1,36209,1,36248,1,36227,2,0,0,12,8,10,7
4912,34414,1,36249,2,36198,1,36248,1,36227,1,0,0,0,0,11,8,10,7
4913,34415,1,36249,2,36210,1,36248,1,36228,1,0,0,0,0,11,8,10,7
4914,34416,1,36249,2,36170,1,36248,1,36209,1,36228,2,0,0,11,8,10,7
4915,34417,1,36249,2,36210,1,36248,1,36228,1,0,0,0,0,11,8,10,7
4916,34418,1,36210,2,36249,1,36209,1,36248,1,36228,2,0,0,12,8,10,7
4917,34419,1,36249,2,36198,1,36248,1,36228,1,0,0,0,0,11,8,10,7
4918,34420,1,36210,2,36249,1,36209,1,36228,1,0,0,0,0,12,8,10,7
4919,34421,1,36249,2,36170,1,36248,1,36209,1,36228,2,0,0,11,8,10,7
4920,34422,1,36249,2,36210,1,36248,1,36228,1,0,0,0,0,11,8,10,7
4921,34423,1,36210,2,36249,1,36209,1,36248,1,36228,2,0,0,12,8,10,7
4922,34424,1,36249,2,36198,1,36248,1,36228,1,0,0,0,0,11,8,10,7
4923,34425,1,36210,2,36249,1,36209,1,36231,1,0,0,0,0,12,8,10,7
4924,34426,1,36210,2,36170,1,36248,1,36209,1,36231,2,0,0,12,8,10,7
4925,34427,1,36249,2,36184,1,36248,1,36231,1,0,0,0,0,11,8,10,7
4926,34428,1,36210,2,36249,1,36209,1,36248,1,36231,2,0,0,12,8,10,7
4927,34429,1,36249,2,36198,1,36248,1,36231,1,0,0,0,0,11,8,10,7
4928,34430,1,36249,2,36210,1,36248,1,36230,1,0,0,0,0,11,8,10,7
4929,34431,1,36210,2,36170,1,36248,1,36209,1,36230,2,0,0,12,8,10,7
4930,34432,1,36249,2,36184,1,36248,1,36230,1,0,0,0,0,11,8,10,7
4931,34433,1,36210,2,36249,1,36209,1,36248,1,36230,2,0,0,12,8,10,7
4932,34434,1,36249,2,36198,1,36248,1,36230,1,0,0,0,0,11,8,10,7
4933,34435,1,36184,2,36170,1,36229,1,0,0,0,0,0,0,10,8,8,7
4934,34436,1,36184,2,36170,1,36227,1,0,0,0,0,0,0,10,8,8,7
4935,34437,1,36184,2,36170,1,36228,1,0,0,0,0,0,0,10,8,8,7
4936,34438,1,36184,2,36170,1,36231,1,0,0,0,0,0,0,10,8,8,7
4937,34439,1,36184,2,36170,1,36230,1,0,0,0,0,0,0,10,8,8,7
4938,34440,1,36184,1,36170,1,36182,1,36229,1,0,0,0,0,10,8,8,7
4939,34441,1,36184,1,36170,1,36182,1,36227,1,0,0,0,0,10,8,8,7
4940,34442,1,36184,1,36170,1,36182,1,36228,1,0,0,0,0,10,8,8,7
4941,34443,1,36184,1,36170,1,36182,1,36231,1,0,0,0,0,10,8,8,7
4942,34444,1,36184,1,36170,1,36182,1,36230,1,0,0,0,0,10,8,8,7
4943,34445,1,36170,2,36184,1,36229,1,0,0,0,0,0,0,9,8,11,7
4944,34446,1,36170,2,36184,1,36227,1,0,0,0,0,0,0,9,8,11,7
4945,34447,1,36170,2,36184,1,36228,1,0,0,0,0,0,0,9,8,11,7
4946,34448,1,36170,2,36184,1,36231,1,0,0,0,0,0,0,9,8,11,7
4947,34449,1,36170,2,36184,1,36230,1,0,0,0,0,0,0,9,8,11,7
4948,34450,1,36170,1,36184,1,36229,1,0,0,0,0,0,0,9,8,11,7
4949,34451,1,36170,1,36184,1,36227,1,0,0,0,0,0,0,9,8,11,7
4950,34452,1,36170,1,36184,1,36228,1,0,0,0,0,0,0,9,8,11,7
4951,34453,1,36170,1,36184,1,36231,1,0,0,0,0,0,0,9,8,11,7
4952,34454,1,36170,1,36184,1,36230,1,0,0,0,0,0,0,9,8,11,7
4953,34530,1,36171,1,36185,1,36199,1,36239,1,0,0,0,0,8,8,11,8
4954,34531,1,36171,3,36199,1,36249,1,36239,1,0,0,0,0,8,8,11,8
4955,34532,1,36171,3,36185,1,36198,1,36239,1,0,0,0,0,8,8,11,8
4956,34533,1,36199,2,36171,2,36249,1,36239,1,0,0,0,0,10,8,9,8
4957,34534,1,36199,3,36171,1,36249,1,36239,1,0,0,0,0,10,8,9,8
4958,34535,1,36171,3,36250,1,36198,1,36239,1,0,0,0,0,8,8,11,8
4959,34536,1,36171,3,36185,1,36249,1,36239,1,0,0,0,0,8,8,11,8
4960,34537,1,36171,2,36185,2,36198,1,36240,1,0,0,0,0,8,8,11,8
4961,34538,1,36199,2,36185,2,36210,1,36189,1,0,0,0,0,10,8,9,8
4962,34539,1,36199,2,36185,2,36249,1,36239,1,0,0,0,0,10,8,9,8
4963,34540,1,36238,2,36250,2,36185,1,36198,1,0,0,0,0,13,8,12,8
4964,34541,1,36238,2,36250,2,36185,1,36210,1,0,0,0,0,13,8,12,8
4965,34542,1,36185,2,36171,2,36184,1,36238,1,0,0,0,0,10,8,8,8
4966,34543,1,36171,3,36211,1,36184,1,36189,1,0,0,0,0,8,8,11,8
4967,34544,1,36185,2,36171,2,36249,1,36189,1,0,0,0,0,10,8,8,8
4968,34545,1,36171,2,36185,2,36198,1,36189,1,0,0,0,0,8,8,11,8
4969,34546,1,36171,3,36185,1,36249,1,36189,1,0,0,0,0,8,8,11,8
4970,34547,1,36185,2,36171,2,36184,1,36189,1,0,0,0,0,10,8,8,8
4971,34548,1,36171,2,36185,2,36249,1,36189,1,0,0,0,0,8,8,11,8
4972,34549,1,36171,1,36250,1,36199,1,0,0,0,0,0,0,9,8,11,8
4973,34550,1,36171,2,36185,1,36170,1,36229,1,0,0,0,0,9,8,11,8
4974,34551,1,36171,2,36250,1,36170,1,36210,1,36229,2,0,0,9,8,11,8
4975,34552,1,36171,2,36250,1,36170,1,36229,1,0,0,0,0,9,8,11,8
4976,34553,1,36250,2,36211,1,36249,1,36210,1,36229,2,0,0,11,8,10,8
4977,34554,1,36171,2,36250,1,36170,1,36229,1,0,0,0,0,9,8,11,8
4978,34555,1,36171,2,36185,1,36170,1,36227,1,0,0,0,0,9,8,11,8
4979,34556,1,36171,2,36250,1,36170,1,36210,1,36227,2,0,0,9,8,11,8
4980,34557,1,36171,2,36250,1,36170,1,36227,1,0,0,0,0,9,8,11,8
4981,34558,1,36250,2,36211,1,36249,1,36210,1,36227,2,0,0,11,8,10,8
4982,34559,1,36171,2,36250,1,36170,1,36227,1,0,0,0,0,9,8,11,8
4983,34560,1,36171,2,36250,1,36170,1,36227,1,0,0,0,0,9,8,11,8
4984,34561,1,36250,2,36211,1,36170,1,36249,1,36227,2,0,0,11,8,10,8
4985,34562,1,36171,2,36250,1,36170,1,36227,1,0,0,0,0,9,8,11,8
4986,34563,1,36211,2,36250,1,36210,1,36249,1,36227,2,0,0,12,8,10,8
4987,34564,1,36171,2,36250,1,36170,1,36227,1,0,0,0,0,9,8,11,8
4988,34565,1,36185,2,36171,1,36249,1,36228,1,0,0,0,0,10,8,8,8
4989,34566,1,36211,2,36171,1,36210,1,36249,1,36228,2,0,0,12,8,10,8
4990,34567,1,36250,2,36211,1,36249,1,36228,1,0,0,0,0,11,8,10,8
4991,34568,1,36211,2,36250,1,36210,1,36249,1,36228,2,0,0,12,8,10,8
4992,34569,1,36250,2,36199,1,36170,1,36228,1,0,0,0,0,11,8,10,8
4993,34570,1,36171,2,36250,1,36170,1,36228,1,0,0,0,0,9,8,11,8
4994,34571,1,36250,2,36211,1,36170,1,36249,1,36228,2,0,0,11,8,10,8
4995,34572,1,36171,2,36250,1,36170,1,36228,1,0,0,0,0,9,8,11,8
4996,34573,1,36211,2,36250,1,36210,1,36249,1,36228,2,0,0,12,8,10,8
4997,34574,1,36171,2,36250,1,36170,1,36228,1,0,0,0,0,9,8,11,8
4998,34575,1,36211,2,36185,1,36210,1,36231,1,0,0,0,0,12,8,10,8
4999,34576,1,36211,2,36185,1,36210,1,36249,1,36231,2,0,0,12,8,10,8
5000,34577,1,36250,2,36171,1,36249,1,36231,1,0,0,0,0,11,8,10,8
5001,34578,1,36211,2,36250,1,36210,1,36249,1,36231,2,0,0,12,8,10,8
5002,34579,1,36171,2,36199,1,36249,1,36231,1,0,0,0,0,9,8,11,8
5003,34580,1,36211,2,36185,1,36210,1,36230,1,0,0,0,0,12,8,10,8
5004,34581,1,36211,2,36185,1,36210,1,36249,1,36230,2,0,0,12,8,10,8
5005,34582,1,36250,2,36171,1,36249,1,36230,1,0,0,0,0,11,8,10,8
5006,34583,1,36211,2,36250,1,36210,1,36249,1,36230,2,0,0,12,8,10,8
5007,34584,1,36171,2,36199,1,36249,1,36230,1,0,0,0,0,9,8,11,8
5008,34585,1,36185,2,36171,1,36229,1,0,0,0,0,0,0,10,8,8,8
5009,34586,1,36185,2,36171,1,36227,1,0,0,0,0,0,0,10,8,8,8
5010,34587,1,36185,2,36171,1,36228,1,0,0,0,0,0,0,10,8,8,8
5011,34588,1,36185,2,36171,1,36231,1,0,0,0,0,0,0,10,8,8,8
5012,34589,1,36185,2,36171,1,36230,1,0,0,0,0,0,0,10,8,8,8
5013,34590,1,36199,2,36171,1,36229,1,0,0,0,0,0,0,10,8,9,8
5014,34591,1,36199,2,36171,1,36227,1,0,0,0,0,0,0,10,8,9,8
5015,34592,1,36199,2,36171,1,36228,1,0,0,0,0,0,0,10,8,9,8
5016,34593,1,36199,2,36171,1,36231,1,0,0,0,0,0,0,10,8,9,8
5017,34594,1,36199,2,36171,1,36230,1,0,0,0,0,0,0,10,8,9,8
5018,34595,1,36185,1,36171,2,36229,1,0,0,0,0,0,0,10,8,8,8
5019,34596,1,36185,1,36171,2,36227,1,0,0,0,0,0,0,10,8,8,8
5020,34597,1,36185,1,36171,2,36228,1,0,0,0,0,0,0,10,8,8,8
5021,34598,1,36185,1,36171,2,36231,1,0,0,0,0,0,0,10,8,8,8
5022,34599,1,36185,1,36171,2,36230,1,0,0,0,0,0,0,10,8,8,8
5023,34600,1,36185,1,36171,1,36229,1,0,0,0,0,0,0,10,8,8,8
5024,34601,1,36185,1,36171,1,36227,1,0,0,0,0,0,0,10,8,8,8
5025,34602,1,36185,1,36171,1,36228,1,0,0,0,0,0,0,10,8,8,8
5026,34603,1,36185,1,36171,1,36231,1,0,0,0,0,0,0,10,8,8,8
5027,34604,1,36185,1,36171,1,36230,1,0,0,0,0,0,0,10,8,8,8
5028,34680,1,36172,1,36186,1,36200,1,36239,1,0,0,0,0,8,8,11,8
5029,34681,1,36172,3,36200,1,36250,1,36239,1,0,0,0,0,8,8,11,8
5030,34682,1,36172,3,36186,1,36199,1,36239,1,0,0,0,0,8,8,11,8
5031,34683,1,36200,2,36172,2,36250,1,36239,1,0,0,0,0,10,8,9,8
5032,34684,1,36200,3,36172,1,36250,1,36239,1,0,0,0,0,10,8,9,8
5033,34685,1,36172,3,36251,1,36199,1,36239,1,0,0,0,0,8,8,11,8
5034,34686,1,36172,3,36186,1,36250,1,36239,1,0,0,0,0,8,8,11,8
5035,34687,1,36172,2,36186,2,36199,1,36240,1,0,0,0,0,8,8,11,8
5036,34688,1,36200,2,36186,2,36211,1,36189,1,0,0,0,0,10,8,9,8
5037,34689,1,36200,2,36186,2,36250,1,36239,1,0,0,0,0,10,8,9,8
5038,34690,1,36238,2,36251,2,36185,1,36199,1,0,0,0,0,13,8,12,8
5039,34691,1,36238,2,36251,2,36185,1,36211,1,0,0,0,0,13,8,12,8
5040,34692,1,36186,2,36172,2,36185,1,36238,1,0,0,0,0,10,8,8,8
5041,34693,1,36172,3,36212,1,36184,1,36189,1,0,0,0,0,8,8,11,8
5042,34694,1,36186,2,36172,2,36250,1,36189,1,0,0,0,0,10,8,8,8
5043,34695,1,36172,2,36186,2,36199,1,36189,1,0,0,0,0,8,8,11,8
5044,34696,1,36172,3,36186,1,36250,1,36189,1,0,0,0,0,8,8,11,8
5045,34697,1,36186,2,36172,2,36184,1,36189,1,0,0,0,0,10,8,8,8
5046,34698,1,36172,2,36186,2,36250,1,36189,1,0,0,0,0,8,8,11,8
5047,34699,1,36172,1,36251,1,36200,1,0,0,0,0,0,0,9,8,11,8
5048,34700,1,36212,2,36172,1,36211,1,36229,1,0,0,0,0,12,8,10,8
5049,34701,1,36172,2,36212,1,36211,1,36171,1,36229,2,0,0,9,8,11,8
5050,34702,1,36172,2,36251,1,36171,1,36229,1,0,0,0,0,9,8,11,8
5051,34703,1,36212,2,36251,1,36211,1,36171,1,36229,2,0,0,12,8,10,8
5052,34704,1,36172,2,36251,1,36171,1,36229,1,0,0,0,0,9,8,11,8
5053,34705,1,36212,2,36172,1,36211,1,36227,1,0,0,0,0,12,8,10,8
5054,34706,1,36172,2,36212,1,36211,1,36171,1,36227,2,0,0,9,8,11,8
5055,34707,1,36172,2,36251,1,36171,1,36227,1,0,0,0,0,9,8,11,8
5056,34708,1,36212,2,36251,1,36211,1,36171,1,36227,2,0,0,12,8,10,8
5057,34709,1,36251,2,36200,1,36171,1,36227,1,0,0,0,0,11,8,10,8
5058,34710,1,36212,2,36186,1,36211,1,36227,1,0,0,0,0,12,8,10,8
5059,34711,1,36212,2,36172,1,36211,1,36250,1,36227,2,0,0,12,8,10,8
5060,34712,1,36172,2,36251,1,36171,1,36227,1,0,0,0,0,9,8,11,8
5061,34713,1,36212,2,36251,1,36211,1,36171,1,36227,2,0,0,12,8,10,8
5062,34714,1,36251,2,36200,1,36171,1,36227,1,0,0,0,0,11,8,10,8
5063,34715,1,36212,2,36186,1,36211,1,36228,1,0,0,0,0,12,8,10,8
5064,34716,1,36251,2,36212,1,36250,1,36171,1,36228,2,0,0,11,8,10,8
5065,34717,1,36172,2,36251,1,36171,1,36228,1,0,0,0,0,9,8,11,8
5066,34718,1,36212,2,36251,1,36211,1,36171,1,36228,2,0,0,12,8,10,8
5067,34719,1,36251,2,36200,1,36171,1,36228,1,0,0,0,0,11,8,10,8
5068,34720,1,36212,2,36186,1,36211,1,36228,1,0,0,0,0,12,8,10,8
5069,34721,1,36251,2,36212,1,36250,1,36171,1,36228,2,0,0,11,8,10,8
5070,34722,1,36172,2,36251,1,36171,1,36228,1,0,0,0,0,9,8,11,8
5071,34723,1,36212,2,36251,1,36211,1,36171,1,36228,2,0,0,12,8,10,8
5072,34724,1,36172,2,36200,1,36171,1,36228,1,0,0,0,0,9,8,11,8
5073,34725,1,36212,2,36186,1,36211,1,36231,1,0,0,0,0,12,8,10,8
5074,34726,1,36251,2,36212,1,36250,1,36171,1,36231,2,0,0,11,8,10,8
5075,34727,1,36172,2,36251,1,36211,1,36231,1,0,0,0,0,9,8,11,8
5076,34728,1,36212,2,36251,1,36211,1,36171,1,36231,2,0,0,12,8,10,8
5077,34729,1,36251,2,36200,1,36171,1,36231,1,0,0,0,0,11,8,10,8
5078,34730,1,36212,2,36186,1,36211,1,36230,1,0,0,0,0,12,8,10,8
5079,34731,1,36251,2,36212,1,36250,1,36171,1,36230,2,0,0,11,8,10,8
5080,34732,1,36172,2,36251,1,36211,1,36230,1,0,0,0,0,9,8,11,8
5081,34733,1,36212,2,36251,1,36211,1,36171,1,36230,2,0,0,12,8,10,8
5082,34734,1,36251,2,36200,1,36171,1,36230,1,0,0,0,0,11,8,10,8
5083,34735,1,36186,2,36172,1,36229,1,0,0,0,0,0,0,10,8,8,8
5084,34736,1,36186,2,36172,1,36227,1,0,0,0,0,0,0,10,8,8,8
5085,34737,1,36186,2,36172,1,36228,1,0,0,0,0,0,0,10,8,8,8
5086,34738,1,36186,2,36172,1,36231,1,0,0,0,0,0,0,10,8,8,8
5087,34739,1,36186,2,36172,1,36230,1,0,0,0,0,0,0,10,8,8,8
5088,34740,1,36186,1,36172,1,36189,1,36229,1,0,0,0,0,10,8,8,8
5089,34741,1,36186,1,36172,1,36189,1,36227,1,0,0,0,0,10,8,8,8
5090,34742,1,36186,1,36172,1,36189,1,36228,1,0,0,0,0,10,8,8,8
5091,34743,1,36186,1,36172,1,36189,1,36231,1,0,0,0,0,10,8,8,8
5092,34744,1,36186,1,36172,1,36189,1,36230,1,0,0,0,0,10,8,8,8
5093,34745,1,36186,1,36172,2,36229,1,0,0,0,0,0,0,10,8,8,8
5094,34746,1,36186,1,36172,2,36227,1,0,0,0,0,0,0,10,8,8,8
5095,34747,1,36186,1,36172,2,36228,1,0,0,0,0,0,0,10,8,8,8
5096,34748,1,36186,1,36172,2,36231,1,0,0,0,0,0,0,10,8,8,8
5097,34749,1,36186,1,36172,2,36230,1,0,0,0,0,0,0,10,8,8,8
5098,34750,1,36186,1,36172,1,36229,1,0,0,0,0,0,0,10,8,8,8
5099,34751,1,36186,1,36172,1,36227,1,0,0,0,0,0,0,10,8,8,8
5100,34752,1,36186,1,36172,1,36228,1,0,0,0,0,0,0,10,8,8,8
5101,34753,1,36186,1,36172,1,36231,1,0,0,0,0,0,0,10,8,8,8
5102,34754,1,36186,1,36172,1,36230,1,0,0,0,0,0,0,10,8,8,8
5103,35320,1,36168,3,36196,1,0,0,0,0,0,0,0,0,8,8,11,7
5104,35321,1,36168,2,36196,1,36247,1,0,0,0,0,0,0,8,8,11,7
5105,35322,1,36168,3,36196,1,0,0,0,0,0,0,0,0,8,8,11,7
5106,35323,1,36168,2,36182,1,36196,1,0,0,0,0,0,0,8,8,11,7
5107,35324,1,36168,2,36196,1,36188,1,0,0,0,0,0,0,8,8,11,7
5108,35325,1,36182,1,36168,2,36188,1,0,0,0,0,0,0,10,8,8,7
5109,35326,1,36168,3,36182,1,0,0,0,0,0,0,0,0,9,8,11,7
5110,35327,1,36168,3,36196,1,0,0,0,0,0,0,0,0,9,8,11,7
5111,35328,1,36168,2,36196,1,36247,1,0,0,0,0,0,0,8,8,11,7
5112,35329,1,36168,2,36182,1,36196,1,0,0,0,0,0,0,8,8,11,7
5113,35330,1,36196,2,36168,1,36247,1,0,0,0,0,0,0,10,8,9,7
5114,35331,1,36168,2,36196,1,27775,1,0,0,0,0,0,0,8,8,11,7
5115,35332,1,36168,3,36208,1,0,0,0,0,0,0,0,0,8,8,11,7
5116,35333,1,36168,3,27715,1,0,0,0,0,0,0,0,0,8,8,11,7
5117,35334,1,36196,2,36182,1,36188,1,0,0,0,0,0,0,10,8,9,7
5118,35335,1,36168,2,27714,1,36196,1,0,0,0,0,0,0,8,8,11,7
5119,35336,1,36196,3,36168,1,0,0,0,0,0,0,0,0,10,8,9,7
5120,35337,1,36168,3,36196,1,0,0,0,0,0,0,0,0,8,8,11,7
5121,35338,1,36168,2,36196,1,36188,1,0,0,0,0,0,0,8,8,11,7
5122,35339,1,36168,2,36196,1,27775,1,0,0,0,0,0,0,8,8,11,7
5123,35340,1,36168,2,36196,1,36188,1,0,0,0,0,0,0,8,8,11,7
5124,35341,1,36170,3,36198,1,0,0,0,0,0,0,0,0,8,8,11,7
5125,35342,1,36170,2,36198,1,36249,1,0,0,0,0,0,0,8,8,11,7
5126,35343,1,36170,3,36198,1,0,0,0,0,0,0,0,0,8,8,11,7
5127,35344,1,36170,2,36184,1,36198,1,0,0,0,0,0,0,8,8,11,7
5128,35345,1,36170,2,36198,1,36188,1,0,0,0,0,0,0,8,8,11,7
5129,35346,1,36184,2,36170,1,36188,1,0,0,0,0,0,0,10,8,8,7
5130,35347,1,36170,3,36184,1,0,0,0,0,0,0,0,0,9,8,11,7
5131,35348,1,36170,3,36198,1,0,0,0,0,0,0,0,0,9,8,11,7
5132,35349,1,36170,2,36198,1,36249,1,0,0,0,0,0,0,8,8,11,7
5133,35350,1,36170,2,36184,1,36198,1,0,0,0,0,0,0,8,8,11,7
5134,35351,1,36198,2,36170,1,36249,1,0,0,0,0,0,0,10,8,9,7
5135,35352,1,36170,2,36198,1,27775,1,0,0,0,0,0,0,8,8,11,7
5136,35353,1,36170,3,36210,1,0,0,0,0,0,0,0,0,8,8,11,7
5137,35354,1,36170,3,36183,1,0,0,0,0,0,0,0,0,8,8,11,7
5138,35355,1,36198,2,36184,1,36188,1,0,0,0,0,0,0,10,8,9,7
5139,35356,1,36170,2,36169,1,36198,1,0,0,0,0,0,0,8,8,11,7
5140,35357,1,36198,3,36170,1,0,0,0,0,0,0,0,0,10,8,9,7
5141,35358,1,36170,3,36198,1,0,0,0,0,0,0,0,0,8,8,11,7
5142,35359,1,36170,2,36198,1,36188,1,0,0,0,0,0,0,8,8,11,7
5143,35360,1,36170,2,36198,1,27775,1,0,0,0,0,0,0,8,8,11,7
5144,35361,1,36170,2,36198,1,36188,1,0,0,0,0,0,0,8,8,11,7
5145,35362,1,36171,3,36199,1,0,0,0,0,0,0,0,0,8,8,11,8
5146,35363,1,36171,2,36199,1,36250,1,0,0,0,0,0,0,8,8,11,8
5147,35364,1,36171,3,36199,1,0,0,0,0,0,0,0,0,8,8,11,8
5148,35365,1,36171,2,36185,1,36199,1,0,0,0,0,0,0,8,8,11,8
5149,35366,1,36171,2,36199,1,36189,1,0,0,0,0,0,0,8,8,11,8
5150,35367,1,36185,1,36171,2,36189,1,0,0,0,0,0,0,10,8,8,8
5151,35368,1,36171,3,36185,1,0,0,0,0,0,0,0,0,9,8,11,8
5152,35369,1,36171,3,36199,1,0,0,0,0,0,0,0,0,9,8,11,8
5153,35370,1,36171,2,36199,1,36250,1,0,0,0,0,0,0,8,8,11,8
5154,35371,1,36171,2,36185,1,36199,1,0,0,0,0,0,0,8,8,11,8
5155,35372,1,36199,2,36171,1,36250,1,0,0,0,0,0,0,10,8,9,8
5156,35373,1,36171,2,36199,1,36239,1,0,0,0,0,0,0,8,8,11,8
5157,35374,1,36171,3,36211,1,0,0,0,0,0,0,0,0,8,8,11,8
5158,35375,1,36171,3,36184,1,0,0,0,0,0,0,0,0,8,8,11,8
5159,35376,1,36199,2,36185,1,36189,1,0,0,0,0,0,0,10,8,9,8
5160,35377,1,36171,2,36170,1,36199,1,0,0,0,0,0,0,8,8,11,8
5161,35378,1,36199,3,36171,1,0,0,0,0,0,0,0,0,10,8,9,8
5162,35379,1,36171,3,36199,1,0,0,0,0,0,0,0,0,8,8,11,8
5163,35380,1,36171,2,36199,1,36189,1,0,0,0,0,0,0,8,8,11,8
5164,35381,1,36171,2,36199,1,36239,1,0,0,0,0,0,0,8,8,11,8
5165,35382,1,36171,2,36199,1,36189,1,0,0,0,0,0,0,8,8,11,8
5166,35383,1,36172,3,36200,1,36262,1,0,0,0,0,0,0,8,8,11,8
5167,35384,1,36172,2,36200,1,36251,1,36262,1,0,0,0,0,8,8,11,8
5168,35385,1,36172,3,36200,1,36262,1,0,0,0,0,0,0,8,8,11,8
5169,35386,1,36172,2,36186,1,36200,1,36262,1,0,0,0,0,8,8,11,8
5170,35387,1,36172,2,36200,1,36189,1,36262,1,0,0,0,0,8,8,11,8
5171,35388,1,36186,1,36172,2,36189,1,36262,1,0,0,0,0,10,8,8,8
5172,35389,1,36172,3,36186,1,36262,1,0,0,0,0,0,0,9,8,11,8
5173,35390,1,36172,3,36200,1,36262,1,0,0,0,0,0,0,9,8,11,8
5174,35391,1,36172,2,36200,1,36251,1,36262,1,0,0,0,0,8,8,11,8
5175,35392,1,36172,2,36186,1,36200,1,36262,1,0,0,0,0,8,8,11,8
5176,35393,1,36200,2,36172,1,36251,1,36262,1,0,0,0,0,10,8,9,8
5177,35394,1,36172,2,36200,1,36239,1,36262,1,0,0,0,0,8,8,11,8
5178,35395,1,36172,3,36212,1,36262,1,0,0,0,0,0,0,8,8,11,8
5179,35396,1,36172,3,36184,1,36262,1,0,0,0,0,0,0,8,8,11,8
5180,35397,1,36200,2,36186,1,36189,1,36262,1,0,0,0,0,10,8,9,8
5181,35398,1,36172,2,36171,1,36200,1,36262,1,0,0,0,0,8,8,11,8
5182,35399,1,36200,3,36172,1,36262,1,0,0,0,0,0,0,10,8,9,8
5183,35400,1,36172,3,36200,1,36262,1,0,0,0,0,0,0,8,8,11,8
5184,35401,1,36172,2,36200,1,36189,1,36262,1,0,0,0,0,8,8,11,8
5185,35402,1,36172,2,36200,1,36239,1,36262,1,0,0,0,0,8,8,11,8
5186,35403,1,36172,2,36200,1,36189,1,36262,1,0,0,0,0,8,8,11,8
5187,35404,1,36208,2,36247,1,27757,1,0,0,0,0,0,0,12,8,10,7
5188,35405,1,36208,3,36247,2,27757,1,0,0,0,0,0,0,12,8,10,7
5189,35406,1,36247,2,36208,1,27742,1,0,0,0,0,0,0,11,8,10,7
5190,35407,1,36208,2,36247,1,27757,1,0,0,0,0,0,0,12,8,10,7
5191,35408,1,36247,2,36208,1,27742,1,0,0,0,0,0,0,11,8,10,7
5192,35409,1,36196,2,36208,1,27757,1,0,0,0,0,0,0,10,8,9,7
5193,35410,1,36208,3,36196,2,27757,1,0,0,0,0,0,0,12,8,10,7
5194,35411,1,36247,2,36208,1,27742,1,0,0,0,0,0,0,11,8,10,7
5195,35412,1,36208,2,36247,1,27757,1,0,0,0,0,0,0,12,8,10,7
5196,35413,1,36247,2,36208,1,27742,1,0,0,0,0,0,0,11,8,10,7
5197,35414,1,36210,2,36247,1,36209,1,0,0,0,0,0,0,12,8,10,7
5198,35415,1,36210,3,36184,2,36209,1,0,0,0,0,0,0,12,8,10,7
5199,35416,1,36249,2,36210,1,36248,1,0,0,0,0,0,0,11,8,10,7
5200,35417,1,36210,2,36249,1,36209,1,0,0,0,0,0,0,12,8,10,7
5201,35418,1,36249,2,36210,1,36248,1,0,0,0,0,0,0,11,8,10,7
5202,35419,1,36210,2,36249,1,36209,1,0,0,0,0,0,0,12,8,10,7
5203,35420,1,36210,3,36184,2,36209,1,0,0,0,0,0,0,12,8,10,7
5204,35421,1,36249,2,36210,1,36248,1,0,0,0,0,0,0,11,8,10,7
5205,35422,1,36210,2,36249,1,36209,1,0,0,0,0,0,0,12,8,10,7
5206,35423,1,36249,2,36210,1,36248,1,0,0,0,0,0,0,11,8,10,7
5207,35424,1,36211,2,36250,1,36210,1,0,0,0,0,0,0,12,8,10,8
5208,35425,1,36211,3,36185,2,36210,1,0,0,0,0,0,0,12,8,10,8
5209,35426,1,36250,2,36211,1,36249,1,0,0,0,0,0,0,11,8,10,8
5210,35427,1,36211,2,36250,1,36210,1,0,0,0,0,0,0,12,8,10,8
5211,35428,1,36250,2,36199,1,36249,1,0,0,0,0,0,0,11,8,10,8
5212,35429,1,36211,2,36250,1,36210,1,0,0,0,0,0,0,12,8,10,8
5213,35430,1,36211,3,36171,2,36210,1,0,0,0,0,0,0,12,8,10,8
5214,35431,1,36250,2,36211,1,36249,1,0,0,0,0,0,0,11,8,10,8
5215,35432,1,36211,2,36250,1,36210,1,0,0,0,0,0,0,12,8,10,8
5216,35433,1,36250,2,36199,1,36249,1,0,0,0,0,0,0,11,8,10,8
5217,35434,1,36212,2,36251,1,36211,1,36262,1,0,0,0,0,12,8,10,8
5218,35435,1,36212,3,36251,2,36211,1,36262,1,0,0,0,0,12,8,10,8
5219,35436,1,36251,2,36212,1,36250,1,36262,1,0,0,0,0,11,8,10,8
5220,35437,1,36212,2,36251,1,36211,1,36262,1,0,0,0,0,12,8,10,8
5221,35438,1,36251,2,36200,1,36250,1,36262,1,0,0,0,0,11,8,10,8
5222,35439,1,36212,2,36251,1,36211,1,36262,1,0,0,0,0,12,8,10,8
5223,35440,1,36212,3,36251,2,36211,1,36262,1,0,0,0,0,12,8,10,8
5224,35441,1,36251,2,36212,1,36250,1,36262,1,0,0,0,0,11,8,10,8
5225,35442,1,36212,2,36251,1,36211,1,36262,1,0,0,0,0,12,8,10,8
5226,35443,1,36251,2,36200,1,36250,1,36262,1,0,0,0,0,11,8,10,8
5227,35444,1,36182,2,36168,2,0,0,0,0,0,0,0,0,10,8,8,7
5228,35445,1,36182,1,36168,1,36208,1,0,0,0,0,0,0,10,8,8,7
5229,35446,1,36182,1,36168,2,36247,1,0,0,0,0,0,0,10,8,8,7
5230,35447,1,36182,1,36208,1,0,0,0,0,0,0,0,0,10,8,8,7
5231,35448,1,36196,3,36168,1,0,0,0,0,0,0,0,0,10,8,9,7
5232,35449,1,36196,3,36208,1,0,0,0,0,0,0,0,0,10,8,9,7
5233,35450,1,36196,2,36247,2,0,0,0,0,0,0,0,0,10,8,9,7
5234,35451,1,36196,2,0,0,0,0,0,0,0,0,0,0,10,8,9,7
5235,35452,1,36199,2,36211,1,0,0,0,0,0,0,0,0,10,8,9,8
5236,35453,1,36199,1,36211,1,36182,1,0,0,0,0,0,0,10,8,9,8
5237,35454,1,36199,1,36211,2,0,0,0,0,0,0,0,0,10,8,9,8
5238,35455,1,36199,1,36182,1,0,0,0,0,0,0,0,0,10,8,9,8
5239,35456,1,36250,2,36198,1,0,0,0,0,0,0,0,0,11,8,10,8
5240,35457,1,36250,1,36198,1,36239,1,0,0,0,0,0,0,11,8,10,8
5241,35458,1,36250,1,36198,2,0,0,0,0,0,0,0,0,11,8,10,8
5242,35459,1,36250,1,36198,1,0,0,0,0,0,0,0,0,11,8,10,8
5243,35460,1,36200,2,36212,1,36262,1,0,0,0,0,0,0,10,8,9,8
5244,35461,1,36200,1,36212,1,36186,1,36262,1,0,0,0,0,10,8,9,8
5245,35462,1,36200,1,36212,2,36262,1,0,0,0,0,0,0,10,8,9,8
5246,35463,1,36200,1,36186,1,36262,1,0,0,0,0,0,0,10,8,9,8
5247,35464,1,36251,2,36200,1,36262,1,0,0,0,0,0,0,11,8,10,8
5248,35465,1,36251,1,36200,1,36239,1,36262,1,0,0,0,0,11,8,10,8
5249,35466,1,36251,1,36200,2,36262,1,0,0,0,0,0,0,11,8,10,8
5250,35467,1,36251,1,36200,1,36262,1,0,0,0,0,0,0,11,8,10,8
5251,36036,3,36077,1,36386,1,27828,1,27818,2,0,0,0,0,8,8,13,7
5252,36037,3,36077,1,36088,2,27782,1,27833,1,0,0,0,0,8,8,13,7
5253,36038,3,36264,1,36088,2,36098,1,27825,1,0,0,0,0,8,8,13,7
5254,36039,3,36264,1,36255,1,36080,1,27836,2,0,0,0,0,8,8,13,7
5255,36040,3,36253,1,36079,1,36098,2,27829,1,0,0,0,0,8,8,13,7
5256,36041,3,36523,1,27841,1,27851,1,36079,1,12878,2,0,0,8,8,13,7
5257,36042,3,36459,1,27822,1,27782,2,36078,1,14143,1,0,0,8,8,13,7
5258,36043,3,36093,2,36254,1,36088,1,36078,1,36081,1,0,0,8,8,13,7
5259,36044,3,36093,2,27822,1,36255,1,36081,1,27836,1,0,0,8,8,13,7
5260,36045,3,36092,2,4805,1,36079,1,27827,1,27836,1,0,0,8,8,13,7
5261,36046,3,36090,2,36088,2,27782,1,27836,1,0,0,0,0,8,8,13,7
5262,36047,3,36090,2,36091,2,27843,1,12878,1,0,0,0,0,8,8,13,7
5263,36048,3,36253,1,36082,1,36095,2,27841,1,12895,1,36090,1,8,8,13,8
5264,36049,3,36253,1,19854,2,36098,1,36079,1,36095,1,27825,1,8,8,13,8
5265,36050,3,36254,1,36098,2,27825,1,36256,1,36095,1,36079,1,8,8,13,8
5266,36051,3,36092,2,36082,1,36095,1,27841,1,27830,1,36090,1,8,8,13,8
5267,36052,3,36080,2,36255,2,36263,2,27836,1,0,0,0,0,8,8,13,8
5268,36053,3,36569,1,36089,2,27835,1,36079,1,27827,1,14143,1,8,8,13,8
5269,36054,3,19854,1,36254,1,36089,2,36255,1,27841,1,36091,1,8,8,13,8
5270,36055,3,36077,1,36088,2,36386,1,36256,1,36097,1,36091,1,8,8,13,8
5271,36056,3,36536,1,36078,3,27835,3,0,0,0,0,0,0,8,8,13,8
5272,36057,3,36536,1,36082,1,36098,2,36263,1,27825,1,36090,1,8,8,13,8
5273,36058,3,12908,1,36254,1,36256,1,36081,1,27827,2,4852,1,8,8,13,8
5274,36059,3,36089,2,27842,1,27841,1,36095,1,36256,1,36078,1,8,8,13,8
5275,36060,3,36094,2,36263,2,36080,1,4828,1,27835,1,0,0,8,8,13,8
5276,36061,3,36094,3,36077,1,36080,1,36256,1,12895,1,0,0,8,8,13,8
5277,36062,3,36630,1,36097,2,36077,1,27841,1,27825,1,36078,1,8,8,13,8
5278,36063,3,36097,2,4867,1,27841,1,36256,1,36081,1,36078,1,8,8,13,8
5279,36064,3,36096,2,36088,1,36091,1,36098,1,27825,1,36097,1,8,8,13,8
5280,36065,3,36096,2,36263,2,36080,1,27835,1,4862,1,0,0,8,8,13,8
5281,36066,3,36096,2,4863,1,36255,1,36080,1,27835,1,36263,1,8,8,13,8
5282,36077,3,36083,6,0,0,0,0,0,0,0,0,0,0,8,8,-1,0
5283,36078,3,36084,6,0,0,0,0,0,0,0,0,0,0,8,8,-1,0
5284,36079,3,36085,6,0,0,0,0,0,0,0,0,0,0,8,8,-1,0
5285,36080,3,36086,6,0,0,0,0,0,0,0,0,0,0,8,8,-1,0
5286,36081,3,36255,5,0,0,0,0,0,0,0,0,0,0,8,8,-1,0
5287,36082,3,36087,6,0,0,0,0,0,0,0,0,0,0,8,8,-1,0
5288,36104,3,36263,2,36261,2,27779,2,36223,2,0,0,0,0,13,8,12,8
5289,36105,3,36263,2,36261,2,27785,2,36223,2,0,0,0,0,13,8,12,8
5290,36106,3,36263,2,36261,2,27783,2,36223,2,0,0,0,0,13,8,12,8
5291,36107,3,36263,2,36261,2,27780,2,36223,2,0,0,0,0,13,8,12,8
5292,36108,3,36263,2,36261,2,27784,2,36223,2,0,0,0,0,13,8,12,8
5293,36114,3,27782,2,36258,2,27779,2,19853,2,0,0,0,0,13,8,12,7
5294,36115,3,36263,2,36260,2,27783,2,19853,2,0,0,0,0,13,8,12,8
5295,36116,3,36263,2,36261,2,27785,2,19853,2,0,0,0,0,13,8,12,8
5296,36196,1,36190,5,0,0,0,0,0,0,0,0,0,0,10,8,-1,0
5297,36197,1,36191,5,0,0,0,0,0,0,0,0,0,0,10,8,-1,0
5298,36198,1,36192,5,0,0,0,0,0,0,0,0,0,0,10,8,-1,0
5299,36199,1,36193,5,0,0,0,0,0,0,0,0,0,0,10,8,-1,0
5300,36200,1,36194,5,0,0,0,0,0,0,0,0,0,0,10,8,-1,0
5301,36168,1,36162,5,5113,1,0,0,0,0,0,0,0,0,8,8,-1,0
5302,36169,1,36163,5,5113,1,0,0,0,0,0,0,0,0,8,8,-1,0
5303,36170,1,36164,5,5107,1,0,0,0,0,0,0,0,0,8,8,-1,0
5304,36171,1,36165,5,19957,1,0,0,0,0,0,0,0,0,8,8,-1,0
5305,36172,1,36166,5,27703,1,0,0,0,0,0,0,0,0,8,8,-1,0
5306,36168,1,36162,5,5113,1,0,0,0,0,0,0,0,0,9,8,-1,0
5307,36169,1,36163,5,5113,1,0,0,0,0,0,0,0,0,9,8,-1,0
5308,36170,1,36164,5,5107,1,0,0,0,0,0,0,0,0,9,8,-1,0
5309,36171,1,36165,5,19957,1,0,0,0,0,0,0,0,0,9,8,-1,0
5310,36172,1,36166,5,27703,1,0,0,0,0,0,0,0,0,9,8,-1,0
5311,36182,1,36174,3,36188,1,0,0,0,0,0,0,0,0,10,8,-1,0
5312,36183,1,36175,5,5107,1,0,0,0,0,0,0,0,0,10,8,-1,0
5313,36184,1,36176,5,5110,1,0,0,0,0,0,0,0,0,10,8,-1,0
5314,36185,1,36177,3,36189,1,0,0,0,0,0,0,0,0,10,8,-1,0
5315,36186,1,36178,3,36189,1,0,0,0,0,0,0,0,0,10,8,-1,0
5316,36188,1,36180,4,0,0,0,0,0,0,0,0,0,0,10,8,-1,0
5317,36189,1,36181,4,0,0,0,0,0,0,0,0,0,0,10,8,-1,0
5318,36247,1,36242,4,27817,1,0,0,0,0,0,0,0,0,11,8,-1,0
5319,36248,1,36243,4,27817,1,0,0,0,0,0,0,0,0,11,8,-1,0
5320,36249,1,36244,4,36241,1,0,0,0,0,0,0,0,0,11,8,-1,0
5321,36250,1,36245,4,36241,1,0,0,0,0,0,0,0,0,11,8,-1,0
5322,36251,1,36246,4,36241,1,0,0,0,0,0,0,0,0,11,8,-1,0
5323,36208,1,36202,5,0,0,0,0,0,0,0,0,0,0,12,8,-1,0
5324,36209,1,36203,4,0,0,0,0,0,0,0,0,0,0,12,8,-1,0
5325,36210,1,36204,5,0,0,0,0,0,0,0,0,0,0,12,8,-1,0
5326,36211,1,36205,5,0,0,0,0,0,0,0,0,0,0,12,8,-1,0
5327,36212,1,36206,5,0,0,0,0,0,0,0,0,0,0,12,8,-1,0
5328,36227,3,27782,2,36258,1,27779,2,0,0,0,0,0,0,13,8,-1,0
5329,36228,3,27782,2,36258,1,27785,2,0,0,0,0,0,0,13,8,-1,0
5330,36229,3,27782,2,36258,1,27783,2,0,0,0,0,0,0,13,8,-1,0
5331,36230,3,27782,2,36258,1,27780,2,0,0,0,0,0,0,13,8,-1,0
5332,36231,3,27782,2,36258,1,27784,2,0,0,0,0,0,0,13,8,-1,0
5333,36237,1,36162,4,27799,1,27782,1,0,0,0,0,0,0,13,8,-1,0
5334,36238,1,36165,4,36260,1,36263,1,0,0,0,0,0,0,13,8,-1,0
5335,36239,1,36257,3,36258,1,0,0,0,0,0,0,0,0,13,8,-1,0
5336,36240,1,36259,3,36260,2,36190,1,0,0,0,0,0,0,13,8,-1,0
5337,35760,1,27706,2,27707,2,19997,1,27802,1,0,0,0,0,8,6,11,5
5338,35778,1,27707,2,27706,2,19943,1,27802,1,0,0,0,0,10,6,8,5
5339,35763,1,27708,3,27709,2,27738,1,27802,1,0,0,0,0,8,6,11,6
5340,35781,1,27709,2,27708,2,27720,1,27802,1,0,0,0,0,10,6,8,6
5341,35765,1,27711,2,27710,2,27739,1,27802,1,0,0,0,0,8,7,11,6
5342,35783,1,27710,2,27711,2,27721,1,27802,1,0,0,0,0,10,7,8,6
5343,35767,1,27713,2,27712,2,27740,1,27804,1,0,0,0,0,8,7,11,6
5344,35785,1,27712,2,27713,2,27722,1,27804,1,0,0,0,0,10,7,8,6
5345,35769,1,27714,2,27715,2,27741,1,27804,1,0,0,0,0,8,7,11,7
5346,35787,1,27715,2,27714,2,27723,1,27804,1,0,0,0,0,10,7,8,7
5347,35991,1,35745,1,12609,1,27968,1,0,0,0,0,0,0,13,7,12,6
5348,35992,1,35746,1,12609,1,27968,1,0,0,0,0,0,0,13,7,12,6
5349,35993,1,35747,1,12609,1,27968,1,0,0,0,0,0,0,13,7,12,6
5350,35994,1,35748,1,12609,1,27968,1,0,0,0,0,0,0,13,7,12,6
5351,35995,1,35749,1,12609,1,27968,1,0,0,0,0,0,0,13,7,12,6
5352,35996,1,35750,1,12609,1,27968,1,0,0,0,0,0,0,13,7,12,6
5353,35997,1,35751,1,12609,1,27968,1,0,0,0,0,0,0,13,7,12,6
5354,35998,1,35752,1,12609,1,27968,1,0,0,0,0,0,0,13,7,12,6
5355,35999,1,35753,1,12609,1,27968,1,0,0,0,0,0,0,13,7,12,6
5356,35809,1,36171,6,36170,6,36189,4,27715,4,0,0,0,0,9,8,11,8
5357,35810,1,36199,8,36198,4,27693,4,7016,4,0,0,0,0,10,8,9,8
5358,35811,1,36199,6,7030,3,27778,2,27775,2,0,0,0,0,13,8,12,8
5359,35555,1,36629,1,36171,2,36170,2,36184,2,0,0,0,0,8,8,11,8
5360,35560,1,5376,7,36199,4,36171,3,0,0,0,0,0,0,10,8,9,8
5361,35561,1,7009,8,36189,3,36263,3,27778,3,0,0,0,0,10,32,8,32
5362,35582,1,7009,7,36189,3,36263,3,27778,2,0,0,0,0,10,32,8,32
5363,35563,1,36199,4,36171,3,7597,3,0,0,0,0,0,0,13,8,12,8
5364,35564,1,36199,4,7030,2,27778,2,27829,2,0,0,0,0,10,8,9,8
5365,35565,1,36199,8,36183,4,21834,1,0,0,0,0,0,0,10,32,9,32
5366,35583,1,36199,8,6476,1,27778,3,5342,3,0,0,0,0,10,8,9,8
5367,35566,1,36627,1,36199,3,14055,1,5998,1,0,0,0,0,13,8,12,8
5368,35577,1,36171,3,36170,3,12610,2,0,0,0,0,0,0,8,8,11,8
5369,35569,1,27842,1,27841,2,36095,1,36256,2,0,0,0,0,8,8,13,8
5370,35571,1,36199,3,36198,3,27758,2,0,0,0,0,0,0,10,8,9,8
5371,35574,1,36199,4,27689,4,5342,4,9729,1,0,0,0,0,10,8,9,8
5372,35576,1,7010,10,36183,5,36198,2,0,0,0,0,0,0,10,8,8,8
5373,35579,1,32230,1,36239,5,5515,6,28137,1,0,0,0,0,13,32,12,32
5374,35567,1,36211,3,36209,2,27797,3,0,0,0,0,0,0,12,8,10,8
5375,35586,1,36199,9,36171,6,36183,3,0,0,0,0,0,0,8,32,11,32
5376,35568,1,5371,4,21875,2,14007,2,5514,4,27778,4,0,0,13,8,12,8
5377,35585,1,36193,7,36192,7,36239,4,0,0,0,0,0,0,10,8,9,8
5378,35796,1,27841,2,4782,1,36081,1,27825,1,12894,1,0,0,8,8,13,8
5379,35578,1,36199,7,27689,6,36239,3,0,0,0,0,0,0,10,8,9,8
5380,35575,1,36199,8,36198,2,12610,2,0,0,0,0,0,0,10,8,9,8
5381,35559,1,36210,4,36209,2,27797,4,0,0,0,0,0,0,12,8,10,8
5382,35556,1,8795,1,36250,4,36249,4,36210,4,0,0,0,0,11,8,10,8
5383,35587,1,36627,1,36184,3,0,0,0,0,0,0,0,0,10,8,8,8
5384,36863,1,12581,10,7009,5,7015,5,7021,10,7016,10,0,0,10,12,9,8
5385,36864,1,12524,10,7009,5,7015,5,7021,10,7016,10,0,0,9,12,11,8
5386,36865,1,12581,10,7009,5,7013,5,7021,10,7016,10,0,0,13,12,12,8
5387,36866,1,12581,10,7009,10,7015,10,7022,15,7016,15,0,0,10,16,9,12
5388,36867,1,12524,10,7009,10,7015,10,7022,15,7016,15,0,0,9,16,11,12
5389,36868,1,12581,10,7009,10,7013,10,7022,15,7016,15,0,0,13,16,12,12
5390,36869,1,12581,10,7009,15,7015,15,7023,20,7016,20,0,0,10,20,9,20
5391,36870,1,12524,10,7009,15,7015,15,7023,20,7016,20,0,0,9,20,11,20
5392,36871,1,12581,10,7009,15,7013,15,7023,20,7016,20,0,0,13,20,12,20
5393,36872,1,12581,10,12519,5,7015,5,7008,10,5512,5,0,0,10,12,9,8
5394,36873,1,12524,10,12580,5,7015,5,7008,10,5512,5,0,0,9,12,11,8
5395,36874,1,12581,10,12519,5,7013,5,7008,10,5512,5,0,0,13,12,12,8
5396,36875,1,12581,10,12519,10,7015,10,7008,15,5512,10,0,0,10,20,9,16
5397,36876,1,12524,10,12580,10,7015,10,7008,15,5512,10,0,0,9,20,11,16
5398,36877,1,12581,10,12519,10,7013,10,7008,15,5512,10,0,0,13,20,12,16
5399,36878,1,12581,10,12519,15,7015,15,7008,20,5512,15,0,0,10,20,9,20
5400,36879,1,12524,10,12580,15,7015,15,7008,20,5512,15,0,0,9,20,11,20
5401,36880,1,12581,10,12519,15,7013,15,7008,20,5512,15,0,0,13,20,12,20
5402,36881,1,12581,4,7010,2,5512,4,0,0,0,0,0,0,13,6,12,5
5403,36882,1,12581,6,5512,4,0,0,0,0,0,0,0,0,10,6,9,5
5404,36883,1,12581,4,5512,4,7017,2,0,0,0,0,0,0,10,6,9,5
5405,36884,1,12581,5,12524,3,7009,2,0,0,0,0,0,0,10,6,9,5
5406,36885,1,12524,5,12581,3,5512,2,0,0,0,0,0,0,9,6,11,5
5407,36886,1,12582,4,12524,3,7009,2,0,0,0,0,0,0,10,6,9,5
5408,36887,1,7008,8,12581,5,12561,5,7016,4,0,0,0,0,13,6,12,5
5409,36888,1,12581,10,7009,4,7008,4,0,0,0,0,0,0,10,6,9,5
5410,36889,1,12519,5,5998,6,5512,4,0,0,0,0,0,0,8,6,11,5
5411,36890,1,12524,6,5998,6,12610,4,0,0,0,0,0,0,8,6,11,5
5412,36891,1,12525,7,5998,6,12610,4,0,0,0,0,0,0,8,6,11,5
5413,36892,1,12524,3,12581,3,7015,2,7017,2,0,0,0,0,9,6,11,5
5414,36893,1,12524,4,7008,3,7009,3,0,0,0,0,0,0,8,6,11,5
5415,36894,1,12524,2,7008,3,7009,3,7016,2,0,0,0,0,10,6,8,5
5416,36895,1,12581,3,12519,2,7015,3,7017,2,0,0,0,0,10,6,9,5
5417,36896,1,12524,3,12580,2,7015,3,7017,2,0,0,0,0,9,6,11,5
5418,36897,1,12581,3,12519,2,7013,3,7017,2,0,0,0,0,13,6,12,5
5419,36898,1,12524,3,12590,4,12528,3,0,0,0,0,0,0,8,6,11,5
5420,36899,1,12524,3,12590,4,12528,3,0,0,0,0,0,0,8,6,11,5
5421,36900,1,12524,3,12590,4,12528,3,0,0,0,0,0,0,8,6,11,5
5422,36901,1,12519,15,7008,25,7016,15,0,0,0,0,0,0,10,6,8,5
5423,36902,1,12519,15,7010,25,7008,15,0,0,0,0,0,0,10,6,8,5
5424,36903,1,7030,10,12608,10,7008,20,7016,15,0,0,0,0,10,6,8,5
5425,37408,1,7008,8,36189,5,27725,5,7016,4,0,0,0,0,10,8,8,8
5426,37409,1,7008,8,27725,4,36189,4,7016,4,0,0,0,0,10,8,8,8
5427,37410,1,36172,5,27725,4,5998,4,12610,4,0,0,0,0,8,8,11,8
5428,37347,1,36200,8,36183,8,28148,1,0,0,0,0,0,0,10,8,9,8
5429,37348,1,36172,7,36171,4,6494,1,0,0,0,0,0,0,8,8,11,8
5430,37349,1,37489,1,7010,7,36189,5,36263,4,0,0,0,0,10,32,8,32
5431,37355,1,36200,5,36212,5,36206,5,17546,1,27778,1,0,0,10,32,9,32
5432,37353,1,36200,4,36199,2,36183,2,36185,2,0,0,0,0,10,8,9,8
5433,37360,1,36200,6,36199,2,5998,2,12610,2,0,0,0,0,10,32,9,32
5434,37357,1,27689,6,36212,5,36206,4,0,0,0,0,0,0,12,8,10,8
5435,37356,1,36080,2,36077,1,4809,1,4815,1,4816,1,36264,1,8,8,13,8
5436,37361,1,36200,6,7008,8,36188,2,0,0,0,0,0,0,10,32,8,32
5437,37359,1,7029,3,7030,3,27778,3,0,0,0,0,0,0,13,8,12,8
5438,37362,1,14149,4,36171,4,36169,2,0,0,0,0,0,0,8,8,11,8
5439,37365,1,31090,1,36171,7,36170,7,0,0,0,0,0,0,8,8,11,8
5440,37363,1,15974,2,36200,4,36171,4,36183,2,0,0,0,0,10,32,9,32
5441,37369,1,36172,6,19927,3,5342,3,5365,1,0,0,0,0,9,8,11,8
5442,37373,1,36171,4,5366,3,12610,3,0,0,0,0,0,0,10,8,9,8
5443,37376,1,36172,6,36171,4,5366,3,0,0,0,0,0,0,9,8,11,8
5444,37374,1,36172,8,12519,4,7009,4,6494,1,0,0,0,0,8,32,11,32
5445,37358,1,12780,3,36078,3,0,0,0,0,0,0,0,0,8,8,13,8
5446,37351,1,27708,4,23179,4,36189,1,0,0,0,0,0,0,10,8,8,8
5447,37364,1,36198,3,36189,1,12610,4,0,0,0,0,0,0,10,8,9,8
5448,37367,1,36172,6,36171,6,36212,3,0,0,0,0,0,0,8,8,11,8
5449,37397,1,36172,1,7008,10,36189,5,36263,5,0,0,0,0,10,32,8,32
5450,37398,1,37489,1,7008,12,7029,4,27778,4,0,0,0,0,10,32,8,32
5451,37402,1,37490,1,27778,7,27765,7,5513,5,0,0,0,0,13,8,12,8
5452,37401,1,36172,8,36183,4,7008,8,0,0,0,0,0,0,8,32,11,32
5453,37400,1,36200,10,36198,6,7016,4,0,0,0,0,0,0,10,32,9,32
5454,37293,1,37303,1,12609,1,27968,1,0,0,0,0,0,0,13,7,12,6
5455,37294,1,37304,1,12609,1,27968,1,0,0,0,0,0,0,13,7,12,6
5456,37295,1,37305,1,12609,1,27968,1,0,0,0,0,0,0,13,7,12,6
5457,37296,1,37306,1,12609,1,27968,1,0,0,0,0,0,0,13,7,12,6
5458,37297,1,37307,1,12609,1,27968,1,0,0,0,0,0,0,13,7,12,6
5459,37298,1,37308,1,12609,1,27968,1,0,0,0,0,0,0,13,7,12,6
5460,37299,1,37309,1,12609,1,27968,1,0,0,0,0,0,0,13,7,12,6
5461,37300,1,37310,1,12609,1,27968,1,0,0,0,0,0,0,13,7,12,6
5462,37301,1,37311,1,12609,1,27968,1,0,0,0,0,0,0,13,7,12,6
5463,38560,1,38660,1,12609,1,27782,1,0,0,0,0,0,0,13,7,12,6
5464,38561,1,38661,1,12609,1,27782,1,0,0,0,0,0,0,13,7,12,6
5465,38562,1,38662,1,12609,1,27782,1,0,0,0,0,0,0,13,7,12,6
5466,38563,1,38663,1,12609,1,27782,1,0,0,0,0,0,0,13,7,12,6
5467,38564,1,38664,1,12609,1,27782,1,0,0,0,0,0,0,13,7,12,6
5468,38565,1,38665,1,12609,1,27782,1,0,0,0,0,0,0,13,7,12,6
5469,38566,1,38666,1,12609,1,27782,1,0,0,0,0,0,0,13,7,12,6
5470,38567,1,38667,1,12609,1,27782,1,0,0,0,0,0,0,13,7,12,6
5471,38568,1,38668,1,12609,1,27782,1,0,0,0,0,0,0,13,7,12,6
5472,38672,1,7008,8,27721,5,36189,4,7016,4,0,0,0,0,10,8,8,8
5473,38673,1,36172,5,36184,5,5998,4,12610,3,0,0,0,0,8,8,11,8
5474,38674,1,7010,8,27709,5,36189,4,7016,4,0,0,0,0,10,8,8,8
5475,38583,1,36200,6,36184,4,12610,2,0,0,0,0,0,0,10,8,9,8
5476,38576,1,36186,3,12610,5,0,0,0,0,0,0,0,0,10,8,8,8
5477,38577,1,36200,1,27778,3,7030,4,0,0,0,0,0,0,13,8,12,8
5478,38585,1,36081,2,36077,2,36090,1,4871,1,0,0,0,0,8,8,13,8
5479,38616,1,36186,2,36172,3,36184,2,0,0,0,0,0,0,8,8,11,8
5480,38617,1,27837,2,36080,2,4852,2,0,0,0,0,0,0,8,8,13,8
5481,38591,1,36212,4,36211,4,36199,2,0,0,0,0,0,0,12,8,10,8
5482,38592,1,7977,1,36200,4,0,0,0,0,0,0,0,0,12,32,10,32
5483,38605,1,36186,1,36200,4,36198,3,0,0,0,0,0,0,10,8,9,8
5484,38606,1,36200,5,36198,4,0,0,0,0,0,0,0,0,10,8,9,8
5485,38586,1,36172,5,36170,4,36186,3,36184,3,0,0,0,0,8,32,11,32
5486,38595,1,7010,6,36200,3,36212,3,28970,1,0,0,0,0,10,32,8,32
5487,38618,1,38684,1,36209,6,36210,5,36169,5,0,0,0,0,12,32,10,32
5488,38622,1,5365,9,36200,6,0,0,0,0,0,0,0,0,10,32,9,32
5489,38623,1,38685,1,36200,8,36212,4,12092,1,0,0,0,0,10,8,9,8
5490,38621,1,7010,4,7962,1,6640,1,33278,1,0,0,0,0,10,8,8,8
5491,39316,1,39461,1,12609,1,27782,1,0,0,0,0,0,0,13,7,12,7
5492,39317,1,39462,1,12609,1,27782,1,0,0,0,0,0,0,13,7,12,7
5493,39318,1,39463,1,12609,1,27782,1,0,0,0,0,0,0,13,7,12,7
5494,39319,1,39464,1,12609,1,27782,1,0,0,0,0,0,0,13,7,12,7
5495,39320,1,39465,1,12609,1,27782,1,0,0,0,0,0,0,13,7,12,7
5496,39321,1,39466,1,12609,1,27782,1,0,0,0,0,0,0,13,7,12,7
5497,39322,1,39467,1,12609,1,27782,1,0,0,0,0,0,0,13,7,12,7
5498,39323,1,39468,1,12609,1,27782,1,0,0,0,0,0,0,13,7,12,7
5499,39324,1,39469,1,12609,1,27782,1,0,0,0,0,0,0,13,7,12,7
5500,38956,3,27782,2,36258,1,36260,1,36261,1,0,0,0,0,13,8,12,8
5501,39429,1,36188,5,7013,6,7016,4,5774,5,0,0,0,0,10,8,8,8
5502,39430,1,7008,6,36163,5,36189,5,7016,4,0,0,0,0,10,8,8,8
5503,39431,1,36169,4,36183,4,5998,4,12610,4,0,0,0,0,8,8,11,8
5504,39380,1,36198,4,27690,4,4796,2,0,0,0,0,0,0,10,8,9,8
5505,39379,1,5365,3,27778,2,7030,1,36261,1,0,0,0,0,13,8,12,8
5506,39414,1,36172,4,36184,4,36193,7,0,0,0,0,0,0,9,8,11,8
5507,39381,1,36197,6,36212,3,36203,3,0,0,0,0,0,0,10,8,9,8
5508,39384,1,36183,4,12610,6,0,0,0,0,0,0,0,0,10,8,8,8
5509,39385,1,39585,1,36258,2,28987,1,0,0,0,0,0,0,13,8,12,8
5510,39395,1,39586,1,36184,4,36170,4,0,0,0,0,0,0,8,8,11,8
5511,39390,1,36172,3,36200,3,36183,3,0,0,0,0,0,0,8,8,11,8
5512,39409,1,36172,4,36200,4,27705,4,36263,4,0,0,0,0,9,32,11,32
5513,39411,1,27690,8,36263,6,36258,2,0,0,0,0,0,0,10,8,9,8
5514,39412,1,4815,1,4842,1,4852,1,36080,1,36255,1,36256,1,8,8,13,8
5515,39424,1,36171,7,19987,7,5377,4,0,0,0,0,0,0,8,32,11,32
5516,39423,1,39587,1,7010,5,7013,5,36263,6,0,0,0,0,10,8,8,8
5517,39426,1,7009,5,5513,5,36171,5,6494,1,0,0,0,0,10,8,8,8
5518,40620,1,10092,8,36170,5,27725,4,7016,4,0,0,0,0,10,8,8,8
5519,40621,1,7008,7,36164,7,36189,3,7016,4,0,0,0,0,10,8,8,8
5520,40622,1,36184,4,36186,3,5998,4,12610,5,0,0,0,0,8,8,11,8
5521,40623,1,36197,6,27778,2,5514,2,6637,1,0,0,0,0,10,8,9,8
5522,40624,1,36199,4,36209,3,12610,3,0,0,0,0,0,0,10,8,9,8
5523,40626,1,5193,3,36184,2,27778,1,5998,2,7031,1,0,0,13,8,12,8
5524,40629,1,36170,2,36184,2,36212,2,5998,1,0,0,0,0,8,8,11,8
5525,40630,1,36170,4,12610,3,27711,5,0,0,0,0,0,0,10,8,8,8
5526,40631,1,40696,1,36172,4,12529,3,36186,2,0,0,0,0,9,8,11,8
5527,40632,1,19876,1,36097,1,19857,1,27841,1,36079,1,4822,1,8,8,13,8
5528,40633,1,19876,1,19866,1,14143,1,27841,1,36079,1,27827,1,8,8,13,8
5529,40634,1,36197,2,36198,2,21835,1,5325,1,0,0,0,0,10,8,9,8
5530,40637,1,40697,1,36199,5,36209,4,36239,3,0,0,0,0,10,8,9,8
5531,40639,1,36172,4,36199,5,36212,3,27777,2,0,0,0,0,8,8,11,8
5532,40640,1,40698,1,36188,4,36189,4,7017,6,0,0,0,0,10,8,9,8
5533,40641,1,40698,1,36188,3,36189,3,7017,6,0,0,0,0,10,8,9,8
5534,40643,1,40699,1,36188,5,36189,5,7017,4,0,0,0,0,10,8,9,8
5535,40644,1,36197,4,36200,4,13073,1,0,0,0,0,0,0,10,8,9,8
5536,40646,1,36191,2,27778,1,12610,3,5998,3,0,0,0,0,13,8,12,8
5537,40647,1,27711,2,36170,3,12610,3,5998,3,0,0,0,0,10,8,8,8
5538,40652,1,36198,5,7008,4,36189,3,7016,4,0,0,0,0,10,32,9,32
5539,40655,1,36200,3,36170,3,12610,1,7016,3,0,0,0,0,9,8,11,8
5540,40656,1,36197,3,36171,3,36188,2,0,0,0,0,0,0,9,8,11,8
5541,40657,1,27689,3,36199,3,36171,4,7017,3,0,0,0,0,10,8,9,8
5542,40678,1,36200,9,12529,3,7030,2,27778,4,0,0,0,0,10,32,9,32
5543,40681,1,19939,4,36188,3,7013,4,5230,3,7016,2,0,0,13,32,12,32
5544,40682,1,36198,9,14057,1,7030,1,27778,2,7963,1,0,0,10,32,9,32
5545,40625,1,36061,1,27878,1,13743,1,27841,2,0,0,0,0,8,8,13,8
5546,40645,1,36172,3,36171,3,36183,3,7024,2,0,0,0,0,9,32,11,32
5547,40649,1,5365,4,36180,4,27778,2,36263,3,0,0,0,0,10,8,9,8
5548,40679,1,5374,3,5230,5,27711,4,36263,3,7016,3,0,0,10,8,8,8
5549,40395,1,40687,1,12609,1,27782,1,0,0,0,0,0,0,13,7,12,7
5550,40396,1,40688,1,12609,1,27782,1,0,0,0,0,0,0,13,7,12,7
5551,40397,1,40689,1,12609,1,27782,1,0,0,0,0,0,0,13,7,12,7
5552,40398,1,40690,1,12609,1,27782,1,0,0,0,0,0,0,13,7,12,7
5553,40399,1,40691,1,12609,1,27782,1,0,0,0,0,0,0,13,7,12,7
5554,40400,1,40692,1,12609,1,27782,1,0,0,0,0,0,0,13,7,12,7
5555,40401,1,40693,1,12609,1,27782,1,0,0,0,0,0,0,13,7,12,7
5556,40402,1,40694,1,12609,1,27782,1,0,0,0,0,0,0,13,7,12,7
5557,40403,1,40695,1,12609,1,27782,1,0,0,0,0,0,0,13,7,12,7
5558,41095,1,4827,2,12904,1,36255,1,36080,1,36084,1,0,0,8,8,13,8
5559,41108,1,38271,1,4833,1,4852,1,36080,1,5491,1,4735,1,8,8,13,8
5560,41509,1,41161,1,12609,1,27782,1,0,0,0,0,0,0,13,7,12,7
5561,41510,1,41162,1,12609,1,27782,1,0,0,0,0,0,0,13,7,12,7
5562,41511,1,41163,1,12609,1,27782,1,0,0,0,0,0,0,13,7,12,7
5563,41512,1,41164,1,12609,1,27782,1,0,0,0,0,0,0,13,7,12,7
5564,41513,1,41165,1,12609,1,27782,1,0,0,0,0,0,0,13,7,12,7
5565,41514,1,41166,1,12609,1,27782,1,0,0,0,0,0,0,13,7,12,7
5566,41515,1,41167,1,12609,1,27782,1,0,0,0,0,0,0,13,7,12,7
5567,41516,1,41168,1,12609,1,27782,1,0,0,0,0,0,0,13,7,12,7
5568,41517,1,41169,1,12609,1,27782,1,0,0,0,0,0,0,13,7,12,7
5569,41082,1,36180,6,7030,4,27778,4,7016,4,0,0,0,0,13,8,12,8
5570,41083,1,36203,8,5328,6,7008,4,7016,4,0,0,0,0,12,8,10,8
5571,41084,1,36183,4,27705,2,27711,3,7970,1,0,0,0,0,10,8,8,8
5572,40658,1,36198,5,6649,1,7965,1,5998,1,0,0,0,0,10,8,9,8
5573,41087,1,36184,4,27711,4,5170,2,0,0,0,0,0,0,10,8,8,8
5574,41089,1,5230,6,27723,3,36189,3,6494,1,0,0,0,0,10,32,8,32
5575,41092,1,41652,1,36172,8,36184,8,0,0,0,0,0,0,8,32,11,32
5576,41094,1,36199,5,36169,5,0,0,0,0,0,0,0,0,10,8,9,8
5577,41096,1,27705,2,27711,4,36189,4,0,0,0,0,0,0,16,3,14,3
5578,41105,1,36200,8,36197,6,0,0,0,0,0,0,0,0,10,32,9,32
5579,41111,1,36258,3,7030,3,27778,3,0,0,0,0,0,0,13,8,12,8
5580,41113,1,36170,5,36196,4,12610,3,0,0,0,0,0,0,9,32,11,32
5581,41088,1,36211,6,27708,4,36203,4,0,0,0,0,0,0,12,8,10,8
5582,41106,1,7030,2,27778,2,36263,2,5513,1,0,0,0,0,13,8,12,8
5583,41144,1,36172,10,36171,3,5104,4,5105,4,0,0,0,0,9,32,11,32
5584,41145,1,36261,5,7030,4,27778,4,6464,1,0,0,0,0,13,32,12,32
5585,41429,1,36172,10,36171,3,5104,4,5105,4,0,0,0,0,9,32,11,32
5586,43972,3,44067,5,0,0,0,0,0,0,0,0,0,0,8,8,-1,0
5587,43973,3,43978,5,4838,1,0,0,0,0,0,0,0,0,8,8,-1,0
5588,43977,3,43982,6,0,0,0,0,0,0,0,0,0,0,8,8,-1,0
5589,43974,3,43979,6,0,0,0,0,0,0,0,0,0,0,8,8,-1,0
5590,43976,3,43981,6,0,0,0,0,0,0,0,0,0,0,8,8,-1,0
5591,43975,3,43980,6,0,0,0,0,0,0,0,0,0,0,8,8,-1,0
5592,44073,3,43972,1,44063,1,27835,1,36078,2,4834,1,0,0,8,8,13,7
5593,44081,3,43973,1,27830,1,36256,2,36255,1,12895,1,0,0,8,8,13,7
5594,44079,3,43973,1,43668,1,36263,2,43972,1,27835,1,0,0,8,8,13,7
5595,44074,3,43972,1,44064,2,43977,1,36079,2,0,0,0,0,8,8,13,7
5596,44094,3,43977,2,43678,1,27835,3,0,0,0,0,0,0,8,8,13,7
5597,44082,3,43974,1,27841,1,36256,2,36255,1,12895,1,0,0,8,8,13,7
5598,44083,3,43974,1,43990,2,27841,1,36256,1,43989,1,0,0,8,8,13,7
5599,44084,3,43974,1,43977,1,36077,1,36630,2,12895,1,0,0,8,8,13,7
5600,44093,3,43976,1,4838,2,27838,1,36263,1,27841,1,0,0,8,8,13,7
5601,44085,3,43974,1,43991,2,36256,1,36255,1,36077,1,0,0,8,8,13,7
5602,44088,3,43975,1,43991,1,27841,1,36256,1,12895,1,36080,1,8,8,13,7
5603,44099,3,43988,2,43975,1,36081,1,27835,1,36255,1,0,0,8,8,13,7
5604,44105,3,43988,1,43973,1,36077,1,36097,2,44063,1,27835,1,8,8,13,8
5605,44086,3,43975,1,43991,2,44034,2,36255,1,36080,1,0,0,8,8,13,8
5606,44101,3,44065,1,43988,1,43989,2,44066,1,36077,1,36256,1,8,8,13,8
5607,44102,3,43990,2,44065,1,36255,2,44034,1,36080,1,0,0,8,8,13,8
5608,44089,3,43975,1,44066,2,27841,1,36080,1,36256,2,0,0,8,8,13,8
5609,44077,3,43972,2,43753,1,43977,1,44034,3,0,0,0,0,8,8,13,8
5610,44078,3,43973,1,43668,1,43986,2,36256,1,36079,1,27830,1,8,8,13,8
5611,44092,3,43976,1,44106,1,43985,2,43986,2,27843,1,0,0,8,8,13,8
5612,44097,3,43987,2,43990,1,43988,1,44066,1,44034,1,36080,1,8,8,13,8
5613,44100,3,43974,1,43989,2,44065,1,43987,1,36255,1,4863,1,8,8,13,8
5614,44095,3,43977,1,43697,1,43985,2,27841,1,27829,2,0,0,8,8,13,8
5615,44076,3,43972,1,43793,1,4891,1,44039,1,43978,1,27838,1,8,8,13,8
5616,44091,3,43976,1,43977,1,44106,1,4838,1,43985,2,27843,1,8,8,13,8
5617,44103,3,43976,1,43973,1,44063,1,43984,2,36097,2,0,0,8,8,13,8
5618,44104,3,44106,1,36077,1,43986,1,43985,2,36097,1,36098,1,8,8,13,8
5619,44098,3,43987,2,43976,1,44039,1,43986,1,27838,1,36089,1,8,8,13,8
5620,44087,3,43975,1,43983,2,36256,1,36077,1,44063,1,27838,1,8,8,13,8
5621,44090,3,43976,1,43977,1,43983,2,43984,1,27828,1,27829,1,8,8,13,8
5622,44096,3,43977,1,43983,1,43985,2,36097,1,36090,1,36089,1,8,8,13,8
5623,44019,1,44014,5,0,0,0,0,0,0,0,0,0,0,10,8,-1,0
5624,44020,1,44015,5,0,0,0,0,0,0,0,0,0,0,10,8,-1,0
5625,44021,1,44016,5,0,0,0,0,0,0,0,0,0,0,10,8,-1,0
5626,44022,1,44017,5,0,0,0,0,0,0,0,0,0,0,10,8,-1,0
5627,44023,1,44018,5,0,0,0,0,0,0,0,0,0,0,10,8,-1,0
5628,43997,1,43992,5,19957,1,0,0,0,0,0,0,0,0,8,8,-1,0
5629,43998,1,43993,5,36163,1,0,0,0,0,0,0,0,0,8,8,-1,0
5630,43999,1,43994,5,5116,1,0,0,0,0,0,0,0,0,8,8,-1,0
5631,44000,1,43995,5,27696,1,0,0,0,0,0,0,0,0,8,8,-1,0
5632,44001,1,43996,5,44007,1,0,0,0,0,0,0,0,0,8,8,-1,0
5633,43997,1,43992,5,19957,1,0,0,0,0,0,0,0,0,9,8,-1,0
5634,43998,1,43993,5,36163,1,0,0,0,0,0,0,0,0,9,8,-1,0
5635,43999,1,43994,5,5116,1,0,0,0,0,0,0,0,0,9,8,-1,0
5636,44000,1,43995,5,27696,1,0,0,0,0,0,0,0,0,9,8,-1,0
5637,44001,1,43996,5,44007,1,0,0,0,0,0,0,0,0,9,8,-1,0
5638,44008,1,44002,5,36162,1,0,0,0,0,0,0,0,0,10,8,-1,0
5639,44009,1,44003,3,36189,1,0,0,0,0,0,0,0,0,10,8,-1,0
5640,44010,1,44004,3,36189,1,0,0,0,0,0,0,0,0,10,8,-1,0
5641,44011,1,44005,5,27697,1,0,0,0,0,0,0,0,0,10,8,-1,0
5642,44012,1,44006,3,44013,1,0,0,0,0,0,0,0,0,10,8,-1,0
5643,44058,1,44053,4,36241,1,0,0,0,0,0,0,0,0,11,8,-1,0
5644,44059,1,44054,4,36241,1,0,0,0,0,0,0,0,0,11,8,-1,0
5645,44060,1,44055,4,36241,1,0,0,0,0,0,0,0,0,11,8,-1,0
5646,44061,1,44056,4,44052,1,0,0,0,0,0,0,0,0,11,8,-1,0
5647,44062,1,44057,4,44052,1,0,0,0,0,0,0,0,0,11,8,-1,0
5648,44029,1,44024,5,0,0,0,0,0,0,0,0,0,0,12,8,-1,0
5649,44030,1,44025,5,0,0,0,0,0,0,0,0,0,0,12,8,-1,0
5650,44031,1,44026,5,0,0,0,0,0,0,0,0,0,0,12,8,-1,0
5651,44032,1,44027,4,0,0,0,0,0,0,0,0,0,0,12,8,-1,0
5652,44033,1,44028,5,0,0,0,0,0,0,0,0,0,0,12,8,-1,0
5653,44044,3,36263,2,44069,1,27779,2,0,0,0,0,0,0,13,8,-1,0
5654,44045,3,36263,2,44069,1,27785,2,0,0,0,0,0,0,13,8,-1,0
5655,44046,3,36263,2,44069,1,27783,2,0,0,0,0,0,0,13,8,-1,0
5656,44047,3,36263,2,44069,1,27780,2,0,0,0,0,0,0,13,8,-1,0
5657,44048,3,36263,2,44069,1,27784,2,0,0,0,0,0,0,13,8,-1,0
5658,44049,1,43979,4,44068,2,0,0,0,0,0,0,0,0,13,8,-1,0
5659,44050,1,43994,2,44070,1,36263,1,12597,1,0,0,0,0,13,8,-1,0
5660,44013,1,44007,4,0,0,0,0,0,0,0,0,0,0,13,8,-1,0
5661,44051,3,44034,2,44071,2,0,0,0,0,0,0,0,0,13,8,-1,0
5662,44157,3,44051,2,44072,2,44039,2,44035,1,0,0,0,0,13,8,12,8
5663,44158,3,44051,2,44072,2,44040,2,44035,1,0,0,0,0,13,8,12,8
5664,44159,3,44051,2,44072,2,44041,2,44035,1,0,0,0,0,13,8,12,8
5665,44160,3,44051,2,44072,2,44042,2,44035,1,0,0,0,0,13,8,12,8
5666,44161,3,44051,2,44072,2,44043,2,44035,1,0,0,0,0,13,8,12,8
5667,44167,3,36263,2,44069,2,44039,2,27836,2,0,0,0,0,13,8,12,7
5668,44168,3,36263,2,44070,2,44041,2,27836,2,0,0,0,0,13,8,12,8
5669,44169,3,44034,2,44071,2,44043,2,27836,2,0,0,0,0,13,8,12,8
5670,41836,1,43997,1,44058,1,36186,1,36189,1,0,0,0,0,8,8,11,7
5671,41837,1,43997,1,44008,3,36251,1,36239,1,0,0,0,0,8,8,11,7
5672,41838,1,43997,3,44058,1,36186,1,36189,1,0,0,0,0,8,8,11,7
5673,41839,1,44008,3,44058,1,36186,1,36189,1,0,0,0,0,10,8,8,7
5674,41840,1,44008,2,43997,2,36251,1,36212,1,0,0,0,0,10,8,8,7
5675,41841,1,44008,2,43997,2,36200,1,36239,1,0,0,0,0,10,8,8,7
5676,41842,1,44008,2,43997,2,36200,1,36239,1,0,0,0,0,10,8,8,7
5677,41843,1,36238,1,44058,3,44019,1,36239,1,0,0,0,0,13,8,12,7
5678,41844,1,36238,1,44058,3,44019,1,36239,1,0,0,0,0,13,8,12,7
5679,41845,1,43997,2,44008,2,36251,1,36189,1,0,0,0,0,8,8,11,7
5680,41846,1,43997,3,44058,1,36186,1,36189,1,0,0,0,0,8,8,11,7
5681,41847,1,43997,1,44008,3,36251,1,36240,1,0,0,0,0,8,8,11,7
5682,41848,1,44008,2,43997,2,36186,1,36239,1,0,0,0,0,10,8,8,7
5683,41849,1,43997,3,44008,1,36200,1,36189,1,0,0,0,0,8,8,11,7
5684,41850,1,44008,2,43997,2,36186,1,36189,1,0,0,0,0,10,8,8,7
5685,41851,1,43997,3,44008,1,36251,1,36240,1,0,0,0,0,8,8,11,7
5686,41852,1,43997,1,44008,3,36186,1,36239,1,0,0,0,0,8,8,11,7
5687,41853,1,43997,3,44008,1,36251,1,36189,1,0,0,0,0,8,8,11,7
5688,41854,1,44008,2,43997,2,36186,1,36239,1,0,0,0,0,10,8,8,7
5689,41855,1,43997,2,44008,2,36186,1,36189,1,0,0,0,0,8,8,11,7
5690,41856,1,36238,1,44019,3,44058,1,36239,1,0,0,0,0,13,8,12,7
5691,41857,1,43997,1,44008,1,36186,1,0,0,0,0,0,0,9,8,11,7
5692,41858,1,44008,2,44058,1,36186,1,0,0,0,0,0,0,10,8,8,7
5693,41859,1,44058,2,44029,2,36251,1,36184,1,0,0,0,0,11,8,10,7
5694,41860,1,44058,2,44029,1,36184,1,0,0,0,0,0,0,11,8,10,7
5695,41861,1,44029,2,44058,2,36251,1,36212,1,0,0,0,0,12,8,10,7
5696,41862,1,44058,2,44008,1,36251,1,0,0,0,0,0,0,11,8,10,7
5697,41863,1,44008,2,44058,1,36186,1,0,0,0,0,0,0,10,8,8,7
5698,41864,1,44058,2,44029,2,36251,1,36184,1,0,0,0,0,11,8,10,7
5699,41865,1,44058,2,44029,1,36184,1,0,0,0,0,0,0,11,8,10,7
5700,41866,1,44029,2,44058,2,36251,1,36212,1,0,0,0,0,12,8,10,7
5701,41867,1,44058,2,44008,1,36251,1,0,0,0,0,0,0,11,8,10,7
5702,41868,1,44029,2,44058,1,36251,1,0,0,0,0,0,0,12,8,10,7
5703,41869,1,44029,2,44058,2,36212,1,36184,1,0,0,0,0,12,8,10,7
5704,41870,1,44058,2,44029,1,36184,1,0,0,0,0,0,0,11,8,10,7
5705,41871,1,44029,2,44058,2,36251,1,36212,1,0,0,0,0,12,8,10,7
5706,41872,1,44058,2,44029,1,36251,1,0,0,0,0,0,0,11,8,10,7
5707,41873,1,44029,2,44058,1,36212,1,0,0,0,0,0,0,12,8,10,7
5708,41874,1,44029,2,44058,2,36212,1,36251,1,0,0,0,0,12,8,10,7
5709,41875,1,44058,2,44029,1,36251,1,0,0,0,0,0,0,11,8,10,7
5710,41876,1,44029,2,44058,2,36251,1,36212,1,0,0,0,0,12,8,10,7
5711,41877,1,44058,2,44029,1,36251,1,0,0,0,0,0,0,11,8,10,7
5712,41878,1,44029,2,44058,1,36212,1,0,0,0,0,0,0,12,8,10,7
5713,41879,1,44029,2,44058,2,36251,1,36212,1,0,0,0,0,12,8,10,7
5714,41880,1,44058,2,44029,1,36251,1,0,0,0,0,0,0,11,8,10,7
5715,41881,1,44029,2,44058,2,36251,1,36212,1,0,0,0,0,12,8,10,7
5716,41882,1,44058,2,44029,1,36251,1,0,0,0,0,0,0,11,8,10,7
5717,41883,1,44029,2,44058,1,36212,1,0,0,0,0,0,0,12,8,10,7
5718,41884,1,44029,2,44058,2,36251,1,36212,1,0,0,0,0,12,8,10,7
5719,41885,1,44058,2,44029,1,36251,1,0,0,0,0,0,0,11,8,10,7
5720,41886,1,44029,2,44058,2,36251,1,36212,1,0,0,0,0,12,8,10,7
5721,41887,1,44058,2,44029,1,36251,1,0,0,0,0,0,0,11,8,10,7
5722,41888,1,44029,2,44058,1,36212,1,0,0,0,0,0,0,12,8,10,7
5723,41889,1,44029,2,44058,2,36212,1,36251,1,0,0,0,0,12,8,10,7
5724,41890,1,44058,2,44029,1,36251,1,0,0,0,0,0,0,11,8,10,7
5725,41891,1,44029,2,44058,2,36251,1,36212,1,0,0,0,0,12,8,10,7
5726,41892,1,44058,2,44029,1,36251,1,0,0,0,0,0,0,11,8,10,7
5727,41893,1,44019,2,44029,1,0,0,0,0,0,0,0,0,10,8,9,7
5728,41894,1,44019,2,44029,1,0,0,0,0,0,0,0,0,10,8,9,7
5729,41895,1,44019,2,44029,1,0,0,0,0,0,0,0,0,10,8,9,7
5730,41896,1,44019,2,44029,1,0,0,0,0,0,0,0,0,10,8,9,7
5731,41897,1,44019,2,44029,1,0,0,0,0,0,0,0,0,10,8,9,7
5732,41898,1,44058,2,44008,1,0,0,0,0,0,0,0,0,11,8,10,7
5733,41899,1,44058,2,44008,1,0,0,0,0,0,0,0,0,11,8,10,7
5734,41900,1,44058,2,44008,1,0,0,0,0,0,0,0,0,11,8,10,7
5735,41901,1,44058,2,44008,1,0,0,0,0,0,0,0,0,11,8,10,7
5736,41902,1,44058,2,44008,1,0,0,0,0,0,0,0,0,11,8,10,7
5737,41903,1,44058,1,44029,1,36186,1,0,0,0,0,0,0,11,8,10,7
5738,41904,1,44058,1,44029,1,36186,1,0,0,0,0,0,0,11,8,10,7
5739,41905,1,44058,1,44029,1,36186,1,0,0,0,0,0,0,11,8,10,7
5740,41906,1,44058,1,44029,1,36186,1,0,0,0,0,0,0,11,8,10,7
5741,41907,1,44058,1,44029,1,36186,1,0,0,0,0,0,0,11,8,10,7
5742,41908,1,44008,1,43997,1,36186,1,0,0,0,0,0,0,10,8,8,7
5743,41909,1,44008,1,43997,1,36186,1,0,0,0,0,0,0,10,8,8,7
5744,41910,1,44008,1,43997,1,36186,1,0,0,0,0,0,0,10,8,8,7
5745,41911,1,44008,1,43997,1,36186,1,0,0,0,0,0,0,10,8,8,7
5746,41912,1,44008,1,43997,1,36186,1,0,0,0,0,0,0,10,8,8,7
5747,41990,1,43998,1,44009,1,43997,1,36189,1,0,0,0,0,8,8,11,7
5748,41991,1,43998,2,44020,2,43997,1,36239,1,0,0,0,0,8,8,11,7
5749,41992,1,43998,2,44020,2,43997,1,36189,1,0,0,0,0,8,8,11,7
5750,41993,1,44020,3,44009,1,43997,1,36189,1,0,0,0,0,10,8,9,7
5751,41994,1,44020,3,44009,1,44019,1,36239,1,0,0,0,0,10,8,9,7
5752,41995,1,44020,3,44009,1,44019,1,36186,1,0,0,0,0,10,8,9,7
5753,41996,1,44020,3,44009,1,44008,1,36186,1,0,0,0,0,10,8,9,7
5754,41997,1,36238,1,44059,2,44020,2,36239,1,0,0,0,0,13,8,12,7
5755,41998,1,36238,1,44059,2,44020,2,36239,1,0,0,0,0,13,8,12,7
5756,41999,1,44009,1,43998,3,44019,1,36189,1,0,0,0,0,10,8,8,7
5757,42000,1,43998,2,44059,2,43997,1,36189,1,0,0,0,0,8,8,11,7
5758,42001,1,43998,3,44009,1,44019,1,36240,1,0,0,0,0,8,8,11,7
5759,42002,1,44009,1,43998,3,43997,1,36186,1,0,0,0,0,10,8,8,7
5760,42003,1,43998,2,44020,2,43997,1,36189,1,0,0,0,0,8,8,11,7
5761,42004,1,44009,1,43998,3,44008,1,36189,1,0,0,0,0,10,8,8,7
5762,42005,1,43998,3,44009,1,44019,1,36240,1,0,0,0,0,8,8,11,7
5763,42006,1,44009,1,43998,3,44008,1,36186,1,0,0,0,0,10,8,8,7
5764,42007,1,43998,3,44009,1,43997,1,36189,1,0,0,0,0,8,8,11,7
5765,42008,1,44020,3,44009,1,44019,1,36186,1,0,0,0,0,10,8,9,7
5766,42009,1,43998,3,44009,1,43997,1,36189,1,0,0,0,0,8,8,11,7
5767,42010,1,36238,1,44020,2,44059,2,36186,1,0,0,0,0,13,8,12,7
5768,42011,1,43998,1,44020,1,43997,1,0,0,0,0,0,0,9,8,11,7
5769,42012,1,44009,1,43998,2,44008,1,0,0,0,0,0,0,10,8,8,7
5770,42013,1,43998,3,44009,1,43997,1,44029,1,0,0,0,0,9,8,11,7
5771,42014,1,43998,2,44009,1,43997,1,0,0,0,0,0,0,9,8,11,7
5772,42015,1,44030,2,44059,2,44029,1,44058,1,0,0,0,0,12,8,10,7
5773,42016,1,43998,2,44009,1,43997,1,0,0,0,0,0,0,9,8,11,7
5774,42017,1,44009,1,43998,2,44008,1,0,0,0,0,0,0,10,8,8,7
5775,42018,1,43998,3,44009,1,43997,1,44029,1,0,0,0,0,9,8,11,7
5776,42019,1,43998,2,44009,1,43997,1,0,0,0,0,0,0,9,8,11,7
5777,42020,1,44030,2,44059,2,44029,1,44058,1,0,0,0,0,12,8,10,7
5778,42021,1,43998,2,44009,1,43997,1,0,0,0,0,0,0,9,8,11,7
5779,42022,1,44030,2,44059,1,44029,1,0,0,0,0,0,0,12,8,10,7
5780,42023,1,44030,2,43998,2,44058,1,44008,1,0,0,0,0,12,8,10,7
5781,42024,1,44059,2,44030,1,44029,1,0,0,0,0,0,0,11,8,10,7
5782,42025,1,44059,2,44030,2,44058,1,44029,1,0,0,0,0,11,8,10,7
5783,42026,1,44059,2,44030,1,44029,1,0,0,0,0,0,0,11,8,10,7
5784,42027,1,44030,2,44059,1,44029,1,0,0,0,0,0,0,12,8,10,7
5785,42028,1,44030,2,44059,2,44029,1,44058,1,0,0,0,0,12,8,10,7
5786,42029,1,44059,2,44030,1,44058,1,0,0,0,0,0,0,11,8,10,7
5787,42030,1,44030,2,44059,2,44058,1,44029,1,0,0,0,0,12,8,10,7
5788,42031,1,44059,2,44030,1,44058,1,0,0,0,0,0,0,11,8,10,7
5789,42032,1,44030,2,44059,1,44029,1,0,0,0,0,0,0,12,8,10,7
5790,42033,1,44030,2,43998,2,44058,1,44008,1,0,0,0,0,12,8,10,7
5791,42034,1,44059,2,44030,1,44029,1,0,0,0,0,0,0,11,8,10,7
5792,42035,1,44059,2,44030,2,44058,1,44029,1,0,0,0,0,11,8,10,7
5793,42036,1,44059,2,44030,1,44029,1,0,0,0,0,0,0,11,8,10,7
5794,42037,1,44030,2,44059,1,44029,1,0,0,0,0,0,0,12,8,10,7
5795,42038,1,44030,2,44059,2,44029,1,44058,1,0,0,0,0,12,8,10,7
5796,42039,1,44059,2,44030,1,44058,1,0,0,0,0,0,0,11,8,10,7
5797,42040,1,44030,2,44059,2,44058,1,44029,1,0,0,0,0,12,8,10,7
5798,42041,1,44059,2,44030,1,44058,1,0,0,0,0,0,0,11,8,10,7
5799,42042,1,44030,2,44059,1,44029,1,0,0,0,0,0,0,12,8,10,7
5800,42043,1,44030,2,44059,2,44029,1,44058,1,0,0,0,0,12,8,10,7
5801,42044,1,44059,2,44030,1,44058,1,0,0,0,0,0,0,11,8,10,7
5802,42045,1,44030,2,44059,2,44058,1,44029,1,0,0,0,0,12,8,10,7
5803,42046,1,44059,2,44030,1,44058,1,0,0,0,0,0,0,11,8,10,7
5804,42047,1,44009,1,43998,1,44008,1,0,0,0,0,0,0,10,8,8,7
5805,42048,1,44009,1,43998,1,44008,1,0,0,0,0,0,0,10,8,8,7
5806,42049,1,44009,1,43998,1,44008,1,0,0,0,0,0,0,10,8,8,7
5807,42050,1,44009,1,43998,1,44008,1,0,0,0,0,0,0,10,8,8,7
5808,42051,1,44009,1,43998,1,44008,1,0,0,0,0,0,0,10,8,8,7
5809,42052,1,44009,1,43998,1,44008,1,0,0,0,0,0,0,10,8,8,7
5810,42053,1,44009,1,43998,1,44008,1,0,0,0,0,0,0,10,8,8,7
5811,42054,1,44009,1,43998,1,44008,1,0,0,0,0,0,0,10,8,8,7
5812,42055,1,44009,1,43998,1,44008,1,0,0,0,0,0,0,10,8,8,7
5813,42056,1,44009,1,43998,1,44008,1,0,0,0,0,0,0,10,8,8,7
5814,42057,1,44009,1,43998,1,44008,1,0,0,0,0,0,0,10,8,8,7
5815,42058,1,44009,1,43998,1,44008,1,0,0,0,0,0,0,10,8,8,7
5816,42059,1,44009,1,43998,1,44008,1,0,0,0,0,0,0,10,8,8,7
5817,42060,1,44009,1,43998,1,44008,1,0,0,0,0,0,0,10,8,8,7
5818,42061,1,44009,1,43998,1,44008,1,0,0,0,0,0,0,10,8,8,7
5819,42062,1,44009,1,43998,1,44008,1,0,0,0,0,0,0,10,8,8,7
5820,42063,1,44009,1,43998,1,44008,1,0,0,0,0,0,0,10,8,8,7
5821,42064,1,44009,1,43998,1,44008,1,0,0,0,0,0,0,10,8,8,7
5822,42065,1,44009,1,43998,1,44008,1,0,0,0,0,0,0,10,8,8,7
5823,42066,1,44009,1,43998,1,44008,1,0,0,0,0,0,0,10,8,8,7
5824,42144,1,43999,1,44010,1,44020,1,36189,1,0,0,0,0,8,8,11,7
5825,42145,1,43999,3,44010,1,43998,1,36239,1,0,0,0,0,8,8,11,7
5826,42146,1,43999,3,44010,1,44020,1,36189,1,0,0,0,0,8,8,11,7
5827,42147,1,44021,3,44010,1,43998,1,36189,1,0,0,0,0,10,8,9,7
5828,42148,1,44021,2,44060,2,43998,1,36239,1,0,0,0,0,10,8,9,7
5829,42149,1,44021,2,43999,2,44009,1,36186,1,0,0,0,0,10,8,9,7
5830,42150,1,44021,2,43999,2,44009,1,36186,1,0,0,0,0,10,8,9,7
5831,42151,1,44050,2,44060,2,44030,1,36239,1,0,0,0,0,13,8,12,7
5832,42152,1,44050,2,44060,2,44030,1,36239,1,0,0,0,0,13,8,12,7
5833,42153,1,43999,3,44010,1,43998,1,36189,1,0,0,0,0,8,8,11,7
5834,42154,1,43999,2,44060,2,43998,1,36189,1,0,0,0,0,8,8,11,7
5835,42155,1,43999,3,44010,1,43998,1,36240,1,0,0,0,0,8,8,11,7
5836,42156,1,44010,1,43999,3,43998,1,36186,1,0,0,0,0,10,8,8,7
5837,42157,1,43999,3,44010,1,43998,1,36189,1,0,0,0,0,8,8,11,7
5838,42158,1,44010,1,43999,3,43998,1,36189,1,0,0,0,0,10,8,8,7
5839,42159,1,43999,3,44010,1,43998,1,36240,1,0,0,0,0,8,8,11,7
5840,42160,1,43999,3,44010,1,43998,1,36186,1,0,0,0,0,8,8,11,7
5841,42161,1,43999,2,44021,2,43998,1,36189,1,0,0,0,0,8,8,11,7
5842,42162,1,44010,1,43999,3,43998,1,36186,1,0,0,0,0,10,8,8,7
5843,42163,1,43999,3,44010,1,43998,1,36189,1,0,0,0,0,8,8,11,7
5844,42164,1,44050,2,44021,2,44009,1,36239,1,0,0,0,0,13,8,12,7
5845,42165,1,43999,1,44010,1,43998,1,0,0,0,0,0,0,9,8,11,7
5846,42166,1,44060,2,44031,1,44030,1,44046,1,0,0,0,0,11,8,10,7
5847,42167,1,43999,2,44031,2,43998,1,44009,1,44046,2,0,0,9,8,11,7
5848,42168,1,44060,2,44031,1,44059,1,44046,1,0,0,0,0,11,8,10,7
5849,42169,1,44031,2,44060,2,44059,1,44009,1,44046,2,0,0,12,8,10,7
5850,42170,1,44060,2,44031,1,44059,1,44046,1,0,0,0,0,11,8,10,7
5851,42171,1,44060,2,44031,1,44030,1,44044,1,0,0,0,0,11,8,10,7
5852,42172,1,43999,2,44031,2,43998,1,44009,1,44044,2,0,0,9,8,11,7
5853,42173,1,44060,2,44031,1,44059,1,44044,1,0,0,0,0,11,8,10,7
5854,42174,1,44031,2,44060,2,44059,1,44009,1,44044,2,0,0,12,8,10,7
5855,42175,1,44060,2,44031,1,44059,1,44044,1,0,0,0,0,11,8,10,7
5856,42176,1,44060,2,44031,1,44030,1,44044,1,0,0,0,0,11,8,10,7
5857,42177,1,44031,2,44060,2,44030,1,44009,1,44044,2,0,0,12,8,10,7
5858,42178,1,44060,2,44031,1,44009,1,44044,1,0,0,0,0,11,8,10,7
5859,42179,1,44031,2,44060,2,44030,1,44059,1,44044,2,0,0,12,8,10,7
5860,42180,1,44060,2,44031,1,44059,1,44044,1,0,0,0,0,11,8,10,7
5861,42181,1,44060,2,44031,1,44030,1,44045,1,0,0,0,0,11,8,10,7
5862,42182,1,44031,2,44060,2,44030,1,44009,1,44045,2,0,0,12,8,10,7
5863,42183,1,44060,2,44031,1,44059,1,44045,1,0,0,0,0,11,8,10,7
5864,42184,1,44031,2,44060,2,44030,1,44059,1,44045,2,0,0,12,8,10,7
5865,42185,1,44060,2,44031,1,44059,1,44045,1,0,0,0,0,11,8,10,7
5866,42186,1,44031,2,44060,1,44030,1,44045,1,0,0,0,0,12,8,10,7
5867,42187,1,44031,2,44060,2,44030,1,44009,1,44045,2,0,0,12,8,10,7
5868,42188,1,44060,2,44031,1,44059,1,44045,1,0,0,0,0,11,8,10,7
5869,42189,1,44031,2,44060,2,44030,1,44059,1,44045,2,0,0,12,8,10,7
5870,42190,1,44060,2,44031,1,44059,1,44045,1,0,0,0,0,11,8,10,7
5871,42191,1,44060,2,44031,1,44009,1,44048,1,0,0,0,0,11,8,10,7
5872,42192,1,44031,3,44010,1,44030,1,44059,1,44048,2,0,0,12,8,10,7
5873,42193,1,44010,1,43999,2,44030,1,44048,1,0,0,0,0,10,8,8,7
5874,42194,1,44031,2,44060,2,44030,1,44059,1,44048,2,0,0,12,8,10,7
5875,42195,1,44060,2,44031,1,44030,1,44048,1,0,0,0,0,11,8,10,7
5876,42196,1,44060,2,44031,1,44008,1,44047,1,0,0,0,0,11,8,10,7
5877,42197,1,44031,3,44010,1,44030,1,44059,1,44047,2,0,0,12,8,10,7
5878,42198,1,44010,1,43999,2,44030,1,44047,1,0,0,0,0,10,8,8,7
5879,42199,1,44031,2,44060,2,44030,1,44059,1,44047,2,0,0,12,8,10,7
5880,42200,1,44060,2,44031,1,44030,1,44047,1,0,0,0,0,11,8,10,7
5881,42201,1,44010,1,43999,1,44008,1,44046,1,0,0,0,0,10,8,8,7
5882,42202,1,44010,1,43999,1,44008,1,44044,1,0,0,0,0,10,8,8,7
5883,42203,1,44010,1,43999,1,44008,1,44045,1,0,0,0,0,10,8,8,7
5884,42204,1,44010,1,43999,1,44008,1,44048,1,0,0,0,0,10,8,8,7
5885,42205,1,44010,1,43999,1,44008,1,44047,1,0,0,0,0,10,8,8,7
5886,42206,1,44021,2,44060,1,44046,1,0,0,0,0,0,0,10,8,9,7
5887,42207,1,44021,2,44060,1,44044,1,0,0,0,0,0,0,10,8,9,7
5888,42208,1,44021,2,44060,1,44045,1,0,0,0,0,0,0,10,8,9,7
5889,42209,1,44021,2,44060,1,44048,1,0,0,0,0,0,0,10,8,9,7
5890,42210,1,44021,2,44060,1,44047,1,0,0,0,0,0,0,10,8,9,7
5891,42211,1,44010,1,44060,1,44008,1,44046,1,0,0,0,0,10,8,8,7
5892,42212,1,44010,1,44060,1,44008,1,44044,1,0,0,0,0,10,8,8,7
5893,42213,1,44010,1,44060,1,44008,1,44045,1,0,0,0,0,10,8,8,7
5894,42214,1,44010,1,44060,1,44008,1,44048,1,0,0,0,0,10,8,8,7
5895,42215,1,44010,1,44060,1,44008,1,44047,1,0,0,0,0,10,8,8,7
5896,42216,1,44010,1,44031,1,44008,1,44046,1,0,0,0,0,10,8,8,7
5897,42217,1,44010,1,44031,1,44008,1,44044,1,0,0,0,0,10,8,8,7
5898,42218,1,44010,1,44031,1,44008,1,44045,1,0,0,0,0,10,8,8,7
5899,42219,1,44010,1,44031,1,44008,1,44048,1,0,0,0,0,10,8,8,7
5900,42220,1,44010,1,44031,1,44008,1,44047,1,0,0,0,0,10,8,8,7
5901,42298,1,44000,1,44011,1,43999,1,44013,1,0,0,0,0,8,8,11,8
5902,42299,1,44000,2,44011,2,44010,1,43999,1,0,0,0,0,8,8,11,8
5903,42300,1,44000,2,44011,2,44021,1,44013,1,0,0,0,0,8,8,11,8
5904,42301,1,44022,2,44000,2,44010,1,44013,1,0,0,0,0,10,8,9,8
5905,42302,1,44022,2,44000,2,44021,1,43999,1,0,0,0,0,10,8,9,8
5906,42303,1,44022,2,44011,2,44010,1,44021,1,0,0,0,0,10,8,9,8
5907,42304,1,44022,2,44011,2,44010,1,44021,1,0,0,0,0,10,8,9,8
5908,42305,1,44050,1,44061,2,44011,2,44021,1,0,0,0,0,13,8,12,8
5909,42306,1,44050,1,44061,2,44011,2,44021,1,0,0,0,0,13,8,12,8
5910,42307,1,44000,2,44011,2,43999,1,44013,1,0,0,0,0,8,8,11,8
5911,42308,1,44000,2,44011,2,43999,1,44013,1,0,0,0,0,8,8,11,8
5912,42309,1,44000,2,44011,2,44010,1,43999,1,0,0,0,0,8,8,11,8
5913,42310,1,44011,2,44000,2,44010,1,43999,1,0,0,0,0,10,8,8,8
5914,42311,1,44000,2,44011,2,43999,1,44013,1,0,0,0,0,8,8,11,8
5915,42312,1,44011,2,44000,2,44010,1,44013,1,0,0,0,0,10,8,8,8
5916,42313,1,44000,2,44011,2,43999,1,44013,1,0,0,0,0,8,8,11,8
5917,42314,1,44000,2,44011,2,44010,1,43999,1,0,0,0,0,8,8,11,8
5918,42315,1,44000,2,44011,2,43999,1,44013,1,0,0,0,0,8,8,11,8
5919,42316,1,44011,2,44000,2,44010,1,43999,1,0,0,0,0,10,8,8,8
5920,42317,1,44000,2,44011,2,43999,1,44013,1,0,0,0,0,8,8,11,8
5921,42318,1,44050,1,44022,2,44061,2,44031,1,0,0,0,0,13,8,12,8
5922,42319,1,44000,1,44011,1,43999,1,0,0,0,0,0,0,9,8,11,8
5923,42320,1,44000,2,44061,1,43999,1,44046,1,0,0,0,0,9,8,11,8
5924,42321,1,44000,2,44011,2,44060,1,44031,1,44046,2,0,0,9,8,11,8
5925,42322,1,44000,2,44032,1,43999,1,44046,1,0,0,0,0,9,8,11,8
5926,42323,1,44061,2,44032,2,44060,1,43999,1,44046,2,0,0,11,8,10,8
5927,42324,1,44000,2,44061,1,44031,1,44046,1,0,0,0,0,9,8,11,8
5928,42325,1,44011,2,44000,1,44010,1,44044,1,0,0,0,0,10,8,8,8
5929,42326,1,44000,2,44011,2,44060,1,44031,1,44044,2,0,0,9,8,11,8
5930,42327,1,44000,2,44032,1,43999,1,44044,1,0,0,0,0,9,8,11,8
5931,42328,1,44061,2,44032,2,44060,1,43999,1,44044,2,0,0,11,8,10,8
5932,42329,1,44000,2,44061,1,44031,1,44044,1,0,0,0,0,9,8,11,8
5933,42330,1,44000,2,44061,1,43999,1,44044,1,0,0,0,0,9,8,11,8
5934,42331,1,44061,2,44000,2,44060,1,43999,1,44044,2,0,0,11,8,10,8
5935,42332,1,44000,2,44032,1,43999,1,44044,1,0,0,0,0,9,8,11,8
5936,42333,1,44061,2,44032,2,44060,1,43999,1,44044,2,0,0,11,8,10,8
5937,42334,1,44061,2,44032,1,44060,1,44044,1,0,0,0,0,11,8,10,8
5938,42335,1,44011,2,44000,1,43999,1,44045,1,0,0,0,0,10,8,8,8
5939,42336,1,44061,2,44032,2,44060,1,43999,1,44045,2,0,0,11,8,10,8
5940,42337,1,44032,2,44061,1,43999,1,44045,1,0,0,0,0,12,8,10,8
5941,42338,1,44061,2,44032,2,44060,1,43999,1,44045,2,0,0,11,8,10,8
5942,42339,1,44061,2,44032,1,44060,1,44045,1,0,0,0,0,11,8,10,8
5943,42340,1,44011,2,44000,1,44010,1,44045,1,0,0,0,0,10,8,8,8
5944,42341,1,44000,2,44011,2,44060,1,44031,1,44045,2,0,0,9,8,11,8
5945,42342,1,44000,2,44032,1,43999,1,44045,1,0,0,0,0,9,8,11,8
5946,42343,1,44061,2,44032,2,44060,1,43999,1,44045,2,0,0,11,8,10,8
5947,42344,1,44000,2,44061,1,44031,1,44045,1,0,0,0,0,9,8,11,8
5948,42345,1,44011,2,44000,1,43999,1,44048,1,0,0,0,0,10,8,8,8
5949,42346,1,44061,2,44032,2,44060,1,43999,1,44048,2,0,0,11,8,10,8
5950,42347,1,44032,2,44061,1,43999,1,44048,1,0,0,0,0,12,8,10,8
5951,42348,1,44061,2,44032,2,44060,1,43999,1,44048,2,0,0,11,8,10,8
5952,42349,1,44061,2,44032,1,44060,1,44048,1,0,0,0,0,11,8,10,8
5953,42350,1,44000,2,44061,1,43999,1,44047,1,0,0,0,0,9,8,11,8
5954,42351,1,44061,2,44032,2,44060,1,43999,1,44047,2,0,0,11,8,10,8
5955,42352,1,44032,2,44061,1,43999,1,44047,1,0,0,0,0,12,8,10,8
5956,42353,1,44061,2,44032,2,44060,1,43999,1,44047,2,0,0,11,8,10,8
5957,42354,1,44061,2,44032,1,44060,1,44047,1,0,0,0,0,11,8,10,8
5958,42355,1,44011,1,44000,1,44010,1,44046,1,0,0,0,0,10,8,8,8
5959,42356,1,44011,1,44000,1,44010,1,44044,1,0,0,0,0,10,8,8,8
5960,42357,1,44011,1,44000,1,44010,1,44045,1,0,0,0,0,10,8,8,8
5961,42358,1,44011,1,44000,1,44010,1,44048,1,0,0,0,0,10,8,8,8
5962,42359,1,44011,1,44000,1,44010,1,44047,1,0,0,0,0,10,8,8,8
5963,42360,1,44011,1,44000,1,44010,1,44046,1,0,0,0,0,10,8,8,8
5964,42361,1,44011,1,44000,1,44010,1,44044,1,0,0,0,0,10,8,8,8
5965,42362,1,44011,1,44000,1,44010,1,44045,1,0,0,0,0,10,8,8,8
5966,42363,1,44011,1,44000,1,44010,1,44048,1,0,0,0,0,10,8,8,8
5967,42364,1,44011,1,44000,1,44010,1,44047,1,0,0,0,0,10,8,8,8
5968,42365,1,44011,1,44000,1,44010,1,44046,1,0,0,0,0,10,8,8,8
5969,42366,1,44011,1,44000,1,44010,1,44044,1,0,0,0,0,10,8,8,8
5970,42367,1,44011,1,44000,1,44010,1,44045,1,0,0,0,0,10,8,8,8
5971,42368,1,44011,1,44000,1,44010,1,44048,1,0,0,0,0,10,8,8,8
5972,42369,1,44011,1,44000,1,44010,1,44047,1,0,0,0,0,10,8,8,8
5973,42370,1,44011,1,44000,1,44010,1,44046,1,0,0,0,0,10,8,8,8
5974,42371,1,44011,1,44000,1,44010,1,44044,1,0,0,0,0,10,8,8,8
5975,42372,1,44011,1,44000,1,44010,1,44045,1,0,0,0,0,10,8,8,8
5976,42373,1,44011,1,44000,1,44010,1,44048,1,0,0,0,0,10,8,8,8
5977,42374,1,44011,1,44000,1,44010,1,44047,1,0,0,0,0,10,8,8,8
5978,42452,1,44001,1,44012,1,44000,1,44013,1,0,0,0,0,8,8,11,8
5979,42453,1,44001,3,44012,1,44011,1,44010,1,0,0,0,0,8,8,11,8
5980,42454,1,44001,3,44012,1,44000,1,44013,1,0,0,0,0,8,8,11,8
5981,42455,1,44023,2,44001,2,44000,1,44013,1,0,0,0,0,10,8,9,8
5982,42456,1,44001,3,44012,1,44000,1,44022,1,0,0,0,0,8,8,11,8
5983,42457,1,44023,2,44001,2,44011,1,44051,1,0,0,0,0,10,8,9,8
5984,42458,1,44012,2,44001,2,44022,1,44051,1,0,0,0,0,10,8,8,8
5985,42459,1,44050,1,44001,2,44023,2,44051,1,0,0,0,0,13,8,12,8
5986,42460,1,44050,1,44001,2,44023,2,44051,1,0,0,0,0,13,8,12,8
5987,42461,1,44001,3,44012,1,44010,1,44013,1,0,0,0,0,8,8,11,8
5988,42462,1,44001,3,44012,1,44000,1,44013,1,0,0,0,0,8,8,11,8
5989,42463,1,44001,3,44012,1,44023,1,44010,1,0,0,0,0,8,8,11,8
5990,42464,1,44012,2,44001,2,44011,1,44051,1,0,0,0,0,10,8,8,8
5991,42465,1,44001,3,44012,1,44000,1,44013,1,0,0,0,0,8,8,11,8
5992,42466,1,44012,2,44001,2,44011,1,44013,1,0,0,0,0,10,8,8,8
5993,42467,1,44001,3,44012,1,44023,1,44010,1,0,0,0,0,8,8,11,8
5994,42468,1,44001,3,44012,1,44011,1,44000,1,0,0,0,0,8,8,11,8
5995,42469,1,44001,3,44012,1,44000,1,44022,1,0,0,0,0,8,8,11,8
5996,42470,1,44012,2,44001,2,44000,1,44051,1,0,0,0,0,10,8,8,8
5997,42471,1,44001,3,44012,1,44011,1,44013,1,0,0,0,0,8,8,11,8
5998,42472,1,44050,1,44023,2,44033,2,44011,1,0,0,0,0,13,8,12,8
5999,42473,1,44001,1,44012,1,44000,1,0,0,0,0,0,0,9,8,11,8
6000,42474,1,44001,2,44012,1,44011,1,44046,1,0,0,0,0,9,8,11,8
6001,42475,1,44001,3,44012,1,44000,1,44032,1,44046,2,0,0,9,8,11,8
6002,42476,1,44001,2,44012,1,44000,1,44046,1,0,0,0,0,9,8,11,8
6003,42477,1,44062,2,44033,2,44011,1,44061,1,44046,2,0,0,11,8,10,8
6004,42478,1,44001,2,44012,1,44000,1,44046,1,0,0,0,0,9,8,11,8
6005,42479,1,44001,2,44012,1,44011,1,44044,1,0,0,0,0,9,8,11,8
6006,42480,1,44001,3,44012,1,44000,1,44032,1,44044,2,0,0,9,8,11,8
6007,42481,1,44001,2,44012,1,44000,1,44044,1,0,0,0,0,9,8,11,8
6008,42482,1,44062,2,44033,2,44011,1,44061,1,44044,2,0,0,11,8,10,8
6009,42483,1,44001,2,44012,1,44000,1,44044,1,0,0,0,0,9,8,11,8
6010,42484,1,44012,1,44001,2,44011,1,44044,1,0,0,0,0,10,8,8,8
6011,42485,1,44062,2,44001,2,44061,1,44000,1,44044,2,0,0,11,8,10,8
6012,42486,1,44001,2,44012,1,44000,1,44044,1,0,0,0,0,9,8,11,8
6013,42487,1,44062,2,44033,2,44011,1,44061,1,44044,2,0,0,11,8,10,8
6014,42488,1,44001,2,44012,1,44000,1,44044,1,0,0,0,0,9,8,11,8
6015,42489,1,44012,1,44001,2,44011,1,44045,1,0,0,0,0,10,8,8,8
6016,42490,1,44033,2,44062,2,44000,1,44032,1,44045,2,0,0,12,8,10,8
6017,42491,1,44001,2,44033,1,44011,1,44045,1,0,0,0,0,9,8,11,8
6018,42492,1,44033,2,44062,2,44011,1,44032,1,44045,2,0,0,12,8,10,8
6019,42493,1,44001,2,44012,1,44000,1,44045,1,0,0,0,0,9,8,11,8
6020,42494,1,44012,1,44001,2,44011,1,44045,1,0,0,0,0,10,8,8,8
6021,42495,1,44033,2,44062,2,44000,1,44032,1,44045,2,0,0,12,8,10,8
6022,42496,1,44001,2,44033,1,44011,1,44045,1,0,0,0,0,9,8,11,8
6023,42497,1,44033,2,44062,2,44011,1,44032,1,44045,2,0,0,12,8,10,8
6024,42498,1,44001,2,44012,1,44000,1,44045,1,0,0,0,0,9,8,11,8
6025,42499,1,44012,1,44001,2,44011,1,44048,1,0,0,0,0,10,8,8,8
6026,42500,1,44033,3,44062,1,44011,1,44032,1,44048,2,0,0,12,8,10,8
6027,42501,1,44033,2,44062,1,44011,1,44048,1,0,0,0,0,12,8,10,8
6028,42502,1,44033,3,44062,1,44032,1,44061,1,44048,2,0,0,12,8,10,8
6029,42503,1,44062,2,44033,1,44011,1,44048,1,0,0,0,0,11,8,10,8
6030,42504,1,44012,1,44001,2,44011,1,44047,1,0,0,0,0,10,8,8,8
6031,42505,1,44033,3,44062,1,44011,1,44032,1,44047,2,0,0,12,8,10,8
6032,42506,1,44033,2,44062,1,44011,1,44047,1,0,0,0,0,12,8,10,8
6033,42507,1,44033,3,44062,1,44032,1,44061,1,44047,2,0,0,12,8,10,8
6034,42508,1,44062,2,44033,1,44011,1,44047,1,0,0,0,0,11,8,10,8
6035,42509,1,44012,1,44001,1,44013,1,44046,1,0,0,0,0,10,8,8,8
6036,42510,1,44012,1,44001,1,44013,1,44044,1,0,0,0,0,10,8,8,8
6037,42511,1,44012,1,44001,1,44013,1,44045,1,0,0,0,0,10,8,8,8
6038,42512,1,44012,1,44001,1,44013,1,44048,1,0,0,0,0,10,8,8,8
6039,42513,1,44012,1,44001,1,44013,1,44047,1,0,0,0,0,10,8,8,8
6040,42514,1,44012,1,44001,1,44011,1,44046,1,0,0,0,0,10,8,8,8
6041,42515,1,44012,1,44001,1,44011,1,44044,1,0,0,0,0,10,8,8,8
6042,42516,1,44012,1,44001,1,44011,1,44045,1,0,0,0,0,10,8,8,8
6043,42517,1,44012,1,44001,1,44011,1,44048,1,0,0,0,0,10,8,8,8
6044,42518,1,44012,1,44001,1,44011,1,44047,1,0,0,0,0,10,8,8,8
6045,42519,1,44012,1,44001,1,44011,1,44046,1,0,0,0,0,10,8,8,8
6046,42520,1,44012,1,44001,1,44011,1,44044,1,0,0,0,0,10,8,8,8
6047,42521,1,44012,1,44001,1,44011,1,44045,1,0,0,0,0,10,8,8,8
6048,42522,1,44012,1,44001,1,44011,1,44048,1,0,0,0,0,10,8,8,8
6049,42523,1,44012,1,44001,1,44011,1,44047,1,0,0,0,0,10,8,8,8
6050,42524,1,44012,1,44001,1,44013,1,44046,1,0,0,0,0,10,8,8,8
6051,42525,1,44012,1,44001,1,44013,1,44044,1,0,0,0,0,10,8,8,8
6052,42526,1,44012,1,44001,1,44013,1,44045,1,0,0,0,0,10,8,8,8
6053,42527,1,44012,1,44001,1,44013,1,44048,1,0,0,0,0,10,8,8,8
6054,42528,1,44012,1,44001,1,44013,1,44047,1,0,0,0,0,10,8,8,8
6055,43200,1,43997,3,44019,1,0,0,0,0,0,0,0,0,8,8,11,7
6056,43201,1,43997,2,44019,1,36239,1,0,0,0,0,0,0,8,8,11,7
6057,43202,1,43997,3,44019,1,0,0,0,0,0,0,0,0,8,8,11,7
6058,43203,1,43997,2,44019,1,36239,1,0,0,0,0,0,0,8,8,11,7
6059,43204,1,43997,2,44019,1,36189,1,0,0,0,0,0,0,8,8,11,7
6060,43205,1,44008,3,44029,1,0,0,0,0,0,0,0,0,10,8,8,7
6061,43206,1,43997,3,44008,1,0,0,0,0,0,0,0,0,9,8,11,7
6062,43207,1,43997,2,44019,1,36189,1,0,0,0,0,0,0,9,8,11,7
6063,43208,1,43997,2,44058,1,36189,1,0,0,0,0,0,0,8,8,11,7
6064,43209,1,43997,2,44058,1,36189,1,0,0,0,0,0,0,8,8,11,7
6065,43210,1,44019,2,43997,1,36239,1,0,0,0,0,0,0,10,8,9,7
6066,43211,1,43997,2,44019,1,36239,1,0,0,0,0,0,0,8,8,11,7
6067,43212,1,43997,3,44029,1,0,0,0,0,0,0,0,0,8,8,11,7
6068,43213,1,43997,2,44008,1,36239,1,0,0,0,0,0,0,8,8,11,7
6069,43214,1,44019,3,44008,1,0,0,0,0,0,0,0,0,10,8,9,7
6070,43215,1,43997,3,44008,1,0,0,0,0,0,0,0,0,8,8,11,7
6071,43216,1,44019,2,44008,1,36239,1,0,0,0,0,0,0,10,8,9,7
6072,43217,1,43997,2,44008,1,36239,1,0,0,0,0,0,0,8,8,11,7
6073,43218,1,43997,3,44008,1,0,0,0,0,0,0,0,0,8,8,11,7
6074,43219,1,43997,3,44019,1,0,0,0,0,0,0,0,0,8,8,11,7
6075,43220,1,43997,2,44019,1,36189,1,0,0,0,0,0,0,8,8,11,7
6076,43221,1,43999,3,44021,1,0,0,0,0,0,0,0,0,8,8,11,7
6077,43222,1,43999,2,44021,1,43998,1,0,0,0,0,0,0,8,8,11,7
6078,43223,1,43999,3,44021,1,0,0,0,0,0,0,0,0,8,8,11,7
6079,43224,1,43999,2,44021,1,43998,1,0,0,0,0,0,0,8,8,11,7
6080,43225,1,43999,2,44021,1,43998,1,0,0,0,0,0,0,8,8,11,7
6081,43226,1,44010,1,43999,2,44030,1,0,0,0,0,0,0,10,8,8,7
6082,43227,1,43999,3,44010,1,0,0,0,0,0,0,0,0,9,8,11,7
6083,43228,1,43999,2,44021,1,43998,1,0,0,0,0,0,0,9,8,11,7
6084,43229,1,43999,2,44060,1,43998,1,0,0,0,0,0,0,8,8,11,7
6085,43230,1,43999,2,44060,1,43998,1,0,0,0,0,0,0,8,8,11,7
6086,43231,1,44021,2,43999,1,44020,1,0,0,0,0,0,0,10,8,9,7
6087,43232,1,43999,2,44021,1,43998,1,0,0,0,0,0,0,8,8,11,7
6088,43233,1,43999,3,44031,1,0,0,0,0,0,0,0,0,8,8,11,7
6089,43234,1,43999,2,44010,1,43998,1,0,0,0,0,0,0,8,8,11,7
6090,43235,1,44021,3,44010,1,0,0,0,0,0,0,0,0,10,8,9,7
6091,43236,1,43999,3,44010,1,0,0,0,0,0,0,0,0,8,8,11,7
6092,43237,1,44021,2,44010,1,43998,1,0,0,0,0,0,0,10,8,9,7
6093,43238,1,43999,2,44010,1,43998,1,0,0,0,0,0,0,8,8,11,7
6094,43239,1,43999,3,44010,1,0,0,0,0,0,0,0,0,8,8,11,7
6095,43240,1,43999,3,44021,1,0,0,0,0,0,0,0,0,8,8,11,7
6096,43241,1,43999,2,44021,1,43998,1,0,0,0,0,0,0,8,8,11,7
6097,43242,1,44000,2,44022,2,0,0,0,0,0,0,0,0,8,8,11,8
6098,43243,1,44000,2,44022,1,43999,1,0,0,0,0,0,0,8,8,11,8
6099,43244,1,44000,2,44022,2,0,0,0,0,0,0,0,0,8,8,11,8
6100,43245,1,44000,2,44022,1,43999,1,0,0,0,0,0,0,8,8,11,8
6101,43246,1,44000,2,44022,1,43999,1,0,0,0,0,0,0,8,8,11,8
6102,43247,1,44011,2,44032,1,44021,1,0,0,0,0,0,0,10,8,8,8
6103,43248,1,44000,2,44011,2,0,0,0,0,0,0,0,0,9,8,11,8
6104,43249,1,44000,2,44021,1,43999,1,0,0,0,0,0,0,9,8,11,8
6105,43250,1,44000,2,44060,1,43999,1,0,0,0,0,0,0,8,8,11,8
6106,43251,1,44000,2,44060,1,43999,1,0,0,0,0,0,0,8,8,11,8
6107,43252,1,44022,2,43999,1,44021,1,0,0,0,0,0,0,10,8,9,8
6108,43253,1,44000,2,44022,1,43999,1,0,0,0,0,0,0,8,8,11,8
6109,43254,1,44000,2,44032,2,0,0,0,0,0,0,0,0,8,8,11,8
6110,43255,1,44000,2,44011,1,43999,1,0,0,0,0,0,0,8,8,11,8
6111,43256,1,44022,2,44011,2,0,0,0,0,0,0,0,0,10,8,9,8
6112,43257,1,44000,2,44011,2,0,0,0,0,0,0,0,0,8,8,11,8
6113,43258,1,44022,2,44011,1,43999,1,0,0,0,0,0,0,10,8,9,8
6114,43259,1,44000,2,44011,1,43999,1,0,0,0,0,0,0,8,8,11,8
6115,43260,1,44000,2,44011,2,0,0,0,0,0,0,0,0,8,8,11,8
6116,43261,1,44000,2,44022,2,0,0,0,0,0,0,0,0,8,8,11,8
6117,43262,1,44000,2,44022,1,43999,1,0,0,0,0,0,0,8,8,11,8
6118,43263,1,44001,3,44023,1,44013,1,0,0,0,0,0,0,8,8,11,8
6119,43264,1,44001,2,44023,2,44000,1,0,0,0,0,0,0,8,8,11,8
6120,43265,1,44001,2,44023,2,44000,1,0,0,0,0,0,0,8,8,11,8
6121,43266,1,44001,2,44023,2,44061,1,0,0,0,0,0,0,8,8,11,8
6122,43267,1,44001,3,44023,1,44013,1,0,0,0,0,0,0,8,8,11,8
6123,43268,1,44012,2,44001,2,44022,1,0,0,0,0,0,0,10,8,8,8
6124,43269,1,44001,2,44012,2,44011,1,0,0,0,0,0,0,9,8,11,8
6125,43270,1,44001,3,44023,1,44000,1,0,0,0,0,0,0,9,8,11,8
6126,43271,1,44001,3,44062,1,44013,1,0,0,0,0,0,0,8,8,11,8
6127,43272,1,44001,2,44023,2,44013,1,0,0,0,0,0,0,8,8,11,8
6128,43273,1,44023,2,44001,2,44022,1,0,0,0,0,0,0,10,8,9,8
6129,43274,1,44001,3,44023,1,44013,1,0,0,0,0,0,0,8,8,11,8
6130,43275,1,44001,3,44062,1,44000,1,0,0,0,0,0,0,8,8,11,8
6131,43276,1,44001,2,44012,2,44013,1,0,0,0,0,0,0,8,8,11,8
6132,43277,1,44023,2,44001,2,44011,1,0,0,0,0,0,0,10,8,9,8
6133,43278,1,44001,2,44012,2,44022,1,0,0,0,0,0,0,8,8,11,8
6134,43279,1,44023,2,44012,2,44013,1,0,0,0,0,0,0,10,8,9,8
6135,43280,1,44001,2,44012,2,44000,1,0,0,0,0,0,0,8,8,11,8
6136,43281,1,44001,2,44012,2,44011,1,0,0,0,0,0,0,8,8,11,8
6137,43282,1,44001,2,44023,2,44000,1,0,0,0,0,0,0,8,8,11,8
6138,43283,1,44001,2,44023,2,44013,1,0,0,0,0,0,0,8,8,11,8
6139,43284,1,44029,2,44058,1,36212,1,0,0,0,0,0,0,12,8,10,7
6140,43285,1,44029,2,44058,2,36212,1,36251,1,0,0,0,0,12,8,10,7
6141,43286,1,44058,2,44029,1,36251,1,0,0,0,0,0,0,11,8,10,7
6142,43287,1,44029,2,44058,2,36212,1,36251,1,0,0,0,0,12,8,10,7
6143,43288,1,44058,2,44029,1,36251,1,0,0,0,0,0,0,11,8,10,7
6144,43289,1,44029,2,44058,1,36212,1,0,0,0,0,0,0,12,8,10,7
6145,43290,1,44058,2,44029,2,36212,1,36251,1,0,0,0,0,11,8,10,7
6146,43291,1,44058,2,44029,1,36251,1,0,0,0,0,0,0,11,8,10,7
6147,43292,1,44029,2,44058,2,36251,1,36212,1,0,0,0,0,12,8,10,7
6148,43293,1,44058,2,44029,1,36251,1,0,0,0,0,0,0,11,8,10,7
6149,43294,1,44031,2,44060,1,44030,1,0,0,0,0,0,0,12,8,10,7
6150,43295,1,44031,3,44060,2,43998,1,0,0,0,0,0,0,12,8,10,7
6151,43296,1,44060,2,44031,1,44030,1,0,0,0,0,0,0,11,8,10,7
6152,43297,1,44031,3,44060,2,44059,1,0,0,0,0,0,0,12,8,10,7
6153,43298,1,44060,2,44031,1,44059,1,0,0,0,0,0,0,11,8,10,7
6154,43299,1,44031,2,44060,1,44009,1,0,0,0,0,0,0,12,8,10,7
6155,43300,1,44031,3,44060,2,43998,1,0,0,0,0,0,0,12,8,10,7
6156,43301,1,44060,2,44031,1,44030,1,0,0,0,0,0,0,11,8,10,7
6157,43302,1,44031,3,44060,2,44059,1,0,0,0,0,0,0,12,8,10,7
6158,43303,1,44060,2,44031,1,44059,1,0,0,0,0,0,0,11,8,10,7
6159,43304,1,44032,2,44061,1,44031,1,0,0,0,0,0,0,12,8,10,8
6160,43305,1,44032,2,44061,2,44060,1,44010,1,0,0,0,0,12,8,10,8
6161,43306,1,44061,2,44032,1,44010,1,0,0,0,0,0,0,11,8,10,8
6162,43307,1,44032,2,44061,2,44060,1,44031,1,0,0,0,0,12,8,10,8
6163,43308,1,44061,2,44032,1,44060,1,0,0,0,0,0,0,11,8,10,8
6164,43309,1,44032,2,44061,1,44060,1,0,0,0,0,0,0,12,8,10,8
6165,43310,1,44061,2,44032,2,44010,1,44060,1,0,0,0,0,11,8,10,8
6166,43311,1,44061,2,44032,1,44060,1,0,0,0,0,0,0,11,8,10,8
6167,43312,1,44032,2,44061,2,44010,1,44031,1,0,0,0,0,12,8,10,8
6168,43313,1,44061,2,44032,1,44060,1,0,0,0,0,0,0,11,8,10,8
6169,43314,1,44033,2,44012,1,44032,1,0,0,0,0,0,0,12,8,10,8
6170,43315,1,44033,2,44062,2,44011,1,44032,1,0,0,0,0,12,8,10,8
6171,43316,1,44062,2,44033,1,44011,1,0,0,0,0,0,0,11,8,10,8
6172,43317,1,44033,2,44012,2,44061,1,44032,1,0,0,0,0,12,8,10,8
6173,43318,1,44023,2,44062,1,44061,1,0,0,0,0,0,0,10,8,9,8
6174,43319,1,44062,2,44012,1,44032,1,0,0,0,0,0,0,11,8,10,8
6175,43320,1,44033,2,44062,2,44011,1,44032,1,0,0,0,0,12,8,10,8
6176,43321,1,44062,2,44033,1,44011,1,0,0,0,0,0,0,11,8,10,8
6177,43322,1,44033,3,44012,1,44061,1,44032,1,0,0,0,0,12,8,10,8
6178,43323,1,44023,2,44062,1,44061,1,0,0,0,0,0,0,10,8,9,8
6179,43324,1,44008,1,44058,1,36186,1,0,0,0,0,0,0,10,8,8,7
6180,43325,1,44008,1,44058,1,36186,1,0,0,0,0,0,0,10,8,8,7
6181,43326,1,44008,1,44058,1,36186,1,0,0,0,0,0,0,10,8,8,7
6182,43327,1,44008,1,44058,1,0,0,0,0,0,0,0,0,10,8,8,7
6183,43328,1,44019,2,44008,1,0,0,0,0,0,0,0,0,10,8,9,7
6184,43329,1,44019,2,44008,1,0,0,0,0,0,0,0,0,10,8,9,7
6185,43330,1,44019,2,44008,1,0,0,0,0,0,0,0,0,10,8,9,7
6186,43331,1,44019,1,44008,1,0,0,0,0,0,0,0,0,10,8,9,7
6187,43332,1,44022,1,44011,1,44010,1,0,0,0,0,0,0,10,8,9,8
6188,43333,1,44022,1,44011,1,44021,1,0,0,0,0,0,0,10,8,9,8
6189,43334,1,44022,1,44011,1,44010,1,0,0,0,0,0,0,10,8,9,8
6190,43335,1,44022,1,44011,1,0,0,0,0,0,0,0,0,10,8,9,8
6191,43336,1,44061,1,44032,1,44010,1,0,0,0,0,0,0,11,8,10,8
6192,43337,1,44061,1,44032,1,44060,1,0,0,0,0,0,0,11,8,10,8
6193,43338,1,44061,1,44032,1,44060,1,0,0,0,0,0,0,11,8,10,8
6194,43339,1,44061,1,44032,1,0,0,0,0,0,0,0,0,11,8,10,8
6195,43340,1,44012,2,44001,1,0,0,0,0,0,0,0,0,10,8,8,8
6196,43341,1,44012,2,44033,1,0,0,0,0,0,0,0,0,10,8,8,8
6197,43342,1,44012,2,44001,1,0,0,0,0,0,0,0,0,10,8,8,8
6198,43343,1,44001,1,44012,1,0,0,0,0,0,0,0,0,9,8,11,8
6199,43344,1,44012,1,44033,1,44001,1,0,0,0,0,0,0,10,8,8,8
6200,43345,1,44023,1,44033,1,44062,1,0,0,0,0,0,0,10,8,9,8
6201,43346,1,44023,1,44062,1,44012,1,0,0,0,0,0,0,10,8,9,8
6202,43347,1,44001,1,44033,1,0,0,0,0,0,0,0,0,9,8,11,8
6203,43613,1,43963,1,12609,1,27782,1,0,0,0,0,0,0,13,8,12,7
6204,43614,1,43964,1,12609,1,27782,1,0,0,0,0,0,0,13,8,12,7
6205,43615,1,43965,1,12609,1,27782,1,0,0,0,0,0,0,13,8,12,7
6206,43616,1,43966,1,12609,1,27782,1,0,0,0,0,0,0,13,8,12,7
6207,43617,1,43967,1,12609,1,27782,1,0,0,0,0,0,0,13,8,12,7
6208,43618,1,43968,1,12609,1,27782,1,0,0,0,0,0,0,13,8,12,7
6209,43619,1,43969,1,12609,1,27782,1,0,0,0,0,0,0,13,8,12,7
6210,43620,1,43970,1,12609,1,27782,1,0,0,0,0,0,0,13,8,12,7
6211,43621,1,43971,1,12609,1,27782,1,0,0,0,0,0,0,13,8,12,7
6212,43623,1,36169,2,36183,2,36196,1,27775,1,0,0,0,0,8,8,11,7
6213,43625,1,36170,2,36184,2,36197,1,27775,1,0,0,0,0,8,8,11,7
6214,43627,1,36171,3,36185,1,36198,1,36239,1,0,0,0,0,8,8,11,8
6215,43629,1,36172,3,36186,1,36199,1,36239,1,0,0,0,0,8,8,11,8
6216,43644,1,36237,2,36197,2,36182,1,36208,1,0,0,0,0,13,8,12,7
6217,43646,1,36237,2,36198,2,36182,1,36210,1,0,0,0,0,13,8,12,7
6218,43648,1,36238,2,36199,2,36185,1,36210,1,0,0,0,0,13,8,12,8
6219,43650,1,36238,2,36172,2,36185,1,36211,1,0,0,0,0,13,8,12,8
6220,41090,1,44020,2,13074,1,44030,2,0,0,0,0,0,0,10,8,9,8
6221,41109,1,44061,5,44021,2,44008,2,8025,3,0,0,0,0,11,8,10,8
6222,41110,1,44021,8,44020,5,44011,3,0,0,0,0,0,0,10,32,9,32
6223,41112,1,44019,2,8021,4,36237,2,0,0,0,0,0,0,10,8,9,8
6224,41816,1,44019,7,43977,2,43986,2,27275,1,0,0,0,0,10,32,9,32
6225,41817,1,44020,2,33278,1,28987,1,0,0,0,0,0,0,10,8,9,8
6226,41822,1,44020,3,44019,3,43997,2,12610,3,0,0,0,0,10,8,9,8
6227,41829,1,41806,1,44022,4,33278,1,9729,1,44049,1,0,0,10,8,9,8
6228,41830,1,27837,2,36080,1,44034,2,4828,1,0,0,0,0,8,8,13,8
6229,41137,1,7009,7,44049,4,36180,7,0,0,0,0,0,0,10,32,8,32
6230,41147,1,44013,5,7010,6,7016,4,36263,6,0,0,0,0,10,32,8,32
6231,41832,1,44021,5,44049,1,44031,3,27797,2,7964,1,6596,1,10,32,9,32
6232,41833,1,44022,6,7008,4,7016,4,12610,3,0,0,0,0,10,8,9,8
6233,44108,1,44032,6,44029,6,5328,4,7016,4,0,0,0,0,12,8,10,8
6234,44109,1,44000,4,43998,3,44049,4,5998,4,0,0,0,0,13,8,12,8
6235,44110,1,44009,5,36180,6,7016,4,5797,5,0,0,0,0,10,8,8,8
6236,44823,1,44833,1,12609,1,27782,1,0,0,0,0,0,0,13,8,12,7
6237,44824,1,44834,1,12609,1,27782,1,0,0,0,0,0,0,13,8,12,7
6238,44825,1,44835,1,12609,1,27782,1,0,0,0,0,0,0,13,8,12,7
6239,44826,1,44836,1,12609,1,27782,1,0,0,0,0,0,0,13,8,12,7
6240,44827,1,44837,1,12609,1,27782,1,0,0,0,0,0,0,13,8,12,7
6241,44828,1,44838,1,12609,1,27782,1,0,0,0,0,0,0,13,8,12,7
6242,44829,1,44839,1,12609,1,27782,1,0,0,0,0,0,0,13,8,12,7
6243,44830,1,44840,1,12609,1,27782,1,0,0,0,0,0,0,13,8,12,7
6244,44831,1,44841,1,12609,1,27782,1,0,0,0,0,0,0,13,8,12,7
6245,44873,1,44001,3,7014,4,7013,2,7016,4,44020,2,0,0,10,8,8,8
6246,44877,1,44033,4,44031,4,44019,2,0,0,0,0,0,0,12,8,10,8
6247,44879,1,44023,4,44020,4,7030,1,44049,3,0,0,0,0,10,8,9,8
6248,44880,1,44062,2,44061,2,27741,2,27739,2,12599,3,44023,1,11,8,10,8
6249,44882,1,43977,1,43976,2,36089,3,0,0,0,0,0,0,8,8,13,8
6250,44885,1,44049,3,7029,3,5513,2,0,0,0,0,0,0,13,8,12,8
6251,44897,1,44023,3,44022,3,7019,2,0,0,0,0,0,0,10,8,9,8
6252,44898,1,44001,2,44011,2,44023,4,44032,4,5510,5,0,0,9,32,11,32
6253,44901,1,43975,1,36080,1,36256,1,27841,1,19872,1,12893,1,8,8,13,8
6254,44912,1,44023,6,44021,6,7017,5,0,0,0,0,0,0,10,32,9,32
6255,44913,1,44023,6,44011,2,44009,2,12528,1,24281,3,36094,3,10,32,9,32
6256,44914,1,44033,3,44030,3,43999,2,0,0,0,0,0,0,12,8,10,8
6257,44970,1,44022,5,44031,3,44032,2,0,0,0,0,0,0,10,8,9,8
6258,44971,1,45073,1,44020,5,44031,5,23896,1,0,0,0,0,10,32,9,32
6259,44928,1,44023,3,7606,3,7015,8,7016,4,7017,3,0,0,10,32,9,32
6260,44886,1,45579,1,44021,3,44011,3,44033,3,7606,3,5187,3,10,32,9,32
6261,47941,1,47951,1,12609,1,27782,1,0,0,0,0,0,0,13,8,12,8
6262,47942,1,47952,1,12609,1,27782,1,0,0,0,0,0,0,13,8,12,8
6263,47943,1,47953,1,12609,1,27782,1,0,0,0,0,0,0,13,8,12,8
6264,47944,1,47954,1,12609,1,27782,1,0,0,0,0,0,0,13,8,12,8
6265,47945,1,47955,1,12609,1,27782,1,0,0,0,0,0,0,13,8,12,8
6266,47946,1,47956,1,12609,1,27782,1,0,0,0,0,0,0,13,8,12,8
6267,47947,1,47957,1,12609,1,27782,1,0,0,0,0,0,0,13,8,12,8
6268,47948,1,47958,1,12609,1,27782,1,0,0,0,0,0,0,13,8,12,8
6269,47949,1,47959,1,12609,1,27782,1,0,0,0,0,0,0,13,8,12,8
6270,48097,1,44023,5,44021,5,44019,5,7016,4,0,0,0,0,10,8,9,8
6271,48098,1,44033,6,44032,7,5792,2,5787,2,7016,4,0,0,12,8,10,8
6272,48107,1,44023,5,44021,5,19943,2,44011,2,19908,3,0,0,10,8,9,8
6273,48108,1,44033,5,44029,6,30116,2,5729,2,0,0,0,0,12,8,10,8
6274,48109,1,44023,2,44022,2,5512,3,7017,2,5501,1,0,0,10,8,9,8
6275,48110,1,44023,3,44018,6,7017,4,0,0,0,0,0,0,10,8,9,8
6276,48111,1,44023,3,44020,2,7017,3,0,0,0,0,0,0,10,8,9,8
6277,48112,1,44023,3,44020,3,19943,2,7017,4,0,0,0,0,10,8,9,8
6278,48113,1,44023,4,44020,4,19943,1,7017,4,0,0,0,0,10,8,9,8
6279,48114,1,44023,5,44022,5,44021,5,0,0,0,0,0,0,10,8,9,8
6280,48116,1,48731,1,44023,5,44011,1,28151,1,22557,1,0,0,10,8,9,8
6281,48130,1,43977,2,43972,1,19876,1,44019,1,43986,1,0,0,8,8,13,8
6282,48101,1,44023,5,12583,5,43999,4,7030,2,44049,3,0,0,10,32,9,32
6283,47212,1,46804,1,12609,1,27782,1,0,0,0,0,0,0,13,8,12,8
6284,47213,1,46805,1,12609,1,27782,1,0,0,0,0,0,0,13,8,12,8
6285,47214,1,46806,1,12609,1,27782,1,0,0,0,0,0,0,13,8,12,8
6286,47215,1,46807,1,12609,1,27782,1,0,0,0,0,0,0,13,8,12,8
6287,47216,1,46808,1,12609,1,27782,1,0,0,0,0,0,0,13,8,12,8
6288,47217,1,46809,1,12609,1,27782,1,0,0,0,0,0,0,13,8,12,8
6289,47218,1,46810,1,12609,1,27782,1,0,0,0,0,0,0,13,8,12,8
6290,47219,1,46811,1,12609,1,27782,1,0,0,0,0,0,0,13,8,12,8
6291,47222,1,46812,1,12609,1,27782,1,0,0,0,0,0,0,13,8,12,8
6292,46087,1,44032,5,36211,5,44019,5,7016,4,0,0,0,0,12,8,10,8
6293,46088,1,44032,6,44029,6,36209,5,7016,4,0,0,0,0,12,8,10,8
6294,46108,1,27830,2,27451,1,43976,1,27511,2,4785,1,12889,1,8,8,13,8
6295,46109,1,44020,6,44049,3,7030,3,5514,3,0,0,0,0,10,8,9,8
6296,46118,1,46262,1,44051,2,19977,2,19985,2,0,0,0,0,10,8,9,8
6297,47701,3,44034,3,44069,1,44070,1,44072,1,0,0,0,0,13,8,12,8
6298,46091,1,44023,5,44021,3,28151,1,0,0,0,0,0,0,10,8,9,8
6299,46092,1,44023,5,44020,5,44031,3,44011,2,0,0,0,0,10,8,9,8
6300,46093,1,44023,5,44020,4,44031,4,44011,2,0,0,0,0,10,8,9,8
6301,46094,1,44023,3,44019,4,44031,3,0,0,0,0,0,0,10,8,9,8
6302,46095,1,44019,4,44020,4,44021,4,44000,2,0,0,0,0,10,8,9,8
6303,46096,1,44021,5,44031,4,44030,4,0,0,0,0,0,0,10,8,9,8
6304,46097,1,44021,4,44031,2,44030,2,0,0,0,0,0,0,10,8,9,8
6305,46098,1,44011,1,44003,3,7008,3,7010,2,0,0,0,0,10,8,8,8
6306,46099,1,44032,3,44031,4,44030,3,0,0,0,0,0,0,12,8,10,8
6307,49851,1,43977,1,27841,1,36089,1,36090,1,4767,1,36255,1,8,8,13,8
6308,49854,1,50831,1,44021,4,7964,1,6649,1,0,0,0,0,10,8,9,8
6309,49856,1,50833,1,44049,2,44019,4,43997,4,5514,2,0,0,13,8,12,8
6310,49857,1,50833,1,44049,2,44021,4,44011,4,5514,2,0,0,13,8,12,8
6311,49858,1,50833,1,44049,2,44020,4,7008,4,5514,2,0,0,13,8,12,8
6312,49859,1,44049,2,44021,1,4794,2,44034,2,5514,2,0,0,13,8,12,8
6313,46123,1,7008,7,5153,6,44049,1,7016,4,44023,3,0,0,10,32,8,32
6314,49764,1,49774,1,12609,1,36263,1,0,0,0,0,0,0,13,8,12,8
6315,49765,1,49775,1,12609,1,36263,1,0,0,0,0,0,0,13,8,12,8
6316,49766,1,49776,1,12609,1,36263,1,0,0,0,0,0,0,13,8,12,8
6317,49767,1,49777,1,12609,1,36263,1,0,0,0,0,0,0,13,8,12,8
6318,49768,1,49778,1,12609,1,36263,1,0,0,0,0,0,0,13,8,12,8
6319,49769,1,49779,1,12609,1,36263,1,0,0,0,0,0,0,13,8,12,8
6320,49770,1,49780,1,12609,1,36263,1,0,0,0,0,0,0,13,8,12,8
6321,49771,1,49781,1,12609,1,36263,1,0,0,0,0,0,0,13,8,12,8
6322,49772,1,49782,1,12609,1,36263,1,0,0,0,0,0,0,13,8,12,8
6323,0,0,0,0,0,0,0,0,0,0,0,0,0,0,0,0,0,0
6324,0,0,0,0,0,0,0,0,0,0,0,0,0,0,0,0,0,0
6325,0,0,0,0,0,0,0,0,0,0,0,0,0,0,0,0,0,0
6326,0,0,0,0,0,0,0,0,0,0,0,0,0,0,0,0,0,0
6327,0,0,0,0,0,0,0,0,0,0,0,0,0,0,0,0,0,0
6328,0,0,0,0,0,0,0,0,0,0,0,0,0,0,0,0,0,0
6329,0,0,0,0,0,0,0,0,0,0,0,0,0,0,0,0,0,0
6330,0,0,0,0,0,0,0,0,0,0,0,0,0,0,0,0,0,0
6331,0,0,0,0,0,0,0,0,0,0,0,0,0,0,0,0,0,0
6332,0,0,0,0,0,0,0,0,0,0,0,0,0,0,0,0,0,0
6333,0,0,0,0,0,0,0,0,0,0,0,0,0,0,0,0,0,0
6334,0,0,0,0,0,0,0,0,0,0,0,0,0,0,0,0,0,0
6335,0,0,0,0,0,0,0,0,0,0,0,0,0,0,0,0,0,0
6336,0,0,0,0,0,0,0,0,0,0,0,0,0,0,0,0,0,0
6337,0,0,0,0,0,0,0,0,0,0,0,0,0,0,0,0,0,0
6338,0,0,0,0,0,0,0,0,0,0,0,0,0,0,0,0,0,0
6339,0,0,0,0,0,0,0,0,0,0,0,0,0,0,0,0,0,0
6340,0,0,0,0,0,0,0,0,0,0,0,0,0,0,0,0,0,0
6341,0,0,0,0,0,0,0,0,0,0,0,0,0,0,0,0,0,0
6342,0,0,0,0,0,0,0,0,0,0,0,0,0,0,0,0,0,0
6343,0,0,0,0,0,0,0,0,0,0,0,0,0,0,0,0,0,0
6344,0,0,0,0,0,0,0,0,0,0,0,0,0,0,0,0,0,0
6345,0,0,0,0,0,0,0,0,0,0,0,0,0,0,0,0,0,0
6346,0,0,0,0,0,0,0,0,0,0,0,0,0,0,0,0,0,0
6347,0,0,0,0,0,0,0,0,0,0,0,0,0,0,0,0,0,0
6348,0,0,0,0,0,0,0,0,0,0,0,0,0,0,0,0,0,0
6349,0,0,0,0,0,0,0,0,0,0,0,0,0,0,0,0,0,0
6350,0,0,0,0,0,0,0,0,0,0,0,0,0,0,0,0,0,0
6351,0,0,0,0,0,0,0,0,0,0,0,0,0,0,0,0,0,0
6352,0,0,0,0,0,0,0,0,0,0,0,0,0,0,0,0,0,0
6353,0,0,0,0,0,0,0,0,0,0,0,0,0,0,0,0,0,0
6354,0,0,0,0,0,0,0,0,0,0,0,0,0,0,0,0,0,0
6355,0,0,0,0,0,0,0,0,0,0,0,0,0,0,0,0,0,0
6356,0,0,0,0,0,0,0,0,0,0,0,0,0,0,0,0,0,0
6357,0,0,0,0,0,0,0,0,0,0,0,0,0,0,0,0,0,0
6358,0,0,0,0,0,0,0,0,0,0,0,0,0,0,0,0,0,0
6359,0,0,0,0,0,0,0,0,0,0,0,0,0,0,0,0,0,0
6360,0,0,0,0,0,0,0,0,0,0,0,0,0,0,0,0,0,0
6361,0,0,0,0,0,0,0,0,0,0,0,0,0,0,0,0,0,0
6362,0,0,0,0,0,0,0,0,0,0,0,0,0,0,0,0,0,0
6363,0,0,0,0,0,0,0,0,0,0,0,0,0,0,0,0,0,0
6364,0,0,0,0,0,0,0,0,0,0,0,0,0,0,0,0,0,0
6365,0,0,0,0,0,0,0,0,0,0,0,0,0,0,0,0,0,0
6366,0,0,0,0,0,0,0,0,0,0,0,0,0,0,0,0,0,0
6367,0,0,0,0,0,0,0,0,0,0,0,0,0,0,0,0,0,0
6368,0,0,0,0,0,0,0,0,0,0,0,0,0,0,0,0,0,0
6369,0,0,0,0,0,0,0,0,0,0,0,0,0,0,0,0,0,0
6370,0,0,0,0,0,0,0,0,0,0,0,0,0,0,0,0,0,0
6371,0,0,0,0,0,0,0,0,0,0,0,0,0,0,0,0,0,0
6372,0,0,0,0,0,0,0,0,0,0,0,0,0,0,0,0,0,0
6373,0,0,0,0,0,0,0,0,0,0,0,0,0,0,0,0,0,0
6374,0,0,0,0,0,0,0,0,0,0,0,0,0,0,0,0,0,0
6375,0,0,0,0,0,0,0,0,0,0,0,0,0,0,0,0,0,0
6376,0,0,0,0,0,0,0,0,0,0,0,0,0,0,0,0,0,0
6377,0,0,0,0,0,0,0,0,0,0,0,0,0,0,0,0,0,0
6378,0,0,0,0,0,0,0,0,0,0,0,0,0,0,0,0,0,0
6379,0,0,0,0,0,0,0,0,0,0,0,0,0,0,0,0,0,0
6380,0,0,0,0,0,0,0,0,0,0,0,0,0,0,0,0,0,0
6381,0,0,0,0,0,0,0,0,0,0,0,0,0,0,0,0,0,0
6382,0,0,0,0,0,0,0,0,0,0,0,0,0,0,0,0,0,0
6383,0,0,0,0,0,0,0,0,0,0,0,0,0,0,0,0,0,0
6384,0,0,0,0,0,0,0,0,0,0,0,0,0,0,0,0,0,0
6385,0,0,0,0,0,0,0,0,0,0,0,0,0,0,0,0,0,0
6386,0,0,0,0,0,0,0,0,0,0,0,0,0,0,0,0,0,0
6387,0,0,0,0,0,0,0,0,0,0,0,0,0,0,0,0,0,0
6388,0,0,0,0,0,0,0,0,0,0,0,0,0,0,0,0,0,0
6389,0,0,0,0,0,0,0,0,0,0,0,0,0,0,0,0,0,0
6390,0,0,0,0,0,0,0,0,0,0,0,0,0,0,0,0,0,0
6391,0,0,0,0,0,0,0,0,0,0,0,0,0,0,0,0,0,0
6392,0,0,0,0,0,0,0,0,0,0,0,0,0,0,0,0,0,0
6393,0,0,0,0,0,0,0,0,0,0,0,0,0,0,0,0,0,0
6394,0,0,0,0,0,0,0,0,0,0,0,0,0,0,0,0,0,0
6395,0,0,0,0,0,0,0,0,0,0,0,0,0,0,0,0,0,0
6396,0,0,0,0,0,0,0,0,0,0,0,0,0,0,0,0,0,0
6397,0,0,0,0,0,0,0,0,0,0,0,0,0,0,0,0,0,0
6398,0,0,0,0,0,0,0,0,0,0,0,0,0,0,0,0,0,0
6399,0,0,0,0,0,0,0,0,0,0,0,0,0,0,0,0,0,0
6400,0,0,0,0,0,0,0,0,0,0,0,0,0,0,0,0,0,0
6401,0,0,0,0,0,0,0,0,0,0,0,0,0,0,0,0,0,0
6402,0,0,0,0,0,0,0,0,0,0,0,0,0,0,0,0,0,0
6403,0,0,0,0,0,0,0,0,0,0,0,0,0,0,0,0,0,0
6404,0,0,0,0,0,0,0,0,0,0,0,0,0,0,0,0,0,0
6405,0,0,0,0,0,0,0,0,0,0,0,0,0,0,0,0,0,0
6406,0,0,0,0,0,0,0,0,0,0,0,0,0,0,0,0,0,0
6407,0,1,0,0,0,0,0,0,0,0,0,0,0,0,-1,0,-1,0
30000,0,1,0,0,0,0,0,0,0,0,0,0,0,0,-1,0,-1,0
30001,5738,1,5815,1,0,0,0,0,0,0,0,0,0,0,10,1,9,1
30002,5740,1,5815,1,0,0,0,0,0,0,0,0,0,0,10,1,9,1
30003,5801,1,5814,1,0,0,0,0,0,0,0,0,0,0,10,1,9,1
30004,5804,1,5814,1,0,0,0,0,0,0,0,0,0,0,10,1,9,1
30005,5765,1,5816,1,0,0,0,0,0,0,0,0,0,0,10,1,9,1
30006,5780,1,5819,1,0,0,0,0,0,0,0,0,0,0,10,1,9,1
30007,5787,1,5819,1,0,0,0,0,0,0,0,0,0,0,10,1,9,1
30008,5754,1,5818,1,0,0,0,0,0,0,0,0,0,0,10,1,9,1
30009,5761,1,5818,1,0,0,0,0,0,0,0,0,0,0,10,1,9,1
30010,5810,1,5820,1,0,0,0,0,0,0,0,0,0,0,10,1,9,1
30011,5813,1,5820,1,0,0,0,0,0,0,0,0,0,0,10,1,9,1
30012,5729,1,5817,1,0,0,0,0,0,0,0,0,0,0,10,1,9,1
30013,5734,1,5817,1,0,0,0,0,0,0,0,0,0,0,10,1,9,1
30014,5738,1,5815,1,0,0,0,0,0,0,0,0,0,0,8,1,11,1
30015,5740,1,5815,1,0,0,0,0,0,0,0,0,0,0,8,1,11,1
30016,5801,1,5814,1,0,0,0,0,0,0,0,0,0,0,8,1,11,1
30017,5804,1,5814,1,0,0,0,0,0,0,0,0,0,0,8,1,11,1
30018,5765,1,5816,1,0,0,0,0,0,0,0,0,0,0,8,1,11,1
30019,5780,1,5819,1,0,0,0,0,0,0,0,0,0,0,8,1,11,1
30020,5787,1,5819,1,0,0,0,0,0,0,0,0,0,0,8,1,11,1
30021,5754,1,5818,1,0,0,0,0,0,0,0,0,0,0,8,1,11,1
30022,5761,1,5818,1,0,0,0,0,0,0,0,0,0,0,8,1,11,1
30023,5810,1,5820,1,0,0,0,0,0,0,0,0,0,0,8,1,11,1
30024,5813,1,5820,1,0,0,0,0,0,0,0,0,0,0,8,1,11,1
30025,5729,1,5817,1,0,0,0,0,0,0,0,0,0,0,8,1,11,1
30026,5734,1,5817,1,0,0,0,0,0,0,0,0,0,0,8,1,11,1
30027,5738,1,5815,1,0,0,0,0,0,0,0,0,0,0,9,1,11,1
30028,5740,1,5815,1,0,0,0,0,0,0,0,0,0,0,9,1,11,1
30029,5801,1,5814,1,0,0,0,0,0,0,0,0,0,0,9,1,11,1
30030,5804,1,5814,1,0,0,0,0,0,0,0,0,0,0,9,1,11,1
30031,5765,1,5816,1,0,0,0,0,0,0,0,0,0,0,9,1,11,1
30032,5780,1,5819,1,0,0,0,0,0,0,0,0,0,0,9,1,11,1
30033,5787,1,5819,1,0,0,0,0,0,0,0,0,0,0,9,1,11,1
30034,5754,1,5818,1,0,0,0,0,0,0,0,0,0,0,9,1,11,1
30035,5761,1,5818,1,0,0,0,0,0,0,0,0,0,0,9,1,11,1
30036,5810,1,5820,1,0,0,0,0,0,0,0,0,0,0,9,1,11,1
30037,5813,1,5820,1,0,0,0,0,0,0,0,0,0,0,9,1,11,1
30038,5729,1,5817,1,0,0,0,0,0,0,0,0,0,0,9,1,11,1
30039,5734,1,5817,1,0,0,0,0,0,0,0,0,0,0,9,1,11,1
30040,5738,1,5815,1,0,0,0,0,0,0,0,0,0,0,10,1,8,1
30041,5740,1,5815,1,0,0,0,0,0,0,0,0,0,0,10,1,8,1
30042,5801,1,5814,1,0,0,0,0,0,0,0,0,0,0,10,1,8,1
30043,5804,1,5814,1,0,0,0,0,0,0,0,0,0,0,10,1,8,1
30044,5765,1,5816,1,0,0,0,0,0,0,0,0,0,0,10,1,8,1
30045,5780,1,5819,1,0,0,0,0,0,0,0,0,0,0,10,1,8,1
30046,5787,1,5819,1,0,0,0,0,0,0,0,0,0,0,10,1,8,1
30047,5754,1,5818,1,0,0,0,0,0,0,0,0,0,0,10,1,8,1
30048,5761,1,5818,1,0,0,0,0,0,0,0,0,0,0,10,1,8,1
30049,5810,1,5820,1,0,0,0,0,0,0,0,0,0,0,10,1,8,1
30050,5813,1,5820,1,0,0,0,0,0,0,0,0,0,0,10,1,8,1
30051,5729,1,5817,1,0,0,0,0,0,0,0,0,0,0,10,1,8,1
30052,5734,1,5817,1,0,0,0,0,0,0,0,0,0,0,10,1,8,1
30053,5738,1,5815,1,0,0,0,0,0,0,0,0,0,0,11,1,10,1
30054,5740,1,5815,1,0,0,0,0,0,0,0,0,0,0,11,1,10,1
30055,5801,1,5814,1,0,0,0,0,0,0,0,0,0,0,11,1,10,1
30056,5804,1,5814,1,0,0,0,0,0,0,0,0,0,0,11,1,10,1
30057,5765,1,5816,1,0,0,0,0,0,0,0,0,0,0,11,1,10,1
30058,5780,1,5819,1,0,0,0,0,0,0,0,0,0,0,11,1,10,1
30059,5787,1,5819,1,0,0,0,0,0,0,0,0,0,0,11,1,10,1
30060,5754,1,5818,1,0,0,0,0,0,0,0,0,0,0,11,1,10,1
30061,5761,1,5818,1,0,0,0,0,0,0,0,0,0,0,11,1,10,1
30062,5810,1,5820,1,0,0,0,0,0,0,0,0,0,0,11,1,10,1
30063,5813,1,5820,1,0,0,0,0,0,0,0,0,0,0,11,1,10,1
30064,5729,1,5817,1,0,0,0,0,0,0,0,0,0,0,11,1,10,1
30065,5734,1,5817,1,0,0,0,0,0,0,0,0,0,0,11,1,10,1
30066,5738,1,5815,1,0,0,0,0,0,0,0,0,0,0,12,1,10,1
30067,5740,1,5815,1,0,0,0,0,0,0,0,0,0,0,12,1,10,1
30068,5801,1,5814,1,0,0,0,0,0,0,0,0,0,0,12,1,10,1
30069,5804,1,5814,1,0,0,0,0,0,0,0,0,0,0,12,1,10,1
30070,5765,1,5816,1,0,0,0,0,0,0,0,0,0,0,12,1,10,1
30071,5780,1,5819,1,0,0,0,0,0,0,0,0,0,0,12,1,10,1
30072,5787,1,5819,1,0,0,0,0,0,0,0,0,0,0,12,1,10,1
30073,5754,1,5818,1,0,0,0,0,0,0,0,0,0,0,12,1,10,1
30074,5761,1,5818,1,0,0,0,0,0,0,0,0,0,0,12,1,10,1
30075,5810,1,5820,1,0,0,0,0,0,0,0,0,0,0,12,1,10,1
30076,5813,1,5820,1,0,0,0,0,0,0,0,0,0,0,12,1,10,1
30077,5729,1,5817,1,0,0,0,0,0,0,0,0,0,0,12,1,10,1
30078,5734,1,5817,1,0,0,0,0,0,0,0,0,0,0,12,1,10,1
30079,5738,1,5815,1,0,0,0,0,0,0,0,0,0,0,13,1,12,1
30080,5740,1,5815,1,0,0,0,0,0,0,0,0,0,0,13,1,12,1
30081,5801,1,5814,1,0,0,0,0,0,0,0,0,0,0,13,1,12,1
30082,5804,1,5814,1,0,0,0,0,0,0,0,0,0,0,13,1,12,1
30083,5765,1,5816,1,0,0,0,0,0,0,0,0,0,0,13,1,12,1
30084,5780,1,5819,1,0,0,0,0,0,0,0,0,0,0,13,1,12,1
30085,5787,1,5819,1,0,0,0,0,0,0,0,0,0,0,13,1,12,1
30086,5754,1,5818,1,0,0,0,0,0,0,0,0,0,0,13,1,12,1
30087,5761,1,5818,1,0,0,0,0,0,0,0,0,0,0,13,1,12,1
30088,5810,1,5820,1,0,0,0,0,0,0,0,0,0,0,13,1,12,1
30089,5813,1,5820,1,0,0,0,0,0,0,0,0,0,0,13,1,12,1
30090,5729,1,5817,1,0,0,0,0,0,0,0,0,0,0,13,1,12,1
30091,5734,1,5817,1,0,0,0,0,0,0,0,0,0,0,13,1,12,1
30092,5738,1,5815,1,0,0,0,0,0,0,0,0,0,0,8,1,13,1
30093,5740,1,5815,1,0,0,0,0,0,0,0,0,0,0,8,1,13,1
30094,5801,1,5814,1,0,0,0,0,0,0,0,0,0,0,8,1,13,1
30095,5804,1,5814,1,0,0,0,0,0,0,0,0,0,0,8,1,13,1
30096,5765,1,5816,1,0,0,0,0,0,0,0,0,0,0,8,1,13,1
30097,5780,1,5819,1,0,0,0,0,0,0,0,0,0,0,8,1,13,1
30098,5787,1,5819,1,0,0,0,0,0,0,0,0,0,0,8,1,13,1
30099,5754,1,5818,1,0,0,0,0,0,0,0,0,0,0,8,1,13,1
30100,5761,1,5818,1,0,0,0,0,0,0,0,0,0,0,8,1,13,1
30101,5810,1,5820,1,0,0,0,0,0,0,0,0,0,0,8,1,13,1
30102,5813,1,5820,1,0,0,0,0,0,0,0,0,0,0,8,1,13,1
30103,5729,1,5817,1,0,0,0,0,0,0,0,0,0,0,8,1,13,1
30104,5734,1,5817,1,0,0,0,0,0,0,0,0,0,0,8,1,13,1
30105,5798,1,5814,1,0,0,0,0,0,0,0,0,0,0,10,1,9,1
30106,5799,1,5814,1,0,0,0,0,0,0,0,0,0,0,10,1,9,1
30107,5781,1,5819,1,0,0,0,0,0,0,0,0,0,0,10,1,9,1
30108,5744,1,5818,1,0,0,0,0,0,0,0,0,0,0,10,1,9,1
30109,5749,1,5818,1,0,0,0,0,0,0,0,0,0,0,10,1,9,1
30110,5812,1,5820,1,0,0,0,0,0,0,0,0,0,0,10,1,9,1
30111,5798,1,5814,1,0,0,0,0,0,0,0,0,0,0,8,1,11,1
30112,5799,1,5814,1,0,0,0,0,0,0,0,0,0,0,8,1,11,1
30113,5781,1,5819,1,0,0,0,0,0,0,0,0,0,0,8,1,11,1
30114,5744,1,5818,1,0,0,0,0,0,0,0,0,0,0,8,1,11,1
30115,5749,1,5818,1,0,0,0,0,0,0,0,0,0,0,8,1,11,1
30116,5812,1,5820,1,0,0,0,0,0,0,0,0,0,0,8,1,11,1
30117,5798,1,5814,1,0,0,0,0,0,0,0,0,0,0,9,1,11,1
30118,5799,1,5814,1,0,0,0,0,0,0,0,0,0,0,9,1,11,1
30119,5781,1,5819,1,0,0,0,0,0,0,0,0,0,0,9,1,11,1
30120,5744,1,5818,1,0,0,0,0,0,0,0,0,0,0,9,1,11,1
30121,5749,1,5818,1,0,0,0,0,0,0,0,0,0,0,9,1,11,1
30122,5812,1,5820,1,0,0,0,0,0,0,0,0,0,0,9,1,11,1
30123,5798,1,5814,1,0,0,0,0,0,0,0,0,0,0,10,1,8,1
30124,5799,1,5814,1,0,0,0,0,0,0,0,0,0,0,10,1,8,1
30125,5781,1,5819,1,0,0,0,0,0,0,0,0,0,0,10,1,8,1
30126,5744,1,5818,1,0,0,0,0,0,0,0,0,0,0,10,1,8,1
30127,5749,1,5818,1,0,0,0,0,0,0,0,0,0,0,10,1,8,1
30128,5812,1,5820,1,0,0,0,0,0,0,0,0,0,0,10,1,8,1
30129,5798,1,5814,1,0,0,0,0,0,0,0,0,0,0,11,1,10,1
30130,5799,1,5814,1,0,0,0,0,0,0,0,0,0,0,11,1,10,1
30131,5781,1,5819,1,0,0,0,0,0,0,0,0,0,0,11,1,10,1
30132,5744,1,5818,1,0,0,0,0,0,0,0,0,0,0,11,1,10,1
30133,5749,1,5818,1,0,0,0,0,0,0,0,0,0,0,11,1,10,1
30134,5812,1,5820,1,0,0,0,0,0,0,0,0,0,0,11,1,10,1
30135,5798,1,5814,1,0,0,0,0,0,0,0,0,0,0,12,1,10,1
30136,5799,1,5814,1,0,0,0,0,0,0,0,0,0,0,12,1,10,1
30137,5781,1,5819,1,0,0,0,0,0,0,0,0,0,0,12,1,10,1
30138,5744,1,5818,1,0,0,0,0,0,0,0,0,0,0,12,1,10,1
30139,5749,1,5818,1,0,0,0,0,0,0,0,0,0,0,12,1,10,1
30140,5812,1,5820,1,0,0,0,0,0,0,0,0,0,0,12,1,10,1
30141,5798,1,5814,1,0,0,0,0,0,0,0,0,0,0,13,1,12,1
30142,5799,1,5814,1,0,0,0,0,0,0,0,0,0,0,13,1,12,1
30143,5781,1,5819,1,0,0,0,0,0,0,0,0,0,0,13,1,12,1
30144,5744,1,5818,1,0,0,0,0,0,0,0,0,0,0,13,1,12,1
30145,5749,1,5818,1,0,0,0,0,0,0,0,0,0,0,13,1,12,1
30146,5812,1,5820,1,0,0,0,0,0,0,0,0,0,0,13,1,12,1
30147,5798,1,5814,1,0,0,0,0,0,0,0,0,0,0,8,1,13,1
30148,5799,1,5814,1,0,0,0,0,0,0,0,0,0,0,8,1,13,1
30149,5781,1,5819,1,0,0,0,0,0,0,0,0,0,0,8,1,13,1
30150,5744,1,5818,1,0,0,0,0,0,0,0,0,0,0,8,1,13,1
30151,5749,1,5818,1,0,0,0,0,0,0,0,0,0,0,8,1,13,1
30152,5812,1,5820,1,0,0,0,0,0,0,0,0,0,0,8,1,13,1
30153,0,0,0,0,0,0,0,0,0,0,0,0,0,0,0,0,0,0
30154,0,0,0,0,0,0,0,0,0,0,0,0,0,0,0,0,0,0
30155,0,0,0,0,0,0,0,0,0,0,0,0,0,0,0,0,0,0
30156,0,0,0,0,0,0,0,0,0,0,0,0,0,0,0,0,0,0
30157,0,0,0,0,0,0,0,0,0,0,0,0,0,0,0,0,0,0
30158,0,0,0,0,0,0,0,0,0,0,0,0,0,0,0,0,0,0
30159,0,0,0,0,0,0,0,0,0,0,0,0,0,0,0,0,0,0
30160,0,0,0,0,0,0,0,0,0,0,0,0,0,0,0,0,0,0
30161,0,0,0,0,0,0,0,0,0,0,0,0,0,0,0,0,0,0
30162,0,0,0,0,0,0,0,0,0,0,0,0,0,0,0,0,0,0
30163,0,0,0,0,0,0,0,0,0,0,0,0,0,0,0,0,0,0
30164,0,0,0,0,0,0,0,0,0,0,0,0,0,0,0,0,0,0
30165,0,0,0,0,0,0,0,0,0,0,0,0,0,0,0,0,0,0
30166,0,0,0,0,0,0,0,0,0,0,0,0,0,0,0,0,0,0
30167,0,0,0,0,0,0,0,0,0,0,0,0,0,0,0,0,0,0
30168,0,0,0,0,0,0,0,0,0,0,0,0,0,0,0,0,0,0
30169,0,0,0,0,0,0,0,0,0,0,0,0,0,0,0,0,0,0
30170,0,0,0,0,0,0,0,0,0,0,0,0,0,0,0,0,0,0
30171,0,0,0,0,0,0,0,0,0,0,0,0,0,0,0,0,0,0
30172,0,0,0,0,0,0,0,0,0,0,0,0,0,0,0,0,0,0
30173,0,0,0,0,0,0,0,0,0,0,0,0,0,0,0,0,0,0
30174,0,0,0,0,0,0,0,0,0,0,0,0,0,0,0,0,0,0
30175,0,0,0,0,0,0,0,0,0,0,0,0,0,0,0,0,0,0
30176,0,0,0,0,0,0,0,0,0,0,0,0,0,0,0,0,0,0
30177,0,0,0,0,0,0,0,0,0,0,0,0,0,0,0,0,0,0
30178,0,0,0,0,0,0,0,0,0,0,0,0,0,0,0,0,0,0
30179,0,0,0,0,0,0,0,0,0,0,0,0,0,0,0,0,0,0
30180,0,0,0,0,0,0,0,0,0,0,0,0,0,0,0,0,0,0
30181,0,0,0,0,0,0,0,0,0,0,0,0,0,0,0,0,0,0
30182,0,0,0,0,0,0,0,0,0,0,0,0,0,0,0,0,0,0
30183,0,0,0,0,0,0,0,0,0,0,0,0,0,0,0,0,0,0
30184,0,0,0,0,0,0,0,0,0,0,0,0,0,0,0,0,0,0
30185,0,0,0,0,0,0,0,0,0,0,0,0,0,0,0,0,0,0
30186,0,0,0,0,0,0,0,0,0,0,0,0,0,0,0,0,0,0
30187,0,0,0,0,0,0,0,0,0,0,0,0,0,0,0,0,0,0
30188,0,0,0,0,0,0,0,0,0,0,0,0,0,0,0,0,0,0
30189,0,0,0,0,0,0,0,0,0,0,0,0,0,0,0,0,0,0
30190,0,0,0,0,0,0,0,0,0,0,0,0,0,0,0,0,0,0
30191,0,0,0,0,0,0,0,0,0,0,0,0,0,0,0,0,0,0
30192,0,0,0,0,0,0,0,0,0,0,0,0,0,0,0,0,0,0
30193,0,0,0,0,0,0,0,0,0,0,0,0,0,0,0,0,0,0
30194,0,0,0,0,0,0,0,0,0,0,0,0,0,0,0,0,0,0
30195,0,0,0,0,0,0,0,0,0,0,0,0,0,0,0,0,0,0
30196,0,0,0,0,0,0,0,0,0,0,0,0,0,0,0,0,0,0
30197,0,0,0,0,0,0,0,0,0,0,0,0,0,0,0,0,0,0
30198,0,0,0,0,0,0,0,0,0,0,0,0,0,0,0,0,0,0
30199,0,0,0,0,0,0,0,0,0,0,0,0,0,0,0,0,0,0
30200,0,0,0,0,0,0,0,0,0,0,0,0,0,0,0,0,0,0
30201,0,0,0,0,0,0,0,0,0,0,0,0,0,0,0,0,0,0
30202,0,0,0,0,0,0,0,0,0,0,0,0,0,0,0,0,0,0
30203,0,0,0,0,0,0,0,0,0,0,0,0,0,0,0,0,0,0
30204,0,0,0,0,0,0,0,0,0,0,0,0,0,0,0,0,0,0
30205,0,0,0,0,0,0,0,0,0,0,0,0,0,0,0,0,0,0
30206,0,0,0,0,0,0,0,0,0,0,0,0,0,0,0,0,0,0
30207,0,0,0,0,0,0,0,0,0,0,0,0,0,0,0,0,0,0
30208,0,0,0,0,0,0,0,0,0,0,0,0,0,0,0,0,0,0
30209,0,0,0,0,0,0,0,0,0,0,0,0,0,0,0,0,0,0
30210,0,0,0,0,0,0,0,0,0,0,0,0,0,0,0,0,0,0
30211,0,0,0,0,0,0,0,0,0,0,0,0,0,0,0,0,0,0
30212,0,0,0,0,0,0,0,0,0,0,0,0,0,0,0,0,0,0
30213,0,0,0,0,0,0,0,0,0,0,0,0,0,0,0,0,0,0
30214,0,0,0,0,0,0,0,0,0,0,0,0,0,0,0,0,0,0
30215,0,0,0,0,0,0,0,0,0,0,0,0,0,0,0,0,0,0
30216,0,0,0,0,0,0,0,0,0,0,0,0,0,0,0,0,0,0
30217,0,0,0,0,0,0,0,0,0,0,0,0,0,0,0,0,0,0
30218,0,0,0,0,0,0,0,0,0,0,0,0,0,0,0,0,0,0
30219,0,0,0,0,0,0,0,0,0,0,0,0,0,0,0,0,0,0
30220,0,0,0,0,0,0,0,0,0,0,0,0,0,0,0,0,0,0
30221,0,0,0,0,0,0,0,0,0,0,0,0,0,0,0,0,0,0
30222,0,0,0,0,0,0,0,0,0,0,0,0,0,0,0,0,0,0
30223,0,0,0,0,0,0,0,0,0,0,0,0,0,0,0,0,0,0
30224,0,0,0,0,0,0,0,0,0,0,0,0,0,0,0,0,0,0
30225,0,0,0,0,0,0,0,0,0,0,0,0,0,0,0,0,0,0
30226,0,0,0,0,0,0,0,0,0,0,0,0,0,0,0,0,0,0
30227,0,0,0,0,0,0,0,0,0,0,0,0,0,0,0,0,0,0
30228,0,0,0,0,0,0,0,0,0,0,0,0,0,0,0,0,0,0
30229,0,0,0,0,0,0,0,0,0,0,0,0,0,0,0,0,0,0
30230,0,0,0,0,0,0,0,0,0,0,0,0,0,0,0,0,0,0
30231,0,0,0,0,0,0,0,0,0,0,0,0,0,0,0,0,0,0
30232,0,0,0,0,0,0,0,0,0,0,0,0,0,0,0,0,0,0
30233,0,0,0,0,0,0,0,0,0,0,0,0,0,0,0,0,0,0
30234,0,0,0,0,0,0,0,0,0,0,0,0,0,0,0,0,0,0
30235,0,0,0,0,0,0,0,0,0,0,0,0,0,0,0,0,0,0
30236,0,0,0,0,0,0,0,0,0,0,0,0,0,0,0,0,0,0
30237,0,0,0,0,0,0,0,0,0,0,0,0,0,0,0,0,0,0
30238,0,0,0,0,0,0,0,0,0,0,0,0,0,0,0,0,0,0
30239,0,0,0,0,0,0,0,0,0,0,0,0,0,0,0,0,0,0
30240,0,0,0,0,0,0,0,0,0,0,0,0,0,0,0,0,0,0
30241,7480,1,7607,1,7807,2,5075,1,5085,1,0,0,0,0,15,2,17,1
30242,7481,1,7607,2,7807,2,5075,1,5085,1,5288,1,0,0,15,2,17,1
30243,7482,1,7607,1,7807,2,5075,1,5085,1,5288,1,0,0,15,2,17,1
30244,7483,1,7607,2,7807,2,5085,2,5288,1,0,0,0,0,15,2,17,1
30245,7484,1,7607,1,7807,2,5075,1,5085,1,5288,1,0,0,15,2,17,1
30246,0,0,0,0,0,0,0,0,0,0,0,0,0,0,15,2,17,1
30247,7486,1,7607,1,7807,2,5288,1,5322,1,0,0,0,0,15,2,17,1
30248,7487,1,7607,2,7807,2,5075,1,5288,1,5068,1,0,0,15,2,17,1
30249,7488,1,7607,1,7807,2,5075,1,5329,1,5338,1,5288,1,15,2,17,1
30250,7489,1,7608,2,7807,2,5288,2,5322,1,0,0,0,0,17,2,16,1
30251,7490,1,7607,1,7807,2,5075,1,5329,1,5338,1,5288,1,15,2,17,1
30252,0,0,0,0,0,0,0,0,0,0,0,0,0,0,15,2,17,1
30253,7492,1,7608,1,7807,2,5329,1,5338,1,5068,1,0,0,17,2,16,1
30254,7493,1,7608,2,7807,2,5288,1,5329,1,5338,1,5068,1,17,2,16,1
30255,7494,1,7608,1,7807,2,5329,1,5338,1,5068,1,5322,1,17,2,16,1
30256,7495,1,7609,2,7807,2,5288,1,5329,1,5338,2,0,0,18,2,16,1
30257,7496,1,7608,1,7807,2,5329,1,5338,1,5068,2,0,0,17,2,16,1
30258,0,0,0,0,0,0,0,0,0,0,0,0,0,0,17,2,16,1
30259,7498,1,7609,1,7807,2,5338,1,5288,1,5360,1,0,0,18,2,16,1
30260,7499,1,7608,2,7807,2,5288,1,5085,1,5068,1,0,0,17,2,16,1
30261,7500,1,7608,1,7807,2,5288,1,5068,1,5322,1,0,0,17,2,16,1
30262,7501,1,7609,2,7807,2,5288,1,5329,1,5338,1,5068,1,18,2,16,1
30263,7502,1,7608,1,7807,2,5288,2,5322,1,0,0,0,0,17,2,16,1
30264,0,0,0,0,0,0,0,0,0,0,0,0,0,0,17,2,16,1
30265,7504,1,5069,1,7807,2,5512,1,5068,1,0,0,0,0,16,2,14,1
30266,7505,1,7609,2,7807,2,5329,1,5338,2,5288,1,0,0,18,2,16,1
30267,7506,1,7608,1,7807,2,5329,1,5338,2,5322,1,0,0,17,2,16,1
30268,7507,1,7609,2,7807,2,5329,1,5338,2,5288,1,0,0,18,2,16,1
30269,7508,1,7608,1,7807,2,5288,1,5322,1,5068,1,0,0,17,2,16,1
30270,0,0,0,0,0,0,0,0,0,0,0,0,0,0,17,2,16,1
30271,7510,1,7609,1,7807,2,5288,1,5338,1,0,0,0,0,18,2,16,1
30272,7511,1,7609,2,7807,2,5288,1,7028,1,4607,3,0,0,18,2,16,1
30273,7512,1,7608,1,7807,2,5288,1,5322,1,0,0,0,0,17,2,16,1
30274,7513,1,7609,2,7807,2,5329,1,5338,2,5288,1,0,0,18,2,16,1
30275,7514,1,7608,1,7807,2,5329,1,5338,1,5068,1,0,0,17,2,16,1
30276,0,0,0,0,0,0,0,0,0,0,0,0,0,0,17,2,16,1
30277,1666,1,7579,1,7620,9,0,0,0,0,0,0,0,0,19,1,18,1
30278,1736,1,7581,1,7620,9,0,0,0,0,0,0,0,0,19,1,18,1
30279,1806,1,7580,1,7620,9,0,0,0,0,0,0,0,0,19,1,18,1
30280,1875,1,7582,1,7620,9,0,0,0,0,0,0,0,0,19,1,18,1
30281,1945,1,7583,1,7620,9,0,0,0,0,0,0,0,0,19,1,18,1
30282,2048,1,7585,1,7620,9,0,0,0,0,0,0,0,0,19,1,18,1
30283,2136,1,7584,1,7620,9,0,0,0,0,0,0,0,0,19,1,18,1
30284,2193,1,7586,1,5481,1,5288,1,5068,1,0,0,0,0,19,1,18,1
30285,2194,1,7587,1,5481,1,5288,1,5068,1,0,0,0,0,19,1,18,1
30286,7570,3,7602,1,5020,1,4862,1,4787,1,4848,1,0,0,14,2,19,1
30287,7571,3,7603,1,6146,1,4826,1,4844,1,4775,1,4847,1,14,2,19,1
30288,7572,3,7605,1,7595,1,4809,1,4850,1,4853,1,4787,1,14,2,19,1
30289,7573,3,7604,1,7592,1,4735,1,4852,1,4826,1,4853,1,14,2,19,1
30290,7606,1,7596,1,7590,1,0,0,0,0,0,0,0,0,16,2,15,1
30291,7607,1,7597,1,7588,1,5116,1,0,0,0,0,0,0,14,2,17,1
30292,5069,1,7598,1,7589,1,5118,1,0,0,0,0,0,0,16,2,14,1
30293,5187,1,7601,1,5146,1,0,0,0,0,0,0,0,0,16,2,14,1
30294,7608,1,7599,1,7591,1,0,0,0,0,0,0,0,0,17,2,16,1
30295,7609,1,7600,1,7620,1,0,0,0,0,0,0,0,0,18,2,16,1
30296,7807,3,7806,3,6153,1,0,0,0,0,0,0,0,0,19,2,18,1
30297,7612,1,5378,1,5505,2,0,0,0,0,0,0,0,0,4,11,3,10
30298,7613,1,5061,2,0,0,0,0,0,0,0,0,0,0,2,11,5,10
30299,7614,1,5061,2,0,0,0,0,0,0,0,0,0,0,3,11,5,10
30300,7615,1,5068,2,0,0,0,0,0,0,0,0,0,0,4,11,2,10
30301,7616,1,5288,2,0,0,0,0,0,0,0,0,0,0,5,11,4,10
30302,7617,1,5338,2,5064,1,0,0,0,0,0,0,0,0,6,11,4,10
30303,7618,1,6152,2,5490,1,0,0,0,0,0,0,0,0,7,11,6,10
30304,7619,1,6148,1,4828,1,4847,1,4860,1,0,0,0,0,2,11,7,10
30305,21800,1,7671,1,5371,2,0,0,0,0,0,0,0,0,10,1,9,1
30306,0,0,0,0,0,0,0,0,0,0,0,0,0,0,0,0,0,0
30307,0,0,0,0,0,0,0,0,0,0,0,0,0,0,0,0,0,0
30308,0,0,0,0,0,0,0,0,0,0,0,0,0,0,0,0,0,0
30309,0,0,0,0,0,0,0,0,0,0,0,0,0,0,0,0,0,0
30310,0,0,0,0,0,0,0,0,0,0,0,0,0,0,0,0,0,0
30311,0,0,0,0,0,0,0,0,0,0,0,0,0,0,0,0,0,0
30312,21800,1,7671,1,5058,2,0,0,0,0,0,0,0,0,8,1,11,1
30313,0,0,0,0,0,0,0,0,0,0,0,0,0,0,0,0,0,0
30314,0,0,0,0,0,0,0,0,0,0,0,0,0,0,0,0,0,0
30315,0,0,0,0,0,0,0,0,0,0,0,0,0,0,0,0,0,0
30316,0,0,0,0,0,0,0,0,0,0,0,0,0,0,0,0,0,0
30317,0,0,0,0,0,0,0,0,0,0,0,0,0,0,0,0,0,0
30318,0,0,0,0,0,0,0,0,0,0,0,0,0,0,0,0,0,0
30319,21800,1,7671,1,5093,2,0,0,0,0,0,0,0,0,9,1,11,1
30320,0,0,0,0,0,0,0,0,0,0,0,0,0,0,0,0,0,0
30321,0,0,0,0,0,0,0,0,0,0,0,0,0,0,0,0,0,0
30322,0,0,0,0,0,0,0,0,0,0,0,0,0,0,0,0,0,0
30323,0,0,0,0,0,0,0,0,0,0,0,0,0,0,0,0,0,0
30324,0,0,0,0,0,0,0,0,0,0,0,0,0,0,0,0,0,0
30325,0,0,0,0,0,0,0,0,0,0,0,0,0,0,0,0,0,0
30326,21800,1,7671,1,5064,2,0,0,0,0,0,0,0,0,10,1,8,1
30327,0,0,0,0,0,0,0,0,0,0,0,0,0,0,0,0,0,0
30328,0,0,0,0,0,0,0,0,0,0,0,0,0,0,0,0,0,0
30329,0,0,0,0,0,0,0,0,0,0,0,0,0,0,0,0,0,0
30330,0,0,0,0,0,0,0,0,0,0,0,0,0,0,0,0,0,0
30331,0,0,0,0,0,0,0,0,0,0,0,0,0,0,0,0,0,0
30332,0,0,0,0,0,0,0,0,0,0,0,0,0,0,0,0,0,0
30333,21800,1,7671,1,5280,2,0,0,0,0,0,0,0,0,11,1,10,1
30334,0,0,0,0,0,0,0,0,0,0,0,0,0,0,0,0,0,0
30335,0,0,0,0,0,0,0,0,0,0,0,0,0,0,0,0,0,0
30336,0,0,0,0,0,0,0,0,0,0,0,0,0,0,0,0,0,0
30337,0,0,0,0,0,0,0,0,0,0,0,0,0,0,0,0,0,0
30338,0,0,0,0,0,0,0,0,0,0,0,0,0,0,0,0,0,0
30339,0,0,0,0,0,0,0,0,0,0,0,0,0,0,0,0,0,0
30340,21800,1,7671,1,5326,2,0,0,0,0,0,0,0,0,12,1,10,1
30341,0,0,0,0,0,0,0,0,0,0,0,0,0,0,0,0,0,0
30342,0,0,0,0,0,0,0,0,0,0,0,0,0,0,0,0,0,0
30343,0,0,0,0,0,0,0,0,0,0,0,0,0,0,0,0,0,0
30344,0,0,0,0,0,0,0,0,0,0,0,0,0,0,0,0,0,0
30345,0,0,0,0,0,0,0,0,0,0,0,0,0,0,0,0,0,0
30346,0,0,0,0,0,0,0,0,0,0,0,0,0,0,0,0,0,0
30347,21800,1,7671,1,5472,2,0,0,0,0,0,0,0,0,13,1,12,1
30348,0,0,0,0,0,0,0,0,0,0,0,0,0,0,0,0,0,0
30349,0,0,0,0,0,0,0,0,0,0,0,0,0,0,0,0,0,0
30350,0,0,0,0,0,0,0,0,0,0,0,0,0,0,0,0,0,0
30351,0,0,0,0,0,0,0,0,0,0,0,0,0,0,0,0,0,0
30352,0,0,0,0,0,0,0,0,0,0,0,0,0,0,0,0,0,0
30353,0,0,0,0,0,0,0,0,0,0,0,0,0,0,0,0,0,0
30354,5766,1,5816,1,0,0,0,0,0,0,0,0,0,0,10,1,9,1
30355,5784,1,5819,1,0,0,0,0,0,0,0,0,0,0,10,1,9,1
30356,5785,1,5819,1,0,0,0,0,0,0,0,0,0,0,10,1,9,1
30357,5795,1,5814,1,0,0,0,0,0,0,0,0,0,0,10,1,9,1
30358,5800,1,5814,1,0,0,0,0,0,0,0,0,0,0,10,1,9,1
30359,5811,1,5820,1,0,0,0,0,0,0,0,0,0,0,10,1,9,1
30360,5766,1,5816,1,0,0,0,0,0,0,0,0,0,0,8,1,11,1
30361,5784,1,5819,1,0,0,0,0,0,0,0,0,0,0,8,1,11,1
30362,5785,1,5819,1,0,0,0,0,0,0,0,0,0,0,8,1,11,1
30363,5795,1,5814,1,0,0,0,0,0,0,0,0,0,0,8,1,11,1
30364,5800,1,5814,1,0,0,0,0,0,0,0,0,0,0,8,1,11,1
30365,5811,1,5820,1,0,0,0,0,0,0,0,0,0,0,8,1,11,1
30366,5766,1,5816,1,0,0,0,0,0,0,0,0,0,0,9,1,11,1
30367,5784,1,5819,1,0,0,0,0,0,0,0,0,0,0,9,1,11,1
30368,5785,1,5819,1,0,0,0,0,0,0,0,0,0,0,9,1,11,1
30369,5795,1,5814,1,0,0,0,0,0,0,0,0,0,0,9,1,11,1
30370,5800,1,5814,1,0,0,0,0,0,0,0,0,0,0,9,1,11,1
30371,5811,1,5820,1,0,0,0,0,0,0,0,0,0,0,9,1,11,1
30372,5766,1,5816,1,0,0,0,0,0,0,0,0,0,0,10,1,8,1
30373,5784,1,5819,1,0,0,0,0,0,0,0,0,0,0,10,1,8,1
30374,5785,1,5819,1,0,0,0,0,0,0,0,0,0,0,10,1,8,1
30375,5795,1,5814,1,0,0,0,0,0,0,0,0,0,0,10,1,8,1
30376,5800,1,5814,1,0,0,0,0,0,0,0,0,0,0,10,1,8,1
30377,5811,1,5820,1,0,0,0,0,0,0,0,0,0,0,10,1,8,1
30378,5766,1,5816,1,0,0,0,0,0,0,0,0,0,0,11,1,10,1
30379,5784,1,5819,1,0,0,0,0,0,0,0,0,0,0,11,1,10,1
30380,5785,1,5819,1,0,0,0,0,0,0,0,0,0,0,11,1,10,1
30381,5795,1,5814,1,0,0,0,0,0,0,0,0,0,0,11,1,10,1
30382,5800,1,5814,1,0,0,0,0,0,0,0,0,0,0,11,1,10,1
30383,5811,1,5820,1,0,0,0,0,0,0,0,0,0,0,11,1,10,1
30384,5766,1,5816,1,0,0,0,0,0,0,0,0,0,0,12,1,10,1
30385,5784,1,5819,1,0,0,0,0,0,0,0,0,0,0,12,1,10,1
30386,5785,1,5819,1,0,0,0,0,0,0,0,0,0,0,12,1,10,1
30387,5795,1,5814,1,0,0,0,0,0,0,0,0,0,0,12,1,10,1
30388,5800,1,5814,1,0,0,0,0,0,0,0,0,0,0,12,1,10,1
30389,5811,1,5820,1,0,0,0,0,0,0,0,0,0,0,12,1,10,1
30390,5766,1,5816,1,0,0,0,0,0,0,0,0,0,0,13,1,12,1
30391,5784,1,5819,1,0,0,0,0,0,0,0,0,0,0,13,1,12,1
30392,5785,1,5819,1,0,0,0,0,0,0,0,0,0,0,13,1,12,1
30393,5795,1,5814,1,0,0,0,0,0,0,0,0,0,0,13,1,12,1
30394,5800,1,5814,1,0,0,0,0,0,0,0,0,0,0,13,1,12,1
30395,5811,1,5820,1,0,0,0,0,0,0,0,0,0,0,13,1,12,1
30396,5766,1,5816,1,0,0,0,0,0,0,0,0,0,0,8,1,13,1
30397,5784,1,5819,1,0,0,0,0,0,0,0,0,0,0,8,1,13,1
30398,5785,1,5819,1,0,0,0,0,0,0,0,0,0,0,8,1,13,1
30399,5795,1,5814,1,0,0,0,0,0,0,0,0,0,0,8,1,13,1
30400,5800,1,5814,1,0,0,0,0,0,0,0,0,0,0,8,1,13,1
30401,5811,1,5820,1,0,0,0,0,0,0,0,0,0,0,8,1,13,1
30402,8029,1,7597,1,7588,1,5116,1,0,0,0,0,0,0,15,2,17,1
30403,5188,1,7601,1,5147,1,0,0,0,0,0,0,0,0,16,2,14,1
30404,5189,1,7601,1,5148,1,0,0,0,0,0,0,0,0,16,2,14,1
30405,5190,1,7601,1,5149,1,0,0,0,0,0,0,0,0,16,2,14,1
30406,5191,1,7601,1,5150,1,0,0,0,0,0,0,0,0,16,2,14,1
30407,5192,1,7601,1,5151,1,0,0,0,0,0,0,0,0,16,2,14,1
30408,8043,1,7807,1,8029,1,7607,1,5060,2,0,0,0,0,13,7,12,5
30409,8044,1,7807,1,7608,1,7607,1,5289,1,5060,1,0,0,13,7,12,5
30410,8045,1,7807,1,8029,1,7607,1,5060,2,0,0,0,0,13,7,12,5
30411,8046,1,7807,1,8029,1,7606,1,5060,1,5379,1,0,0,13,7,12,5
30412,8047,1,7807,1,7608,1,7606,1,5289,1,5379,1,0,0,13,7,12,5
30413,8048,1,7807,1,7608,1,5069,1,5289,1,5067,1,0,0,13,7,12,5
30414,8049,1,7807,1,7609,1,7606,1,5330,1,5379,1,0,0,13,7,12,5
30415,8050,1,7807,1,7609,1,5069,1,5330,1,5067,1,0,0,13,7,12,5
30416,8051,1,7807,1,7609,1,5069,1,5330,1,5067,1,0,0,13,7,12,5
30417,8032,1,7612,1,8150,2,0,0,0,0,0,0,0,0,4,12,3,11
30418,8033,1,7613,1,8150,2,0,0,0,0,0,0,0,0,2,12,5,11
30419,8034,1,7614,1,8150,2,0,0,0,0,0,0,0,0,3,12,5,11
30420,8035,1,7615,1,8150,2,0,0,0,0,0,0,0,0,4,12,2,11
30421,8036,1,7616,1,8150,2,0,0,0,0,0,0,0,0,5,12,4,11
30422,8037,1,7617,1,8150,2,0,0,0,0,0,0,0,0,6,12,4,11
30423,8038,1,7618,1,8150,2,0,0,0,0,0,0,0,0,7,12,6,11
30424,8039,1,7619,1,8150,2,0,0,0,0,0,0,0,0,2,12,7,11
30425,8280,1,5187,2,5069,1,8146,2,8145,5,0,0,0,0,16,2,14,1
30426,8281,1,5188,2,5069,1,8146,2,8145,5,0,0,0,0,16,2,14,1
30427,8282,1,5189,2,5069,1,8146,2,8145,5,0,0,0,0,16,2,14,1
30428,8283,1,5190,2,5069,1,8146,2,8145,5,0,0,0,0,16,2,14,1
30429,8284,1,5191,2,5069,1,8146,2,8145,5,0,0,0,0,16,2,14,1
30430,8285,1,5192,2,5069,1,8146,2,8145,5,0,0,0,0,16,2,14,1
30431,8286,1,5187,1,5069,2,8146,2,8145,5,0,0,0,0,16,2,14,1
30432,8287,1,5188,1,5069,2,8146,2,8145,5,0,0,0,0,16,2,14,1
30433,8288,1,5189,1,5069,2,8146,2,8145,5,0,0,0,0,16,2,14,1
30434,8289,1,5190,1,5069,2,8146,2,8145,5,0,0,0,0,16,2,14,1
30435,8290,1,5191,1,5069,2,8146,2,8145,5,0,0,0,0,16,2,14,1
30436,8291,1,5192,1,5069,2,8146,2,8145,5,0,0,0,0,16,2,14,1
30437,8292,1,5187,2,5069,1,8146,2,8145,5,0,0,0,0,16,2,14,1
30438,8293,1,5188,2,5069,1,8146,2,8145,5,0,0,0,0,16,2,14,1
30439,8294,1,5189,2,5069,1,8146,2,8145,5,0,0,0,0,16,2,14,1
30440,8295,1,5190,2,5069,1,8146,2,8145,5,0,0,0,0,16,2,14,1
30441,8296,1,5191,2,5069,1,8146,2,8145,5,0,0,0,0,16,2,14,1
30442,8297,1,5192,2,5069,1,8146,2,8145,5,0,0,0,0,16,2,14,1
30443,8298,1,5187,1,5069,2,8146,2,8145,5,0,0,0,0,16,2,14,1
30444,8299,1,5188,1,5069,2,8146,2,8145,5,0,0,0,0,16,2,14,1
30445,8300,1,5189,1,5069,2,8146,2,8145,5,0,0,0,0,16,2,14,1
30446,8301,1,5190,1,5069,2,8146,2,8145,5,0,0,0,0,16,2,14,1
30447,8302,1,5191,1,5069,2,8146,2,8145,5,0,0,0,0,16,2,14,1
30448,8303,1,5192,1,5069,2,8146,2,8145,5,0,0,0,0,16,2,14,1
30449,8355,1,8151,3,8147,10,6159,1,7607,3,5059,1,0,0,8,12,-1,0
30450,8356,1,8151,3,8147,10,6159,1,7607,3,5287,1,0,0,8,12,-1,0
30451,8357,1,8151,3,8147,10,6159,1,7607,3,5059,1,0,0,8,12,-1,0
30452,8358,1,8151,3,8147,10,6159,1,7607,3,5287,1,0,0,8,12,-1,0
30453,8359,1,8151,3,8147,10,6159,1,7606,3,5322,1,0,0,8,12,-1,0
30454,8360,1,8151,3,8147,10,6159,1,7606,3,5473,1,0,0,8,12,-1,0
30455,8361,1,8151,3,8147,10,6159,1,5187,3,5065,2,0,0,8,12,-1,0
30456,8362,1,8151,3,8147,10,6159,1,7807,10,5480,1,0,0,8,12,-1,0
30457,8363,1,8151,3,8147,10,6159,1,7807,10,5480,1,0,0,8,12,-1,0
30458,8364,1,8152,3,8147,10,6161,1,7607,3,5066,1,0,0,10,12,-1,0
30459,8365,1,8152,3,8147,10,6161,1,7607,3,5287,1,0,0,10,12,-1,0
30460,8366,1,8152,3,8147,10,6161,1,7607,3,5059,1,0,0,10,12,-1,0
30461,8367,1,8152,3,8147,10,6161,1,7606,3,5059,1,0,0,10,12,-1,0
30462,8368,1,8152,3,8147,10,6161,1,7606,3,5066,1,0,0,10,12,-1,0
30463,8369,1,8152,3,8147,10,6161,1,5069,3,5196,1,0,0,10,12,-1,0
30464,8370,1,8152,3,8147,10,6161,1,5069,3,5196,1,0,0,10,12,-1,0
30465,8371,1,8152,3,8147,10,6161,1,7807,10,5480,1,0,0,10,12,-1,0
30466,8372,1,8152,3,8147,10,6161,1,7807,10,5480,1,0,0,10,12,-1,0
30467,8373,1,8153,3,8147,10,6163,1,7807,10,5287,1,0,0,11,12,-1,0
30468,8374,1,8153,3,8147,10,6163,1,7807,10,5494,1,0,0,11,12,-1,0
30469,8375,1,8153,3,8147,10,6163,1,7807,10,5486,1,0,0,11,12,-1,0
30470,8376,1,8153,3,8147,10,6163,1,7807,10,5322,1,0,0,11,12,-1,0
30471,8377,1,8153,3,8147,10,6163,1,7807,10,5473,1,0,0,11,12,-1,0
30472,8378,1,8153,3,8147,10,6163,1,7807,10,5184,1,0,0,11,12,-1,0
30473,8379,1,8153,3,8147,10,6163,1,7807,10,5480,1,0,0,11,12,-1,0
30474,8380,1,8153,3,8147,10,6163,1,7807,10,5480,1,0,0,11,12,-1,0
30475,8381,1,8153,3,8147,10,6163,1,7807,10,5059,1,0,0,11,12,-1,0
30476,8382,1,8154,3,8147,10,7161,1,7607,3,5066,1,0,0,14,2,17,1
30477,8383,1,8154,3,8147,10,7161,1,7608,3,5059,1,0,0,17,2,16,1
30478,8384,1,8154,3,8147,10,7161,1,7607,3,5059,1,0,0,14,2,17,1
30479,8385,1,8154,3,8147,10,7161,1,7607,3,5059,1,0,0,14,2,17,1
30480,8386,1,8154,3,8147,10,7161,1,7606,3,5066,1,0,0,16,2,15,1
30481,8387,1,8154,3,8147,10,7161,1,7807,10,5473,1,0,0,19,2,18,1
30482,8388,1,8154,3,8147,10,7161,1,7606,3,5329,1,0,0,16,2,15,1
30483,8389,1,8154,3,8147,10,7161,1,7807,10,5480,1,0,0,19,2,18,1
30484,8390,1,8154,3,8147,10,7161,1,7807,10,5480,1,0,0,19,2,18,1
30485,0,0,0,0,0,0,0,0,0,0,0,0,0,0,11,3,10,2
30486,0,0,0,0,0,0,0,0,0,0,0,0,0,0,11,3,10,2
30487,8449,1,5437,1,5287,1,5068,1,8148,10,0,0,0,0,10,3,8,2
30488,8450,1,5068,1,5262,1,8148,10,0,0,0,0,0,0,10,3,8,2
30489,8451,1,5068,1,5287,1,8148,10,0,0,0,0,0,0,10,3,8,2
30490,8452,1,5286,1,5322,1,8148,10,0,0,0,0,0,0,11,3,10,2
30491,8453,1,5286,1,5338,1,8148,10,0,0,0,0,0,0,11,3,10,2
30492,8454,1,7481,1,8147,1,8146,10,8029,2,0,0,0,0,15,2,17,1
30493,8455,1,7487,1,8147,1,8146,10,8029,2,0,0,0,0,15,2,17,1
30494,8456,1,7493,1,8147,1,8146,10,7608,2,0,0,0,0,17,2,16,1
30495,8457,1,7499,1,8147,1,8146,10,7608,2,0,0,0,0,17,2,16,1
30496,8458,1,7505,1,8147,1,8146,10,7609,2,0,0,0,0,18,2,16,1
30497,8459,1,7511,1,8147,1,8146,10,7609,2,0,0,0,0,18,2,16,1
30498,8540,1,5342,3,5338,1,8023,1,8148,5,0,0,0,0,12,3,10,2
30499,8541,1,5342,3,5338,2,8148,5,0,0,0,0,0,0,12,3,10,2
30500,8546,1,8027,1,5290,1,5064,1,5174,1,8148,5,0,0,11,3,10,2
30501,8547,1,8027,1,5290,2,5338,1,8148,5,0,0,0,0,11,3,10,2
30502,8548,1,8027,1,5290,1,5338,1,8148,5,0,0,0,0,11,3,10,2
30503,8553,1,8027,1,5290,2,5338,1,8148,5,0,0,0,0,11,3,10,2
30504,8554,1,8027,1,5290,2,5338,1,8148,5,0,0,0,0,11,3,10,2
30505,8555,1,8027,1,5290,1,5338,1,8148,5,0,0,0,0,11,3,10,2
30506,8557,1,8026,1,8025,1,8149,5,0,0,0,0,0,0,18,1,16,1
30507,8558,1,8026,1,5338,1,8149,5,0,0,0,0,0,0,18,1,16,1
30508,8559,1,8026,2,5338,1,8149,5,0,0,0,0,0,0,18,1,16,1
30509,8560,1,8026,1,5338,1,8149,5,0,0,0,0,0,0,18,1,16,1
30510,8561,1,8026,1,8025,1,5510,1,8149,5,0,0,0,0,18,1,16,1
30511,8091,1,8052,1,0,0,0,0,0,0,0,0,0,0,4,1,3,1
30512,8092,1,8053,1,0,0,0,0,0,0,0,0,0,0,4,1,3,1
30513,8093,1,8054,1,0,0,0,0,0,0,0,0,0,0,4,1,3,1
30514,8094,1,8055,1,0,0,0,0,0,0,0,0,0,0,4,1,3,1
30515,8095,1,8056,1,0,0,0,0,0,0,0,0,0,0,4,1,3,1
30516,8096,1,8057,1,0,0,0,0,0,0,0,0,0,0,4,1,3,1
30517,8097,1,8058,1,0,0,0,0,0,0,0,0,0,0,4,1,3,1
30518,8098,1,8059,1,0,0,0,0,0,0,0,0,0,0,4,1,3,1
30519,8099,1,8060,1,0,0,0,0,0,0,0,0,0,0,4,1,3,1
30520,8100,1,8061,1,0,0,0,0,0,0,0,0,0,0,4,1,3,1
30521,8101,1,8062,1,0,0,0,0,0,0,0,0,0,0,4,1,3,1
30522,8102,1,8063,1,0,0,0,0,0,0,0,0,0,0,4,1,3,1
30523,8103,1,8064,1,0,0,0,0,0,0,0,0,0,0,4,1,3,1
30524,8104,1,8065,1,0,0,0,0,0,0,0,0,0,0,4,1,3,1
30525,8105,1,8066,1,0,0,0,0,0,0,0,0,0,0,4,1,3,1
30526,8106,1,8067,1,0,0,0,0,0,0,0,0,0,0,4,1,3,1
30527,8107,1,8068,1,0,0,0,0,0,0,0,0,0,0,4,1,3,1
30528,8108,1,8069,1,0,0,0,0,0,0,0,0,0,0,4,1,3,1
30529,8109,1,8070,1,0,0,0,0,0,0,0,0,0,0,4,1,3,1
30530,8110,1,8071,1,0,0,0,0,0,0,0,0,0,0,4,1,3,1
30531,8112,1,8072,1,0,0,0,0,0,0,0,0,0,0,4,1,3,1
30532,8113,1,8073,1,0,0,0,0,0,0,0,0,0,0,4,1,3,1
30533,8114,1,8074,1,0,0,0,0,0,0,0,0,0,0,4,1,3,1
30534,8115,1,8075,1,0,0,0,0,0,0,0,0,0,0,4,1,3,1
30535,8117,1,8076,1,0,0,0,0,0,0,0,0,0,0,4,1,3,1
30536,8118,1,8077,1,0,0,0,0,0,0,0,0,0,0,4,1,3,1
30537,8120,1,8078,1,0,0,0,0,0,0,0,0,0,0,4,1,3,1
30538,8121,1,8079,1,0,0,0,0,0,0,0,0,0,0,4,1,3,1
30539,8122,1,8080,1,0,0,0,0,0,0,0,0,0,0,4,1,3,1
30540,8123,1,8081,1,0,0,0,0,0,0,0,0,0,0,4,1,3,1
30541,8125,1,8082,1,0,0,0,0,0,0,0,0,0,0,4,1,3,1
30542,8126,1,8083,1,0,0,0,0,0,0,0,0,0,0,4,1,3,1
30543,8127,1,8084,1,0,0,0,0,0,0,0,0,0,0,4,1,3,1
30544,8129,1,8085,1,0,0,0,0,0,0,0,0,0,0,4,2,3,2
30545,8130,1,8086,1,0,0,0,0,0,0,0,0,0,0,4,2,3,2
30546,8131,1,8087,1,0,0,0,0,0,0,0,0,0,0,4,2,3,2
30547,8132,1,8088,1,0,0,0,0,0,0,0,0,0,0,4,2,3,2
30548,8133,1,8089,1,0,0,0,0,0,0,0,0,0,0,4,2,3,2
30549,8134,1,8090,1,0,0,0,0,0,0,0,0,0,0,4,2,3,2
30550,8091,1,8052,1,0,0,0,0,0,0,0,0,0,0,2,1,5,1
30551,8092,1,8053,1,0,0,0,0,0,0,0,0,0,0,2,1,5,1
30552,8093,1,8054,1,0,0,0,0,0,0,0,0,0,0,2,1,5,1
30553,8094,1,8055,1,0,0,0,0,0,0,0,0,0,0,2,1,5,1
30554,8095,1,8056,1,0,0,0,0,0,0,0,0,0,0,2,1,5,1
30555,8096,1,8057,1,0,0,0,0,0,0,0,0,0,0,2,1,5,1
30556,8097,1,8058,1,0,0,0,0,0,0,0,0,0,0,2,1,5,1
30557,8098,1,8059,1,0,0,0,0,0,0,0,0,0,0,2,1,5,1
30558,8099,1,8060,1,0,0,0,0,0,0,0,0,0,0,2,1,5,1
30559,8100,1,8061,1,0,0,0,0,0,0,0,0,0,0,2,1,5,1
30560,8101,1,8062,1,0,0,0,0,0,0,0,0,0,0,2,1,5,1
30561,8102,1,8063,1,0,0,0,0,0,0,0,0,0,0,2,1,5,1
30562,8103,1,8064,1,0,0,0,0,0,0,0,0,0,0,2,1,5,1
30563,8104,1,8065,1,0,0,0,0,0,0,0,0,0,0,2,1,5,1
30564,8105,1,8066,1,0,0,0,0,0,0,0,0,0,0,2,1,5,1
30565,8106,1,8067,1,0,0,0,0,0,0,0,0,0,0,2,1,5,1
30566,8107,1,8068,1,0,0,0,0,0,0,0,0,0,0,2,1,5,1
30567,8108,1,8069,1,0,0,0,0,0,0,0,0,0,0,2,1,5,1
30568,8109,1,8070,1,0,0,0,0,0,0,0,0,0,0,2,1,5,1
30569,8110,1,8071,1,0,0,0,0,0,0,0,0,0,0,2,1,5,1
30570,8112,1,8072,1,0,0,0,0,0,0,0,0,0,0,2,1,5,1
30571,8113,1,8073,1,0,0,0,0,0,0,0,0,0,0,2,1,5,1
30572,8114,1,8074,1,0,0,0,0,0,0,0,0,0,0,2,1,5,1
30573,8115,1,8075,1,0,0,0,0,0,0,0,0,0,0,2,1,5,1
30574,8117,1,8076,1,0,0,0,0,0,0,0,0,0,0,2,1,5,1
30575,8118,1,8077,1,0,0,0,0,0,0,0,0,0,0,2,1,5,1
30576,8120,1,8078,1,0,0,0,0,0,0,0,0,0,0,2,1,5,1
30577,8121,1,8079,1,0,0,0,0,0,0,0,0,0,0,2,1,5,1
30578,8122,1,8080,1,0,0,0,0,0,0,0,0,0,0,2,1,5,1
30579,8123,1,8081,1,0,0,0,0,0,0,0,0,0,0,2,1,5,1
30580,8125,1,8082,1,0,0,0,0,0,0,0,0,0,0,2,1,5,1
30581,8126,1,8083,1,0,0,0,0,0,0,0,0,0,0,2,1,5,1
30582,8127,1,8084,1,0,0,0,0,0,0,0,0,0,0,2,1,5,1
30583,8129,1,8085,1,0,0,0,0,0,0,0,0,0,0,2,2,5,2
30584,8130,1,8086,1,0,0,0,0,0,0,0,0,0,0,2,2,5,2
30585,8131,1,8087,1,0,0,0,0,0,0,0,0,0,0,2,2,5,2
30586,8132,1,8088,1,0,0,0,0,0,0,0,0,0,0,2,2,5,2
30587,8133,1,8089,1,0,0,0,0,0,0,0,0,0,0,2,2,5,2
30588,8134,1,8090,1,0,0,0,0,0,0,0,0,0,0,2,2,5,2
30589,8091,1,8052,1,0,0,0,0,0,0,0,0,0,0,3,1,5,1
30590,8092,1,8053,1,0,0,0,0,0,0,0,0,0,0,3,1,5,1
30591,8093,1,8054,1,0,0,0,0,0,0,0,0,0,0,3,1,5,1
30592,8094,1,8055,1,0,0,0,0,0,0,0,0,0,0,3,1,5,1
30593,8095,1,8056,1,0,0,0,0,0,0,0,0,0,0,3,1,5,1
30594,8096,1,8057,1,0,0,0,0,0,0,0,0,0,0,3,1,5,1
30595,8097,1,8058,1,0,0,0,0,0,0,0,0,0,0,3,1,5,1
30596,8098,1,8059,1,0,0,0,0,0,0,0,0,0,0,3,1,5,1
30597,8099,1,8060,1,0,0,0,0,0,0,0,0,0,0,3,1,5,1
30598,8100,1,8061,1,0,0,0,0,0,0,0,0,0,0,3,1,5,1
30599,8101,1,8062,1,0,0,0,0,0,0,0,0,0,0,3,1,5,1
30600,8102,1,8063,1,0,0,0,0,0,0,0,0,0,0,3,1,5,1
30601,8103,1,8064,1,0,0,0,0,0,0,0,0,0,0,3,1,5,1
30602,8104,1,8065,1,0,0,0,0,0,0,0,0,0,0,3,1,5,1
30603,8105,1,8066,1,0,0,0,0,0,0,0,0,0,0,3,1,5,1
30604,8106,1,8067,1,0,0,0,0,0,0,0,0,0,0,3,1,5,1
30605,8107,1,8068,1,0,0,0,0,0,0,0,0,0,0,3,1,5,1
30606,8108,1,8069,1,0,0,0,0,0,0,0,0,0,0,3,1,5,1
30607,8109,1,8070,1,0,0,0,0,0,0,0,0,0,0,3,1,5,1
30608,8110,1,8071,1,0,0,0,0,0,0,0,0,0,0,3,1,5,1
30609,8112,1,8072,1,0,0,0,0,0,0,0,0,0,0,3,1,5,1
30610,8113,1,8073,1,0,0,0,0,0,0,0,0,0,0,3,1,5,1
30611,8114,1,8074,1,0,0,0,0,0,0,0,0,0,0,3,1,5,1
30612,8115,1,8075,1,0,0,0,0,0,0,0,0,0,0,3,1,5,1
30613,8117,1,8076,1,0,0,0,0,0,0,0,0,0,0,3,1,5,1
30614,8118,1,8077,1,0,0,0,0,0,0,0,0,0,0,3,1,5,1
30615,8120,1,8078,1,0,0,0,0,0,0,0,0,0,0,3,1,5,1
30616,8121,1,8079,1,0,0,0,0,0,0,0,0,0,0,3,1,5,1
30617,8122,1,8080,1,0,0,0,0,0,0,0,0,0,0,3,1,5,1
30618,8123,1,8081,1,0,0,0,0,0,0,0,0,0,0,3,1,5,1
30619,8125,1,8082,1,0,0,0,0,0,0,0,0,0,0,3,1,5,1
30620,8126,1,8083,1,0,0,0,0,0,0,0,0,0,0,3,1,5,1
30621,8127,1,8084,1,0,0,0,0,0,0,0,0,0,0,3,1,5,1
30622,8129,1,8085,1,0,0,0,0,0,0,0,0,0,0,3,2,5,2
30623,8130,1,8086,1,0,0,0,0,0,0,0,0,0,0,3,2,5,2
30624,8131,1,8087,1,0,0,0,0,0,0,0,0,0,0,3,2,5,2
30625,8132,1,8088,1,0,0,0,0,0,0,0,0,0,0,3,2,5,2
30626,8133,1,8089,1,0,0,0,0,0,0,0,0,0,0,3,2,5,2
30627,8134,1,8090,1,0,0,0,0,0,0,0,0,0,0,3,2,5,2
30628,8091,1,8052,1,0,0,0,0,0,0,0,0,0,0,4,1,2,1
30629,8092,1,8053,1,0,0,0,0,0,0,0,0,0,0,4,1,2,1
30630,8093,1,8054,1,0,0,0,0,0,0,0,0,0,0,4,1,2,1
30631,8094,1,8055,1,0,0,0,0,0,0,0,0,0,0,4,1,2,1
30632,8095,1,8056,1,0,0,0,0,0,0,0,0,0,0,4,1,2,1
30633,8096,1,8057,1,0,0,0,0,0,0,0,0,0,0,4,1,2,1
30634,8097,1,8058,1,0,0,0,0,0,0,0,0,0,0,4,1,2,1
30635,8098,1,8059,1,0,0,0,0,0,0,0,0,0,0,4,1,2,1
30636,8099,1,8060,1,0,0,0,0,0,0,0,0,0,0,4,1,2,1
30637,8100,1,8061,1,0,0,0,0,0,0,0,0,0,0,4,1,2,1
30638,8101,1,8062,1,0,0,0,0,0,0,0,0,0,0,4,1,2,1
30639,8102,1,8063,1,0,0,0,0,0,0,0,0,0,0,4,1,2,1
30640,8103,1,8064,1,0,0,0,0,0,0,0,0,0,0,4,1,2,1
30641,8104,1,8065,1,0,0,0,0,0,0,0,0,0,0,4,1,2,1
30642,8105,1,8066,1,0,0,0,0,0,0,0,0,0,0,4,1,2,1
30643,8106,1,8067,1,0,0,0,0,0,0,0,0,0,0,4,1,2,1
30644,8107,1,8068,1,0,0,0,0,0,0,0,0,0,0,4,1,2,1
30645,8108,1,8069,1,0,0,0,0,0,0,0,0,0,0,4,1,2,1
30646,8109,1,8070,1,0,0,0,0,0,0,0,0,0,0,4,1,2,1
30647,8110,1,8071,1,0,0,0,0,0,0,0,0,0,0,4,1,2,1
30648,8112,1,8072,1,0,0,0,0,0,0,0,0,0,0,4,1,2,1
30649,8113,1,8073,1,0,0,0,0,0,0,0,0,0,0,4,1,2,1
30650,8114,1,8074,1,0,0,0,0,0,0,0,0,0,0,4,1,2,1
30651,8115,1,8075,1,0,0,0,0,0,0,0,0,0,0,4,1,2,1
30652,8117,1,8076,1,0,0,0,0,0,0,0,0,0,0,4,1,2,1
30653,8118,1,8077,1,0,0,0,0,0,0,0,0,0,0,4,1,2,1
30654,8120,1,8078,1,0,0,0,0,0,0,0,0,0,0,4,1,2,1
30655,8121,1,8079,1,0,0,0,0,0,0,0,0,0,0,4,1,2,1
30656,8122,1,8080,1,0,0,0,0,0,0,0,0,0,0,4,1,2,1
30657,8123,1,8081,1,0,0,0,0,0,0,0,0,0,0,4,1,2,1
30658,8125,1,8082,1,0,0,0,0,0,0,0,0,0,0,4,1,2,1
30659,8126,1,8083,1,0,0,0,0,0,0,0,0,0,0,4,1,2,1
30660,8127,1,8084,1,0,0,0,0,0,0,0,0,0,0,4,1,2,1
30661,8129,1,8085,1,0,0,0,0,0,0,0,0,0,0,4,2,2,2
30662,8130,1,8086,1,0,0,0,0,0,0,0,0,0,0,4,2,2,2
30663,8131,1,8087,1,0,0,0,0,0,0,0,0,0,0,4,2,2,2
30664,8132,1,8088,1,0,0,0,0,0,0,0,0,0,0,4,2,2,2
30665,8133,1,8089,1,0,0,0,0,0,0,0,0,0,0,4,2,2,2
30666,8134,1,8090,1,0,0,0,0,0,0,0,0,0,0,4,2,2,2
30667,8091,1,8052,1,0,0,0,0,0,0,0,0,0,0,5,1,4,1
30668,8092,1,8053,1,0,0,0,0,0,0,0,0,0,0,5,1,4,1
30669,8093,1,8054,1,0,0,0,0,0,0,0,0,0,0,5,1,4,1
30670,8094,1,8055,1,0,0,0,0,0,0,0,0,0,0,5,1,4,1
30671,8095,1,8056,1,0,0,0,0,0,0,0,0,0,0,5,1,4,1
30672,8096,1,8057,1,0,0,0,0,0,0,0,0,0,0,5,1,4,1
30673,8097,1,8058,1,0,0,0,0,0,0,0,0,0,0,5,1,4,1
30674,8098,1,8059,1,0,0,0,0,0,0,0,0,0,0,5,1,4,1
30675,8099,1,8060,1,0,0,0,0,0,0,0,0,0,0,5,1,4,1
30676,8100,1,8061,1,0,0,0,0,0,0,0,0,0,0,5,1,4,1
30677,8101,1,8062,1,0,0,0,0,0,0,0,0,0,0,5,1,4,1
30678,8102,1,8063,1,0,0,0,0,0,0,0,0,0,0,5,1,4,1
30679,8103,1,8064,1,0,0,0,0,0,0,0,0,0,0,5,1,4,1
30680,8104,1,8065,1,0,0,0,0,0,0,0,0,0,0,5,1,4,1
30681,8105,1,8066,1,0,0,0,0,0,0,0,0,0,0,5,1,4,1
30682,8106,1,8067,1,0,0,0,0,0,0,0,0,0,0,5,1,4,1
30683,8107,1,8068,1,0,0,0,0,0,0,0,0,0,0,5,1,4,1
30684,8108,1,8069,1,0,0,0,0,0,0,0,0,0,0,5,1,4,1
30685,8109,1,8070,1,0,0,0,0,0,0,0,0,0,0,5,1,4,1
30686,8110,1,8071,1,0,0,0,0,0,0,0,0,0,0,5,1,4,1
30687,8112,1,8072,1,0,0,0,0,0,0,0,0,0,0,5,1,4,1
30688,8113,1,8073,1,0,0,0,0,0,0,0,0,0,0,5,1,4,1
30689,8114,1,8074,1,0,0,0,0,0,0,0,0,0,0,5,1,4,1
30690,8115,1,8075,1,0,0,0,0,0,0,0,0,0,0,5,1,4,1
30691,8117,1,8076,1,0,0,0,0,0,0,0,0,0,0,5,1,4,1
30692,8118,1,8077,1,0,0,0,0,0,0,0,0,0,0,5,1,4,1
30693,8120,1,8078,1,0,0,0,0,0,0,0,0,0,0,5,1,4,1
30694,8121,1,8079,1,0,0,0,0,0,0,0,0,0,0,5,1,4,1
30695,8122,1,8080,1,0,0,0,0,0,0,0,0,0,0,5,1,4,1
30696,8123,1,8081,1,0,0,0,0,0,0,0,0,0,0,5,1,4,1
30697,8125,1,8082,1,0,0,0,0,0,0,0,0,0,0,5,1,4,1
30698,8126,1,8083,1,0,0,0,0,0,0,0,0,0,0,5,1,4,1
30699,8127,1,8084,1,0,0,0,0,0,0,0,0,0,0,5,1,4,1
30700,8129,1,8085,1,0,0,0,0,0,0,0,0,0,0,5,2,4,2
30701,8130,1,8086,1,0,0,0,0,0,0,0,0,0,0,5,2,4,2
30702,8131,1,8087,1,0,0,0,0,0,0,0,0,0,0,5,2,4,2
30703,8132,1,8088,1,0,0,0,0,0,0,0,0,0,0,5,2,4,2
30704,8133,1,8089,1,0,0,0,0,0,0,0,0,0,0,5,2,4,2
30705,8134,1,8090,1,0,0,0,0,0,0,0,0,0,0,5,2,4,2
30706,8091,1,8052,1,0,0,0,0,0,0,0,0,0,0,6,1,4,1
30707,8092,1,8053,1,0,0,0,0,0,0,0,0,0,0,6,1,4,1
30708,8093,1,8054,1,0,0,0,0,0,0,0,0,0,0,6,1,4,1
30709,8094,1,8055,1,0,0,0,0,0,0,0,0,0,0,6,1,4,1
30710,8095,1,8056,1,0,0,0,0,0,0,0,0,0,0,6,1,4,1
30711,8096,1,8057,1,0,0,0,0,0,0,0,0,0,0,6,1,4,1
30712,8097,1,8058,1,0,0,0,0,0,0,0,0,0,0,6,1,4,1
30713,8098,1,8059,1,0,0,0,0,0,0,0,0,0,0,6,1,4,1
30714,8099,1,8060,1,0,0,0,0,0,0,0,0,0,0,6,1,4,1
30715,8100,1,8061,1,0,0,0,0,0,0,0,0,0,0,6,1,4,1
30716,8101,1,8062,1,0,0,0,0,0,0,0,0,0,0,6,1,4,1
30717,8102,1,8063,1,0,0,0,0,0,0,0,0,0,0,6,1,4,1
30718,8103,1,8064,1,0,0,0,0,0,0,0,0,0,0,6,1,4,1
30719,8104,1,8065,1,0,0,0,0,0,0,0,0,0,0,6,1,4,1
30720,8105,1,8066,1,0,0,0,0,0,0,0,0,0,0,6,1,4,1
30721,8106,1,8067,1,0,0,0,0,0,0,0,0,0,0,6,1,4,1
30722,8107,1,8068,1,0,0,0,0,0,0,0,0,0,0,6,1,4,1
30723,8108,1,8069,1,0,0,0,0,0,0,0,0,0,0,6,1,4,1
30724,8109,1,8070,1,0,0,0,0,0,0,0,0,0,0,6,1,4,1
30725,8110,1,8071,1,0,0,0,0,0,0,0,0,0,0,6,1,4,1
30726,8112,1,8072,1,0,0,0,0,0,0,0,0,0,0,6,1,4,1
30727,8113,1,8073,1,0,0,0,0,0,0,0,0,0,0,6,1,4,1
30728,8114,1,8074,1,0,0,0,0,0,0,0,0,0,0,6,1,4,1
30729,8115,1,8075,1,0,0,0,0,0,0,0,0,0,0,6,1,4,1
30730,8117,1,8076,1,0,0,0,0,0,0,0,0,0,0,6,1,4,1
30731,8118,1,8077,1,0,0,0,0,0,0,0,0,0,0,6,1,4,1
30732,8120,1,8078,1,0,0,0,0,0,0,0,0,0,0,6,1,4,1
30733,8121,1,8079,1,0,0,0,0,0,0,0,0,0,0,6,1,4,1
30734,8122,1,8080,1,0,0,0,0,0,0,0,0,0,0,6,1,4,1
30735,8123,1,8081,1,0,0,0,0,0,0,0,0,0,0,6,1,4,1
30736,8125,1,8082,1,0,0,0,0,0,0,0,0,0,0,6,1,4,1
30737,8126,1,8083,1,0,0,0,0,0,0,0,0,0,0,6,1,4,1
30738,8127,1,8084,1,0,0,0,0,0,0,0,0,0,0,6,1,4,1
30739,8129,1,8085,1,0,0,0,0,0,0,0,0,0,0,6,2,4,2
30740,8130,1,8086,1,0,0,0,0,0,0,0,0,0,0,6,2,4,2
30741,8131,1,8087,1,0,0,0,0,0,0,0,0,0,0,6,2,4,2
30742,8132,1,8088,1,0,0,0,0,0,0,0,0,0,0,6,2,4,2
30743,8133,1,8089,1,0,0,0,0,0,0,0,0,0,0,6,2,4,2
30744,8134,1,8090,1,0,0,0,0,0,0,0,0,0,0,6,2,4,2
30745,8091,1,8052,1,0,0,0,0,0,0,0,0,0,0,7,1,6,1
30746,8092,1,8053,1,0,0,0,0,0,0,0,0,0,0,7,1,6,1
30747,8093,1,8054,1,0,0,0,0,0,0,0,0,0,0,7,1,6,1
30748,8094,1,8055,1,0,0,0,0,0,0,0,0,0,0,7,1,6,1
30749,8095,1,8056,1,0,0,0,0,0,0,0,0,0,0,7,1,6,1
30750,8096,1,8057,1,0,0,0,0,0,0,0,0,0,0,7,1,6,1
30751,8097,1,8058,1,0,0,0,0,0,0,0,0,0,0,7,1,6,1
30752,8098,1,8059,1,0,0,0,0,0,0,0,0,0,0,7,1,6,1
30753,8099,1,8060,1,0,0,0,0,0,0,0,0,0,0,7,1,6,1
30754,8100,1,8061,1,0,0,0,0,0,0,0,0,0,0,7,1,6,1
30755,8101,1,8062,1,0,0,0,0,0,0,0,0,0,0,7,1,6,1
30756,8102,1,8063,1,0,0,0,0,0,0,0,0,0,0,7,1,6,1
30757,8103,1,8064,1,0,0,0,0,0,0,0,0,0,0,7,1,6,1
30758,8104,1,8065,1,0,0,0,0,0,0,0,0,0,0,7,1,6,1
30759,8105,1,8066,1,0,0,0,0,0,0,0,0,0,0,7,1,6,1
30760,8106,1,8067,1,0,0,0,0,0,0,0,0,0,0,7,1,6,1
30761,8107,1,8068,1,0,0,0,0,0,0,0,0,0,0,7,1,6,1
30762,8108,1,8069,1,0,0,0,0,0,0,0,0,0,0,7,1,6,1
30763,8109,1,8070,1,0,0,0,0,0,0,0,0,0,0,7,1,6,1
30764,8110,1,8071,1,0,0,0,0,0,0,0,0,0,0,7,1,6,1
30765,8112,1,8072,1,0,0,0,0,0,0,0,0,0,0,7,1,6,1
30766,8113,1,8073,1,0,0,0,0,0,0,0,0,0,0,7,1,6,1
30767,8114,1,8074,1,0,0,0,0,0,0,0,0,0,0,7,1,6,1
30768,8115,1,8075,1,0,0,0,0,0,0,0,0,0,0,7,1,6,1
30769,8117,1,8076,1,0,0,0,0,0,0,0,0,0,0,7,1,6,1
30770,8118,1,8077,1,0,0,0,0,0,0,0,0,0,0,7,1,6,1
30771,8120,1,8078,1,0,0,0,0,0,0,0,0,0,0,7,1,6,1
30772,8121,1,8079,1,0,0,0,0,0,0,0,0,0,0,7,1,6,1
30773,8122,1,8080,1,0,0,0,0,0,0,0,0,0,0,7,1,6,1
30774,8123,1,8081,1,0,0,0,0,0,0,0,0,0,0,7,1,6,1
30775,8125,1,8082,1,0,0,0,0,0,0,0,0,0,0,7,1,6,1
30776,8126,1,8083,1,0,0,0,0,0,0,0,0,0,0,7,1,6,1
30777,8127,1,8084,1,0,0,0,0,0,0,0,0,0,0,7,1,6,1
30778,8129,1,8085,1,0,0,0,0,0,0,0,0,0,0,7,2,6,2
30779,8130,1,8086,1,0,0,0,0,0,0,0,0,0,0,7,2,6,2
30780,8131,1,8087,1,0,0,0,0,0,0,0,0,0,0,7,2,6,2
30781,8132,1,8088,1,0,0,0,0,0,0,0,0,0,0,7,2,6,2
30782,8133,1,8089,1,0,0,0,0,0,0,0,0,0,0,7,2,6,2
30783,8134,1,8090,1,0,0,0,0,0,0,0,0,0,0,7,2,6,2
30784,8091,1,8052,1,0,0,0,0,0,0,0,0,0,0,2,1,7,1
30785,8092,1,8053,1,0,0,0,0,0,0,0,0,0,0,2,1,7,1
30786,8093,1,8054,1,0,0,0,0,0,0,0,0,0,0,2,1,7,1
30787,8094,1,8055,1,0,0,0,0,0,0,0,0,0,0,2,1,7,1
30788,8095,1,8056,1,0,0,0,0,0,0,0,0,0,0,2,1,7,1
30789,8096,1,8057,1,0,0,0,0,0,0,0,0,0,0,2,1,7,1
30790,8097,1,8058,1,0,0,0,0,0,0,0,0,0,0,2,1,7,1
30791,8098,1,8059,1,0,0,0,0,0,0,0,0,0,0,2,1,7,1
30792,8099,1,8060,1,0,0,0,0,0,0,0,0,0,0,2,1,7,1
30793,8100,1,8061,1,0,0,0,0,0,0,0,0,0,0,2,1,7,1
30794,8101,1,8062,1,0,0,0,0,0,0,0,0,0,0,2,1,7,1
30795,8102,1,8063,1,0,0,0,0,0,0,0,0,0,0,2,1,7,1
30796,8103,1,8064,1,0,0,0,0,0,0,0,0,0,0,2,1,7,1
30797,8104,1,8065,1,0,0,0,0,0,0,0,0,0,0,2,1,7,1
30798,8105,1,8066,1,0,0,0,0,0,0,0,0,0,0,2,1,7,1
30799,8106,1,8067,1,0,0,0,0,0,0,0,0,0,0,2,1,7,1
30800,8107,1,8068,1,0,0,0,0,0,0,0,0,0,0,2,1,7,1
30801,8108,1,8069,1,0,0,0,0,0,0,0,0,0,0,2,1,7,1
30802,8109,1,8070,1,0,0,0,0,0,0,0,0,0,0,2,1,7,1
30803,8110,1,8071,1,0,0,0,0,0,0,0,0,0,0,2,1,7,1
30804,8112,1,8072,1,0,0,0,0,0,0,0,0,0,0,2,1,7,1
30805,8113,1,8073,1,0,0,0,0,0,0,0,0,0,0,2,1,7,1
30806,8114,1,8074,1,0,0,0,0,0,0,0,0,0,0,2,1,7,1
30807,8115,1,8075,1,0,0,0,0,0,0,0,0,0,0,2,1,7,1
30808,8117,1,8076,1,0,0,0,0,0,0,0,0,0,0,2,1,7,1
30809,8118,1,8077,1,0,0,0,0,0,0,0,0,0,0,2,1,7,1
30810,8120,1,8078,1,0,0,0,0,0,0,0,0,0,0,2,1,7,1
30811,8121,1,8079,1,0,0,0,0,0,0,0,0,0,0,2,1,7,1
30812,8122,1,8080,1,0,0,0,0,0,0,0,0,0,0,2,1,7,1
30813,8123,1,8081,1,0,0,0,0,0,0,0,0,0,0,2,1,7,1
30814,8125,1,8082,1,0,0,0,0,0,0,0,0,0,0,2,1,7,1
30815,8126,1,8083,1,0,0,0,0,0,0,0,0,0,0,2,1,7,1
30816,8127,1,8084,1,0,0,0,0,0,0,0,0,0,0,2,1,7,1
30817,8129,1,8085,1,0,0,0,0,0,0,0,0,0,0,2,2,7,2
30818,8130,1,8086,1,0,0,0,0,0,0,0,0,0,0,2,2,7,2
30819,8131,1,8087,1,0,0,0,0,0,0,0,0,0,0,2,2,7,2
30820,8132,1,8088,1,0,0,0,0,0,0,0,0,0,0,2,2,7,2
30821,8133,1,8089,1,0,0,0,0,0,0,0,0,0,0,2,2,7,2
30822,8134,1,8090,1,0,0,0,0,0,0,0,0,0,0,2,2,7,2
30823,8705,1,5512,2,5105,1,5533,1,8149,2,0,0,0,0,16,1,14,1
30824,0,0,0,0,0,0,0,0,0,0,0,0,0,0,0,0,0,0
30825,9225,1,9375,1,7620,9,0,0,0,0,0,0,0,0,19,1,18,1
30826,9256,1,7807,1,8029,1,7609,1,5330,1,5060,1,0,0,13,7,12,5
30827,9359,1,5120,3,0,0,0,0,0,0,0,0,0,0,16,2,14,1
30828,9333,3,7602,1,4923,1,7593,1,4836,1,6152,1,0,0,14,2,19,1
30829,9334,3,7603,1,4899,1,6147,2,4857,1,4830,1,4829,1,14,2,19,1
30830,9307,1,7607,1,5379,1,5486,1,9356,6,0,0,0,0,14,2,17,1
30831,9308,1,7607,1,5060,1,5288,1,9356,6,0,0,0,0,14,2,17,1
30832,9309,1,7607,1,5060,1,5486,1,9356,6,0,0,0,0,14,2,17,1
30833,9310,1,7606,1,5067,1,5158,1,9356,6,0,0,0,0,16,2,15,1
30834,9311,1,7607,1,5379,1,5486,1,9356,6,0,0,0,0,14,2,17,1
30835,9312,1,7606,1,5379,1,5094,1,9356,6,0,0,0,0,16,2,15,1
30836,9313,1,7607,1,5379,1,5059,1,9356,6,0,0,0,0,14,2,17,1
30837,9314,1,7607,1,5379,1,5262,1,9356,6,0,0,0,0,14,2,17,1
30838,9315,1,7607,1,5379,1,5505,1,9356,6,0,0,0,0,14,2,17,1
30839,9316,1,7607,1,5379,1,5262,1,9356,6,0,0,0,0,14,2,17,1
30840,9283,1,5330,2,5328,1,5338,1,8149,1,0,0,0,0,18,1,16,1
30841,9284,1,5330,1,5328,2,5338,1,8149,1,0,0,0,0,18,1,16,1
30842,9285,1,5289,1,5328,1,8149,1,0,0,0,0,0,0,17,1,16,1
30843,9286,1,5330,2,5338,2,8149,1,0,0,0,0,0,0,18,1,16,1
30844,9287,1,5330,1,5338,2,8149,1,0,0,0,0,0,0,18,1,16,1
30845,9288,1,5289,1,5378,1,8149,1,0,0,0,0,0,0,17,1,16,1
30846,9291,1,5289,1,5322,1,5338,1,5060,1,8149,1,0,0,17,1,16,1
30847,9234,1,8151,3,8147,10,6159,1,7607,3,5059,1,0,0,8,12,-1,0
30848,9235,1,8152,3,8147,10,6161,1,7607,3,5066,1,0,0,10,12,-1,0
30849,9236,1,8153,3,8147,10,6163,1,7807,10,5486,1,0,0,11,12,-1,0
30850,9237,1,8154,3,8147,10,7161,1,7607,3,5066,1,0,0,14,2,17,1
30851,0,0,0,0,0,0,0,0,0,0,0,0,0,0,0,0,0,0
30852,0,0,0,0,0,0,0,0,0,0,0,0,0,0,0,0,0,0
30853,0,0,0,0,0,0,0,0,0,0,0,0,0,0,0,0,0,0
30854,0,0,0,0,0,0,0,0,0,0,0,0,0,0,0,0,0,0
30855,0,0,0,0,0,0,0,0,0,0,0,0,0,0,0,0,0,0
30856,0,0,0,0,0,0,0,0,0,0,0,0,0,0,0,0,0,0
30857,0,0,0,0,0,0,0,0,0,0,0,0,0,0,0,0,0,0
30858,0,0,0,0,0,0,0,0,0,0,0,0,0,0,0,0,0,0
30859,9358,1,9363,1,9368,1,0,0,0,0,0,0,0,0,14,2,17,2
30860,9360,1,5120,2,9369,9,0,0,0,0,0,0,0,0,16,2,14,2
30861,5377,1,5394,2,9366,9,0,0,0,0,0,0,0,0,16,2,15,2
30862,9361,1,9364,1,9370,1,0,0,0,0,0,0,0,0,17,2,16,2
30863,9362,1,9365,1,9367,1,0,0,0,0,0,0,0,0,18,2,16,2
30864,9330,3,9372,1,4751,1,4852,1,4848,1,4828,1,6153,1,14,2,19,2
30865,9331,3,9371,1,4824,1,4751,1,6149,1,6152,2,0,0,14,2,19,2
30866,9332,3,9366,1,5025,1,6153,1,6152,1,0,0,0,0,14,2,19,2
30867,9335,3,9371,1,9357,1,7593,1,4829,1,6152,1,4830,1,14,2,19,2
30868,9026,1,9358,3,9359,1,8029,1,5085,1,0,0,0,0,15,2,17,2
30869,9027,1,9358,5,9359,1,8029,1,5085,1,5288,1,0,0,15,2,17,2
30870,9028,1,9358,3,9359,1,8029,1,5288,1,0,0,0,0,15,2,17,2
30871,9029,1,9361,5,9359,1,7609,1,5085,1,5338,1,0,0,17,2,16,2
30872,9030,1,9358,3,9359,1,8029,1,5288,1,0,0,0,0,15,2,17,2
30873,0,0,0,0,0,0,0,0,0,0,0,0,0,0,15,2,17,2
30874,9036,1,9358,3,9359,1,7607,1,5061,1,0,0,0,0,15,2,17,2
30875,9037,1,9358,5,9359,1,7607,1,5061,1,5288,1,0,0,15,2,17,2
30876,9038,1,9358,3,9359,1,7607,1,5288,1,0,0,0,0,15,2,17,2
30877,9039,1,9361,5,9359,1,7609,1,5061,1,5338,1,0,0,17,2,16,2
30878,9040,1,9358,3,9359,1,7607,1,5288,1,0,0,0,0,15,2,17,2
30879,0,0,0,0,0,0,0,0,0,0,0,0,0,0,17,2,16,2
30880,9042,1,9362,3,9359,1,5189,1,5206,1,0,0,0,0,18,2,16,2
30881,9043,1,9362,5,9359,1,5190,1,5288,1,5338,1,0,0,18,2,16,2
30882,9044,1,9362,3,9359,1,7609,1,5338,1,0,0,0,0,18,2,16,2
30883,9045,1,9362,5,9359,1,7609,1,5288,1,5338,1,0,0,18,2,16,2
30884,9046,1,9361,1,9359,1,5377,2,7608,1,5338,1,0,0,17,2,16,2
30885,0,0,0,0,0,0,0,0,0,0,0,0,0,0,17,2,16,2
30886,9052,1,9361,3,9359,1,7608,1,5068,1,0,0,0,0,17,2,16,2
30887,9053,1,9361,5,9359,1,5192,1,5068,1,5338,1,0,0,17,2,16,2
30888,9054,1,9361,3,9359,1,7609,1,5338,1,0,0,0,0,17,2,16,2
30889,9055,1,9361,5,9359,1,7609,1,5338,2,0,0,0,0,17,2,16,2
30890,9056,1,9361,3,9359,1,7608,1,5338,1,0,0,0,0,17,2,16,2
30891,0,0,0,0,0,0,0,0,0,0,0,0,0,0,18,2,16,2
30892,9062,1,9360,3,9359,1,7607,1,5338,1,0,0,0,0,16,2,14,2
30893,9063,1,9362,5,9359,1,5191,1,5068,1,5338,1,0,0,18,2,16,2
30894,9064,1,9361,3,9359,1,7609,1,5338,1,0,0,0,0,17,2,16,2
30895,9065,1,9362,5,9359,1,7608,1,5288,2,0,0,0,0,18,2,16,2
30896,9066,1,9361,3,9359,1,7609,1,5338,1,0,0,0,0,17,2,16,2
30897,0,0,0,0,0,0,0,0,0,0,0,0,0,0,17,2,16,2
30898,9072,1,9360,3,9359,1,7607,1,5338,1,0,0,0,0,16,2,14,2
30899,9073,1,9362,5,9359,1,5191,1,5068,1,5338,1,0,0,18,2,16,2
30900,9074,1,9361,3,9359,1,7609,1,5338,1,0,0,0,0,17,2,16,2
30901,9075,1,9362,5,9359,1,7608,1,5288,2,0,0,0,0,18,2,16,2
30902,9076,1,9361,3,9359,1,7609,1,5338,1,0,0,0,0,17,2,16,2
30903,0,0,0,0,0,0,0,0,0,0,0,0,0,0,17,2,16,2
30904,9300,1,8155,1,9359,1,5289,1,5338,2,9356,3,0,0,17,2,16,2
30905,9301,1,8155,1,9359,1,5330,1,5288,2,9356,3,0,0,18,2,16,2
30906,9302,1,8155,1,9359,1,5379,1,5288,2,9356,3,0,0,16,2,15,2
30907,9303,1,8155,1,9359,1,5330,1,5338,2,9356,3,0,0,18,2,16,2
30908,9304,1,8155,1,9359,1,5289,1,5338,2,9356,3,0,0,17,2,16,2
30909,9305,1,8155,1,9359,1,5330,1,5288,2,9356,3,0,0,18,2,16,2
30910,9306,1,8155,1,9359,1,5289,1,5338,2,9356,3,0,0,17,2,16,2
30911,9485,1,9362,3,9359,1,5187,1,5204,1,0,0,0,0,18,2,16,2
30912,9486,1,9362,5,9359,1,5190,1,5288,1,5338,1,0,0,18,2,16,2
30913,9487,1,9362,3,9359,1,7609,1,5338,1,0,0,0,0,18,2,16,2
30914,9488,1,9362,5,9359,1,7609,1,5288,1,5338,1,0,0,18,2,16,2
30915,9489,1,9361,1,9359,1,5377,2,7608,1,5338,1,0,0,17,2,16,2
30916,0,0,0,0,0,0,0,0,0,0,0,0,0,0,17,2,16,2
30917,9510,1,9522,1,9521,1,5262,1,0,0,0,0,0,0,16,2,14,1
30918,9511,1,9523,1,9518,2,5526,1,0,0,0,0,0,0,16,2,15,1
30919,9512,1,9524,1,9521,1,5374,1,0,0,0,0,0,0,15,2,17,1
30920,9513,1,9525,1,9518,2,5284,1,0,0,0,0,0,0,14,2,17,1
30921,9514,1,9526,1,9519,2,5486,1,0,0,0,0,0,0,17,2,16,1
30922,9515,1,9527,1,7951,1,5272,1,0,0,0,0,0,0,19,2,18,1
30923,9516,1,9528,1,7916,1,4861,1,4853,1,4830,1,4831,1,14,2,19,1
30924,9517,1,9529,1,9519,2,5336,1,5491,1,0,0,0,0,18,2,16,1
30925,10100,1,10112,3,7596,1,7590,1,0,0,0,0,0,0,16,3,15,2
30926,10101,1,10113,3,7597,1,7588,1,0,0,0,0,0,0,14,3,17,2
30927,10102,1,10114,3,7597,1,7588,1,0,0,0,0,0,0,15,3,17,2
30928,10103,1,10115,3,7601,1,5262,1,5260,1,0,0,0,0,16,3,14,2
30929,10104,1,10116,3,7599,1,7591,1,0,0,0,0,0,0,17,3,16,2
30930,10105,1,10117,3,7600,1,7620,1,0,0,0,0,0,0,18,3,16,2
30931,10106,1,10118,3,7598,1,5562,2,0,0,0,0,0,0,19,3,18,2
30932,10107,1,10119,3,7605,1,4841,1,4777,4,4829,2,0,0,14,3,19,2
30933,9373,1,5120,1,6154,1,5274,1,0,0,0,0,0,0,19,3,18,2
30934,7059,3,5547,2,5537,2,8146,1,8149,1,0,0,0,0,13,3,12,2
30935,10086,3,10093,2,10096,2,9376,1,0,0,0,0,0,0,19,2,18,2
30936,10052,1,8155,1,9359,1,5330,1,5338,2,9356,3,0,0,18,2,16,2
30937,9082,1,9376,2,8147,1,9358,2,8029,1,5288,1,0,0,15,2,17,2
30938,9083,1,9376,1,8147,2,9358,3,9359,1,5068,1,0,0,14,2,17,2
30939,9084,1,9376,3,8147,3,9358,3,9361,2,7606,1,0,0,14,2,17,2
30940,9085,1,9376,3,8147,3,9358,3,5377,2,5192,1,0,0,14,2,17,2
30941,9086,1,9376,3,8147,3,5377,3,9358,2,5069,1,0,0,16,2,15,2
30942,9087,1,9376,3,8147,3,5377,3,9358,2,5187,1,0,0,16,2,15,2
30943,9088,1,9376,3,8147,3,9358,3,9360,2,5069,1,0,0,14,2,17,2
30944,9089,1,9376,3,8147,3,5377,3,9360,2,5188,1,0,0,16,2,15,2
30945,9090,1,9376,3,8147,3,5377,3,9360,2,5191,1,0,0,16,2,15,2
30946,9091,1,9376,3,8147,3,9373,1,9361,2,9358,3,0,0,19,2,18,2
30947,9092,1,9376,3,8147,3,9373,1,9361,2,5377,3,0,0,19,2,18,2
30948,9032,1,9376,1,8147,2,9360,3,5190,2,0,0,0,0,16,2,14,2
30949,9033,1,9376,1,8147,2,9360,3,5190,2,0,0,0,0,16,2,14,2
30950,9034,1,9376,1,8147,2,9360,3,5188,1,7609,1,0,0,16,2,14,2
30951,9035,1,9376,1,8147,2,9360,3,5190,1,5069,1,0,0,16,2,14,2
30952,9048,1,9376,1,8147,2,9360,3,5187,2,0,0,0,0,16,2,14,2
30953,9049,1,9376,1,8147,2,9360,3,5187,2,0,0,0,0,16,2,14,2
30954,9050,1,9376,1,8147,2,9360,3,5187,1,7609,1,0,0,16,2,14,2
30955,9051,1,9376,1,8147,2,9360,3,5187,1,5069,1,0,0,16,2,14,2
30956,9058,1,9376,1,8147,2,9360,3,5191,2,0,0,0,0,16,2,14,2
30957,9059,1,9376,1,8147,2,9360,3,5191,2,0,0,0,0,16,2,14,2
30958,9060,1,9376,1,8147,2,9360,3,5191,1,7609,1,0,0,16,2,14,2
30959,9061,1,9376,1,8147,2,9360,3,5191,1,5069,1,0,0,16,2,14,2
30960,9068,1,9376,1,8147,2,9360,3,5189,2,0,0,0,0,16,2,14,2
30961,9069,1,9376,1,8147,2,9360,3,5189,2,0,0,0,0,16,2,14,2
30962,9070,1,9376,1,8147,2,9360,3,5189,1,7609,1,0,0,16,2,14,2
30963,9071,1,9376,1,8147,2,9360,3,5189,1,5069,1,0,0,16,2,14,2
30964,9078,1,9376,1,8147,2,9360,3,5192,2,0,0,0,0,16,2,14,2
30965,9079,1,9376,1,8147,2,9360,3,5192,2,0,0,0,0,16,2,14,2
30966,9080,1,9376,1,8147,2,9360,3,5192,1,7609,1,0,0,16,2,14,2
30967,9081,1,9376,1,8147,2,9360,3,5192,1,5069,1,0,0,16,2,14,2
30968,10349,1,12657,3,5998,6,12583,3,12592,2,8149,4,0,0,16,2,15,1
30969,10350,1,12258,1,5998,4,12583,3,12521,2,8149,4,0,0,16,2,15,1
30970,10351,1,12259,1,5998,4,12583,3,12522,2,8150,5,0,0,16,2,15,1
30971,10373,1,10335,1,10386,5,0,0,0,0,0,0,0,0,10,5,9,5
30972,10609,1,12583,1,12526,3,12566,1,5508,1,0,0,0,0,16,2,15,1
30973,10615,1,12583,2,12586,1,12522,3,12596,1,12530,1,0,0,16,2,15,1
30974,10639,1,12583,2,12586,1,12522,1,12562,1,12545,2,12608,1,16,2,15,1
30975,11914,1,12583,1,12586,2,12522,2,12592,1,0,0,0,0,16,2,15,1
30976,11930,1,12584,2,12523,1,12540,2,12938,2,8150,3,0,0,16,2,15,2
30977,11938,1,12584,3,12530,3,12938,2,8150,3,0,0,0,0,16,2,15,2
30978,12013,1,12584,2,7017,1,12940,1,8150,2,0,0,0,0,16,2,15,2
30979,12016,1,12584,2,7017,1,12939,1,8150,2,0,0,0,0,16,2,15,2
30980,12022,1,12584,1,7017,1,12939,1,8150,1,0,0,0,0,16,2,15,2
30981,12055,1,12648,1,12649,1,12583,3,7775,1,12937,1,0,0,4,99,-1,0
30982,12087,1,12653,3,12583,3,5330,3,12544,5,12522,2,0,0,16,2,15,1
30983,12104,1,12254,2,12583,5,12526,2,12522,2,9376,2,0,0,16,2,15,1
30984,12105,1,12255,2,12584,3,12583,2,12526,2,12522,2,9376,3,16,2,15,2
30985,12232,1,12221,3,5532,9,0,0,0,0,0,0,0,0,16,2,15,1
30986,12584,3,12583,2,12933,5,12606,1,0,0,0,0,0,0,16,2,15,2
30987,10373,1,10335,1,10386,5,0,0,0,0,0,0,0,0,8,5,11,5
30988,10408,1,8151,3,8147,10,6159,1,7607,3,5059,1,0,0,8,12,-1,0
30989,10409,1,8152,3,8147,10,6161,1,7607,3,5059,1,0,0,10,12,-1,0
30990,10411,1,8154,3,8147,10,7161,1,7607,3,5066,1,0,0,14,2,17,1
30991,10412,1,9376,3,8147,3,9358,3,9360,3,5068,1,0,0,14,2,17,2
30992,0,0,0,0,0,0,0,0,0,0,0,0,0,0,0,0,0,0
30993,10470,1,8151,3,8147,10,6159,1,7607,3,5125,2,12611,1,8,12,-1,0
30994,10471,1,8152,3,8147,10,6161,1,7607,3,5125,2,12611,1,10,12,-1,0
30995,10472,1,8154,3,8147,10,7161,1,7607,3,5125,2,12611,1,14,2,17,1
30996,10473,1,8153,3,8147,10,6163,1,7807,10,5125,2,12611,1,11,12,-1,0
30997,10474,1,9376,3,8147,3,9358,4,9360,2,5125,3,12611,1,14,2,17,2
30998,0,0,0,0,0,0,0,0,0,0,0,0,0,0,0,0,0,0
30999,10591,1,12526,3,12522,1,12583,1,5508,1,0,0,0,0,14,2,17,1
31000,10597,1,12526,3,12522,1,12590,1,12541,2,0,0,0,0,14,2,17,1
31001,10603,1,12526,2,12522,1,12583,1,12530,1,5508,1,0,0,14,2,17,1
31002,10621,1,12526,3,12583,1,12542,2,5508,1,0,0,0,0,14,2,17,1
31003,10627,1,12526,4,12525,2,12583,1,12566,1,5508,1,0,0,14,2,17,1
31004,10633,1,12526,2,12521,1,12583,2,12530,1,5127,3,12611,1,14,2,17,1
31005,11874,1,12526,3,12583,1,12530,1,0,0,0,0,0,0,14,2,17,1
31006,11878,1,12526,2,12566,1,5508,1,0,0,0,0,0,0,14,2,17,1
31007,11882,1,12526,2,12525,2,12566,1,12530,1,0,0,0,0,14,2,17,1
31008,11886,1,12522,2,12583,1,5066,2,12546,1,0,0,0,0,14,2,17,1
31009,11890,1,12522,2,12525,1,12521,1,5508,1,0,0,0,0,14,2,17,1
31010,11906,1,12526,3,12583,1,5508,1,12566,1,12530,1,0,0,14,2,17,1
31011,11910,1,12526,2,12521,1,12586,1,12566,1,0,0,0,0,14,2,17,1
31012,11918,1,12527,2,12584,1,5486,1,12938,2,8150,3,0,0,14,2,17,2
31013,11922,1,12527,2,12567,1,12938,2,8150,3,0,0,0,0,14,2,17,2
31014,11926,1,12527,3,12530,1,5486,1,12938,2,8150,3,0,0,14,2,17,2
31015,11934,1,12527,2,12584,1,12592,1,12938,2,8150,3,0,0,14,2,17,2
31016,11942,1,12527,2,12584,1,12938,2,8150,3,0,0,0,0,14,2,17,2
31017,11946,1,12527,2,12584,1,12540,1,12938,2,8150,3,0,0,14,2,17,2
31018,11950,1,12527,2,12584,1,5508,1,12938,2,8150,3,0,0,14,2,17,2
31019,11954,1,12527,2,12584,1,12540,1,12938,2,8150,3,0,0,14,2,17,2
31020,12527,3,12540,1,12526,2,5160,1,12931,5,0,0,0,0,14,2,17,2
31021,12913,1,12224,3,5530,9,5116,3,0,0,0,0,0,0,14,1,17,1
31022,2220,1,12524,3,12529,1,5068,1,12658,1,0,0,0,0,15,1,17,1
31023,10373,1,10335,1,10386,5,0,0,0,0,0,0,0,0,9,5,11,5
31024,10669,1,12526,3,12522,1,12583,1,12530,1,0,0,0,0,15,2,17,1
31025,10675,1,12526,2,12566,1,12530,1,12614,1,0,0,0,0,15,2,17,1
31026,10676,1,12527,3,12566,1,12522,1,12619,1,12938,2,0,0,15,2,17,2
31027,10682,1,12526,3,12566,1,12530,1,12614,2,0,0,0,0,15,2,17,1
31028,10683,1,12527,3,12567,1,12522,2,12619,2,12938,3,0,0,15,2,17,2
31029,10689,1,12526,2,12566,1,12530,1,12614,1,0,0,0,0,15,2,17,1
31030,10690,1,12527,3,12566,1,12522,1,12619,1,12939,2,0,0,15,2,17,2
31031,0,0,0,0,0,0,0,0,0,0,0,0,0,0,15,2,17,1
31032,10710,1,12526,2,12592,1,12530,1,12614,1,0,0,0,0,15,2,17,1
31033,10711,1,12527,3,12566,1,12522,1,12619,1,12940,2,0,0,15,2,17,2
31034,10718,1,12527,3,12566,1,12522,1,12617,1,12938,2,0,0,15,2,17,2
31035,10724,1,12526,2,12592,2,12522,1,12612,2,0,0,0,0,15,2,17,1
31036,10725,1,12527,3,12567,1,12522,2,12617,2,12938,3,0,0,15,2,17,2
31037,10732,1,12527,3,12566,1,12522,1,12617,1,12939,2,0,0,15,2,17,2
31038,10752,1,12526,2,12566,1,12522,1,12612,1,0,0,0,0,15,2,17,1
31039,10753,1,12527,3,12566,1,12522,1,12617,1,12940,2,0,0,15,2,17,2
31040,10920,1,12526,1,12522,1,12566,1,12616,1,0,0,0,0,15,2,17,1
31041,11898,1,12526,3,12522,1,12530,2,0,0,0,0,0,0,15,2,17,1
31042,11902,1,12526,3,12583,1,12530,1,0,0,0,0,0,0,15,2,17,1
31043,12058,1,13003,3,12651,5,5104,2,7775,1,12937,1,0,0,3,99,-1,0
31044,12062,1,12652,3,7966,1,5105,2,7775,1,12937,1,0,0,3,99,-1,0
31045,0,0,0,0,0,0,0,0,0,0,0,0,0,0,0,0,0,0
31046,12082,1,12256,1,12525,4,12522,1,12591,2,0,0,0,0,15,2,17,1
31047,12083,1,12258,1,12526,4,12522,1,12564,2,0,0,0,0,15,2,17,1
31048,12106,1,12254,1,12526,4,12566,1,12522,1,9376,2,0,0,15,2,17,1
31049,12107,1,12255,1,12527,2,12526,2,12566,1,12522,1,9376,3,15,2,17,2
31050,12527,3,12540,1,12526,2,5160,1,12931,5,0,0,0,0,15,2,17,2
31051,12913,1,12224,3,5530,9,5116,3,0,0,0,0,0,0,15,1,17,1
31052,10373,1,10335,1,10386,5,0,0,0,0,0,0,0,0,10,5,8,5
31053,10532,1,8151,3,8147,10,6159,1,5069,3,5480,1,0,0,8,12,-1,0
31054,10533,1,8152,3,8147,10,6161,1,5069,3,5480,1,0,0,10,12,-1,0
31055,10534,1,8153,3,8147,10,6163,1,7807,10,5480,1,0,0,11,12,-1,0
31056,10535,1,8154,3,8147,10,7161,1,5069,3,5480,1,0,0,16,2,14,1
31057,10536,1,9376,3,8147,3,9358,2,9360,3,9361,1,9373,1,16,2,14,2
31058,0,0,0,0,0,0,0,0,0,0,0,0,0,0,0,0,0,0
31059,10645,1,12522,2,12526,2,12583,1,12550,2,5507,1,0,0,16,2,14,1
31060,10663,1,12522,2,12521,2,12549,3,12603,1,0,0,0,0,16,2,14,1
31061,10885,1,12522,2,12592,1,12521,1,12616,1,0,0,0,0,16,2,14,1
31062,10886,1,12523,3,12566,1,12541,1,12621,1,12938,2,0,0,16,2,14,2
31063,10928,1,12523,3,12566,1,12549,1,12620,1,12938,2,0,0,16,2,14,2
31064,10969,1,12522,1,12547,1,12566,1,12614,1,0,0,0,0,16,2,14,1
31065,10975,1,12522,2,12566,2,12548,2,12614,1,0,0,0,0,16,2,14,1
31066,10981,1,12522,1,12548,3,12614,1,0,0,0,0,0,0,16,2,14,1
31067,10987,1,12522,1,12548,1,12614,1,0,0,0,0,0,0,16,2,14,1
31068,10993,1,12522,1,12547,1,12566,1,12612,1,0,0,0,0,16,2,14,1
31069,10999,1,12522,2,12566,2,12548,2,12612,1,0,0,0,0,16,2,14,1
31070,11005,1,12522,1,12548,3,12612,1,0,0,0,0,0,0,16,2,14,1
31071,11011,1,12522,1,12548,1,12612,1,0,0,0,0,0,0,16,2,14,1
31072,11017,1,12522,1,12547,1,12566,1,12613,1,0,0,0,0,16,2,14,1
31073,11023,1,12522,2,12566,2,12548,2,12613,1,0,0,0,0,16,2,14,1
31074,11029,1,12522,1,12548,3,12613,1,0,0,0,0,0,0,16,2,14,1
31075,11035,1,12522,1,12548,1,12613,1,0,0,0,0,0,0,16,2,14,1
31076,11041,1,12522,1,12547,1,12566,1,12616,1,0,0,0,0,16,2,14,1
31077,11047,1,12522,2,12566,2,12548,2,12616,1,0,0,0,0,16,2,14,1
31078,11053,1,12522,1,12548,3,12616,1,0,0,0,0,0,0,16,2,14,1
31079,11059,1,12522,1,12548,1,12616,1,0,0,0,0,0,0,16,2,14,1
31080,11065,1,12522,1,12547,1,12566,1,12615,1,0,0,0,0,16,2,14,1
31081,11071,1,12522,2,12566,2,12548,2,12615,1,0,0,0,0,16,2,14,1
31082,11077,1,12522,1,12548,3,12615,1,0,0,0,0,0,0,16,2,14,1
31083,11083,1,12522,1,12548,1,12615,1,0,0,0,0,0,0,16,2,14,1
31084,11894,1,12577,1,12526,1,12583,1,12561,1,0,0,0,0,16,2,14,1
31085,12019,1,12523,2,12606,1,12938,1,8150,2,0,0,0,0,16,2,14,2
31086,12031,1,12523,2,12606,1,12938,1,8150,2,0,0,0,0,16,2,14,2
31087,12108,1,12522,4,12644,1,12545,1,12521,1,8149,2,0,0,16,2,14,1
31088,12109,1,12522,4,12644,1,12544,1,12521,1,8149,2,0,0,16,2,14,1
31089,12111,1,12256,1,12522,3,12526,3,7009,10,12632,3,8149,4,16,2,14,1
31090,12112,1,12257,1,12522,5,12526,5,7009,15,12632,5,8150,5,16,2,14,1
31091,12523,3,12536,2,12522,1,5163,1,12932,5,0,0,0,0,16,2,14,2
31092,12912,1,12223,3,5261,9,0,0,0,0,0,0,0,0,16,1,14,1
31093,2650,1,12658,2,12590,1,12595,1,5068,1,0,0,0,0,17,1,16,1
31094,10373,1,10335,1,10386,5,0,0,0,0,0,0,0,0,11,5,10,5
31095,10388,1,12645,2,12646,1,12596,1,12522,1,12548,2,12937,2,17,2,16,1
31096,10389,1,12645,2,12596,1,12522,1,12937,1,0,0,0,0,17,2,16,1
31097,10391,1,12645,2,12596,1,12522,1,5510,1,12937,1,0,0,17,2,16,1
31098,10395,1,12645,1,12646,1,12596,1,12522,1,12937,1,0,0,17,2,16,1
31099,10396,1,12645,2,12596,1,12522,1,5510,1,12937,1,0,0,17,2,16,1
31100,0,0,0,0,0,0,0,0,0,0,0,0,0,0,17,2,16,2
31101,10704,1,12567,3,12593,1,12596,2,12619,2,12940,3,0,0,17,2,16,2
31102,10717,1,12566,2,12522,2,12612,1,0,0,0,0,0,0,17,2,16,1
31103,10731,1,12566,2,12592,1,12522,1,12612,1,0,0,0,0,17,2,16,1
31104,0,0,0,0,0,0,0,0,0,0,0,0,0,0,17,2,16,1
31105,0,0,0,0,0,0,0,0,0,0,0,0,0,0,17,2,16,2
31106,10745,1,12566,2,12592,2,12596,1,12612,2,0,0,0,0,17,2,16,1
31107,10746,1,12567,3,12593,1,12596,2,12617,2,12940,3,0,0,17,2,16,2
31108,10760,1,12567,3,12596,2,12617,1,12938,2,0,0,0,0,17,2,16,2
31109,10767,1,12567,3,12593,1,12522,1,12544,2,12617,2,12938,3,17,2,16,2
31110,10773,1,12566,2,12522,1,12596,1,12612,1,0,0,0,0,17,2,16,1
31111,10774,1,12567,3,12526,2,12617,1,12939,2,0,0,0,0,17,2,16,2
31112,0,0,0,0,0,0,0,0,0,0,0,0,0,0,17,2,16,1
31113,10787,1,12566,3,12522,1,12596,1,12612,2,0,0,0,0,17,2,16,1
31114,10788,1,12567,3,12593,1,12522,2,12617,2,12940,3,0,0,17,2,16,2
31115,10794,1,12566,2,12522,2,5510,1,12612,1,0,0,0,0,17,2,16,1
31116,10795,1,12567,3,12526,2,12617,1,12940,2,0,0,0,0,17,2,16,2
31117,10802,1,12567,3,12526,1,12522,1,12618,1,12938,2,0,0,17,2,16,2
31118,10809,1,12567,3,12593,1,12522,2,12618,2,12938,3,0,0,17,2,16,2
31119,10815,1,12566,2,12522,1,12596,1,12613,1,0,0,0,0,17,2,16,1
31120,10816,1,12567,3,12522,1,12562,1,12618,1,12939,2,0,0,17,2,16,2
31121,10829,1,12566,3,12522,1,12596,1,12613,2,0,0,0,0,17,2,16,1
31122,10836,1,12566,2,12522,2,5510,1,12613,1,0,0,0,0,17,2,16,1
31123,10837,1,12567,3,12592,2,12618,1,12940,2,0,0,0,0,17,2,16,2
31124,10844,1,12567,3,12596,2,12618,1,12938,2,0,0,0,0,17,2,16,2
31125,10851,1,12567,3,12593,1,12522,1,12545,2,12618,2,12938,3,17,2,16,2
31126,10857,1,12566,2,12522,1,12596,1,12613,1,0,0,0,0,17,2,16,1
31127,10858,1,12567,3,12526,2,12618,1,12939,2,0,0,0,0,17,2,16,2
31128,0,0,0,0,0,0,0,0,0,0,0,0,0,0,17,2,16,1
31129,10871,1,12566,3,12522,1,12596,1,12613,2,0,0,0,0,17,2,16,1
31130,10872,1,12567,3,12593,1,12522,2,12618,2,12940,3,0,0,17,2,16,2
31131,10878,1,12566,2,12522,2,5510,1,12613,1,0,0,0,0,17,2,16,1
31132,10879,1,12567,3,12526,2,12618,1,12940,2,0,0,0,0,17,2,16,2
31133,10899,1,12566,2,12522,1,12596,1,12616,1,0,0,0,0,17,2,16,1
31134,0,0,0,0,0,0,0,0,0,0,0,0,0,0,17,2,16,1
31135,0,0,0,0,0,0,0,0,0,0,0,0,0,0,17,2,16,2
31136,10921,1,12567,2,12584,1,12592,1,12596,1,12621,1,12940,2,17,2,16,2
31137,10941,1,12566,2,12596,1,12521,1,12615,1,0,0,0,0,17,2,16,1
31138,0,0,0,0,0,0,0,0,0,0,0,0,0,0,17,2,16,2
31139,10955,1,12566,2,12592,2,12596,1,12615,2,0,0,0,0,17,2,16,1
31140,10962,1,12566,2,12592,1,12596,1,5510,1,12615,1,0,0,17,2,16,1
31141,10963,1,12567,2,12584,1,12592,1,12596,1,12620,1,12940,2,17,2,16,2
31142,11969,1,12566,2,12596,1,0,0,0,0,0,0,0,0,17,2,16,1
31143,0,0,0,0,0,0,0,0,0,0,0,0,0,0,17,2,16,2
31144,11982,1,12566,2,12565,1,12596,1,5510,1,0,0,0,0,17,2,16,1
31145,11987,1,12566,2,12592,1,12521,1,0,0,0,0,0,0,17,2,16,1
31146,11992,1,12566,2,12592,2,12596,1,12521,1,0,0,0,0,17,2,16,1
31147,11997,1,12566,2,12565,1,12596,1,0,0,0,0,0,0,17,2,16,1
31148,0,0,0,0,0,0,0,0,0,0,0,0,0,0,17,2,16,2
31149,12010,1,12566,2,12565,1,12596,1,5510,1,0,0,0,0,17,2,16,1
31150,12025,1,12567,1,12523,1,12596,1,12940,1,8150,2,0,0,17,2,16,2
31151,12028,1,12567,2,12522,1,12545,2,12939,1,8150,2,0,0,17,2,16,2
31152,12034,1,12567,1,12522,1,12939,1,8150,1,0,0,0,0,17,2,16,2
31153,12103,1,12574,3,12655,2,5531,1,0,0,0,0,0,0,17,2,16,1
31154,12233,1,12222,3,5531,9,5525,3,0,0,0,0,0,0,17,1,16,1
31155,12567,3,12573,2,12945,1,12587,1,12935,5,0,0,0,0,17,2,16,2
31156,2993,1,12658,3,12590,2,12595,1,5068,1,0,0,0,0,18,1,16,1
31157,10373,1,10335,1,10386,5,0,0,0,0,0,0,0,0,12,5,10,5
31158,10387,1,12646,2,12596,1,12522,1,12548,1,12937,1,0,0,18,2,16,1
31159,10390,1,12646,2,12596,1,12522,1,12937,1,0,0,0,0,18,2,16,1
31160,10392,1,12646,2,12596,1,12522,1,12541,1,12937,1,0,0,18,2,16,1
31161,10393,1,12646,3,12596,1,12522,1,5191,1,12937,2,0,0,18,2,16,1
31162,10394,1,12646,2,12596,1,12522,1,12937,1,0,0,0,0,18,2,16,1
31163,10703,1,12592,3,12526,1,12521,1,12614,2,0,0,0,0,18,2,16,1
31164,10759,1,12592,2,12566,1,12522,1,12610,1,12612,1,0,0,18,2,16,1
31165,10766,1,12592,3,12566,1,12522,1,12612,2,0,0,0,0,18,2,16,1
31166,0,0,0,0,0,0,0,0,0,0,0,0,0,0,18,2,16,2
31167,10801,1,12592,2,12566,1,12522,1,12610,1,12613,1,0,0,18,2,16,1
31168,10808,1,12592,3,12566,1,12522,1,12613,2,0,0,0,0,18,2,16,1
31169,0,0,0,0,0,0,0,0,0,0,0,0,0,0,18,2,16,1
31170,0,0,0,0,0,0,0,0,0,0,0,0,0,0,18,2,16,2
31171,10830,1,12593,3,12567,1,12596,2,12618,2,12940,3,0,0,18,2,16,2
31172,10843,1,12592,2,12566,1,12522,1,12610,1,12613,1,0,0,18,2,16,1
31173,10850,1,12592,3,12566,1,12522,1,12613,2,0,0,0,0,18,2,16,1
31174,0,0,0,0,0,0,0,0,0,0,0,0,0,0,18,2,16,2
31175,10892,1,12592,3,12521,1,12596,1,12541,1,12616,2,0,0,18,2,16,1
31176,10893,1,12593,3,12523,1,12592,1,12596,1,12621,2,12938,3,18,2,16,2
31177,10900,1,12593,3,12592,1,12596,1,12621,1,12939,2,0,0,18,2,16,2
31178,10913,1,12592,3,12566,1,12596,1,12616,2,0,0,0,0,18,2,16,1
31179,10914,1,12593,3,12523,1,12592,1,12596,1,12621,2,12940,3,18,2,16,2
31180,10927,1,12592,2,12566,1,12596,1,12615,1,0,0,0,0,18,2,16,1
31181,10934,1,12592,2,12566,1,12596,1,12521,1,12615,2,0,0,18,2,16,1
31182,10935,1,12593,3,12523,1,12592,1,12596,1,12620,2,12938,3,18,2,16,2
31183,10942,1,12593,3,12592,1,12596,1,12620,1,12939,2,0,0,18,2,16,2
31184,0,0,0,0,0,0,0,0,0,0,0,0,0,0,18,2,16,1
31185,10956,1,12593,3,12523,1,12592,1,12596,1,12620,2,12940,3,18,2,16,2
31186,11959,1,12592,2,12596,1,12522,1,12550,1,0,0,0,0,18,2,16,1
31187,11964,1,12592,2,12566,2,12596,1,12521,1,0,0,0,0,18,2,16,1
31188,11977,1,12592,3,12591,1,12596,1,0,0,0,0,0,0,18,2,16,1
31189,12005,1,12592,3,12566,1,12596,1,0,0,0,0,0,0,18,2,16,1
31190,12231,1,12220,3,5501,9,0,0,0,0,0,0,0,0,18,1,16,1
31191,12593,3,12596,2,12934,5,12606,1,0,0,0,0,0,0,18,2,16,2
31192,10373,1,10335,1,10386,5,0,0,0,0,0,0,0,0,13,5,12,5
31193,10406,1,12909,1,7620,9,0,0,0,0,0,0,0,0,19,1,18,1
31194,10410,1,8153,3,8147,10,6163,1,7807,10,5486,1,0,0,11,12,-1,0
31195,10468,1,12910,1,7620,9,5125,2,12611,1,0,0,0,0,19,1,18,1
31196,10530,1,12911,1,7620,9,5481,1,0,0,0,0,0,0,19,1,18,1
31197,10651,1,12603,1,12522,2,12521,2,12548,1,12549,1,0,0,19,2,18,1
31198,10657,1,12603,1,12522,2,12521,2,12548,1,12565,1,0,0,19,2,18,1
31199,12051,1,12647,3,12635,3,12630,3,12608,2,7775,1,12937,1,7,99,-1,0
31200,12606,4,12634,2,5226,2,12609,1,0,0,0,0,0,0,19,2,18,1
31201,12617,3,12973,1,12898,1,12633,3,0,0,0,0,0,0,19,2,18,2
31202,12618,3,12973,1,12641,1,12633,3,0,0,0,0,0,0,19,2,18,2
31203,12619,3,12973,1,12577,1,12633,3,0,0,0,0,0,0,19,2,18,2
31204,12620,3,12973,1,12900,1,12633,3,0,0,0,0,0,0,19,2,18,2
31205,12621,3,12973,1,12795,1,12633,3,0,0,0,0,0,0,19,2,18,2
31206,12622,3,12901,1,12630,2,12972,2,12642,2,12936,1,0,0,19,2,18,1
31207,12623,3,12901,1,12630,2,12972,2,12638,2,12936,1,0,0,19,2,18,1
31208,12624,3,12901,1,12630,2,12972,2,12639,2,12936,1,0,0,19,2,18,1
31209,12625,3,12901,1,12630,2,12972,2,12643,2,12936,1,0,0,19,2,18,1
31210,12626,3,12901,1,12630,2,12972,2,12640,2,12936,1,0,0,19,2,18,1
31211,12914,3,12225,3,12628,2,0,0,0,0,0,0,0,0,19,1,18,1
31212,12915,3,12226,3,12606,1,12936,3,0,0,0,0,0,0,19,2,18,1
31213,12916,3,12227,3,12628,2,0,0,0,0,0,0,0,0,19,1,18,1
31214,12917,3,12228,3,12606,1,12936,3,0,0,0,0,0,0,19,2,18,1
31215,12918,3,12229,3,12628,2,0,0,0,0,0,0,0,0,19,1,18,1
31216,12919,3,12230,3,12606,1,12936,3,0,0,0,0,0,0,19,2,18,1
31217,10373,1,10335,1,10386,5,0,0,0,0,0,0,0,0,8,5,13,5
31218,12088,1,4949,3,12901,2,4819,3,4776,3,12907,1,4846,3,8,5,13,4
31219,12089,1,12904,5,12881,4,4852,2,12872,2,12892,2,5999,4,14,2,19,1
31220,12091,1,12873,3,12884,2,12899,2,12871,2,4848,1,12906,1,8,5,13,4
31221,12844,3,12886,1,12888,1,12892,1,12936,1,0,0,0,0,14,2,19,1
31222,12848,3,4833,2,12872,1,12888,1,12892,1,12936,1,0,0,14,2,19,1
31223,12852,3,12902,2,12881,1,12895,1,12892,1,12936,1,0,0,14,2,19,1
31224,12857,3,12823,2,12720,1,12898,1,12894,1,12872,1,12936,1,14,2,19,1
31225,12865,3,12903,2,12722,1,12718,1,12733,1,6148,2,12936,1,14,2,19,1
31226,12870,3,12904,2,4861,1,12892,1,4863,1,12895,1,12936,1,14,2,19,1
31227,12996,1,12526,3,12562,1,12522,2,12614,2,12937,2,0,0,15,2,17,1
31228,12997,1,12526,3,12562,1,12522,2,12612,2,12937,2,0,0,15,2,17,1
31229,12998,1,12566,3,12592,1,12522,1,12544,2,12612,2,12937,2,17,2,16,1
31230,12999,1,12566,3,12592,1,12522,2,12613,2,12937,2,0,0,17,2,16,1
31231,13000,1,12566,3,12592,1,12522,1,12545,2,12613,2,12937,2,17,2,16,1
31232,13001,1,12592,3,12522,1,12591,1,12596,1,12616,2,12937,2,18,2,16,1
31233,13002,1,12592,3,12522,1,12591,1,12596,1,12615,2,12937,2,18,2,16,1
31234,13013,1,12593,2,12567,1,12596,1,12522,1,12938,2,8150,3,18,2,16,2
31235,13014,1,12593,3,12567,1,12596,2,12522,1,12938,3,8150,4,18,2,16,2
31236,13015,1,12567,2,12593,1,12596,1,12522,1,12939,2,8150,3,17,2,16,2
31237,13016,1,12593,3,12567,1,12596,2,12522,1,12940,3,8150,4,18,2,16,2
31238,13017,1,12567,2,12593,1,12596,1,12522,1,12940,2,8150,3,17,2,16,2
31239,13018,1,12523,1,12593,2,12596,1,12610,2,12938,2,8150,3,16,2,14,2
31240,13019,1,12593,4,12592,1,12596,1,12521,1,12938,3,8150,4,18,2,16,2
31241,13020,1,12567,3,12596,1,12522,1,12939,2,8150,3,0,0,17,2,16,2
31242,13021,1,12593,3,12567,1,12596,2,12521,1,12940,3,8150,4,18,2,16,2
31243,13022,1,12567,3,12596,1,12521,1,5533,1,12940,2,8150,3,17,2,16,2
31244,13023,1,12527,2,12567,1,12530,2,12938,2,8150,3,0,0,15,2,17,2
31245,13024,1,12567,3,12593,1,12596,2,12521,1,12938,3,8150,4,17,2,16,2
31246,13025,1,12567,3,12562,1,12596,1,12521,1,12939,2,8150,3,17,2,16,2
31247,13026,1,12593,4,12596,2,12521,1,12940,3,8150,4,0,0,18,2,16,2
31248,13027,1,12567,3,12526,1,12530,1,12521,1,12940,2,8150,3,17,2,16,2
31249,13028,1,12523,3,12521,1,12541,2,12938,2,8150,3,0,0,16,2,14,2
31250,13029,1,12593,2,12567,1,12523,1,12596,3,12938,3,8150,4,18,2,16,2
31251,13030,1,12523,3,12521,1,12541,2,12939,2,8150,3,0,0,16,2,14,2
31252,13031,1,12593,3,12523,1,12562,1,12596,2,12940,3,8150,4,18,2,16,2
31253,13032,1,12567,3,12541,2,12521,1,5533,1,12940,2,8150,3,17,2,16,2
31254,13033,1,12567,3,12562,1,12541,1,12521,1,12938,2,8150,3,17,2,16,2
31255,13034,1,12567,3,12593,1,12596,2,12541,1,12938,3,8150,4,17,2,16,2
31256,13035,1,12567,3,12596,1,12541,2,12939,2,8150,3,0,0,17,2,16,2
31257,13036,1,12593,4,12592,1,12596,2,12521,1,12940,3,8150,4,18,2,16,2
31258,13037,1,12567,3,12596,1,12541,2,12940,2,8150,3,0,0,17,2,16,2
31259,13038,1,12593,3,12596,1,12522,1,12545,1,12938,2,8150,3,18,2,16,2
31260,13039,1,12593,4,12592,1,12596,1,12522,1,12938,3,8150,4,18,2,16,2
31261,13040,1,12567,3,12596,1,12522,1,12939,2,8150,3,0,0,17,2,16,2
31262,13041,1,12593,2,12567,2,12596,2,12522,1,12940,3,8150,4,18,2,16,2
31263,13042,1,12567,3,12596,1,5533,1,12940,2,8150,3,0,0,17,2,16,2
31264,13043,1,12523,3,12521,1,12610,2,12938,2,8150,3,0,0,16,2,14,2
31265,13044,1,12593,4,12592,1,12596,2,12522,1,12938,3,8150,4,18,2,16,2
31266,13045,1,12593,3,12596,1,12522,1,12939,2,8150,3,0,0,18,2,16,2
31267,13046,1,12593,4,12596,2,12522,1,5191,1,12940,3,8150,4,18,2,16,2
31268,13047,1,12567,3,12596,1,12522,1,12940,2,8150,3,0,0,17,2,16,2
31269,13048,1,12593,3,12592,1,12596,1,12522,1,12938,2,8150,3,18,2,16,2
31270,13049,1,12593,3,12567,1,12596,2,12522,1,12938,3,8150,4,18,2,16,2
31271,13050,1,12567,3,12592,1,12596,1,12522,1,12939,2,8150,3,17,2,16,2
31272,13051,1,12593,2,12567,2,12596,2,12522,1,12940,3,8150,4,18,2,16,2
31273,13052,1,12567,3,12596,1,12522,1,12940,2,8150,3,0,0,17,2,16,2
31274,13005,1,12527,3,12584,1,12530,2,12939,3,8155,1,0,0,14,2,17,2
31275,13006,1,12527,3,12584,1,12530,1,12521,1,12939,3,8155,1,14,2,17,2
31276,13007,1,12527,3,12523,1,12530,1,12521,1,12939,3,8155,1,14,2,17,2
31277,13008,1,12527,2,12523,2,12583,1,12521,1,12939,3,8155,1,14,2,17,2
31278,13009,1,12527,3,12567,1,12530,1,12522,1,12939,3,8155,1,14,2,17,2
31279,13010,1,12523,3,12584,1,12596,2,12540,1,12939,3,8155,1,16,2,14,2
31280,13011,1,12527,2,12523,2,12521,1,12610,1,12939,3,8155,1,15,2,17,2
31281,13012,1,12527,3,12584,1,12522,1,12939,3,8155,1,0,0,15,2,17,2
31282,13076,1,13058,1,12582,2,12589,1,5328,1,5348,1,9376,1,16,2,15,2
31283,13091,1,13756,1,12608,3,0,0,0,0,0,0,0,0,19,2,18,2
31284,13097,1,13751,4,12610,3,12522,2,5998,3,0,0,0,0,16,2,14,2
31285,13266,1,13744,2,12592,1,12596,1,5067,1,0,0,0,0,18,2,16,1
31286,13267,1,13744,1,12592,1,12596,1,5067,1,0,0,0,0,18,2,16,1
31287,13268,1,13745,1,12596,1,5510,1,0,0,0,0,0,0,17,2,16,1
31288,13269,1,13745,1,12596,1,5359,1,5360,1,0,0,0,0,17,2,16,1
31289,13270,1,13744,2,12592,1,12596,1,12521,1,0,0,0,0,18,2,16,1
31290,13271,1,13745,1,12521,1,5510,1,0,0,0,0,0,0,17,2,16,1
31291,13272,1,13746,2,12595,1,12565,1,12525,1,0,0,0,0,18,2,16,1
31292,13276,1,13754,1,12592,1,12596,1,12525,1,0,0,0,0,6,99,-1,0
31293,13284,1,13754,1,12592,1,12596,1,6158,1,0,0,0,0,2,99,-1,0
31294,13589,1,13590,1,12526,1,12583,1,0,0,0,0,0,0,14,2,17,1
31295,13590,1,13733,1,12578,1,12937,1,0,0,0,0,0,0,17,2,16,1
31296,13591,1,13592,1,12604,1,12532,1,5490,1,0,0,0,0,19,2,18,1
31297,13592,1,13750,2,12524,1,12937,1,0,0,0,0,0,0,15,2,17,1
31298,13593,1,13594,1,12582,1,12520,1,0,0,0,0,0,0,16,2,15,1
31299,13594,1,13752,2,5358,1,12937,1,0,0,0,0,0,0,18,2,16,1
31300,13595,1,13596,1,12881,1,12888,1,12872,1,12892,1,5590,1,14,2,19,1
31301,13596,1,13753,2,12970,1,12937,1,0,0,0,0,0,0,16,2,14,1
31302,13640,1,13747,2,12592,1,12529,1,12614,1,12937,1,0,0,15,2,17,2
31303,13641,1,13747,2,13748,1,12566,1,12529,1,12614,2,12937,2,15,2,17,2
31304,13642,1,13747,2,12566,1,12529,1,12614,1,12937,1,0,0,15,2,17,2
31305,13643,1,13748,2,13749,1,12596,2,12614,2,12937,2,0,0,18,2,16,2
31306,13644,1,13749,2,12566,1,12524,1,12614,1,12937,1,0,0,17,2,16,2
31307,13646,1,13747,2,12592,1,12529,1,12612,1,12937,1,0,0,15,2,17,2
31308,13647,1,13747,2,13748,1,12566,1,12529,1,12612,2,12937,2,15,2,17,2
31309,13648,1,13747,2,12566,1,12529,1,12612,1,12937,1,0,0,15,2,17,2
31310,13649,1,13748,2,13749,1,12596,2,12612,2,12937,2,0,0,18,2,16,2
31311,13650,1,13749,2,12566,1,12524,1,12612,1,12937,1,0,0,17,2,16,2
31312,13652,1,13747,1,13749,1,12610,2,12612,1,12937,1,0,0,16,2,14,2
31313,13653,1,13749,2,13748,1,12588,1,12524,1,12612,2,12937,2,17,2,16,2
31314,13654,1,13749,2,12596,1,12524,1,12612,1,12937,1,0,0,17,2,16,2
31315,13655,1,13748,2,13749,1,12596,1,12524,1,12612,2,12937,2,18,2,16,2
31316,13656,1,13749,2,12566,1,12524,1,12612,1,12937,1,0,0,17,2,16,2
31317,13658,1,13749,2,12592,1,12520,1,12613,1,12937,1,0,0,17,2,16,2
31318,13659,1,13748,2,13747,1,12566,1,12596,1,12613,2,12937,2,18,2,16,2
31319,13660,1,13749,2,12596,1,12520,1,12613,1,12937,1,0,0,17,2,16,2
31320,13661,1,13748,2,13747,1,12566,1,12520,1,12613,2,12937,2,18,2,16,2
31321,13662,1,13749,2,12566,1,12520,1,12613,1,12937,1,0,0,17,2,16,2
31322,13664,1,13747,1,13749,1,12610,2,12613,1,12937,1,0,0,16,2,14,2
31323,13665,1,13749,2,13748,1,12588,1,12524,1,12613,2,12937,2,17,2,16,2
31324,13666,1,13749,2,12596,1,12524,1,12613,1,12937,1,0,0,17,2,16,2
31325,13667,1,13748,2,13749,1,12596,1,12524,1,12613,2,12937,2,18,2,16,2
31326,13668,1,13749,2,12566,1,12524,1,12613,1,12937,1,0,0,17,2,16,2
31327,13670,1,13747,1,13749,1,12610,2,12616,1,12937,1,0,0,16,2,14,2
31328,13671,1,13748,2,13749,1,12592,1,12520,1,12616,2,12937,2,18,2,16,2
31329,13672,1,13749,2,12596,1,12520,1,12616,1,12937,1,0,0,17,2,16,2
31330,13673,1,13748,2,12566,1,12520,1,12616,2,12937,2,0,0,18,2,16,2
31331,13674,1,13749,2,12566,1,12520,1,12616,1,12937,1,0,0,17,2,16,2
31332,13676,1,13747,1,13749,1,12610,2,12615,1,12937,1,0,0,16,2,14,2
31333,13677,1,13748,2,13749,1,12592,1,12520,1,12615,2,12937,2,18,2,16,2
31334,13678,1,13749,2,12596,1,12520,1,12615,1,12937,1,0,0,17,2,16,2
31335,13679,1,13748,2,12566,1,12520,1,12615,2,12937,2,0,0,18,2,16,2
31336,13680,1,13749,2,12566,1,12520,1,12615,1,12937,1,0,0,17,2,16,2
31337,13742,3,13738,1,7602,1,12632,1,12643,1,12901,1,12936,1,14,2,19,1
31338,13747,1,13750,2,12524,1,0,0,0,0,0,0,0,0,14,2,17,1
31339,13748,1,13753,2,12595,1,0,0,0,0,0,0,0,0,18,2,16,1
31340,13749,1,13733,1,12578,1,0,0,0,0,0,0,0,0,17,2,16,1
31341,13758,1,12232,1,12606,1,12937,1,0,0,0,0,0,0,16,2,15,1
31342,13069,1,12232,1,12583,2,12519,1,5326,1,6637,1,6649,1,4,8,3,8
31343,13769,1,13749,2,13746,1,12596,1,12525,1,0,0,0,0,17,2,16,1
31344,13770,1,13749,1,12596,1,5510,1,0,0,0,0,0,0,17,2,16,1
31345,13061,1,13747,1,12583,1,5360,1,0,0,0,0,0,0,14,2,17,1
31346,13301,1,14157,2,12546,2,12614,1,0,0,0,0,0,0,16,3,15,2
31347,13302,1,14149,2,12546,1,12614,1,0,0,0,0,0,0,16,3,14,2
31348,13303,1,14157,1,14149,1,12546,2,12614,1,0,0,0,0,16,3,15,2
31349,13304,1,14149,2,12546,1,12614,1,0,0,0,0,0,0,16,3,14,2
31350,13305,1,14157,2,12546,2,12612,1,0,0,0,0,0,0,16,3,15,2
31351,13306,1,14149,2,12546,1,12612,1,0,0,0,0,0,0,16,3,14,2
31352,13307,1,14157,1,14149,1,12546,2,12612,1,0,0,0,0,16,3,15,2
31353,13308,1,14149,2,12546,1,12612,1,0,0,0,0,0,0,16,3,14,2
31354,13309,1,14157,2,12546,2,12613,1,0,0,0,0,0,0,16,3,15,2
31355,13310,1,14149,2,12546,1,12613,1,0,0,0,0,0,0,16,3,14,2
31356,13311,1,14157,1,14149,1,12546,2,12613,1,0,0,0,0,16,3,15,2
31357,13312,1,14149,2,12546,1,12613,1,0,0,0,0,0,0,16,3,14,2
31358,13313,1,14157,2,12546,2,12616,1,0,0,0,0,0,0,16,3,15,2
31359,13314,1,14149,2,12546,1,12616,1,0,0,0,0,0,0,16,3,14,2
31360,13315,1,14157,1,14149,1,12546,2,12616,1,0,0,0,0,16,3,15,2
31361,13316,1,14149,2,12546,1,12616,1,0,0,0,0,0,0,16,3,14,2
31362,13317,1,14157,2,12546,2,12615,1,0,0,0,0,0,0,16,3,15,2
31363,13318,1,14149,2,12546,1,12615,1,0,0,0,0,0,0,16,3,14,2
31364,13319,1,14157,1,14149,1,12546,2,12615,1,0,0,0,0,16,3,15,2
31365,13320,1,14149,2,12546,1,12615,1,0,0,0,0,0,0,16,3,14,2
31366,13790,1,15098,1,9358,3,9360,1,9376,1,0,0,0,0,14,3,17,2
31367,13791,1,15098,2,9358,4,9361,1,9360,1,9376,2,0,0,14,3,17,2
31368,13792,1,15098,2,9358,4,5377,1,9360,1,9376,2,0,0,14,3,17,2
31369,13793,1,15098,2,9358,3,5377,2,9360,1,9376,2,0,0,14,3,17,2
31370,13794,1,15098,2,9358,3,5377,2,9360,1,9376,2,0,0,14,3,17,2
31371,13795,1,15098,2,9358,2,5377,1,9360,3,9376,2,0,0,16,3,14,2
31372,13796,1,15098,2,9358,2,5377,1,9360,3,12610,1,9376,2,16,3,14,2
31373,13797,1,15098,2,12603,1,5377,2,9361,2,9360,2,9376,2,19,3,18,2
31374,13798,1,15098,2,12603,1,5377,2,9361,2,9360,2,9376,2,19,3,18,2
31375,13799,1,15098,2,9358,3,5377,1,9360,2,9376,2,0,0,14,3,17,2
31376,13800,1,15098,2,9358,4,5377,1,9360,1,9376,2,0,0,14,3,17,2
31377,13801,1,15098,2,9358,4,9360,2,12611,1,5127,3,9376,2,14,3,17,2
31378,13802,1,15098,2,9358,3,9360,3,12603,1,12610,1,9376,2,16,3,14,2
31379,13803,1,15098,1,9358,2,9360,1,9376,1,0,0,0,0,15,3,17,2
31380,13804,1,15099,2,9358,2,9361,1,9360,1,8147,3,0,0,15,2,17,2
31381,13805,1,15100,2,9358,3,9361,1,9360,1,8147,3,0,0,15,2,17,2
31382,13806,1,15101,2,9358,2,9361,1,9360,1,8147,3,0,0,15,2,17,2
31383,13807,1,15102,2,9358,2,9361,2,9360,1,8147,3,0,0,15,2,17,2
31384,13808,1,15103,2,9358,2,9361,1,9360,1,8147,3,0,0,15,2,17,2
31385,13809,1,15099,2,9358,2,9361,1,9360,1,8147,3,0,0,15,2,17,2
31386,13810,1,15100,2,9358,2,9362,2,9360,1,8147,3,0,0,15,2,17,2
31387,13811,1,15101,2,9358,1,9361,2,9360,1,8147,3,0,0,15,2,17,2
31388,13812,1,15102,2,9362,3,9361,1,9360,1,8147,3,0,0,18,2,16,2
31389,13813,1,15103,2,9358,2,9361,1,9360,1,8147,3,0,0,15,2,17,2
31390,13814,1,15099,2,9358,2,9361,1,9360,1,8147,3,0,0,15,2,17,2
31391,13815,1,15100,2,9358,2,9362,2,9360,1,8147,3,0,0,15,2,17,2
31392,13816,1,15101,2,9358,1,9361,2,9360,1,8147,3,0,0,15,2,17,2
31393,13817,1,15102,2,9362,3,9361,1,9360,1,8147,3,0,0,18,2,16,2
31394,13818,1,15103,2,9358,2,9361,1,9360,1,8147,3,0,0,15,2,17,2
31395,13819,1,15099,2,9358,2,9361,1,9360,1,8147,3,0,0,15,2,17,2
31396,13820,1,15100,2,9358,2,9362,2,9360,1,8147,3,0,0,15,2,17,2
31397,13821,1,15101,2,9358,1,9361,2,9360,1,8147,3,0,0,15,2,17,2
31398,13822,1,15102,2,9362,3,9361,1,9360,1,8147,3,0,0,18,2,16,2
31399,13823,1,15103,2,9358,2,9361,1,9360,1,8147,3,0,0,15,2,17,2
31400,13824,1,15099,2,9358,2,9360,2,8147,3,0,0,0,0,16,2,14,2
31401,13825,1,15100,2,9362,2,9361,2,9360,1,8147,3,0,0,18,2,16,2
31402,13826,1,15101,2,9361,2,9362,1,9360,1,8147,3,0,0,17,2,16,2
31403,13827,1,15102,2,9362,3,9361,1,9360,1,8147,3,0,0,18,2,16,2
31404,13828,1,15103,2,9361,2,9362,1,9360,1,8147,3,0,0,17,2,16,2
31405,13829,1,15099,2,9358,2,9360,2,8147,3,0,0,0,0,16,2,14,2
31406,13830,1,15100,2,9362,2,9361,2,9360,1,8147,3,0,0,18,2,16,2
31407,13831,1,15101,2,9361,2,9362,1,9360,1,8147,3,0,0,17,2,16,2
31408,13832,1,15102,2,9362,3,9361,1,9360,1,8147,3,0,0,18,2,16,2
31409,13833,1,15103,2,9361,2,9362,1,9360,1,8147,3,0,0,17,2,16,2
31410,13834,1,15104,1,9358,2,9360,1,9376,1,0,0,0,0,15,3,17,2
31411,13835,1,15104,1,9358,3,9360,1,9376,1,0,0,0,0,14,3,17,2
31412,13836,1,15104,2,9358,4,9361,1,9360,1,9376,2,0,0,14,3,17,2
31413,13837,1,15104,2,9358,4,5377,1,9360,1,9376,2,0,0,14,3,17,2
31414,13838,1,15104,2,9358,3,5377,2,9360,1,9376,2,0,0,14,3,17,2
31415,13839,1,15104,2,9358,3,5377,2,9360,1,9376,2,0,0,14,3,17,2
31416,13840,1,15104,2,9358,2,5377,1,9360,3,9376,2,0,0,16,3,14,2
31417,13841,1,15104,2,9358,2,5377,1,9360,3,12610,1,9376,2,16,3,14,2
31418,13842,1,15104,2,12603,1,5377,2,9361,2,9360,2,9376,2,19,3,18,2
31419,13843,1,15104,2,12603,1,5377,2,9361,2,9360,2,9376,2,19,3,18,2
31420,13844,1,15104,2,9358,3,5377,1,9360,2,9376,2,0,0,14,3,17,2
31421,13845,1,15104,2,9358,4,5377,1,9360,1,9376,2,0,0,14,3,17,2
31422,13846,1,15104,2,9358,4,9360,2,12611,1,5127,3,9376,2,14,3,17,2
31423,13847,1,15104,2,9358,3,9360,3,12603,1,12610,1,9376,2,16,3,14,2
31424,13848,1,15105,2,9358,2,9360,2,8147,3,0,0,0,0,16,2,14,2
31425,13849,1,15106,2,9358,3,9361,1,9360,1,8147,3,0,0,15,2,17,2
31426,13850,1,15107,2,9358,2,9361,1,9360,1,8147,3,0,0,15,2,17,2
31427,13851,1,15108,2,9361,2,9362,2,9360,1,8147,3,0,0,17,2,16,2
31428,13852,1,15109,2,9358,2,9361,1,9360,1,8147,3,0,0,15,2,17,2
31429,13853,1,15105,2,9358,2,9361,1,9360,1,8147,3,0,0,15,2,17,2
31430,13854,1,15106,2,9358,2,9361,2,9360,1,8147,3,0,0,15,2,17,2
31431,13855,1,15107,2,9358,2,9361,1,9360,1,8147,3,0,0,15,2,17,2
31432,13856,1,15108,2,9361,3,9362,1,9360,1,8147,3,0,0,17,2,16,2
31433,13857,1,15109,2,9358,2,9361,1,9360,1,8147,3,0,0,15,2,17,2
31434,13858,1,15105,2,9358,2,9361,1,9360,1,8147,3,0,0,15,2,17,2
31435,13859,1,15106,2,9358,2,9361,2,9360,1,8147,3,0,0,15,2,17,2
31436,13860,1,15107,2,9358,2,9361,1,9360,1,8147,3,0,0,15,2,17,2
31437,13861,1,15108,2,9361,3,9362,1,9360,1,8147,3,0,0,17,2,16,2
31438,13862,1,15109,2,9358,2,9361,1,9360,1,8147,3,0,0,15,2,17,2
31439,13863,1,15105,2,9361,1,9362,2,9360,1,8147,3,0,0,17,2,16,2
31440,13864,1,15106,2,9362,3,9361,1,9360,1,8147,3,0,0,18,2,16,2
31441,13865,1,15107,2,9361,2,9360,2,8147,3,0,0,0,0,17,2,16,2
31442,13866,1,15108,2,9361,2,9362,2,9360,1,8147,3,0,0,17,2,16,2
31443,13867,1,15109,2,9361,2,9362,1,9360,1,8147,3,0,0,17,2,16,2
31444,13868,1,15105,2,9358,2,9360,2,8147,3,0,0,0,0,16,2,14,2
31445,13869,1,15106,2,9362,3,9361,1,9360,1,8147,3,0,0,18,2,16,2
31446,13870,1,15107,2,9361,2,9362,1,9360,1,8147,3,0,0,17,2,16,2
31447,13871,1,15108,2,9362,2,9361,2,9360,1,8147,3,0,0,18,2,16,2
31448,13872,1,15109,2,9361,1,9358,2,9360,1,8147,3,0,0,17,2,16,2
31449,13873,1,15105,2,9361,1,9362,2,9360,1,8147,3,0,0,17,2,16,2
31450,13874,1,15106,2,9362,3,9361,1,9360,1,8147,3,0,0,18,2,16,2
31451,13875,1,15107,2,9361,2,9360,2,8147,3,0,0,0,0,17,2,16,2
31452,13876,1,15108,2,9361,2,9362,2,9360,1,8147,3,0,0,17,2,16,2
31453,13877,1,15109,2,9361,2,9362,1,9360,1,8147,3,0,0,17,2,16,2
31454,14045,1,13758,1,12583,3,5376,3,5069,1,5508,1,0,0,16,2,15,2
31455,14047,1,8184,1,12592,1,5348,2,12596,1,0,0,0,0,18,2,16,2
31456,14900,1,8185,1,12592,1,5348,2,12596,1,0,0,0,0,18,2,16,2
31457,14901,1,8186,1,12592,1,5348,2,12596,1,0,0,0,0,18,2,16,2
31458,14902,1,8187,1,12592,1,5348,2,12596,1,0,0,0,0,18,2,16,2
31459,14903,1,8188,1,12592,1,5348,2,12596,1,7770,1,0,0,18,2,16,2
31460,14048,1,14933,3,5558,9,12526,3,5998,3,0,0,0,0,14,2,17,2
31461,14049,1,14933,2,5558,6,12592,2,0,0,0,0,0,0,18,2,16,2
31462,14050,1,14933,2,5558,6,12566,2,0,0,0,0,0,0,17,2,16,2
31463,14051,1,14933,2,5558,6,12583,2,0,0,0,0,0,0,16,2,15,2
31464,14058,1,14934,3,7010,2,12525,1,12605,1,0,0,0,0,16,2,14,2
31465,14059,1,14934,5,7010,3,12525,1,12605,1,0,0,0,0,16,2,14,2
31466,14060,1,14934,3,7010,4,12525,1,12605,1,0,0,0,0,16,2,14,2
31467,14064,1,7009,20,12634,5,12220,5,12608,3,0,0,0,0,16,2,14,2
31468,14065,1,5365,3,5231,10,7009,3,5226,5,8022,1,0,0,16,2,15,2
31469,14066,1,14936,3,12254,2,14146,2,9376,1,13754,1,0,0,15,3,17,2
31470,14080,1,13059,1,13745,4,12545,1,12544,2,0,0,0,0,17,2,16,2
31471,14093,1,13754,1,12592,1,12596,1,6160,1,0,0,0,0,4,99,-1,0
31472,14094,1,13754,1,12592,1,12596,1,6162,1,0,0,0,0,5,99,-1,0
31473,14095,1,13754,1,12592,1,12596,1,7159,1,0,0,0,0,7,99,-1,0
31474,14134,3,14142,2,4828,1,4833,1,4836,1,4831,1,0,0,14,3,19,2
31475,14135,3,14142,2,12881,1,12895,1,12892,1,4833,1,4828,1,14,3,19,2
31476,14136,3,12908,1,14143,1,14144,1,4838,1,4784,1,0,0,14,3,19,2
31477,14137,3,12908,1,4865,1,14144,2,12898,1,12899,1,12878,1,14,3,19,2
31478,14138,3,14145,2,12903,1,12895,1,6151,1,12901,1,4841,1,14,3,19,2
31479,14139,3,14217,1,14144,1,4839,1,10096,1,4784,1,0,0,14,2,19,2
31480,14140,3,14216,1,14143,1,12878,1,12884,1,12881,1,12888,1,14,2,19,2
31481,14141,1,14212,1,12892,1,0,0,0,0,0,0,0,0,8,7,13,7
31482,14146,1,14147,2,14148,3,12534,2,0,0,0,0,0,0,14,3,17,2
31483,14146,1,14147,2,14148,3,12534,2,0,0,0,0,0,0,15,3,17,2
31484,14149,1,14150,2,14151,3,5111,3,0,0,0,0,0,0,16,3,14,2
31485,14152,1,14153,2,14154,3,12597,2,0,0,0,0,0,0,18,3,16,2
31486,14155,1,14156,2,14161,3,12587,1,0,0,0,0,0,0,17,3,16,2
31487,14157,1,14957,3,9366,2,14164,2,0,0,0,0,0,0,16,3,15,2
31488,14158,1,14159,3,0,0,0,0,0,0,0,0,0,0,10,7,9,7
31489,14161,3,14160,5,0,0,0,0,0,0,0,0,0,0,19,2,18,2
31490,14171,3,16732,2,16726,3,12898,1,12609,2,0,0,0,0,19,3,18,3
31491,14172,3,16732,2,16726,3,12641,1,12883,2,0,0,0,0,19,3,18,3
31492,14173,3,16732,2,16726,3,12577,1,12636,2,0,0,0,0,19,3,18,3
31493,14174,3,16732,2,16726,3,12900,1,12758,2,0,0,0,0,19,3,18,3
31494,14175,3,16732,2,16726,3,12795,1,12736,2,0,0,0,0,19,3,18,3
31495,14176,3,14937,1,13752,2,12642,2,12936,2,0,0,0,0,19,3,18,2
31496,14177,3,14937,1,13752,2,12638,2,12936,2,0,0,0,0,19,3,18,2
31497,14178,3,14937,1,13752,2,12639,2,12936,2,0,0,0,0,19,3,18,2
31498,14179,3,14937,1,13752,2,12643,2,12936,2,0,0,0,0,19,3,18,2
31499,14180,3,14937,1,13752,2,12640,2,12936,2,0,0,0,0,19,3,18,2
31500,14184,1,14955,3,0,0,0,0,0,0,0,0,0,0,8,7,11,7
31501,14184,1,14955,3,0,0,0,0,0,0,0,0,0,0,9,7,11,7
31502,14186,1,14190,3,0,0,0,0,0,0,0,0,0,0,10,7,8,7
31503,14187,1,12573,3,0,0,0,0,0,0,0,0,0,0,11,7,10,7
31504,14188,1,14956,3,0,0,0,0,0,0,0,0,0,0,12,7,10,7
31505,14189,1,14190,3,0,0,0,0,0,0,0,0,0,0,13,7,12,7
31506,14230,1,14183,1,12601,1,14269,1,0,0,0,0,0,0,13,6,12,5
31507,14231,1,14183,1,12601,1,14270,1,0,0,0,0,0,0,13,6,12,5
31508,14239,1,14183,1,12602,1,14273,1,0,0,0,0,0,0,13,6,12,5
31509,14240,1,14183,1,12602,1,14274,1,0,0,0,0,0,0,13,6,12,5
31510,14244,1,14181,1,5480,1,14278,1,0,0,0,0,0,0,13,5,12,5
31511,14245,1,14183,1,12602,1,14279,1,0,0,0,0,0,0,13,6,12,5
31512,14246,1,14183,1,12603,1,14280,1,0,0,0,0,0,0,19,2,18,1
31513,14247,1,14181,1,5480,1,14281,1,0,0,0,0,0,0,13,5,12,5
31514,14250,1,14182,1,5481,1,14282,1,0,0,0,0,0,0,13,7,12,5
31515,14251,1,14182,1,5481,1,14283,1,0,0,0,0,0,0,13,7,12,5
31516,14252,1,14182,1,5481,1,14284,1,0,0,0,0,0,0,13,7,12,5
31517,14253,1,14182,1,5481,1,14285,1,0,0,0,0,0,0,13,7,12,5
31518,14254,1,14183,1,12603,1,14286,1,0,0,0,0,0,0,19,2,18,1
31519,14255,1,14183,1,12603,1,14287,1,0,0,0,0,0,0,19,2,18,1
31520,14256,1,14182,1,9373,1,14288,1,0,0,0,0,0,0,13,7,12,7
31521,14257,1,14182,1,9373,1,14289,1,0,0,0,0,0,0,13,7,12,7
31522,14258,1,14182,1,9373,1,14290,1,0,0,0,0,0,0,13,7,12,7
31523,14259,1,14182,1,9373,1,14291,1,0,0,0,0,0,0,13,7,12,7
31524,14260,1,14182,1,9373,1,14292,1,0,0,0,0,0,0,13,7,12,7
31525,14261,1,14182,1,9373,1,14293,1,0,0,0,0,0,0,13,7,12,7
31526,14262,1,14183,1,12603,1,14289,1,14291,1,14293,1,0,0,19,2,18,1
31527,14263,1,14182,1,9373,1,14294,1,0,0,0,0,0,0,13,7,12,7
31528,14264,1,14182,1,9373,1,14295,1,0,0,0,0,0,0,13,7,12,7
31529,14265,1,14182,1,9373,1,14296,1,0,0,0,0,0,0,13,7,12,7
31530,14267,1,14183,1,12603,1,14294,1,14295,1,14297,1,0,0,19,2,18,2
31531,14712,1,14146,2,14155,1,12522,1,12614,2,0,0,0,0,15,3,17,2
31532,14713,1,14146,3,14155,1,12522,2,12614,3,0,0,0,0,15,3,17,2
31533,14714,1,14146,2,14155,1,12522,1,12614,2,0,0,0,0,15,3,17,2
31534,14715,1,14155,3,14152,1,12522,1,12614,3,0,0,0,0,17,3,16,2
31535,14716,1,14146,2,14155,1,12522,1,12614,2,0,0,0,0,15,3,17,2
31536,14717,1,14155,2,14146,1,12596,1,5508,1,12612,2,0,0,17,3,16,2
31537,14718,1,14155,2,14146,1,14149,1,12596,1,12612,3,0,0,17,3,16,2
31538,14719,1,14155,2,14152,1,12525,1,12596,1,12612,2,0,0,17,3,16,2
31539,14720,1,14152,2,14155,2,12522,1,12596,1,12612,3,0,0,18,3,16,2
31540,14721,1,14155,2,14152,1,12525,1,5510,1,12612,2,0,0,17,3,16,2
31541,14722,1,14155,2,14146,1,12596,1,5508,1,12612,2,0,0,17,3,16,2
31542,14723,1,14155,2,14146,1,14149,1,12596,1,12612,3,0,0,17,3,16,2
31543,14724,1,14155,2,14152,1,12525,1,12596,1,12612,2,0,0,17,3,16,2
31544,14725,1,14152,2,14155,2,12522,1,12596,1,12612,3,0,0,18,3,16,2
31545,14726,1,14155,2,14152,1,12525,1,5510,1,12612,2,0,0,17,3,16,2
31546,14727,1,14152,2,14155,1,5360,2,12596,1,12613,2,0,0,18,3,16,2
31547,14728,1,14152,2,14155,1,14149,1,12596,1,12613,3,0,0,18,3,16,2
31548,14729,1,14152,2,14155,1,12522,1,12596,1,12613,2,0,0,18,3,16,2
31549,14730,1,14152,3,14155,1,12522,1,12596,1,12613,3,0,0,18,3,16,2
31550,14731,1,14155,2,14152,1,12596,1,5510,1,12613,2,0,0,17,3,16,2
31551,14732,1,14152,2,14155,1,5360,2,12596,1,12613,2,0,0,18,3,16,2
31552,14733,1,14152,2,14155,1,14149,1,12596,1,12613,3,0,0,18,3,16,2
31553,14734,1,14152,2,14155,1,12522,1,12596,1,12613,2,0,0,18,3,16,2
31554,14735,1,14152,3,14155,1,12522,1,12596,1,12613,3,0,0,18,3,16,2
31555,14736,1,14155,2,14152,1,12596,1,5510,1,12613,2,0,0,17,3,16,2
31556,14737,1,14152,2,14155,1,5360,2,12596,1,12616,2,0,0,18,3,16,2
31557,14738,1,14152,2,14155,1,14149,1,12596,1,12616,3,0,0,18,3,16,2
31558,14739,1,14152,2,14155,1,12522,1,12596,1,12616,2,0,0,18,3,16,2
31559,14740,1,14152,3,14155,1,12522,1,12596,1,12616,3,0,0,18,3,16,2
31560,14741,1,14155,2,14152,1,12596,1,5510,1,12616,2,0,0,17,3,16,2
31561,14742,1,14155,2,14146,1,12596,1,5508,1,12615,2,0,0,17,3,16,2
31562,14743,1,14155,2,14146,1,14149,1,12596,1,12615,3,0,0,17,3,16,2
31563,14744,1,14155,2,14152,1,12525,1,12596,1,12615,2,0,0,17,3,16,2
31564,14745,1,14152,2,14155,2,12522,1,12596,1,12615,3,0,0,18,3,16,2
31565,14746,1,14155,2,14152,1,12525,1,5510,1,12615,2,0,0,17,3,16,2
31566,0,0,0,0,0,0,0,0,0,0,0,0,0,0,15,3,17,2
31567,0,0,0,0,0,0,0,0,0,0,0,0,0,0,15,3,17,2
31568,0,0,0,0,0,0,0,0,0,0,0,0,0,0,15,3,17,2
31569,0,0,0,0,0,0,0,0,0,0,0,0,0,0,17,3,16,2
31570,0,0,0,0,0,0,0,0,0,0,0,0,0,0,17,3,16,2
31571,0,0,0,0,0,0,0,0,0,0,0,0,0,0,18,3,16,2
31572,0,0,0,0,0,0,0,0,0,0,0,0,0,0,18,3,16,2
31573,14830,1,14932,2,14931,1,12595,1,12524,1,8147,3,0,0,17,3,16,2
31574,14831,1,14931,2,14932,1,12595,1,8147,3,0,0,0,0,18,3,16,2
31575,14832,1,14932,1,14931,1,12595,1,5510,1,8147,2,0,0,17,3,16,2
31576,14833,1,14931,2,14932,1,12595,1,12524,1,12541,2,8147,3,18,3,16,2
31577,14834,1,14932,2,12595,1,12529,1,8147,2,0,0,0,0,17,3,16,2
31578,14835,1,14931,1,14932,1,12529,1,8147,3,0,0,0,0,18,3,16,2
31579,14836,1,14932,2,12595,1,5510,1,8147,2,0,0,0,0,17,3,16,2
31580,14935,1,12224,3,13750,2,5116,2,5530,9,0,0,0,0,14,2,17,2
31581,14935,1,12224,3,13750,2,5116,2,5530,9,0,0,0,0,15,2,17,2
31582,13088,1,13059,1,7010,5,12604,3,12608,3,12541,8,0,0,19,2,18,2
31583,13089,1,13060,2,7010,5,12605,3,12608,5,12230,3,0,0,19,3,18,2
31584,14939,1,13744,1,13748,1,12596,1,8149,2,0,0,0,0,18,2,16,1
31585,14940,1,13744,2,12658,1,12596,2,12522,1,8149,3,0,0,18,2,16,1
31586,14941,1,13745,1,13749,1,12596,1,8149,2,0,0,0,0,17,2,16,1
31587,14942,1,13744,2,13749,1,12596,2,8149,3,0,0,0,0,18,2,16,1
31588,14943,1,13745,1,13748,1,12595,2,5510,1,8149,2,0,0,17,2,16,1
31589,0,0,0,0,0,0,0,0,0,0,0,0,0,0,0,0,0,0
31590,15097,1,15098,2,9358,3,5377,1,9360,2,12610,1,9376,2,16,3,14,2
31591,15720,1,15746,1,0,0,0,0,0,0,0,0,0,0,10,4,9,2
31592,15721,1,15747,1,0,0,0,0,0,0,0,0,0,0,10,4,9,2
31593,15722,1,15748,1,0,0,0,0,0,0,0,0,0,0,10,4,9,2
31594,15723,1,15749,1,0,0,0,0,0,0,0,0,0,0,10,4,9,2
31595,15724,1,15750,1,0,0,0,0,0,0,0,0,0,0,10,4,9,2
31596,15725,1,15751,1,0,0,0,0,0,0,0,0,0,0,10,2,9,1
31597,15726,1,15752,1,0,0,0,0,0,0,0,0,0,0,10,2,9,1
31598,15727,1,15753,1,0,0,0,0,0,0,0,0,0,0,10,2,9,1
31599,15728,1,15754,1,0,0,0,0,0,0,0,0,0,0,10,2,9,1
31600,15729,1,15755,1,0,0,0,0,0,0,0,0,0,0,10,2,9,1
31601,15730,1,15756,1,0,0,0,0,0,0,0,0,0,0,10,2,9,1
31602,15731,1,15757,1,0,0,0,0,0,0,0,0,0,0,10,2,9,1
31603,15732,1,15758,1,0,0,0,0,0,0,0,0,0,0,10,2,9,1
31604,15733,1,15759,1,0,0,0,0,0,0,0,0,0,0,10,2,9,1
31605,15734,1,15760,1,0,0,0,0,0,0,0,0,0,0,10,2,9,1
31606,15735,1,15761,1,0,0,0,0,0,0,0,0,0,0,10,2,9,1
31607,15736,1,15762,1,0,0,0,0,0,0,0,0,0,0,10,2,9,1
31608,15737,1,15763,1,0,0,0,0,0,0,0,0,0,0,10,2,9,1
31609,15738,1,15764,1,0,0,0,0,0,0,0,0,0,0,10,2,9,1
31610,15739,1,15765,1,0,0,0,0,0,0,0,0,0,0,10,2,9,1
31611,15740,1,15766,1,0,0,0,0,0,0,0,0,0,0,10,2,9,1
31612,15741,1,15767,1,0,0,0,0,0,0,0,0,0,0,10,2,9,1
31613,15742,1,15768,1,0,0,0,0,0,0,0,0,0,0,10,2,9,1
31614,15743,1,15769,1,0,0,0,0,0,0,0,0,0,0,10,2,9,1
31615,15744,1,15770,1,0,0,0,0,0,0,0,0,0,0,10,2,9,1
31616,15745,1,15771,1,0,0,0,0,0,0,0,0,0,0,10,2,9,1
31617,15720,1,15746,1,0,0,0,0,0,0,0,0,0,0,8,4,11,2
31618,15721,1,15747,1,0,0,0,0,0,0,0,0,0,0,8,4,11,2
31619,15722,1,15748,1,0,0,0,0,0,0,0,0,0,0,8,4,11,2
31620,15723,1,15749,1,0,0,0,0,0,0,0,0,0,0,8,4,11,2
31621,15724,1,15750,1,0,0,0,0,0,0,0,0,0,0,8,4,11,2
31622,15725,1,15751,1,0,0,0,0,0,0,0,0,0,0,8,2,11,1
31623,15726,1,15752,1,0,0,0,0,0,0,0,0,0,0,8,2,11,1
31624,15727,1,15753,1,0,0,0,0,0,0,0,0,0,0,8,2,11,1
31625,15728,1,15754,1,0,0,0,0,0,0,0,0,0,0,8,2,11,1
31626,15729,1,15755,1,0,0,0,0,0,0,0,0,0,0,8,2,11,1
31627,15730,1,15756,1,0,0,0,0,0,0,0,0,0,0,8,2,11,1
31628,15731,1,15757,1,0,0,0,0,0,0,0,0,0,0,8,2,11,1
31629,15732,1,15758,1,0,0,0,0,0,0,0,0,0,0,8,2,11,1
31630,15733,1,15759,1,0,0,0,0,0,0,0,0,0,0,8,2,11,1
31631,15734,1,15760,1,0,0,0,0,0,0,0,0,0,0,8,2,11,1
31632,15735,1,15761,1,0,0,0,0,0,0,0,0,0,0,8,2,11,1
31633,15736,1,15762,1,0,0,0,0,0,0,0,0,0,0,8,2,11,1
31634,15737,1,15763,1,0,0,0,0,0,0,0,0,0,0,8,2,11,1
31635,15738,1,15764,1,0,0,0,0,0,0,0,0,0,0,8,2,11,1
31636,15739,1,15765,1,0,0,0,0,0,0,0,0,0,0,8,2,11,1
31637,15740,1,15766,1,0,0,0,0,0,0,0,0,0,0,8,2,11,1
31638,15741,1,15767,1,0,0,0,0,0,0,0,0,0,0,8,2,11,1
31639,15742,1,15768,1,0,0,0,0,0,0,0,0,0,0,8,2,11,1
31640,15743,1,15769,1,0,0,0,0,0,0,0,0,0,0,8,2,11,1
31641,15744,1,15770,1,0,0,0,0,0,0,0,0,0,0,8,2,11,1
31642,15745,1,15771,1,0,0,0,0,0,0,0,0,0,0,8,2,11,1
31643,15720,1,15746,1,0,0,0,0,0,0,0,0,0,0,9,4,11,2
31644,15721,1,15747,1,0,0,0,0,0,0,0,0,0,0,9,4,11,2
31645,15722,1,15748,1,0,0,0,0,0,0,0,0,0,0,9,4,11,2
31646,15723,1,15749,1,0,0,0,0,0,0,0,0,0,0,9,4,11,2
31647,15724,1,15750,1,0,0,0,0,0,0,0,0,0,0,9,4,11,2
31648,15725,1,15751,1,0,0,0,0,0,0,0,0,0,0,9,2,11,1
31649,15726,1,15752,1,0,0,0,0,0,0,0,0,0,0,9,2,11,1
31650,15727,1,15753,1,0,0,0,0,0,0,0,0,0,0,9,2,11,1
31651,15728,1,15754,1,0,0,0,0,0,0,0,0,0,0,9,2,11,1
31652,15729,1,15755,1,0,0,0,0,0,0,0,0,0,0,9,2,11,1
31653,15730,1,15756,1,0,0,0,0,0,0,0,0,0,0,9,2,11,1
31654,15731,1,15757,1,0,0,0,0,0,0,0,0,0,0,9,2,11,1
31655,15732,1,15758,1,0,0,0,0,0,0,0,0,0,0,9,2,11,1
31656,15733,1,15759,1,0,0,0,0,0,0,0,0,0,0,9,2,11,1
31657,15734,1,15760,1,0,0,0,0,0,0,0,0,0,0,9,2,11,1
31658,15735,1,15761,1,0,0,0,0,0,0,0,0,0,0,9,2,11,1
31659,15736,1,15762,1,0,0,0,0,0,0,0,0,0,0,9,2,11,1
31660,15737,1,15763,1,0,0,0,0,0,0,0,0,0,0,9,2,11,1
31661,15738,1,15764,1,0,0,0,0,0,0,0,0,0,0,9,2,11,1
31662,15739,1,15765,1,0,0,0,0,0,0,0,0,0,0,9,2,11,1
31663,15740,1,15766,1,0,0,0,0,0,0,0,0,0,0,9,2,11,1
31664,15741,1,15767,1,0,0,0,0,0,0,0,0,0,0,9,2,11,1
31665,15742,1,15768,1,0,0,0,0,0,0,0,0,0,0,9,2,11,1
31666,15743,1,15769,1,0,0,0,0,0,0,0,0,0,0,9,2,11,1
31667,15744,1,15770,1,0,0,0,0,0,0,0,0,0,0,9,2,11,1
31668,15745,1,15771,1,0,0,0,0,0,0,0,0,0,0,9,2,11,1
31669,15720,1,15746,1,0,0,0,0,0,0,0,0,0,0,10,4,8,2
31670,15721,1,15747,1,0,0,0,0,0,0,0,0,0,0,10,4,8,2
31671,15722,1,15748,1,0,0,0,0,0,0,0,0,0,0,10,4,8,2
31672,15723,1,15749,1,0,0,0,0,0,0,0,0,0,0,10,4,8,2
31673,15724,1,15750,1,0,0,0,0,0,0,0,0,0,0,10,4,8,2
31674,15725,1,15751,1,0,0,0,0,0,0,0,0,0,0,10,2,8,1
31675,15726,1,15752,1,0,0,0,0,0,0,0,0,0,0,10,2,8,1
31676,15727,1,15753,1,0,0,0,0,0,0,0,0,0,0,10,2,8,1
31677,15728,1,15754,1,0,0,0,0,0,0,0,0,0,0,10,2,8,1
31678,15729,1,15755,1,0,0,0,0,0,0,0,0,0,0,10,2,8,1
31679,15730,1,15756,1,0,0,0,0,0,0,0,0,0,0,10,2,8,1
31680,15731,1,15757,1,0,0,0,0,0,0,0,0,0,0,10,2,8,1
31681,15732,1,15758,1,0,0,0,0,0,0,0,0,0,0,10,2,8,1
31682,15733,1,15759,1,0,0,0,0,0,0,0,0,0,0,10,2,8,1
31683,15734,1,15760,1,0,0,0,0,0,0,0,0,0,0,10,2,8,1
31684,15735,1,15761,1,0,0,0,0,0,0,0,0,0,0,10,2,8,1
31685,15736,1,15762,1,0,0,0,0,0,0,0,0,0,0,10,2,8,1
31686,15737,1,15763,1,0,0,0,0,0,0,0,0,0,0,10,2,8,1
31687,15738,1,15764,1,0,0,0,0,0,0,0,0,0,0,10,2,8,1
31688,15739,1,15765,1,0,0,0,0,0,0,0,0,0,0,10,2,8,1
31689,15740,1,15766,1,0,0,0,0,0,0,0,0,0,0,10,2,8,1
31690,15741,1,15767,1,0,0,0,0,0,0,0,0,0,0,10,2,8,1
31691,15742,1,15768,1,0,0,0,0,0,0,0,0,0,0,10,2,8,1
31692,15743,1,15769,1,0,0,0,0,0,0,0,0,0,0,10,2,8,1
31693,15744,1,15770,1,0,0,0,0,0,0,0,0,0,0,10,2,8,1
31694,15745,1,15771,1,0,0,0,0,0,0,0,0,0,0,10,2,8,1
31695,15720,1,15746,1,0,0,0,0,0,0,0,0,0,0,11,4,10,2
31696,15721,1,15747,1,0,0,0,0,0,0,0,0,0,0,11,4,10,2
31697,15722,1,15748,1,0,0,0,0,0,0,0,0,0,0,11,4,10,2
31698,15723,1,15749,1,0,0,0,0,0,0,0,0,0,0,11,4,10,2
31699,15724,1,15750,1,0,0,0,0,0,0,0,0,0,0,11,4,10,2
31700,15725,1,15751,1,0,0,0,0,0,0,0,0,0,0,11,2,10,1
31701,15726,1,15752,1,0,0,0,0,0,0,0,0,0,0,11,2,10,1
31702,15727,1,15753,1,0,0,0,0,0,0,0,0,0,0,11,2,10,1
31703,15728,1,15754,1,0,0,0,0,0,0,0,0,0,0,11,2,10,1
31704,15729,1,15755,1,0,0,0,0,0,0,0,0,0,0,11,2,10,1
31705,15730,1,15756,1,0,0,0,0,0,0,0,0,0,0,11,2,10,1
31706,15731,1,15757,1,0,0,0,0,0,0,0,0,0,0,11,2,10,1
31707,15732,1,15758,1,0,0,0,0,0,0,0,0,0,0,11,2,10,1
31708,15733,1,15759,1,0,0,0,0,0,0,0,0,0,0,11,2,10,1
31709,15734,1,15760,1,0,0,0,0,0,0,0,0,0,0,11,2,10,1
31710,15735,1,15761,1,0,0,0,0,0,0,0,0,0,0,11,2,10,1
31711,15736,1,15762,1,0,0,0,0,0,0,0,0,0,0,11,2,10,1
31712,15737,1,15763,1,0,0,0,0,0,0,0,0,0,0,11,2,10,1
31713,15738,1,15764,1,0,0,0,0,0,0,0,0,0,0,11,2,10,1
31714,15739,1,15765,1,0,0,0,0,0,0,0,0,0,0,11,2,10,1
31715,15740,1,15766,1,0,0,0,0,0,0,0,0,0,0,11,2,10,1
31716,15741,1,15767,1,0,0,0,0,0,0,0,0,0,0,11,2,10,1
31717,15742,1,15768,1,0,0,0,0,0,0,0,0,0,0,11,2,10,1
31718,15743,1,15769,1,0,0,0,0,0,0,0,0,0,0,11,2,10,1
31719,15744,1,15770,1,0,0,0,0,0,0,0,0,0,0,11,2,10,1
31720,15745,1,15771,1,0,0,0,0,0,0,0,0,0,0,11,2,10,1
31721,15720,1,15746,1,0,0,0,0,0,0,0,0,0,0,12,4,10,2
31722,15721,1,15747,1,0,0,0,0,0,0,0,0,0,0,12,4,10,2
31723,15722,1,15748,1,0,0,0,0,0,0,0,0,0,0,12,4,10,2
31724,15723,1,15749,1,0,0,0,0,0,0,0,0,0,0,12,4,10,2
31725,15724,1,15750,1,0,0,0,0,0,0,0,0,0,0,12,4,10,2
31726,15725,1,15751,1,0,0,0,0,0,0,0,0,0,0,12,2,10,1
31727,15726,1,15752,1,0,0,0,0,0,0,0,0,0,0,12,2,10,1
31728,15727,1,15753,1,0,0,0,0,0,0,0,0,0,0,12,2,10,1
31729,15728,1,15754,1,0,0,0,0,0,0,0,0,0,0,12,2,10,1
31730,15729,1,15755,1,0,0,0,0,0,0,0,0,0,0,12,2,10,1
31731,15730,1,15756,1,0,0,0,0,0,0,0,0,0,0,12,2,10,1
31732,15731,1,15757,1,0,0,0,0,0,0,0,0,0,0,12,2,10,1
31733,15732,1,15758,1,0,0,0,0,0,0,0,0,0,0,12,2,10,1
31734,15733,1,15759,1,0,0,0,0,0,0,0,0,0,0,12,2,10,1
31735,15734,1,15760,1,0,0,0,0,0,0,0,0,0,0,12,2,10,1
31736,15735,1,15761,1,0,0,0,0,0,0,0,0,0,0,12,2,10,1
31737,15736,1,15762,1,0,0,0,0,0,0,0,0,0,0,12,2,10,1
31738,15737,1,15763,1,0,0,0,0,0,0,0,0,0,0,12,2,10,1
31739,15738,1,15764,1,0,0,0,0,0,0,0,0,0,0,12,2,10,1
31740,15739,1,15765,1,0,0,0,0,0,0,0,0,0,0,12,2,10,1
31741,15740,1,15766,1,0,0,0,0,0,0,0,0,0,0,12,2,10,1
31742,15741,1,15767,1,0,0,0,0,0,0,0,0,0,0,12,2,10,1
31743,15742,1,15768,1,0,0,0,0,0,0,0,0,0,0,12,2,10,1
31744,15743,1,15769,1,0,0,0,0,0,0,0,0,0,0,12,2,10,1
31745,15744,1,15770,1,0,0,0,0,0,0,0,0,0,0,12,2,10,1
31746,15745,1,15771,1,0,0,0,0,0,0,0,0,0,0,12,2,10,1
31747,15720,1,15746,1,0,0,0,0,0,0,0,0,0,0,13,4,12,2
31748,15721,1,15747,1,0,0,0,0,0,0,0,0,0,0,13,4,12,2
31749,15722,1,15748,1,0,0,0,0,0,0,0,0,0,0,13,4,12,2
31750,15723,1,15749,1,0,0,0,0,0,0,0,0,0,0,13,4,12,2
31751,15724,1,15750,1,0,0,0,0,0,0,0,0,0,0,13,4,12,2
31752,15725,1,15751,1,0,0,0,0,0,0,0,0,0,0,13,2,12,1
31753,15726,1,15752,1,0,0,0,0,0,0,0,0,0,0,13,2,12,1
31754,15727,1,15753,1,0,0,0,0,0,0,0,0,0,0,13,2,12,1
31755,15728,1,15754,1,0,0,0,0,0,0,0,0,0,0,13,2,12,1
31756,15729,1,15755,1,0,0,0,0,0,0,0,0,0,0,13,2,12,1
31757,15730,1,15756,1,0,0,0,0,0,0,0,0,0,0,13,2,12,1
31758,15731,1,15757,1,0,0,0,0,0,0,0,0,0,0,13,2,12,1
31759,15732,1,15758,1,0,0,0,0,0,0,0,0,0,0,13,2,12,1
31760,15733,1,15759,1,0,0,0,0,0,0,0,0,0,0,13,2,12,1
31761,15734,1,15760,1,0,0,0,0,0,0,0,0,0,0,13,2,12,1
31762,15735,1,15761,1,0,0,0,0,0,0,0,0,0,0,13,2,12,1
31763,15736,1,15762,1,0,0,0,0,0,0,0,0,0,0,13,2,12,1
31764,15737,1,15763,1,0,0,0,0,0,0,0,0,0,0,13,2,12,1
31765,15738,1,15764,1,0,0,0,0,0,0,0,0,0,0,13,2,12,1
31766,15739,1,15765,1,0,0,0,0,0,0,0,0,0,0,13,2,12,1
31767,15740,1,15766,1,0,0,0,0,0,0,0,0,0,0,13,2,12,1
31768,15741,1,15767,1,0,0,0,0,0,0,0,0,0,0,13,2,12,1
31769,15742,1,15768,1,0,0,0,0,0,0,0,0,0,0,13,2,12,1
31770,15743,1,15769,1,0,0,0,0,0,0,0,0,0,0,13,2,12,1
31771,15744,1,15770,1,0,0,0,0,0,0,0,0,0,0,13,2,12,1
31772,15745,1,15771,1,0,0,0,0,0,0,0,0,0,0,13,2,12,1
31773,15720,1,15746,1,0,0,0,0,0,0,0,0,0,0,8,4,13,2
31774,15721,1,15747,1,0,0,0,0,0,0,0,0,0,0,8,4,13,2
31775,15722,1,15748,1,0,0,0,0,0,0,0,0,0,0,8,4,13,2
31776,15723,1,15749,1,0,0,0,0,0,0,0,0,0,0,8,4,13,2
31777,15724,1,15750,1,0,0,0,0,0,0,0,0,0,0,8,4,13,2
31778,15725,1,15751,1,0,0,0,0,0,0,0,0,0,0,8,2,13,1
31779,15726,1,15752,1,0,0,0,0,0,0,0,0,0,0,8,2,13,1
31780,15727,1,15753,1,0,0,0,0,0,0,0,0,0,0,8,2,13,1
31781,15728,1,15754,1,0,0,0,0,0,0,0,0,0,0,8,2,13,1
31782,15729,1,15755,1,0,0,0,0,0,0,0,0,0,0,8,2,13,1
31783,15730,1,15756,1,0,0,0,0,0,0,0,0,0,0,8,2,13,1
31784,15731,1,15757,1,0,0,0,0,0,0,0,0,0,0,8,2,13,1
31785,15732,1,15758,1,0,0,0,0,0,0,0,0,0,0,8,2,13,1
31786,15733,1,15759,1,0,0,0,0,0,0,0,0,0,0,8,2,13,1
31787,15734,1,15760,1,0,0,0,0,0,0,0,0,0,0,8,2,13,1
31788,15735,1,15761,1,0,0,0,0,0,0,0,0,0,0,8,2,13,1
31789,15736,1,15762,1,0,0,0,0,0,0,0,0,0,0,8,2,13,1
31790,15737,1,15763,1,0,0,0,0,0,0,0,0,0,0,8,2,13,1
31791,15738,1,15764,1,0,0,0,0,0,0,0,0,0,0,8,2,13,1
31792,15739,1,15765,1,0,0,0,0,0,0,0,0,0,0,8,2,13,1
31793,15740,1,15766,1,0,0,0,0,0,0,0,0,0,0,8,2,13,1
31794,15741,1,15767,1,0,0,0,0,0,0,0,0,0,0,8,2,13,1
31795,15742,1,15768,1,0,0,0,0,0,0,0,0,0,0,8,2,13,1
31796,15743,1,15769,1,0,0,0,0,0,0,0,0,0,0,8,2,13,1
31797,15744,1,15770,1,0,0,0,0,0,0,0,0,0,0,8,2,13,1
31798,15745,1,15771,1,0,0,0,0,0,0,0,0,0,0,8,2,13,1
31799,6141,3,6153,1,10096,1,5545,1,4790,1,7592,1,0,0,13,7,12,5
31800,0,0,0,0,0,0,0,0,0,0,0,0,0,0,0,0,0,0
31801,0,0,0,0,0,0,0,0,0,0,0,0,0,0,0,0,0,0
31802,0,0,0,0,0,0,0,0,0,0,0,0,0,0,0,0,0,0
31803,0,0,0,0,0,0,0,0,0,0,0,0,0,0,0,0,0,0
31804,0,0,0,0,0,0,0,0,0,0,0,0,0,0,0,0,0,0
31805,0,0,0,0,0,0,0,0,0,0,0,0,0,0,0,0,0,0
31806,0,0,0,0,0,0,0,0,0,0,0,0,0,0,0,0,0,0
31807,0,0,0,0,0,0,0,0,0,0,0,0,0,0,0,0,0,0
31808,0,0,0,0,0,0,0,0,0,0,0,0,0,0,0,0,0,0
31809,0,0,0,0,0,0,0,0,0,0,0,0,0,0,0,0,0,0
31810,0,0,0,0,0,0,0,0,0,0,0,0,0,0,0,0,0,0
31811,0,0,0,0,0,0,0,0,0,0,0,0,0,0,0,0,0,0
31812,0,0,0,0,0,0,0,0,0,0,0,0,0,0,0,0,0,0
31813,0,0,0,0,0,0,0,0,0,0,0,0,0,0,0,0,0,0
31814,13892,1,15908,2,9358,1,9360,3,5069,2,8147,3,0,0,16,2,14,2
31815,13893,1,15909,2,9358,2,9361,2,9360,1,5069,2,8147,3,15,2,17,2
31816,13894,1,15910,2,9358,2,9361,1,9360,1,5069,2,8147,3,15,2,17,2
31817,13895,1,15911,2,9361,2,9362,2,9360,1,5069,2,8147,3,18,2,16,2
31818,13896,1,15912,2,9358,2,9361,1,9360,1,5069,2,8147,3,15,2,17,2
31819,13897,1,15908,2,9358,2,9361,1,9360,1,5069,2,8147,3,15,2,17,2
31820,13898,1,15909,2,9358,2,9361,2,9360,1,5069,2,8147,3,15,2,17,2
31821,13899,1,15910,2,9358,2,9361,1,9360,1,5069,2,8147,3,15,2,17,2
31822,13900,1,15911,2,9361,3,9362,1,9360,1,5069,2,8147,3,17,2,16,2
31823,13901,1,15912,2,9358,2,9361,1,9360,1,5069,2,8147,3,15,2,17,2
31824,13902,1,15908,2,9362,1,9360,3,5069,2,8147,3,0,0,16,2,14,2
31825,13903,1,15909,2,9361,2,9362,2,9360,1,5069,2,8147,3,17,2,16,2
31826,13904,1,15910,2,9358,1,9361,2,9360,1,5069,2,8147,3,17,2,16,2
31827,13905,1,15911,2,9361,1,9362,3,9360,1,5069,2,8147,3,18,2,16,2
31828,13906,1,15912,2,9358,1,9361,2,9360,1,5069,2,8147,3,17,2,16,2
31829,13907,1,15908,2,9361,2,9362,1,9360,1,5069,2,8147,3,17,2,16,2
31830,13908,1,15909,2,9361,2,9362,2,9360,1,5069,2,8147,3,17,2,16,2
31831,13909,1,15910,2,9361,2,9360,2,5069,2,8147,3,0,0,17,2,16,2
31832,13910,1,15911,2,9361,3,9362,1,9360,1,5069,2,8147,3,17,2,16,2
31833,13911,1,15912,2,9358,2,9361,1,9360,1,5069,2,8147,3,15,2,17,2
31834,13912,1,15908,2,9362,3,9360,1,5069,2,8147,3,0,0,18,2,16,2
31835,13913,1,15909,2,9362,3,9361,1,9360,1,5069,2,8147,3,18,2,16,2
31836,13914,1,15910,2,9361,2,9362,1,9360,1,5069,2,8147,3,17,2,16,2
31837,13915,1,15911,2,9362,3,9360,1,5069,2,8147,3,0,0,18,2,16,2
31838,13916,1,15912,2,9361,2,9362,1,9360,1,5069,2,8147,3,17,2,16,2
31839,13917,1,15908,2,9361,2,9362,1,9360,1,5069,2,8147,3,17,2,16,2
31840,13918,1,15909,2,9361,2,9362,2,9360,1,5069,2,8147,3,17,2,16,2
31841,13919,1,15910,2,9361,2,9360,2,5069,2,8147,3,0,0,17,2,16,2
31842,13920,1,15911,2,9362,3,9360,1,5069,2,8147,3,0,0,18,2,16,2
31843,13921,1,15912,2,9361,2,9362,1,9360,1,5069,2,8147,3,17,2,16,2
31844,13922,1,15908,2,9362,1,9360,3,5069,2,8147,3,0,0,16,2,14,2
31845,13923,1,15909,2,9361,2,9362,2,9360,1,5069,2,8147,3,17,2,16,2
31846,13924,1,15910,2,9358,1,9361,2,9360,1,5069,2,8147,3,17,2,16,2
31847,13925,1,15911,2,9361,1,9362,3,9360,1,5069,2,8147,3,18,2,16,2
31848,13926,1,15912,2,9358,1,9361,2,9360,1,5069,2,8147,3,17,2,16,2
31849,15143,1,7606,5,7607,1,7017,3,8149,3,0,0,0,0,16,2,15,1
31850,15145,1,8025,2,12592,3,13748,1,12594,2,12574,2,12655,1,18,2,16,1
31851,15149,1,13747,2,7607,2,12529,2,12610,1,5998,8,0,0,15,3,17,2
31852,15150,1,13747,3,7607,3,12529,3,12610,1,5998,8,0,0,15,3,17,2
31853,15152,1,15653,2,14146,3,14149,3,7010,2,0,0,0,0,16,3,14,2
31854,15157,1,5379,3,7772,5,5336,3,7017,5,0,0,0,0,16,1,15,1
31855,15159,1,5231,48,5230,48,5472,16,7807,8,8149,8,0,0,16,2,14,1
31856,15160,1,14157,6,7606,8,7020,8,7008,4,7017,6,8149,4,16,3,15,2
31857,15161,1,7606,7,7015,15,7008,2,7017,4,7012,5,8149,3,16,2,15,1
31858,15427,1,15653,3,14155,4,14187,1,14149,1,14190,2,0,0,17,3,16,2
31859,15436,1,13754,1,12592,1,12596,1,8019,1,0,0,0,0,6,99,-1,0
31860,15437,1,13754,1,12592,1,12596,1,9377,1,0,0,0,0,3,99,-1,0
31861,15472,1,15945,2,12564,2,12595,1,12541,2,0,0,0,0,17,2,16,1
31862,15473,1,15945,3,12590,3,12595,2,0,0,0,0,0,0,18,2,16,1
31863,15474,1,15945,3,12590,2,12564,1,12595,2,12524,1,0,0,18,2,16,1
31864,15475,1,15945,1,12564,2,12595,2,0,0,0,0,0,0,17,2,16,1
31865,15505,1,15645,2,14155,2,14153,1,14149,1,12610,1,8150,2,17,3,16,2
31866,15506,1,15645,3,14155,2,14152,1,14153,2,14146,1,8150,3,17,3,16,2
31867,15507,1,15645,2,14155,2,14153,1,14146,1,8150,2,0,0,17,3,16,2
31868,15508,1,15645,2,14152,1,14155,1,14153,1,14146,1,8150,2,18,3,16,2
31869,15509,1,15645,2,14155,2,14153,1,14146,1,5510,2,8150,2,17,3,16,2
31870,15510,1,5339,1,13749,1,14188,2,13747,1,12610,1,0,0,17,2,16,2
31871,15511,1,5339,2,13749,2,13748,1,14188,3,12525,1,0,0,17,2,16,2
31872,15512,1,5339,1,13749,1,14188,2,13747,1,0,0,0,0,17,2,16,2
31873,15513,1,5339,1,13748,1,13749,1,14188,2,12525,1,0,0,18,2,16,2
31874,15514,1,5339,1,13749,1,14188,2,13747,1,5510,2,0,0,17,2,16,2
31875,15515,1,15645,2,14152,2,14153,1,14149,1,8150,2,0,0,18,3,16,2
31876,15516,1,15645,3,14152,2,14155,1,14153,2,14146,1,8150,3,18,3,16,2
31877,15517,1,15645,2,14152,2,14153,1,14146,1,8150,2,0,0,18,3,16,2
31878,15518,1,15645,2,14152,1,14155,1,14153,1,14146,1,8150,2,18,3,16,2
31879,15519,1,15645,2,14155,2,14153,1,14146,1,5510,2,8150,2,17,3,16,2
31880,15520,1,5339,1,13748,1,14188,2,13747,1,0,0,0,0,18,2,16,2
31881,15521,1,5339,2,13748,2,13749,1,14188,3,12525,1,0,0,18,2,16,2
31882,15522,1,5339,1,13748,1,14188,2,13747,1,0,0,0,0,18,2,16,2
31883,15523,1,5339,1,13748,1,13749,1,14188,2,12525,1,0,0,18,2,16,2
31884,15524,1,5339,1,13749,1,14188,2,13747,1,5510,2,0,0,17,2,16,2
31885,15525,1,15645,1,14157,1,14155,1,14153,1,8150,1,0,0,16,3,15,2
31886,15526,1,15645,1,14149,2,12912,1,8150,1,0,0,0,0,16,3,14,2
31887,15527,1,15645,1,14157,1,14155,1,12912,2,8150,1,0,0,16,3,15,2
31888,15528,1,15645,1,14149,2,12912,1,8150,1,0,0,0,0,16,3,14,2
31889,0,0,0,0,0,0,0,0,0,0,0,0,0,0,17,3,16,2
31890,15530,1,15645,1,14157,1,14155,1,14153,1,8150,1,0,0,16,3,15,2
31891,15531,1,15645,1,14149,2,12912,1,8150,1,0,0,0,0,16,3,14,2
31892,15532,1,15645,1,14157,1,14155,1,12912,2,8150,1,0,0,16,3,15,2
31893,15533,1,15645,1,14149,2,12912,1,8150,1,0,0,0,0,16,3,14,2
31894,0,0,0,0,0,0,0,0,0,0,0,0,0,0,17,3,16,2
31895,15535,1,15645,3,14146,3,14157,1,7607,1,5069,1,8155,1,14,3,17,2
31896,15536,1,15645,3,14146,3,14157,1,7607,1,5069,1,8155,1,14,3,17,2
31897,15537,1,15645,3,14146,3,14155,1,7607,1,5069,1,8155,1,14,3,17,2
31898,15538,1,15645,3,14146,2,14149,1,14157,1,5069,2,8155,1,14,3,17,2
31899,15539,1,15645,3,14146,3,14155,1,7607,1,5069,1,8155,1,14,3,17,2
31900,15540,1,15645,3,14149,3,14157,1,7609,1,5069,1,8155,1,16,3,14,2
31901,15541,1,15645,3,14146,2,14149,2,5069,1,12610,1,8155,1,15,3,17,2
31902,15542,1,15645,3,14146,3,14157,1,7607,1,5069,1,8155,1,15,3,17,2
31903,15543,1,15645,3,14146,3,14157,1,7607,1,5069,1,8155,1,14,3,17,2
31904,15544,1,15645,3,14146,2,14157,2,7607,1,5069,1,8155,1,14,3,17,2
31905,15545,1,15645,3,14157,3,14146,1,7607,1,5069,1,8155,1,16,3,15,2
31906,15546,1,15645,3,14146,2,14157,1,7607,1,5069,1,8155,1,14,3,17,2
31907,15547,1,15645,3,14146,2,14155,1,7607,1,5069,1,8155,1,14,3,17,2
31908,15548,1,15645,3,14146,3,7607,1,5069,1,8155,1,0,0,14,3,17,2
31909,15549,1,15645,3,14157,2,14149,1,7607,1,5069,1,8155,1,16,3,15,2
31910,15550,1,15645,3,14146,3,7609,1,5069,1,8155,1,0,0,14,3,17,2
31911,15551,1,15645,3,14157,3,7607,1,5069,1,8155,1,0,0,16,3,15,2
31912,15552,1,15645,3,14146,2,14157,1,7607,1,5069,1,8155,1,14,3,17,2
31913,15553,1,15645,3,14146,2,14157,1,7607,1,5069,1,8155,1,14,3,17,2
31914,15554,1,15645,3,14146,2,14157,1,7607,1,5069,1,8155,1,14,3,17,2
31915,15555,1,15645,3,14146,2,14157,1,7607,1,5069,1,8155,1,14,3,17,2
31916,36122,1,7607,3,7606,1,5069,1,8020,1,8147,5,0,0,18,4,-1,0
31917,15557,1,7607,3,7608,1,5069,1,8020,1,8147,5,0,0,18,4,-1,0
31918,15558,1,7607,3,7606,1,5069,1,8020,1,8147,5,0,0,18,4,-1,0
31919,15559,1,7607,2,7606,2,5069,1,8020,1,8147,5,0,0,18,4,-1,0
31920,15560,1,7607,1,7606,3,5069,1,8020,1,8147,5,0,0,18,4,-1,0
31921,15561,1,7607,2,7606,1,5069,2,8020,1,8147,5,0,0,18,4,-1,0
31922,15562,1,7607,3,7606,1,5069,1,8020,1,8147,5,0,0,18,4,-1,0
31923,15563,1,7607,3,7606,1,5069,1,12611,1,8020,1,8147,5,18,4,-1,0
31924,15564,1,7606,3,5069,2,8020,1,8147,5,0,0,0,0,18,4,-1,0
31925,15565,1,7606,1,5069,3,5191,1,8020,1,8147,5,0,0,18,4,-1,0
31926,15566,1,5480,1,7606,2,7608,1,5069,1,8020,1,8147,5,18,4,-1,0
31927,15567,1,5480,1,7606,2,7608,1,5069,1,8020,1,8147,5,18,4,-1,0
31928,15568,1,7607,1,5069,3,5480,1,8020,1,8147,5,0,0,18,4,-1,0
31929,36122,1,7607,3,7606,1,5069,1,8020,1,8147,5,0,0,18,4,-1,0
31930,36123,1,14146,3,14157,1,14149,1,12257,1,8147,5,0,0,16,2,19,2
31931,15571,1,14146,2,14157,1,14149,2,12257,1,8147,5,0,0,16,2,19,2
31932,15572,1,14146,3,14157,1,14149,1,12257,1,8147,5,0,0,16,2,19,2
31933,15573,1,14146,2,14157,2,14149,1,12257,1,8147,5,0,0,16,2,19,2
31934,15574,1,14146,1,14157,3,14149,1,12257,1,8147,5,0,0,16,2,19,2
31935,15575,1,14146,2,14157,1,14149,2,12257,1,8147,5,0,0,16,2,19,2
31936,15576,1,14146,3,14157,1,14149,1,12257,1,8147,5,0,0,16,2,19,2
31937,15577,1,14146,3,14157,1,14149,1,12611,1,12257,1,8147,5,16,2,19,2
31938,15578,1,14146,1,14157,3,14149,1,12257,1,8147,5,0,0,16,2,19,2
31939,15579,1,14146,1,14157,2,14149,2,12257,1,8147,5,0,0,16,2,19,2
31940,15580,1,12603,1,14146,2,14157,1,14149,2,12257,1,8147,5,16,2,19,2
31941,15581,1,12603,1,14146,2,14157,1,14149,2,12257,1,8147,5,16,2,19,2
31942,15582,1,14146,2,14157,1,14149,2,12603,1,12257,1,8147,5,16,2,19,2
31943,36123,1,14146,3,14157,1,14149,1,12257,1,8147,5,0,0,16,2,19,2
31944,15645,3,15649,1,15646,1,15647,1,15648,1,0,0,0,0,19,2,18,2
31945,15650,3,15652,1,12905,1,9371,1,12878,1,4779,1,4839,1,14,3,19,2
31946,15651,3,12908,1,4865,1,14143,1,12903,1,4788,1,4792,1,14,3,19,2
31947,15805,1,14183,1,12601,1,15831,1,0,0,0,0,0,0,13,6,12,5
31948,15806,1,14183,1,12601,1,15832,1,0,0,0,0,0,0,13,6,12,5
31949,15807,1,14183,1,12601,1,15833,1,0,0,0,0,0,0,13,6,12,5
31950,15819,1,14182,1,5481,1,15834,1,0,0,0,0,0,0,13,7,12,5
31951,15820,1,14182,1,5481,1,15835,1,0,0,0,0,0,0,13,7,12,5
31952,15821,1,14182,1,5481,1,15836,1,0,0,0,0,0,0,13,7,12,5
31953,15822,1,14183,1,12603,1,15837,1,0,0,0,0,0,0,19,2,18,2
31954,15823,1,14181,1,5480,1,15838,1,0,0,0,0,0,0,13,5,12,5
31955,15825,1,14183,1,12601,1,15839,1,0,0,0,0,0,0,13,6,12,5
31956,15913,1,8152,3,8147,10,6161,1,5069,3,5196,1,0,0,10,12,-1,0
31957,15914,1,8154,3,8147,10,7161,1,7807,10,5473,1,0,0,19,2,18,1
31958,15915,1,8151,3,8147,10,6159,1,5187,3,5065,2,0,0,8,12,-1,0
31959,15916,1,8153,3,8147,10,6163,1,7807,10,5184,1,0,0,11,12,-1,0
31960,16627,1,16705,2,16706,1,7608,1,8147,3,16733,4,0,0,14,3,17,3
31961,16628,1,16705,3,16706,2,7606,1,7608,1,8147,4,16733,5,14,3,17,3
31962,16629,1,16705,3,5375,1,16706,1,7608,2,8147,4,16733,5,14,3,17,3
31963,16630,1,16705,2,5375,2,16706,1,7608,2,8147,4,16733,5,16,3,15,3
31964,16631,1,5375,3,16706,2,7609,2,8147,4,16733,5,0,0,16,3,15,3
31965,16632,1,16705,3,16706,2,7609,2,8147,4,16733,5,0,0,14,3,17,3
31966,16633,1,16705,4,16706,1,7606,1,7608,1,8147,4,16733,5,14,3,17,3
31967,16634,1,16705,3,16706,2,7606,1,8147,4,16733,5,12611,1,14,3,17,3
31968,16635,1,5375,3,16706,2,12550,1,8147,4,16733,5,0,0,16,3,15,3
31969,16636,1,16706,3,5375,2,5192,1,8147,4,16733,5,0,0,16,3,14,3
31970,16637,1,9373,2,16708,3,16706,2,5191,1,8147,4,16733,5,19,3,18,3
31971,16638,1,9373,2,16708,3,16706,2,5192,1,8147,4,16733,5,19,3,18,3
31972,16639,1,16706,4,16705,1,5191,3,9373,1,8147,4,16733,5,16,3,14,3
31973,16640,1,16705,2,8029,2,5069,1,8147,1,16733,1,0,0,15,3,17,3
31974,16641,1,16705,2,16706,1,14187,1,7608,1,14173,2,0,0,15,3,17,3
31975,16642,1,16705,2,16706,1,16707,1,8029,2,5069,1,14173,3,15,3,17,3
31976,16643,1,16705,2,16706,1,14187,1,7608,1,14173,2,0,0,15,3,17,3
31977,16644,1,16708,2,16707,2,14187,2,7609,1,14173,3,0,0,17,3,16,3
31978,16645,1,16705,2,16706,1,14187,1,7608,1,14173,2,0,0,15,3,17,3
31979,0,0,0,0,0,0,0,0,0,0,0,0,0,0,15,3,17,3
31980,16647,1,16705,2,16706,1,14187,1,7608,1,14171,2,0,0,15,3,17,3
31981,16648,1,16705,2,16706,1,16707,1,8029,2,5069,1,14171,3,15,3,17,3
31982,16649,1,16705,2,16706,1,14187,1,7608,1,14171,2,0,0,15,3,17,3
31983,16650,1,16708,2,16707,2,14187,2,7609,1,14171,3,0,0,17,3,16,3
31984,16651,1,16705,2,16706,1,14187,1,7608,1,14171,2,0,0,15,3,17,3
31985,0,0,0,0,0,0,0,0,0,0,0,0,0,0,15,3,17,3
31986,16653,1,16706,2,16707,1,5191,2,5069,1,14171,2,0,0,16,3,14,3
31987,16654,1,16707,3,16708,1,14188,1,7609,1,8029,1,14171,3,18,3,16,3
31988,16655,1,16708,2,16707,1,14187,1,14188,1,14171,2,0,0,17,3,16,3
31989,16656,1,16708,3,16707,1,14187,1,14188,1,5069,1,14171,3,17,3,16,3
31990,16657,1,16708,2,16707,1,7608,1,8029,1,14171,2,0,0,17,3,16,3
31991,0,0,0,0,0,0,0,0,0,0,0,0,0,0,15,3,17,3
31992,16659,1,16706,2,16707,1,5187,2,5069,1,14172,2,0,0,16,3,14,3
31993,16660,1,16707,3,16708,1,14188,1,7609,1,8029,1,14172,3,18,3,16,3
31994,16661,1,16708,2,16707,1,14187,1,14188,1,14172,2,0,0,17,3,16,3
31995,16662,1,16708,3,16707,1,14187,1,14188,1,5069,1,14172,3,17,3,16,3
31996,16663,1,16708,2,16707,1,7608,1,8029,1,14172,2,0,0,17,3,16,3
31997,0,0,0,0,0,0,0,0,0,0,0,0,0,0,15,3,17,3
31998,16665,1,16706,2,16707,1,5192,2,5069,1,14172,2,0,0,16,3,14,3
31999,16666,1,16707,3,16708,1,14188,1,7609,1,8029,1,14172,3,18,3,16,3
32000,16667,1,16708,2,16707,1,14187,1,14188,1,14172,2,0,0,17,3,16,3
32001,16668,1,16708,3,16707,1,14187,1,14188,1,5069,1,14172,3,17,3,16,3
32002,16669,1,16708,2,16707,1,7608,1,8029,1,14172,2,0,0,17,3,16,3
32003,0,0,0,0,0,0,0,0,0,0,0,0,0,0,15,3,17,3
32004,16671,1,16707,2,16706,1,14188,1,7609,1,14175,2,0,0,18,3,16,3
32005,16672,1,16707,3,16708,1,14188,1,5069,1,5187,1,14175,3,18,3,16,3
32006,16673,1,16707,2,16706,1,14188,1,5191,1,5187,1,14175,2,18,3,16,3
32007,16674,1,16707,3,16706,1,14188,2,7609,1,14175,3,0,0,18,3,16,3
32008,16675,1,16708,2,16707,1,14187,1,5187,1,14175,2,0,0,17,3,16,3
32009,0,0,0,0,0,0,0,0,0,0,0,0,0,0,18,3,16,3
32010,16677,1,16707,2,16706,1,14188,1,7609,1,14174,2,0,0,18,3,16,3
32011,16678,1,16707,3,16708,1,14188,1,5069,1,5192,1,14174,3,18,3,16,3
32012,16679,1,16707,2,16706,1,14188,1,5192,1,5187,1,14174,2,18,3,16,3
32013,16680,1,16707,3,16706,1,14188,2,7609,1,14174,3,0,0,18,3,16,3
32014,16681,1,16708,2,16707,1,14187,1,5192,1,14174,2,0,0,17,3,16,3
32015,0,0,0,0,0,0,0,0,0,0,0,0,0,0,18,3,16,3
32016,16683,1,16706,2,5188,1,12550,1,14173,1,0,0,0,0,16,3,14,3
32017,16684,1,16706,2,5188,1,12550,1,14171,1,0,0,0,0,16,3,14,3
32018,16685,1,16706,2,5188,1,12550,1,14172,1,0,0,0,0,16,3,14,3
32019,16686,1,16706,2,5188,1,12550,1,14175,1,0,0,0,0,16,3,14,3
32020,16687,1,16706,2,5188,1,12550,1,14174,1,0,0,0,0,16,3,14,3
32021,16688,1,5375,1,16707,1,5069,1,5188,1,14173,1,0,0,16,3,15,3
32022,16689,1,5375,1,16707,1,5069,1,5188,1,14171,1,0,0,16,3,15,3
32023,16690,1,5375,1,16707,1,5069,1,5188,1,14172,1,0,0,16,3,15,3
32024,16691,1,5375,1,16707,1,5069,1,5188,1,14175,1,0,0,16,3,15,3
32025,16692,1,5375,1,16707,1,5069,1,5188,1,14174,1,0,0,16,3,15,3
32026,16693,1,5375,1,16707,1,5069,1,5188,1,14173,1,0,0,16,3,15,3
32027,16694,1,5375,1,16707,1,5069,1,5188,1,14171,1,0,0,16,3,15,3
32028,16695,1,5375,1,16707,1,5069,1,5188,1,14172,1,0,0,16,3,15,3
32029,16696,1,5375,1,16707,1,5069,1,5188,1,14175,1,0,0,16,3,15,3
32030,16697,1,5375,1,16707,1,5069,1,5188,1,14174,1,0,0,16,3,15,3
32031,16698,1,16706,2,5069,2,14173,1,0,0,0,0,0,0,16,3,14,3
32032,16699,1,16706,2,5069,2,14171,1,0,0,0,0,0,0,16,3,14,3
32033,16700,1,16706,2,5069,2,14172,1,0,0,0,0,0,0,16,3,14,3
32034,16701,1,16706,2,5069,2,14175,1,0,0,0,0,0,0,16,3,14,3
32035,16702,1,16706,2,5069,2,14174,1,0,0,0,0,0,0,16,3,14,3
32036,5375,1,5392,3,16731,2,9366,9,0,0,0,0,0,0,16,3,15,3
32037,16705,1,16724,3,16727,2,7607,2,0,0,0,0,0,0,14,3,17,3
32038,16705,1,16724,3,16727,2,7607,2,0,0,0,0,0,0,15,3,17,3
32039,16706,1,16725,3,16728,2,9360,1,0,0,0,0,0,0,16,3,14,3
32040,16707,1,16721,3,16729,2,9367,1,0,0,0,0,0,0,18,3,16,3
32041,16708,1,16730,2,14161,3,12587,1,9370,1,0,0,0,0,17,3,16,3
32042,16908,1,15649,1,5339,1,5523,3,5522,1,0,0,0,0,13,7,12,7
32043,0,0,0,0,0,0,0,0,0,0,0,0,0,0,0,0,0,0
32044,16709,3,15652,1,16734,1,4852,1,12892,1,4828,1,4844,1,14,3,19,3
32045,16710,3,14142,1,15652,1,12881,1,16734,1,4852,1,12892,1,14,3,19,3
32046,16711,3,12908,1,9371,1,15652,1,16735,1,4852,1,4830,1,14,3,19,3
32047,16712,3,15652,1,16722,1,12878,1,16734,1,4852,1,12901,1,14,3,19,3
32048,16713,3,12908,1,14219,1,4911,1,12733,1,14143,2,14144,1,14,3,19,3
32049,16714,3,14145,1,9371,1,16735,1,12881,1,14144,1,12901,1,14,3,19,3
32050,16715,3,15652,1,16735,1,16722,1,4798,1,4865,1,4784,1,14,3,19,3
32051,16716,3,14937,2,16723,3,12642,3,12936,2,0,0,0,0,19,3,18,3
32052,16717,3,14937,2,16723,3,12638,3,12936,2,0,0,0,0,19,3,18,3
32053,16718,3,14937,2,16723,3,12639,3,12936,2,0,0,0,0,19,3,18,3
32054,16719,3,14937,2,16723,3,12643,3,12936,2,0,0,0,0,19,3,18,3
32055,16720,3,14937,2,16723,3,12640,3,12936,2,0,0,0,0,19,3,18,3
32056,15777,1,12584,5,12521,4,16908,1,7596,1,5226,4,7807,2,16,2,15,2
32057,15778,1,5375,6,14146,2,16908,2,7596,2,5226,8,7807,2,16,3,15,3
32058,15964,1,16897,1,7607,2,5069,2,9360,1,0,0,0,0,16,3,14,3
32059,15965,1,16898,1,12254,2,16705,3,5069,2,0,0,0,0,15,3,17,3
32060,15967,1,12593,1,7609,1,14188,2,12550,2,14956,4,0,0,18,2,16,2
32061,15968,1,12593,1,7609,1,14188,2,12550,2,14956,4,0,0,18,2,16,2
32062,15969,1,12527,1,12519,1,12584,1,12593,1,14956,4,5998,1,14,2,17,2
32063,15971,1,14157,6,7010,9,12523,3,9360,3,0,0,0,0,16,3,15,2
32064,15975,1,12527,2,12523,1,7047,2,5998,2,0,0,0,0,14,2,17,2
32065,16779,1,13747,2,7607,2,12529,2,12610,1,5998,8,0,0,15,3,17,2
32066,16781,1,12584,2,12583,4,7607,4,7017,4,0,0,0,0,16,2,15,2
32067,16782,1,5379,4,5060,2,7017,2,0,0,0,0,0,0,10,5,9,5
32068,16013,1,14146,2,14149,2,12610,6,5192,6,5998,4,0,0,16,3,14,2
32069,15462,1,16907,2,7609,2,5337,2,5352,8,5358,2,0,0,18,2,16,1
32070,15463,1,16907,2,7609,2,7608,1,5337,2,5192,1,0,0,18,2,16,1
32071,15464,1,16907,1,7608,1,5337,1,0,0,0,0,0,0,17,2,16,1
32072,15465,1,16907,1,7609,2,7608,1,5337,2,0,0,0,0,18,2,16,1
32073,15466,1,16907,1,7608,1,5337,1,5510,1,0,0,0,0,17,2,16,1
32074,16599,1,7609,1,16906,1,12574,1,12596,2,12655,1,0,0,18,2,16,1
32075,16600,1,7609,2,16906,2,12574,2,12596,2,8029,1,12655,2,18,2,16,1
32076,16910,1,7609,2,16906,2,12574,1,12596,2,12655,1,0,0,18,2,16,1
32077,16601,1,7608,1,16906,1,12574,1,8029,1,5510,1,12655,1,17,2,16,1
32078,16557,1,16897,1,16706,1,5069,3,7609,2,0,0,0,0,16,3,14,3
32079,16819,1,14182,1,9373,1,16831,1,0,0,0,0,0,0,13,7,12,7
32080,16820,1,14182,1,9373,1,16832,1,0,0,0,0,0,0,13,7,12,7
32081,16821,1,14182,1,9373,1,16833,1,0,0,0,0,0,0,13,7,12,7
32082,16822,1,14183,1,12603,1,16834,1,0,0,0,0,0,0,19,2,18,2
32083,16625,1,12593,3,14188,3,12522,1,9359,1,5191,1,0,0,18,2,16,2
32084,16626,1,12567,2,12592,1,12522,1,0,0,0,0,0,0,17,2,16,2
32085,36124,1,14146,3,14155,1,14149,1,12259,1,8147,5,0,0,14,2,17,2
32086,15585,1,14146,2,14155,1,14149,2,12259,1,8147,5,0,0,14,2,17,2
32087,15586,1,14146,3,14157,1,14149,1,12259,1,8147,5,0,0,14,2,17,2
32088,15587,1,14146,2,14157,2,14149,1,12259,1,8147,5,0,0,14,2,17,2
32089,15588,1,14146,1,14157,3,14149,1,12259,1,8147,5,0,0,14,2,17,2
32090,15589,1,14146,2,14155,1,14149,2,12259,1,8147,5,0,0,14,2,17,2
32091,15590,1,14146,3,14155,1,14149,1,12259,1,8147,5,0,0,14,2,17,2
32092,15591,1,14146,3,14155,1,14149,1,12611,1,12259,1,8147,5,14,2,17,2
32093,15592,1,14146,1,14157,3,14149,1,12259,1,8147,5,0,0,14,2,17,2
32094,15593,1,14146,1,14157,2,14149,2,12259,1,8147,5,0,0,14,2,17,2
32095,15594,1,12603,1,14146,2,14157,1,14149,2,12259,1,8147,5,14,2,17,2
32096,15595,1,12603,1,14146,2,14157,1,14149,2,12259,1,8147,5,14,2,17,2
32097,15596,1,14146,2,14157,1,14149,2,12603,1,12259,1,8147,5,14,2,17,2
32098,36124,1,14146,3,14155,1,14149,1,12259,1,8147,5,0,0,14,2,17,2
32099,36615,1,14146,3,14155,1,9360,3,15645,3,8147,5,0,0,14,3,17,2
32100,15599,1,14146,3,14157,1,9360,3,15645,3,8147,5,0,0,14,3,17,2
32101,15600,1,14146,3,14157,1,9360,3,15645,3,8147,5,0,0,14,3,17,2
32102,15601,1,14146,2,14157,2,9360,3,15645,3,8147,5,0,0,16,3,15,2
32103,15602,1,14146,1,14157,3,9360,3,15645,3,8147,5,0,0,16,3,15,2
32104,15603,1,14146,2,14155,2,9360,3,15645,3,8147,5,0,0,14,3,17,2
32105,15604,1,14146,3,14155,1,9360,3,15645,3,8147,5,0,0,14,3,17,2
32106,15605,1,14146,3,14155,1,9360,3,12611,1,15645,3,8147,5,14,3,17,2
32107,15606,1,14149,1,14157,3,9360,3,15645,3,8147,5,0,0,16,3,15,2
32108,15607,1,14146,2,14149,2,9360,3,15645,3,8147,5,0,0,16,3,14,2
32109,15608,1,9373,1,14149,3,14157,1,9360,3,15645,3,8147,5,19,3,18,2
32110,15609,1,9373,1,14149,3,14157,1,9360,3,15645,3,8147,5,19,3,18,2
32111,15610,1,14146,2,14149,2,9360,3,9373,1,15645,3,8147,5,16,3,14,2
32112,36615,1,14146,3,14155,1,9360,3,15645,3,8147,5,0,0,15,3,17,2
32113,16806,1,14183,1,12601,1,14270,1,0,0,0,0,0,0,13,6,12,5
32114,15957,1,14158,4,5060,2,7608,1,7026,2,5092,2,7017,2,16,2,15,2
32115,15958,1,14158,4,5060,2,12913,1,5066,1,5093,2,7017,2,16,2,15,2
32116,15959,1,14158,4,7607,2,12913,1,12231,1,5094,2,7017,2,16,2,15,2
32117,15960,1,14158,4,12519,2,12913,1,5067,1,12912,1,7017,2,16,2,15,2
32118,15961,1,14158,4,7606,1,12913,1,12231,1,12912,1,7017,2,16,2,15,2
32119,15962,1,14158,4,12232,1,12913,1,12233,1,12912,1,7017,2,16,2,15,2
32120,15963,1,14158,4,13758,1,14935,1,12231,1,12912,1,12606,1,16,2,15,2
32121,16937,1,14157,4,7606,4,12606,4,7026,4,0,0,0,0,16,3,15,2
32122,17013,1,17572,1,16705,3,12527,2,0,0,0,0,0,0,15,3,17,3
32123,17014,1,17573,1,14146,3,14155,2,0,0,0,0,0,0,16,3,14,2
32124,17015,1,17573,1,14149,3,14152,1,5191,6,0,0,0,0,16,3,14,2
32125,17032,1,12593,2,12591,6,14188,4,7016,4,0,0,0,0,18,2,16,2
32126,17035,1,7010,7,10092,3,12523,2,5069,2,7016,4,0,0,16,2,14,2
32127,17466,1,17574,1,5337,5,8149,2,0,0,0,0,0,0,18,2,16,1
32128,17467,1,17574,2,13748,2,13749,1,14188,2,8149,3,0,0,18,2,16,1
32129,17468,1,17574,1,13748,2,14188,2,8149,3,0,0,0,0,18,2,16,1
32130,17469,1,17574,1,13749,2,5533,1,8149,2,0,0,0,0,17,2,16,1
32131,17522,1,17572,1,16705,3,16708,1,14187,1,0,0,0,0,15,3,17,3
32132,36125,1,14146,3,14155,1,14149,1,13060,1,8147,5,0,0,14,3,17,2
32133,17605,1,14146,3,14152,1,14149,1,13060,1,8147,5,0,0,14,3,17,2
32134,17606,1,14146,3,14155,1,14149,1,13060,1,8147,5,0,0,14,3,17,2
32135,17607,1,14146,2,14157,2,14149,1,13060,1,8147,5,0,0,16,3,15,2
32136,17608,1,14146,1,14157,3,14149,1,13060,1,8147,5,0,0,16,3,15,2
32137,17609,1,14146,2,14152,1,14149,2,13060,1,8147,5,0,0,14,3,17,2
32138,17610,1,14146,3,14155,1,14149,1,13060,1,8147,5,0,0,14,3,17,2
32139,17611,1,14146,2,14157,1,14149,2,12611,1,13060,1,8147,5,14,3,17,2
32140,17612,1,14146,1,14157,3,14149,1,13060,1,8147,5,0,0,16,3,15,2
32141,17613,1,14146,1,14157,2,14149,2,13060,1,8147,5,0,0,16,3,14,2
32142,17614,1,12603,1,14157,1,14155,2,14149,2,13060,1,8147,5,19,3,18,2
32143,17615,1,12603,1,14157,2,14155,1,14149,2,13060,1,8147,5,19,3,18,2
32144,17616,1,14146,2,14149,3,12603,1,13060,1,8147,5,0,0,16,3,14,2
32145,36125,1,14146,3,14155,1,14149,1,13060,1,8147,5,0,0,15,3,17,2
32146,17636,1,14182,1,9373,1,17651,1,0,0,0,0,0,0,13,7,12,7
32147,17637,1,14183,1,12603,1,17652,1,0,0,0,0,0,0,19,2,18,1
32148,17638,1,14183,1,12603,1,17653,1,0,0,0,0,0,0,19,2,18,1
32149,17639,1,14183,1,12603,1,17654,1,0,0,0,0,0,0,19,2,18,1
32150,17640,1,14183,1,12603,1,17655,1,0,0,0,0,0,0,19,2,18,1
32151,17641,1,14183,1,12603,1,17656,1,0,0,0,0,0,0,19,3,18,2
32152,17306,1,17567,2,8028,1,14187,1,12937,1,12619,1,0,0,16,3,14,3
32153,17307,1,17569,2,17567,1,12592,1,14184,1,12937,2,12619,2,17,3,16,3
32154,17308,1,17569,1,17567,1,12592,1,14184,1,12937,1,12619,1,15,3,17,3
32155,17309,1,17568,2,17569,1,14184,1,14187,1,12937,2,12619,2,18,3,16,3
32156,17310,1,17569,1,17567,1,12592,1,14184,1,12937,1,12619,1,17,3,16,3
32157,17311,1,17567,2,8028,1,14187,1,12937,1,12617,1,0,0,16,3,14,3
32158,17312,1,17569,2,17567,1,12592,1,14184,1,12937,2,12617,2,17,3,16,3
32159,17313,1,17569,1,17567,1,12592,1,14184,1,12937,1,12617,1,15,3,17,3
32160,17314,1,17568,2,17569,1,14184,1,14187,1,12937,2,12617,2,18,3,16,3
32161,17315,1,17569,1,17567,1,12592,1,14184,1,12937,1,12617,1,17,3,16,3
32162,17316,1,17567,2,14184,1,14187,1,12937,1,12617,1,0,0,15,3,17,3
32163,17317,1,17569,2,17568,1,14184,1,14187,1,12937,2,12617,2,17,3,16,3
32164,17318,1,17569,1,17568,1,12592,1,14184,1,12937,1,12617,1,17,3,16,3
32165,17319,1,17568,2,17569,1,14184,1,14187,1,12937,2,12617,2,18,3,16,3
32166,17320,1,17569,1,17567,1,14187,1,14184,1,12937,1,12617,1,15,3,17,3
32167,17321,1,17567,2,8028,1,14184,1,12937,1,12618,1,0,0,16,3,14,3
32168,17322,1,17569,2,17568,1,14184,1,14187,1,12937,2,12618,2,17,3,16,3
32169,17323,1,17569,1,17568,1,12592,1,14184,1,12937,1,12618,1,17,3,16,3
32170,17324,1,17568,2,17569,1,14184,1,14187,1,12937,2,12618,2,18,3,16,3
32171,17325,1,17569,1,17567,1,14187,1,14184,1,12937,1,12618,1,15,3,17,3
32172,17326,1,17567,2,14184,1,14187,1,12937,1,12618,1,0,0,15,3,17,3
32173,17327,1,17569,2,17567,1,12592,1,14184,1,12937,2,12618,2,17,3,16,3
32174,17328,1,17569,1,17567,1,12592,1,14184,1,12937,1,12618,1,15,3,17,3
32175,17329,1,17568,2,17569,1,14184,1,14187,1,12937,2,12618,2,18,3,16,3
32176,17330,1,17569,1,17567,1,12592,1,14184,1,12937,1,12618,1,17,3,16,3
32177,17331,1,17567,2,8028,1,14187,1,12937,1,12621,1,0,0,16,3,14,3
32178,17332,1,17569,2,17567,1,12592,1,14184,1,12937,2,12621,2,17,3,16,3
32179,17333,1,17569,1,17567,1,12592,1,14184,1,12937,1,12621,1,15,3,17,3
32180,17334,1,17568,2,17569,1,14184,1,14187,1,12937,2,12621,2,18,3,16,3
32181,17335,1,17569,1,17567,1,12592,1,14184,1,12937,1,12621,1,17,3,16,3
32182,17336,1,17567,2,8028,1,14184,1,12937,1,12620,1,0,0,16,3,14,3
32183,17337,1,17569,2,17568,1,14184,1,14187,1,12937,2,12620,2,17,3,16,3
32184,17338,1,17569,1,17568,1,12592,1,14184,1,12937,1,12620,1,17,3,16,3
32185,17339,1,17568,2,17569,1,14184,1,14187,1,12937,2,12620,2,18,3,16,3
32186,17340,1,17569,1,17567,1,14187,1,14184,1,12937,1,12620,1,15,3,17,3
32187,17567,1,17570,2,14955,1,0,0,0,0,0,0,0,0,14,3,17,2
32188,17567,1,17570,2,14955,1,0,0,0,0,0,0,0,0,15,3,17,2
32189,17567,1,17570,2,14955,1,0,0,0,0,0,0,0,0,16,3,14,2
32190,17568,1,17571,2,14956,1,0,0,0,0,0,0,0,0,18,3,16,2
32191,17569,1,17594,1,14161,1,0,0,0,0,0,0,0,0,17,3,16,2
32192,17554,1,17723,1,0,0,0,0,0,0,0,0,0,0,10,2,9,1
32193,17549,1,17554,2,0,0,0,0,0,0,0,0,0,0,10,4,9,2
32194,17555,1,17724,1,0,0,0,0,0,0,0,0,0,0,10,2,9,1
32195,17550,1,17555,2,0,0,0,0,0,0,0,0,0,0,10,4,9,2
32196,17556,1,17725,1,0,0,0,0,0,0,0,0,0,0,10,2,9,1
32197,17551,1,17556,3,0,0,0,0,0,0,0,0,0,0,10,4,9,2
32198,17727,1,17729,1,0,0,0,0,0,0,0,0,0,0,10,2,9,1
32199,17552,1,17727,3,0,0,0,0,0,0,0,0,0,0,10,4,9,2
32200,17728,1,17730,1,0,0,0,0,0,0,0,0,0,0,10,2,9,1
32201,17553,1,17728,4,0,0,0,0,0,0,0,0,0,0,10,4,9,2
32202,17554,1,17723,1,0,0,0,0,0,0,0,0,0,0,8,2,11,1
32203,17549,1,17554,2,0,0,0,0,0,0,0,0,0,0,8,4,11,2
32204,17555,1,17724,1,0,0,0,0,0,0,0,0,0,0,8,2,11,1
32205,17550,1,17555,2,0,0,0,0,0,0,0,0,0,0,8,4,11,2
32206,17556,1,17725,1,0,0,0,0,0,0,0,0,0,0,8,2,11,1
32207,17551,1,17556,3,0,0,0,0,0,0,0,0,0,0,8,4,11,2
32208,17727,1,17729,1,0,0,0,0,0,0,0,0,0,0,8,2,11,1
32209,17552,1,17727,3,0,0,0,0,0,0,0,0,0,0,8,4,11,2
32210,17728,1,17730,1,0,0,0,0,0,0,0,0,0,0,8,2,11,1
32211,17553,1,17728,4,0,0,0,0,0,0,0,0,0,0,8,4,11,2
32212,17554,1,17723,1,0,0,0,0,0,0,0,0,0,0,9,2,11,1
32213,17549,1,17554,2,0,0,0,0,0,0,0,0,0,0,9,4,11,2
32214,17555,1,17724,1,0,0,0,0,0,0,0,0,0,0,9,2,11,1
32215,17550,1,17555,2,0,0,0,0,0,0,0,0,0,0,9,4,11,2
32216,17556,1,17725,1,0,0,0,0,0,0,0,0,0,0,9,2,11,1
32217,17551,1,17556,3,0,0,0,0,0,0,0,0,0,0,9,4,11,2
32218,17727,1,17729,1,0,0,0,0,0,0,0,0,0,0,9,2,11,1
32219,17552,1,17727,3,0,0,0,0,0,0,0,0,0,0,9,4,11,2
32220,17728,1,17730,1,0,0,0,0,0,0,0,0,0,0,9,2,11,1
32221,17553,1,17728,4,0,0,0,0,0,0,0,0,0,0,9,4,11,2
32222,17554,1,17723,1,0,0,0,0,0,0,0,0,0,0,10,2,8,1
32223,17549,1,17554,2,0,0,0,0,0,0,0,0,0,0,10,4,8,2
32224,17555,1,17724,1,0,0,0,0,0,0,0,0,0,0,10,2,8,1
32225,17550,1,17555,2,0,0,0,0,0,0,0,0,0,0,10,4,8,2
32226,17556,1,17725,1,0,0,0,0,0,0,0,0,0,0,10,2,8,1
32227,17551,1,17556,3,0,0,0,0,0,0,0,0,0,0,10,4,8,2
32228,17727,1,17729,1,0,0,0,0,0,0,0,0,0,0,10,2,8,1
32229,17552,1,17727,3,0,0,0,0,0,0,0,0,0,0,10,4,8,2
32230,17728,1,17730,1,0,0,0,0,0,0,0,0,0,0,10,2,8,1
32231,17553,1,17728,4,0,0,0,0,0,0,0,0,0,0,10,4,8,2
32232,17554,1,17723,1,0,0,0,0,0,0,0,0,0,0,11,2,10,1
32233,17549,1,17554,2,0,0,0,0,0,0,0,0,0,0,11,4,10,2
32234,17555,1,17724,1,0,0,0,0,0,0,0,0,0,0,11,2,10,1
32235,17550,1,17555,2,0,0,0,0,0,0,0,0,0,0,11,4,10,2
32236,17556,1,17725,1,0,0,0,0,0,0,0,0,0,0,11,2,10,1
32237,17551,1,17556,3,0,0,0,0,0,0,0,0,0,0,11,4,10,2
32238,17727,1,17729,1,0,0,0,0,0,0,0,0,0,0,11,2,10,1
32239,17552,1,17727,3,0,0,0,0,0,0,0,0,0,0,11,4,10,2
32240,17728,1,17730,1,0,0,0,0,0,0,0,0,0,0,11,2,10,1
32241,17553,1,17728,4,0,0,0,0,0,0,0,0,0,0,11,4,10,2
32242,17554,1,17723,1,0,0,0,0,0,0,0,0,0,0,12,2,10,1
32243,17549,1,17554,2,0,0,0,0,0,0,0,0,0,0,12,4,10,2
32244,17555,1,17724,1,0,0,0,0,0,0,0,0,0,0,12,2,10,1
32245,17550,1,17555,2,0,0,0,0,0,0,0,0,0,0,12,4,10,2
32246,17556,1,17725,1,0,0,0,0,0,0,0,0,0,0,12,2,10,1
32247,17551,1,17556,3,0,0,0,0,0,0,0,0,0,0,12,4,10,2
32248,17727,1,17729,1,0,0,0,0,0,0,0,0,0,0,12,2,10,1
32249,17552,1,17727,3,0,0,0,0,0,0,0,0,0,0,12,4,10,2
32250,17728,1,17730,1,0,0,0,0,0,0,0,0,0,0,12,2,10,1
32251,17553,1,17728,4,0,0,0,0,0,0,0,0,0,0,12,4,10,2
32252,17554,1,17723,1,0,0,0,0,0,0,0,0,0,0,13,2,12,1
32253,17549,1,17554,2,0,0,0,0,0,0,0,0,0,0,13,4,12,2
32254,17555,1,17724,1,0,0,0,0,0,0,0,0,0,0,13,2,12,1
32255,17550,1,17555,2,0,0,0,0,0,0,0,0,0,0,13,4,12,2
32256,17556,1,17725,1,0,0,0,0,0,0,0,0,0,0,13,2,12,1
32257,17551,1,17556,3,0,0,0,0,0,0,0,0,0,0,13,4,12,2
32258,17727,1,17729,1,0,0,0,0,0,0,0,0,0,0,13,2,12,1
32259,17552,1,17727,3,0,0,0,0,0,0,0,0,0,0,13,4,12,2
32260,17728,1,17730,1,0,0,0,0,0,0,0,0,0,0,13,2,12,1
32261,17553,1,17728,4,0,0,0,0,0,0,0,0,0,0,13,4,12,2
32262,17554,1,17723,1,0,0,0,0,0,0,0,0,0,0,8,2,13,1
32263,17549,1,17554,2,0,0,0,0,0,0,0,0,0,0,8,4,13,2
32264,17555,1,17724,1,0,0,0,0,0,0,0,0,0,0,8,2,13,1
32265,17550,1,17555,2,0,0,0,0,0,0,0,0,0,0,8,4,13,2
32266,17556,1,17725,1,0,0,0,0,0,0,0,0,0,0,8,2,13,1
32267,17551,1,17556,3,0,0,0,0,0,0,0,0,0,0,8,4,13,2
32268,17727,1,17729,1,0,0,0,0,0,0,0,0,0,0,8,2,13,1
32269,17552,1,17727,3,0,0,0,0,0,0,0,0,0,0,8,4,13,2
32270,17728,1,17730,1,0,0,0,0,0,0,0,0,0,0,8,2,13,1
32271,17553,1,17728,4,0,0,0,0,0,0,0,0,0,0,8,4,13,2
32272,17878,1,17877,1,0,0,0,0,0,0,0,0,0,0,10,2,9,1
32273,17880,1,17879,1,0,0,0,0,0,0,0,0,0,0,10,2,9,1
32274,17882,1,17881,1,0,0,0,0,0,0,0,0,0,0,10,2,9,1
32275,17884,1,17883,1,0,0,0,0,0,0,0,0,0,0,10,2,9,1
32276,17886,1,17885,1,0,0,0,0,0,0,0,0,0,0,8,2,11,1
32277,17888,1,17887,1,0,0,0,0,0,0,0,0,0,0,8,2,11,1
32278,17890,1,17889,1,0,0,0,0,0,0,0,0,0,0,8,2,11,1
32279,17892,1,17891,1,0,0,0,0,0,0,0,0,0,0,8,2,11,1
32280,17894,1,17893,1,0,0,0,0,0,0,0,0,0,0,9,2,11,1
32281,17896,1,17895,1,0,0,0,0,0,0,0,0,0,0,9,2,11,1
32282,17898,1,17897,1,0,0,0,0,0,0,0,0,0,0,9,2,11,1
32283,17900,1,17899,1,0,0,0,0,0,0,0,0,0,0,9,2,11,1
32284,17902,1,17901,1,0,0,0,0,0,0,0,0,0,0,10,2,8,1
32285,17904,1,17903,1,0,0,0,0,0,0,0,0,0,0,10,2,8,1
32286,17906,1,17905,1,0,0,0,0,0,0,0,0,0,0,10,2,8,1
32287,17908,1,17907,1,0,0,0,0,0,0,0,0,0,0,10,2,8,1
32288,17910,1,17909,1,0,0,0,0,0,0,0,0,0,0,11,2,10,1
32289,17912,1,17911,1,0,0,0,0,0,0,0,0,0,0,11,2,10,1
32290,17914,1,17913,1,0,0,0,0,0,0,0,0,0,0,11,2,10,1
32291,17916,1,17915,1,0,0,0,0,0,0,0,0,0,0,11,2,10,1
32292,17918,1,17917,1,0,0,0,0,0,0,0,0,0,0,12,2,10,1
32293,17920,1,17919,1,0,0,0,0,0,0,0,0,0,0,12,2,10,1
32294,17922,1,17921,1,0,0,0,0,0,0,0,0,0,0,12,2,10,1
32295,17924,1,17923,1,0,0,0,0,0,0,0,0,0,0,12,2,10,1
32296,17926,1,17925,1,0,0,0,0,0,0,0,0,0,0,13,2,12,1
32297,17928,1,17927,1,0,0,0,0,0,0,0,0,0,0,13,2,12,1
32298,17930,1,17929,1,0,0,0,0,0,0,0,0,0,0,13,2,12,1
32299,17932,1,17931,1,0,0,0,0,0,0,0,0,0,0,13,2,12,1
32300,17934,1,17933,1,0,0,0,0,0,0,0,0,0,0,8,2,13,1
32301,17936,1,17935,1,0,0,0,0,0,0,0,0,0,0,8,2,13,1
32302,17938,1,17937,1,0,0,0,0,0,0,0,0,0,0,8,2,13,1
32303,17940,1,17939,1,0,0,0,0,0,0,0,0,0,0,8,2,13,1
32304,17853,1,14183,1,19903,1,17864,1,0,0,0,0,0,0,19,2,18,1
32305,17854,1,14183,1,19903,1,17865,1,0,0,0,0,0,0,19,2,18,1
32306,17954,1,12523,3,5069,1,12584,1,0,0,0,0,0,0,16,2,14,2
32307,17961,1,19124,1,19946,2,19928,1,19987,2,19988,1,0,0,16,2,14,1
32308,17962,1,19123,1,19947,3,19946,1,19985,2,0,0,0,0,15,2,17,1
32309,17994,1,12523,3,12584,2,12610,3,5998,6,0,0,0,0,16,2,14,2
32310,20358,1,8151,3,8147,10,6159,1,7607,3,5059,1,5261,1,8,12,-1,0
32311,20359,1,8151,3,8147,10,6159,1,7607,2,5069,2,0,0,8,12,-1,0
32312,20362,1,8152,3,8147,10,6161,1,7607,3,5066,1,5261,1,10,12,-1,0
32313,20363,1,8152,3,8147,10,6161,1,7607,2,5069,2,0,0,10,12,-1,0
32314,20366,1,8153,3,8147,10,6163,1,7807,10,5328,1,5261,1,11,12,-1,0
32315,20367,1,8153,3,8147,10,6163,1,7807,10,5486,1,0,0,11,12,-1,0
32316,20370,1,8154,3,8147,10,7161,1,7607,3,5066,1,5261,1,14,2,17,1
32317,20371,1,8154,3,8147,10,7161,1,7607,2,5069,2,0,0,16,2,14,1
32318,20378,1,7607,3,7606,1,5069,1,8020,1,8147,5,5261,1,18,4,-1,0
32319,20379,1,7607,2,5069,3,8020,1,8147,5,0,0,0,0,18,4,-1,0
32320,20428,1,14146,3,14157,1,14149,1,12257,1,8147,5,12561,1,16,2,19,2
32321,20429,1,14146,2,14157,1,14149,2,12257,1,8147,5,0,0,16,2,19,2
32322,20432,1,14146,3,14155,1,14149,1,12259,1,8147,5,12561,1,14,2,17,2
32323,20433,1,14146,2,14157,1,14149,2,12259,1,8147,5,0,0,14,2,17,2
32324,20436,1,14146,3,14155,1,9360,3,15645,3,8147,5,12561,1,14,3,17,2
32325,20437,1,14146,3,14149,1,9360,3,15645,3,8147,5,0,0,16,3,14,2
32326,20440,1,14146,2,14152,1,14149,2,13060,1,8147,5,12561,1,14,3,17,2
32327,20441,1,14146,2,14157,1,14149,2,13060,1,8147,5,0,0,16,3,14,2
32328,20470,1,20272,2,19988,1,19984,1,0,0,0,0,0,0,18,2,16,1
32329,20471,1,20272,3,19988,2,19984,2,0,0,0,0,0,0,18,2,16,1
32330,20472,1,20273,1,19988,1,0,0,0,0,0,0,0,0,17,2,16,1
32331,20473,1,20272,2,19988,1,19984,1,0,0,0,0,0,0,18,2,16,1
32332,20474,1,20273,1,19988,1,0,0,0,0,0,0,0,0,17,2,16,1
32333,20475,1,20271,2,19983,1,5352,1,0,0,0,0,0,0,18,2,16,1
32334,20476,1,20270,3,19988,2,19946,1,0,0,0,0,0,0,18,2,16,1
32335,20477,1,20270,2,19988,1,0,0,0,0,0,0,0,0,18,2,16,1
32336,20478,1,20273,1,19946,1,5510,1,0,0,0,0,0,0,17,2,16,1
32337,20558,1,19123,1,19947,3,19997,1,19963,2,19985,3,0,0,15,2,17,1
32338,20560,1,19124,1,19946,2,19987,2,19988,1,19965,2,0,0,16,2,14,1
32339,18969,1,19949,2,19948,1,19997,1,20016,2,19898,2,0,0,14,2,17,2
32340,18970,1,19949,2,19929,1,19948,1,20016,3,19896,3,0,0,14,2,17,2
32341,18971,1,19949,2,19929,2,19947,1,20016,3,19898,3,0,0,14,2,17,2
32342,18972,1,19949,2,19929,2,19947,1,20016,3,19896,3,0,0,16,2,15,2
32343,18973,1,19929,2,19949,2,19997,1,19988,1,20016,3,19897,3,16,2,15,2
32344,18974,1,19949,3,19929,1,19948,1,20016,3,19897,3,0,0,14,2,17,2
32345,18975,1,19949,3,19948,1,19997,1,20016,3,19898,3,0,0,14,2,17,2
32346,18976,1,19949,2,19929,1,19948,1,12611,1,20016,3,19897,3,14,2,17,2
32347,18977,1,19929,3,19948,1,19944,1,20016,3,19900,3,0,0,16,2,15,2
32348,18978,1,19948,3,19929,1,19965,1,20016,3,19899,3,0,0,16,2,14,2
32349,18979,1,19903,1,19998,2,19929,1,19948,1,20016,3,19899,3,19,2,18,2
32350,18980,1,19903,1,19998,2,19929,1,19948,1,20016,3,19900,3,19,2,18,2
32351,18981,1,19948,2,19929,2,19944,1,19903,1,20016,3,19900,3,16,2,14,2
32352,18982,1,19949,3,19929,1,19948,1,20008,1,20016,3,19896,3,14,2,17,2
32353,18983,1,19948,3,19949,1,19944,1,20016,3,19899,3,0,0,16,2,14,2
32354,18984,1,19949,1,19929,1,19997,1,20016,1,19898,1,0,0,15,2,17,2
32355,18985,1,19949,2,19948,1,19920,2,19967,1,20015,2,19898,1,15,2,17,2
32356,18986,1,19949,3,19948,1,19983,2,19967,1,20015,3,19898,2,15,2,17,2
32357,18987,1,19949,2,19948,1,19983,1,20016,2,19898,1,0,0,15,2,17,2
32358,18988,1,19998,3,19949,1,19988,1,20017,3,19898,2,0,0,17,2,16,2
32359,18989,1,19949,2,19948,1,19983,1,20017,2,19898,1,0,0,15,2,17,2
32360,0,0,0,0,0,0,0,0,0,0,0,0,0,0,18,2,16,2
32361,18991,1,19948,2,19949,1,19920,1,19967,1,20015,2,19896,1,16,2,14,2
32362,18992,1,19949,3,19948,1,19997,2,19967,2,20015,3,19896,2,15,2,17,2
32363,18993,1,19949,2,19948,1,19997,1,20016,2,19896,1,0,0,15,2,17,2
32364,18994,1,19998,3,19949,1,19988,1,20017,3,19896,2,0,0,17,2,16,2
32365,18995,1,19949,2,19948,1,19997,1,20017,2,19896,1,0,0,15,2,17,2
32366,0,0,0,0,0,0,0,0,0,0,0,0,0,0,18,2,16,2
32367,18997,1,19948,3,19920,1,19967,1,20015,2,19896,1,0,0,16,2,14,2
32368,18998,1,19998,2,19990,1,19949,1,19967,2,20015,3,19896,2,17,2,16,2
32369,18999,1,19998,2,19948,1,19988,1,20016,2,19896,1,0,0,17,2,16,2
32370,19000,1,19990,3,19998,1,19946,1,19988,1,20017,3,19896,2,18,2,16,2
32371,19001,1,19998,2,19948,1,19988,1,20017,2,19896,1,0,0,17,2,16,2
32372,0,0,0,0,0,0,0,0,0,0,0,0,0,0,18,2,16,2
32373,19003,1,19998,2,19948,1,19967,1,5358,1,20015,2,19897,1,17,2,16,2
32374,19004,1,19990,3,19998,1,19947,1,19967,1,20015,3,19897,2,18,2,16,2
32375,19005,1,19998,2,19948,1,19988,1,20016,2,19897,1,0,0,17,2,16,2
32376,19006,1,19998,3,19949,1,19988,1,20017,3,19897,2,0,0,17,2,16,2
32377,19007,1,19998,2,19949,1,19988,1,20017,2,19897,1,0,0,17,2,16,2
32378,0,0,0,0,0,0,0,0,0,0,0,0,0,0,18,2,16,2
32379,19009,1,19948,3,19920,1,19962,1,20015,2,19897,1,0,0,16,2,14,2
32380,19010,1,19998,2,19990,1,19949,1,19962,2,20015,3,19897,2,17,2,16,2
32381,19011,1,19998,2,19948,1,19988,1,20016,2,19897,1,0,0,17,2,16,2
32382,19012,1,19990,3,19998,1,19946,1,19988,1,20017,3,19897,2,18,2,16,2
32383,19013,1,19998,2,19948,1,19988,1,20017,2,19897,1,0,0,17,2,16,2
32384,0,0,0,0,0,0,0,0,0,0,0,0,0,0,18,2,16,2
32385,19015,1,19998,2,19990,1,19988,1,19962,1,20015,2,19900,1,17,2,16,2
32386,19016,1,19990,3,19948,1,19988,1,19962,2,20015,3,19900,2,18,2,16,2
32387,19017,1,19998,2,19948,1,19988,1,20016,2,19900,1,0,0,17,2,16,2
32388,19018,1,19990,3,19948,1,19988,1,19962,1,20017,3,19900,2,18,2,16,2
32389,19019,1,19998,2,19948,1,19988,1,20017,2,19900,1,0,0,17,2,16,2
32390,0,0,0,0,0,0,0,0,0,0,0,0,0,0,18,2,16,2
32391,19021,1,19998,2,19948,1,19962,1,5358,1,20015,2,19899,1,17,2,16,2
32392,19022,1,19990,3,19948,1,19988,1,19962,2,20015,3,19899,2,18,2,16,2
32393,19023,1,19998,2,19948,1,19988,1,20016,2,19899,1,0,0,17,2,16,2
32394,19024,1,19990,3,19948,1,19988,1,19964,1,20017,3,19899,2,18,2,16,2
32395,19025,1,19998,2,19948,1,19988,1,20017,2,19899,1,0,0,17,2,16,2
32396,0,0,0,0,0,0,0,0,0,0,0,0,0,0,18,2,16,2
32397,19027,1,19948,2,19964,1,19962,1,20015,1,19898,1,0,0,16,2,14,2
32398,19028,1,19948,2,19964,1,19962,1,20015,1,19896,1,0,0,16,2,14,2
32399,19029,1,19948,2,19964,1,19962,1,20015,1,19897,1,0,0,16,2,14,2
32400,19030,1,19948,2,19964,1,19962,1,20015,1,19900,1,0,0,16,2,14,2
32401,19031,1,19948,2,19964,1,19962,1,20015,1,19899,1,0,0,16,2,14,2
32402,19032,1,19929,1,19998,1,19946,1,19964,1,20015,1,19898,1,16,2,15,2
32403,19033,1,19929,1,19998,1,19946,1,19964,1,20015,1,19896,1,16,2,15,2
32404,19034,1,19929,1,19998,1,19946,1,19964,1,20015,1,19897,1,16,2,15,2
32405,19035,1,19929,1,19998,1,19946,1,19964,1,20015,1,19900,1,16,2,15,2
32406,19036,1,19929,1,19998,1,19946,1,19964,1,20015,1,19899,1,16,2,15,2
32407,19037,1,19929,1,19998,1,19946,1,19964,1,20016,1,19898,1,16,2,15,2
32408,19038,1,19929,1,19998,1,19946,1,19964,1,20016,1,19896,1,16,2,15,2
32409,19039,1,19929,1,19998,1,19946,1,19964,1,20016,1,19897,1,16,2,15,2
32410,19040,1,19929,1,19998,1,19946,1,19964,1,20016,1,19900,1,16,2,15,2
32411,19041,1,19929,1,19998,1,19946,1,19964,1,20016,1,19899,1,16,2,15,2
32412,19042,1,19948,2,19944,1,20016,1,19898,1,0,0,0,0,16,2,14,2
32413,19043,1,19948,2,19944,1,20016,1,19896,1,0,0,0,0,16,2,14,2
32414,19044,1,19948,2,19944,1,20016,1,19897,1,0,0,0,0,16,2,14,2
32415,19045,1,19948,2,19944,1,20016,1,19900,1,0,0,0,0,16,2,14,2
32416,19046,1,19948,2,19944,1,20016,1,19899,1,0,0,0,0,16,2,14,2
32417,19810,3,19840,1,19878,1,19907,1,12893,1,20013,1,0,0,14,2,19,2
32418,19818,3,19876,1,12906,1,19845,1,19857,1,19867,1,20013,1,14,2,19,2
32419,19836,3,19876,1,4864,1,12907,1,19855,1,19858,1,20013,1,14,2,19,2
32420,19896,3,19872,1,19918,2,19911,2,20014,1,0,0,0,0,19,2,18,2
32421,19897,3,19872,1,19918,2,19912,2,20014,1,0,0,0,0,19,2,18,2
32422,19898,3,19872,1,19918,2,19913,2,20014,1,0,0,0,0,19,2,18,2
32423,19899,3,19872,1,19918,2,19914,2,20014,1,0,0,0,0,19,2,18,2
32424,19900,3,19872,1,19918,2,19915,2,20014,1,0,0,0,0,19,2,18,2
32425,19929,1,19934,4,19935,2,0,0,0,0,0,0,0,0,16,2,15,2
32426,19948,1,19958,4,19946,1,19960,2,0,0,0,0,0,0,16,2,14,2
32427,19949,1,19959,4,19947,1,19961,2,0,0,0,0,0,0,14,2,17,2
32428,19949,1,19959,4,19947,1,19961,2,0,0,0,0,0,0,15,2,17,2
32429,19990,1,19991,4,19975,1,19992,2,0,0,0,0,0,0,18,2,16,2
32430,19998,1,20004,3,19959,1,20005,2,0,0,0,0,0,0,17,2,16,2
32431,20545,1,13754,1,19983,2,19984,1,19963,1,19123,1,0,0,7,50,6,50
32432,20546,1,13754,1,19983,2,19984,1,19946,1,19124,1,0,0,5,50,4,50
32433,20547,1,13754,1,12592,1,12596,1,12257,1,0,0,0,0,4,50,7,50
32434,17855,1,14183,1,12601,1,15832,1,0,0,0,0,0,0,13,6,12,5
32435,17856,1,14183,1,12601,1,15833,1,0,0,0,0,0,0,13,6,12,5
32436,19601,1,21084,3,19949,1,19928,1,20016,1,8155,3,0,0,14,2,17,2
32437,19602,1,21084,3,19949,1,19928,1,20015,1,8155,3,0,0,14,2,17,2
32438,19603,1,21084,3,19949,1,19997,1,20015,1,8155,3,0,0,14,2,17,2
32439,19604,1,21084,3,19949,1,19946,1,20015,1,8155,3,0,0,14,2,17,2
32440,19605,1,21084,3,19949,1,19997,1,20017,1,8155,3,0,0,14,2,17,2
32441,19606,1,21084,3,19949,1,19928,1,20016,1,8155,3,0,0,16,2,14,2
32442,19607,1,21084,3,19949,1,19946,1,20017,1,8155,3,0,0,15,2,17,2
32443,19608,1,21084,3,19949,1,19946,1,20016,1,8155,3,0,0,15,2,17,2
32444,19609,1,21084,3,19949,1,19946,1,20015,1,8155,3,0,0,14,2,17,2
32445,19610,1,21084,3,19949,1,19946,1,20016,1,8155,3,0,0,14,2,17,2
32446,19611,1,21084,3,19929,1,19997,1,20017,1,8155,3,0,0,16,2,15,2
32447,19717,1,21083,2,19990,1,19987,2,19946,1,8150,2,0,0,18,2,16,2
32448,19718,1,21083,3,19998,1,19987,2,19988,1,8150,3,0,0,18,2,16,2
32449,19719,1,21083,2,19998,1,19987,2,19981,1,8150,2,0,0,17,2,16,2
32450,19720,1,21083,2,19990,1,19997,2,19988,1,8150,2,0,0,18,2,16,2
32451,19721,1,21083,2,19998,1,19987,2,19981,1,5510,1,8150,2,17,2,16,2
32452,19722,1,21083,2,19990,1,19987,2,19946,1,8150,2,0,0,18,2,16,2
32453,19723,1,21083,3,19998,1,19987,2,19988,1,8150,3,0,0,18,2,16,2
32454,19724,1,21083,2,19998,1,19987,2,19981,1,8150,2,0,0,17,2,16,2
32455,19725,1,21083,2,19990,1,19997,2,19988,1,8150,2,0,0,18,2,16,2
32456,19726,1,21083,2,19998,1,19987,2,19981,1,5510,1,8150,2,17,2,16,2
32457,21083,1,21082,1,21085,3,21086,3,0,0,0,0,0,0,19,2,18,2
32458,21084,1,21082,1,21180,1,20015,1,20016,1,20017,1,0,0,19,2,18,2
32459,21087,3,20117,1,19841,1,12895,1,12889,1,7594,1,21301,1,14,2,19,2
32460,21088,3,19877,1,21089,1,19907,1,19863,1,19911,1,20013,1,14,2,19,2
32461,21052,1,20791,8,6529,1,0,0,0,0,0,0,0,0,19,30,18,30
32462,21065,1,20793,1,19987,1,19984,1,21090,1,0,0,0,0,6,50,4,50
32463,21057,1,13754,1,12592,1,12596,1,12259,1,0,0,0,0,2,50,5,50
32464,20752,1,19929,3,12610,3,0,0,0,0,0,0,0,0,16,3,15,2
32465,20753,1,19948,3,7010,5,12610,5,0,0,0,0,0,0,16,3,14,2
32466,20754,1,21090,1,19948,1,19949,1,19990,1,0,0,0,0,19,3,18,3
32467,20310,1,19929,3,7022,3,5512,3,0,0,0,0,0,0,16,3,15,2
32468,21091,1,21096,1,0,0,0,0,0,0,0,0,0,0,10,2,9,1
32469,20775,1,21091,2,0,0,0,0,0,0,0,0,0,0,10,4,9,2
32470,21092,1,21097,1,0,0,0,0,0,0,0,0,0,0,10,2,9,1
32471,20776,1,21092,2,0,0,0,0,0,0,0,0,0,0,10,4,9,2
32472,21093,1,21098,1,0,0,0,0,0,0,0,0,0,0,10,2,9,1
32473,20777,1,21093,3,0,0,0,0,0,0,0,0,0,0,10,4,9,2
32474,21094,1,21099,1,0,0,0,0,0,0,0,0,0,0,10,2,9,1
32475,20778,1,21094,3,0,0,0,0,0,0,0,0,0,0,10,4,9,2
32476,21095,1,21100,1,0,0,0,0,0,0,0,0,0,0,10,2,9,1
32477,20779,1,21095,4,0,0,0,0,0,0,0,0,0,0,10,4,9,2
32478,21091,1,21096,1,0,0,0,0,0,0,0,0,0,0,8,2,11,1
32479,20775,1,21091,2,0,0,0,0,0,0,0,0,0,0,8,4,11,2
32480,21092,1,21097,1,0,0,0,0,0,0,0,0,0,0,8,2,11,1
32481,20776,1,21092,2,0,0,0,0,0,0,0,0,0,0,8,4,11,2
32482,21093,1,21098,1,0,0,0,0,0,0,0,0,0,0,8,2,11,1
32483,20777,1,21093,3,0,0,0,0,0,0,0,0,0,0,8,4,11,2
32484,21094,1,21099,1,0,0,0,0,0,0,0,0,0,0,8,2,11,1
32485,20778,1,21094,3,0,0,0,0,0,0,0,0,0,0,8,4,11,2
32486,21095,1,21100,1,0,0,0,0,0,0,0,0,0,0,8,2,11,1
32487,20779,1,21095,4,0,0,0,0,0,0,0,0,0,0,8,4,11,2
32488,21091,1,21096,1,0,0,0,0,0,0,0,0,0,0,9,2,11,1
32489,20775,1,21091,2,0,0,0,0,0,0,0,0,0,0,9,4,11,2
32490,21092,1,21097,1,0,0,0,0,0,0,0,0,0,0,9,2,11,1
32491,20776,1,21092,2,0,0,0,0,0,0,0,0,0,0,9,4,11,2
32492,21093,1,21098,1,0,0,0,0,0,0,0,0,0,0,9,2,11,1
32493,20777,1,21093,3,0,0,0,0,0,0,0,0,0,0,9,4,11,2
32494,21094,1,21099,1,0,0,0,0,0,0,0,0,0,0,9,2,11,1
32495,20778,1,21094,3,0,0,0,0,0,0,0,0,0,0,9,4,11,2
32496,21095,1,21100,1,0,0,0,0,0,0,0,0,0,0,9,2,11,1
32497,20779,1,21095,4,0,0,0,0,0,0,0,0,0,0,9,4,11,2
32498,21091,1,21096,1,0,0,0,0,0,0,0,0,0,0,10,2,8,1
32499,20775,1,21091,2,0,0,0,0,0,0,0,0,0,0,10,4,8,2
32500,21092,1,21097,1,0,0,0,0,0,0,0,0,0,0,10,2,8,1
32501,20776,1,21092,2,0,0,0,0,0,0,0,0,0,0,10,4,8,2
32502,21093,1,21098,1,0,0,0,0,0,0,0,0,0,0,10,2,8,1
32503,20777,1,21093,3,0,0,0,0,0,0,0,0,0,0,10,4,8,2
32504,21094,1,21099,1,0,0,0,0,0,0,0,0,0,0,10,2,8,1
32505,20778,1,21094,3,0,0,0,0,0,0,0,0,0,0,10,4,8,2
32506,21095,1,21100,1,0,0,0,0,0,0,0,0,0,0,10,2,8,1
32507,20779,1,21095,4,0,0,0,0,0,0,0,0,0,0,10,4,8,2
32508,21091,1,21096,1,0,0,0,0,0,0,0,0,0,0,12,2,10,1
32509,20775,1,21091,2,0,0,0,0,0,0,0,0,0,0,12,4,10,2
32510,21092,1,21097,1,0,0,0,0,0,0,0,0,0,0,12,2,10,1
32511,20776,1,21092,2,0,0,0,0,0,0,0,0,0,0,12,4,10,2
32512,21093,1,21098,1,0,0,0,0,0,0,0,0,0,0,12,2,10,1
32513,20777,1,21093,3,0,0,0,0,0,0,0,0,0,0,12,4,10,2
32514,21094,1,21099,1,0,0,0,0,0,0,0,0,0,0,12,2,10,1
32515,20778,1,21094,3,0,0,0,0,0,0,0,0,0,0,12,4,10,2
32516,21095,1,21100,1,0,0,0,0,0,0,0,0,0,0,12,2,10,1
32517,20779,1,21095,4,0,0,0,0,0,0,0,0,0,0,12,4,10,2
32518,21091,1,21096,1,0,0,0,0,0,0,0,0,0,0,11,2,10,1
32519,20775,1,21091,2,0,0,0,0,0,0,0,0,0,0,11,4,10,2
32520,21092,1,21097,1,0,0,0,0,0,0,0,0,0,0,11,2,10,1
32521,20776,1,21092,2,0,0,0,0,0,0,0,0,0,0,11,4,10,2
32522,21093,1,21098,1,0,0,0,0,0,0,0,0,0,0,11,2,10,1
32523,20777,1,21093,3,0,0,0,0,0,0,0,0,0,0,11,4,10,2
32524,21094,1,21099,1,0,0,0,0,0,0,0,0,0,0,11,2,10,1
32525,20778,1,21094,3,0,0,0,0,0,0,0,0,0,0,11,4,10,2
32526,21095,1,21100,1,0,0,0,0,0,0,0,0,0,0,11,2,10,1
32527,20779,1,21095,4,0,0,0,0,0,0,0,0,0,0,11,4,10,2
32528,21091,1,21096,1,0,0,0,0,0,0,0,0,0,0,13,2,12,1
32529,20775,1,21091,2,0,0,0,0,0,0,0,0,0,0,13,4,12,2
32530,21092,1,21097,1,0,0,0,0,0,0,0,0,0,0,13,2,12,1
32531,20776,1,21092,2,0,0,0,0,0,0,0,0,0,0,13,4,12,2
32532,21093,1,21098,1,0,0,0,0,0,0,0,0,0,0,13,2,12,1
32533,20777,1,21093,3,0,0,0,0,0,0,0,0,0,0,13,4,12,2
32534,21094,1,21099,1,0,0,0,0,0,0,0,0,0,0,13,2,12,1
32535,20778,1,21094,3,0,0,0,0,0,0,0,0,0,0,13,4,12,2
32536,21095,1,21100,1,0,0,0,0,0,0,0,0,0,0,13,2,12,1
32537,20779,1,21095,4,0,0,0,0,0,0,0,0,0,0,13,4,12,2
32538,21091,1,21096,1,0,0,0,0,0,0,0,0,0,0,8,2,13,1
32539,20775,1,21091,2,0,0,0,0,0,0,0,0,0,0,8,4,13,2
32540,21092,1,21097,1,0,0,0,0,0,0,0,0,0,0,8,2,13,1
32541,20776,1,21092,2,0,0,0,0,0,0,0,0,0,0,8,4,13,2
32542,21093,1,21098,1,0,0,0,0,0,0,0,0,0,0,8,2,13,1
32543,20777,1,21093,3,0,0,0,0,0,0,0,0,0,0,8,4,13,2
32544,21094,1,21099,1,0,0,0,0,0,0,0,0,0,0,8,2,13,1
32545,20778,1,21094,3,0,0,0,0,0,0,0,0,0,0,8,4,13,2
32546,21095,1,21100,1,0,0,0,0,0,0,0,0,0,0,8,2,13,1
32547,20779,1,21095,4,0,0,0,0,0,0,0,0,0,0,8,4,13,2
32548,20539,1,19987,2,19983,2,12592,2,14188,2,9376,1,0,0,12,6,10,6
32549,21289,1,14183,1,19903,1,21298,1,0,0,0,0,0,0,19,2,18,1
32550,21290,1,14183,1,19903,1,21298,1,0,0,0,0,0,0,19,2,18,1
32551,21042,1,21090,1,19949,2,19947,2,19946,1,19997,1,0,0,15,2,17,2
32552,21202,1,21206,3,19974,1,19946,1,14188,1,0,0,0,0,18,2,16,2
32553,21203,1,21206,3,19974,1,19946,1,14188,1,0,0,0,0,18,2,16,2
32554,21204,1,21205,3,19994,2,19938,1,0,0,0,0,0,0,18,2,16,2
32555,21695,1,22427,2,19967,1,20016,2,22424,2,0,0,0,0,14,2,17,2
32556,21696,1,22427,3,22428,1,19962,2,20016,3,22422,3,0,0,14,2,17,2
32557,21697,1,22427,3,22428,1,19967,2,20016,3,22424,3,0,0,14,2,17,2
32558,21698,1,22429,3,22427,1,19965,2,20016,3,22422,3,0,0,16,2,15,2
32559,21699,1,22429,3,22428,1,19996,2,20016,3,22423,3,0,0,16,2,15,2
32560,21700,1,22427,2,22430,1,22493,1,19943,2,20016,3,22423,3,14,2,17,2
32561,21701,1,22427,3,22428,1,19967,2,20016,3,22424,3,0,0,14,2,17,2
32562,21702,1,22427,3,22428,1,19947,2,12611,1,20016,3,22423,3,14,2,17,2
32563,21703,1,22429,3,22428,1,19944,1,19966,2,20016,3,22426,3,16,2,15,2
32564,21704,1,22428,3,22429,1,19967,2,20016,3,22425,3,0,0,16,2,14,2
32565,21705,1,19903,1,22428,3,22427,1,19967,2,20016,3,22425,3,19,2,18,2
32566,21706,1,19903,1,22428,3,22427,1,19966,2,20016,3,22426,3,19,2,18,2
32567,21707,1,22428,3,22430,1,19966,2,19903,1,20016,3,22426,3,16,2,14,2
32568,21708,1,22427,3,22428,1,19943,1,20008,1,20016,3,22422,3,14,2,17,2
32569,21709,1,22428,3,22427,1,19967,2,19995,1,20016,3,22425,3,16,2,14,2
32570,21710,1,22427,2,19967,1,20016,1,22424,1,0,0,0,0,15,2,17,2
32571,21711,1,22427,2,22428,1,19947,1,19974,1,20015,2,22424,1,15,2,17,2
32572,21712,1,22427,3,22493,1,19987,1,19967,2,20015,3,22424,2,15,2,17,2
32573,21713,1,22427,2,22428,1,19996,1,20016,2,22424,1,0,0,15,2,17,2
32574,21714,1,22493,3,22430,1,19988,1,20017,3,22424,2,0,0,18,2,16,2
32575,21715,1,22427,3,19996,1,19967,1,20017,2,22424,1,0,0,15,2,17,2
32576,0,0,0,0,0,0,0,0,0,0,0,0,0,0,17,2,16,2
32577,21717,1,22427,2,22428,1,19947,1,19974,1,20015,2,22422,1,15,2,17,2
32578,21718,1,22427,2,22493,2,19996,1,19965,2,20015,3,22422,2,15,2,17,2
32579,21719,1,22427,2,22428,1,19996,1,20016,2,22422,1,0,0,15,2,17,2
32580,21720,1,22493,2,22430,2,19988,1,20017,3,22422,2,0,0,18,2,16,2
32581,21721,1,22427,3,19996,1,19965,1,20017,2,22422,1,0,0,15,2,17,2
32582,0,0,0,0,0,0,0,0,0,0,0,0,0,0,17,2,16,2
32583,21723,1,22428,3,19966,1,20015,2,22422,1,0,0,0,0,16,2,14,2
32584,21724,1,22493,2,22430,2,19944,1,19965,2,20015,3,22422,2,18,2,16,2
32585,21725,1,22493,2,22428,1,19946,1,20016,2,22422,1,0,0,18,2,16,2
32586,21726,1,22493,2,22430,2,19946,1,20017,3,22422,2,0,0,18,2,16,2
32587,21727,1,22430,2,22493,1,19988,1,20017,2,22422,1,0,0,17,2,16,2
32588,0,0,0,0,0,0,0,0,0,0,0,0,0,0,17,2,16,2
32589,21729,1,22493,2,22428,1,19962,1,20015,2,22423,1,0,0,18,2,16,2
32590,21730,1,22493,3,22428,1,19996,1,19962,2,20015,3,22423,2,18,2,16,2
32591,21731,1,22430,2,22428,1,19987,1,20016,2,22423,1,0,0,17,2,16,2
32592,21732,1,22493,2,22430,2,19946,1,19962,1,20017,3,22423,2,18,2,16,2
32593,21733,1,22430,2,22428,1,19988,1,20017,2,22423,1,0,0,17,2,16,2
32594,0,0,0,0,0,0,0,0,0,0,0,0,0,0,17,2,16,2
32595,21735,1,22493,2,22428,1,19967,1,20015,2,22423,1,0,0,18,2,16,2
32596,21736,1,22493,3,22428,1,19996,1,19967,2,20015,3,22423,2,18,2,16,2
32597,21737,1,22430,2,22428,1,19987,1,20016,2,22423,1,0,0,17,2,16,2
32598,21738,1,22493,2,22430,2,19946,1,19967,1,20017,3,22423,2,18,2,16,2
32599,21739,1,22430,2,22427,1,19988,1,20017,2,22423,1,0,0,17,2,16,2
32600,0,0,0,0,0,0,0,0,0,0,0,0,0,0,17,2,16,2
32601,21741,1,22493,2,22430,1,19966,1,20015,2,22426,1,0,0,18,2,16,2
32602,21742,1,22493,3,22430,1,19942,1,19966,2,20015,3,22426,2,18,2,16,2
32603,21743,1,22493,2,22430,1,19966,1,20016,2,22426,1,0,0,18,2,16,2
32604,21744,1,22493,2,22430,2,19988,1,19966,1,20017,3,22426,2,18,2,16,2
32605,21745,1,22430,2,22427,1,19966,1,20017,2,22426,1,0,0,17,2,16,2
32606,0,0,0,0,0,0,0,0,0,0,0,0,0,0,17,2,16,2
32607,21747,1,22493,2,22430,1,19967,1,20015,2,22425,1,0,0,18,2,16,2
32608,21748,1,22493,3,22430,1,19938,1,19967,2,20015,3,22425,2,18,2,16,2
32609,21749,1,22493,2,22430,1,19967,1,20016,2,22425,1,0,0,18,2,16,2
32610,21750,1,22493,2,22430,2,19988,1,19967,1,20017,3,22425,2,18,2,16,2
32611,21751,1,22430,2,22428,1,19967,1,20017,2,22425,1,0,0,17,2,16,2
32612,0,0,0,0,0,0,0,0,0,0,0,0,0,0,17,2,16,2
32613,21753,1,22428,2,12546,1,20015,1,22424,1,0,0,0,0,16,2,14,2
32614,21754,1,22428,2,12546,1,20015,1,22422,1,0,0,0,0,16,2,14,2
32615,21755,1,22428,2,12546,1,20015,1,22423,1,0,0,0,0,16,2,14,2
32616,21756,1,22428,2,12546,1,20015,1,22426,1,0,0,0,0,16,2,14,2
32617,21757,1,22428,2,12546,1,20015,1,22425,1,0,0,0,0,16,2,14,2
32618,21758,1,22429,2,19946,1,20015,1,22424,1,0,0,0,0,16,2,15,2
32619,21759,1,22429,2,19946,1,20015,1,22422,1,0,0,0,0,16,2,15,2
32620,21760,1,22429,2,19946,1,20015,1,22423,1,0,0,0,0,16,2,15,2
32621,21761,1,22429,2,19946,1,20015,1,22426,1,0,0,0,0,16,2,15,2
32622,21762,1,22429,2,19946,1,20015,1,22425,1,0,0,0,0,16,2,15,2
32623,21763,1,22429,2,19946,1,20016,1,22424,1,0,0,0,0,16,2,15,2
32624,21764,1,22429,2,19946,1,20016,1,22422,1,0,0,0,0,16,2,15,2
32625,21765,1,22429,2,19946,1,20016,1,22423,1,0,0,0,0,16,2,15,2
32626,21766,1,22429,2,19946,1,20016,1,22426,1,0,0,0,0,16,2,15,2
32627,21767,1,22429,2,19946,1,20016,1,22425,1,0,0,0,0,16,2,15,2
32628,21768,1,22428,2,12546,1,20016,1,22424,1,0,0,0,0,16,2,14,2
32629,21769,1,22428,2,12546,1,20016,1,22422,1,0,0,0,0,16,2,14,2
32630,21770,1,22428,2,12546,1,20016,1,22423,1,0,0,0,0,16,2,14,2
32631,21771,1,22428,2,12546,1,20016,1,22426,1,0,0,0,0,16,2,14,2
32632,21772,1,22428,2,12546,1,20016,1,22425,1,0,0,0,0,16,2,14,2
32633,22427,2,22417,4,22413,2,19941,1,0,0,0,0,0,0,14,2,17,2
32634,22427,2,22417,4,22413,2,19941,1,0,0,0,0,0,0,15,2,17,2
32635,22428,2,22418,4,22412,2,19938,1,0,0,0,0,0,0,16,2,14,2
32636,22429,2,22419,4,22416,2,0,0,0,0,0,0,0,0,16,2,15,2
32637,22430,2,22421,4,22415,2,0,0,0,0,0,0,0,0,17,2,16,2
32638,22493,2,22420,4,22414,2,19988,1,0,0,0,0,0,0,18,2,16,2
32639,22422,3,21082,1,21085,1,19911,2,20014,1,0,0,0,0,19,2,18,2
32640,22423,3,21082,1,21085,1,19912,2,20014,1,0,0,0,0,19,2,18,2
32641,22424,3,21082,1,21085,1,19913,2,20014,1,0,0,0,0,19,2,18,2
32642,22425,3,21082,1,21085,1,19914,2,20014,1,0,0,0,0,19,2,18,2
32643,22426,3,21082,1,21085,1,19915,2,20014,1,0,0,0,0,19,2,18,2
32644,22447,3,21085,1,19907,1,19911,2,20014,1,0,0,0,0,19,2,18,2
32645,22448,3,21085,1,19907,1,19912,2,20014,1,0,0,0,0,19,2,18,2
32646,22449,3,21085,1,19907,1,19913,2,20014,1,0,0,0,0,19,2,18,2
32647,22450,3,21085,1,19907,1,19914,2,20014,1,0,0,0,0,19,2,18,2
32648,22451,3,21085,1,19907,1,19915,2,20014,1,0,0,0,0,19,2,18,2
32649,22432,3,19841,2,22393,1,21089,1,19859,1,19877,2,19846,1,14,2,19,2
32650,22433,3,22439,1,20209,1,20124,1,19863,1,19877,1,19843,1,14,2,19,2
32651,22434,3,21089,1,19861,1,19880,1,19855,1,19877,1,19845,1,14,2,19,2
32652,22435,3,22438,1,19848,1,19846,1,6151,1,0,0,0,0,14,2,19,2
32653,22436,3,21301,1,19857,1,19864,1,19853,1,19851,3,0,0,14,2,19,2
32654,22437,3,21301,1,19859,2,14143,1,19846,1,0,0,0,0,14,2,19,2
32655,22445,3,22446,1,19842,1,19877,1,19878,1,0,0,0,0,14,2,19,2
32656,21937,1,19983,2,19984,3,22463,2,19946,1,0,0,0,0,18,2,16,2
32657,22486,1,14183,1,19903,1,22492,1,0,0,0,0,0,0,19,2,18,2
32658,22487,1,14183,1,19903,1,22492,1,0,0,0,0,0,0,19,2,18,2
32659,21920,1,22307,1,20793,1,19987,1,19984,1,0,0,0,0,12,7,10,7
32660,21916,1,22442,2,20793,1,19949,2,0,0,0,0,0,0,8,7,11,7
32661,21813,1,19948,3,12610,1,5998,2,5513,6,0,0,0,0,16,2,14,2
32662,21815,1,19948,3,12528,2,5069,2,5090,2,0,0,0,0,16,2,14,2
32663,21816,1,22307,1,19943,3,5372,2,0,0,0,0,0,0,16,3,15,3
32664,21817,1,22307,2,19947,4,19995,5,5068,3,0,0,0,0,17,3,16,3
32665,21823,1,22308,1,21083,2,19988,3,19985,2,0,0,0,0,18,2,16,2
32666,21827,1,19929,4,12520,2,7023,2,0,0,0,0,0,0,16,2,15,2
32667,21830,1,19929,4,19943,2,19974,2,7023,3,0,0,0,0,16,2,15,2
32668,21833,1,19948,2,12544,2,5069,2,7010,5,0,0,0,0,4,10,2,9
32669,21834,1,4554,2,4558,2,4553,2,4557,2,19929,1,0,0,7,10,6,9
32670,21836,1,22495,1,19948,2,7010,2,7019,1,0,0,0,0,16,2,14,2
32671,21841,1,19949,3,5073,2,5512,1,5230,1,5267,4,0,0,15,3,17,3
32672,21842,1,19949,4,7607,3,12610,1,7008,2,5267,8,0,0,15,3,17,3
32673,21843,1,19948,2,5060,3,12610,1,5998,1,0,0,0,0,16,2,14,2
32674,21844,1,19949,2,5059,2,7008,4,5528,4,0,0,0,0,14,2,17,2
32675,21866,1,19929,5,19943,3,10092,10,7022,2,0,0,0,0,16,2,15,2
32676,21867,1,19990,2,12591,6,19988,4,7016,4,0,0,0,0,18,2,16,2
32677,21869,1,19948,3,19939,2,12610,4,5998,8,0,0,0,0,16,2,14,2
32678,21924,1,22307,1,19949,3,19948,1,19995,1,0,0,0,0,16,2,14,2
32679,20746,1,22441,1,19949,2,5523,4,0,0,0,0,0,0,16,2,14,2
32680,21941,1,22464,2,19990,1,19984,1,14188,1,0,0,0,0,18,2,16,2
32681,21835,1,19929,1,19949,1,19943,2,19980,1,7023,2,0,0,16,2,15,2
32682,22720,1,22694,1,0,0,0,0,0,0,0,0,0,0,10,2,9,1
32683,22721,1,22695,1,0,0,0,0,0,0,0,0,0,0,10,2,9,1
32684,22722,1,22696,1,0,0,0,0,0,0,0,0,0,0,10,2,9,1
32685,22733,1,22707,1,0,0,0,0,0,0,0,0,0,0,10,2,9,1
32686,22737,1,22711,1,0,0,0,0,0,0,0,0,0,0,10,2,9,1
32687,22738,1,22712,1,0,0,0,0,0,0,0,0,0,0,10,2,9,1
32688,22740,1,22714,1,0,0,0,0,0,0,0,0,0,0,10,2,9,1
32689,22723,1,22697,1,0,0,0,0,0,0,0,0,0,0,10,2,9,1
32690,22736,1,22710,1,0,0,0,0,0,0,0,0,0,0,10,2,9,1
32691,22743,1,22717,1,0,0,0,0,0,0,0,0,0,0,10,2,9,1
32692,22744,1,22718,1,0,0,0,0,0,0,0,0,0,0,10,2,9,1
32693,23173,1,23172,1,0,0,0,0,0,0,0,0,0,0,10,2,9,1
32694,22724,1,22698,1,0,0,0,0,0,0,0,0,0,0,10,2,9,1
32695,22725,1,22699,1,0,0,0,0,0,0,0,0,0,0,10,2,9,1
32696,22726,1,22700,1,0,0,0,0,0,0,0,0,0,0,10,2,9,1
32697,22727,1,22701,1,0,0,0,0,0,0,0,0,0,0,10,2,9,1
32698,22728,1,22702,1,0,0,0,0,0,0,0,0,0,0,10,2,9,1
32699,22729,1,22703,1,0,0,0,0,0,0,0,0,0,0,10,2,9,1
32700,22730,1,22704,1,0,0,0,0,0,0,0,0,0,0,10,2,9,1
32701,22731,1,22705,1,0,0,0,0,0,0,0,0,0,0,10,2,9,1
32702,22732,1,22706,1,0,0,0,0,0,0,0,0,0,0,10,2,9,1
32703,22734,1,22708,1,0,0,0,0,0,0,0,0,0,0,10,2,9,1
32704,22735,1,22709,1,0,0,0,0,0,0,0,0,0,0,10,2,9,1
32705,22739,1,22713,1,0,0,0,0,0,0,0,0,0,0,10,2,9,1
32706,22741,1,22715,1,0,0,0,0,0,0,0,0,0,0,10,2,9,1
32707,22742,1,22716,1,0,0,0,0,0,0,0,0,0,0,10,2,9,1
32708,22745,1,22719,1,0,0,0,0,0,0,0,0,0,0,10,2,9,1
32709,22720,1,22694,1,0,0,0,0,0,0,0,0,0,0,8,2,11,1
32710,22721,1,22695,1,0,0,0,0,0,0,0,0,0,0,8,2,11,1
32711,22722,1,22696,1,0,0,0,0,0,0,0,0,0,0,8,2,11,1
32712,22733,1,22707,1,0,0,0,0,0,0,0,0,0,0,8,2,11,1
32713,22737,1,22711,1,0,0,0,0,0,0,0,0,0,0,8,2,11,1
32714,22738,1,22712,1,0,0,0,0,0,0,0,0,0,0,8,2,11,1
32715,22740,1,22714,1,0,0,0,0,0,0,0,0,0,0,8,2,11,1
32716,22723,1,22697,1,0,0,0,0,0,0,0,0,0,0,8,2,11,1
32717,22736,1,22710,1,0,0,0,0,0,0,0,0,0,0,8,2,11,1
32718,22743,1,22717,1,0,0,0,0,0,0,0,0,0,0,8,2,11,1
32719,22744,1,22718,1,0,0,0,0,0,0,0,0,0,0,8,2,11,1
32720,23173,1,23172,1,0,0,0,0,0,0,0,0,0,0,8,2,11,1
32721,22724,1,22698,1,0,0,0,0,0,0,0,0,0,0,8,2,11,1
32722,22725,1,22699,1,0,0,0,0,0,0,0,0,0,0,8,2,11,1
32723,22726,1,22700,1,0,0,0,0,0,0,0,0,0,0,8,2,11,1
32724,22727,1,22701,1,0,0,0,0,0,0,0,0,0,0,8,2,11,1
32725,22728,1,22702,1,0,0,0,0,0,0,0,0,0,0,8,2,11,1
32726,22729,1,22703,1,0,0,0,0,0,0,0,0,0,0,8,2,11,1
32727,22730,1,22704,1,0,0,0,0,0,0,0,0,0,0,8,2,11,1
32728,22731,1,22705,1,0,0,0,0,0,0,0,0,0,0,8,2,11,1
32729,22732,1,22706,1,0,0,0,0,0,0,0,0,0,0,8,2,11,1
32730,22734,1,22708,1,0,0,0,0,0,0,0,0,0,0,8,2,11,1
32731,22735,1,22709,1,0,0,0,0,0,0,0,0,0,0,8,2,11,1
32732,22739,1,22713,1,0,0,0,0,0,0,0,0,0,0,8,2,11,1
32733,22741,1,22715,1,0,0,0,0,0,0,0,0,0,0,8,2,11,1
32734,22742,1,22716,1,0,0,0,0,0,0,0,0,0,0,8,2,11,1
32735,22745,1,22719,1,0,0,0,0,0,0,0,0,0,0,8,2,11,1
32736,22720,1,22694,1,0,0,0,0,0,0,0,0,0,0,9,2,11,1
32737,22721,1,22695,1,0,0,0,0,0,0,0,0,0,0,9,2,11,1
32738,22722,1,22696,1,0,0,0,0,0,0,0,0,0,0,9,2,11,1
32739,22733,1,22707,1,0,0,0,0,0,0,0,0,0,0,9,2,11,1
32740,22737,1,22711,1,0,0,0,0,0,0,0,0,0,0,9,2,11,1
32741,22738,1,22712,1,0,0,0,0,0,0,0,0,0,0,9,2,11,1
32742,22740,1,22714,1,0,0,0,0,0,0,0,0,0,0,9,2,11,1
32743,22723,1,22697,1,0,0,0,0,0,0,0,0,0,0,9,2,11,1
32744,22736,1,22710,1,0,0,0,0,0,0,0,0,0,0,9,2,11,1
32745,22743,1,22717,1,0,0,0,0,0,0,0,0,0,0,9,2,11,1
32746,22744,1,22718,1,0,0,0,0,0,0,0,0,0,0,9,2,11,1
32747,23173,1,23172,1,0,0,0,0,0,0,0,0,0,0,9,2,11,1
32748,22724,1,22698,1,0,0,0,0,0,0,0,0,0,0,9,2,11,1
32749,22725,1,22699,1,0,0,0,0,0,0,0,0,0,0,9,2,11,1
32750,22726,1,22700,1,0,0,0,0,0,0,0,0,0,0,9,2,11,1
32751,22727,1,22701,1,0,0,0,0,0,0,0,0,0,0,9,2,11,1
32752,22728,1,22702,1,0,0,0,0,0,0,0,0,0,0,9,2,11,1
32753,22729,1,22703,1,0,0,0,0,0,0,0,0,0,0,9,2,11,1
32754,22730,1,22704,1,0,0,0,0,0,0,0,0,0,0,9,2,11,1
32755,22731,1,22705,1,0,0,0,0,0,0,0,0,0,0,9,2,11,1
32756,22732,1,22706,1,0,0,0,0,0,0,0,0,0,0,9,2,11,1
32757,22734,1,22708,1,0,0,0,0,0,0,0,0,0,0,9,2,11,1
32758,22735,1,22709,1,0,0,0,0,0,0,0,0,0,0,9,2,11,1
32759,22739,1,22713,1,0,0,0,0,0,0,0,0,0,0,9,2,11,1
32760,22741,1,22715,1,0,0,0,0,0,0,0,0,0,0,9,2,11,1
32761,22742,1,22716,1,0,0,0,0,0,0,0,0,0,0,9,2,11,1
32762,22745,1,22719,1,0,0,0,0,0,0,0,0,0,0,9,2,11,1
32763,22720,1,22694,1,0,0,0,0,0,0,0,0,0,0,10,2,8,1
32764,22721,1,22695,1,0,0,0,0,0,0,0,0,0,0,10,2,8,1
32765,22722,1,22696,1,0,0,0,0,0,0,0,0,0,0,10,2,8,1
32766,22733,1,22707,1,0,0,0,0,0,0,0,0,0,0,10,2,8,1
32767,22737,1,22711,1,0,0,0,0,0,0,0,0,0,0,10,2,8,1
32768,22738,1,22712,1,0,0,0,0,0,0,0,0,0,0,10,2,8,1
32769,22740,1,22714,1,0,0,0,0,0,0,0,0,0,0,10,2,8,1
32770,22723,1,22697,1,0,0,0,0,0,0,0,0,0,0,10,2,8,1
32771,22736,1,22710,1,0,0,0,0,0,0,0,0,0,0,10,2,8,1
32772,22743,1,22717,1,0,0,0,0,0,0,0,0,0,0,10,2,8,1
32773,22744,1,22718,1,0,0,0,0,0,0,0,0,0,0,10,2,8,1
32774,23173,1,23172,1,0,0,0,0,0,0,0,0,0,0,10,2,8,1
32775,22724,1,22698,1,0,0,0,0,0,0,0,0,0,0,10,2,8,1
32776,22725,1,22699,1,0,0,0,0,0,0,0,0,0,0,10,2,8,1
32777,22726,1,22700,1,0,0,0,0,0,0,0,0,0,0,10,2,8,1
32778,22727,1,22701,1,0,0,0,0,0,0,0,0,0,0,10,2,8,1
32779,22728,1,22702,1,0,0,0,0,0,0,0,0,0,0,10,2,8,1
32780,22729,1,22703,1,0,0,0,0,0,0,0,0,0,0,10,2,8,1
32781,22730,1,22704,1,0,0,0,0,0,0,0,0,0,0,10,2,8,1
32782,22731,1,22705,1,0,0,0,0,0,0,0,0,0,0,10,2,8,1
32783,22732,1,22706,1,0,0,0,0,0,0,0,0,0,0,10,2,8,1
32784,22734,1,22708,1,0,0,0,0,0,0,0,0,0,0,10,2,8,1
32785,22735,1,22709,1,0,0,0,0,0,0,0,0,0,0,10,2,8,1
32786,22739,1,22713,1,0,0,0,0,0,0,0,0,0,0,10,2,8,1
32787,22741,1,22715,1,0,0,0,0,0,0,0,0,0,0,10,2,8,1
32788,22742,1,22716,1,0,0,0,0,0,0,0,0,0,0,10,2,8,1
32789,22745,1,22719,1,0,0,0,0,0,0,0,0,0,0,10,2,8,1
32790,22720,1,22694,1,0,0,0,0,0,0,0,0,0,0,11,2,10,1
32791,22721,1,22695,1,0,0,0,0,0,0,0,0,0,0,11,2,10,1
32792,22722,1,22696,1,0,0,0,0,0,0,0,0,0,0,11,2,10,1
32793,22733,1,22707,1,0,0,0,0,0,0,0,0,0,0,11,2,10,1
32794,22737,1,22711,1,0,0,0,0,0,0,0,0,0,0,11,2,10,1
32795,22738,1,22712,1,0,0,0,0,0,0,0,0,0,0,11,2,10,1
32796,22740,1,22714,1,0,0,0,0,0,0,0,0,0,0,11,2,10,1
32797,22723,1,22697,1,0,0,0,0,0,0,0,0,0,0,11,2,10,1
32798,22736,1,22710,1,0,0,0,0,0,0,0,0,0,0,11,2,10,1
32799,22743,1,22717,1,0,0,0,0,0,0,0,0,0,0,11,2,10,1
32800,22744,1,22718,1,0,0,0,0,0,0,0,0,0,0,11,2,10,1
32801,23173,1,23172,1,0,0,0,0,0,0,0,0,0,0,11,2,10,1
32802,22724,1,22698,1,0,0,0,0,0,0,0,0,0,0,11,2,10,1
32803,22725,1,22699,1,0,0,0,0,0,0,0,0,0,0,11,2,10,1
32804,22726,1,22700,1,0,0,0,0,0,0,0,0,0,0,11,2,10,1
32805,22727,1,22701,1,0,0,0,0,0,0,0,0,0,0,11,2,10,1
32806,22728,1,22702,1,0,0,0,0,0,0,0,0,0,0,11,2,10,1
32807,22729,1,22703,1,0,0,0,0,0,0,0,0,0,0,11,2,10,1
32808,22730,1,22704,1,0,0,0,0,0,0,0,0,0,0,11,2,10,1
32809,22731,1,22705,1,0,0,0,0,0,0,0,0,0,0,11,2,10,1
32810,22732,1,22706,1,0,0,0,0,0,0,0,0,0,0,11,2,10,1
32811,22734,1,22708,1,0,0,0,0,0,0,0,0,0,0,11,2,10,1
32812,22735,1,22709,1,0,0,0,0,0,0,0,0,0,0,11,2,10,1
32813,22739,1,22713,1,0,0,0,0,0,0,0,0,0,0,11,2,10,1
32814,22741,1,22715,1,0,0,0,0,0,0,0,0,0,0,11,2,10,1
32815,22742,1,22716,1,0,0,0,0,0,0,0,0,0,0,11,2,10,1
32816,22745,1,22719,1,0,0,0,0,0,0,0,0,0,0,11,2,10,1
32817,22720,1,22694,1,0,0,0,0,0,0,0,0,0,0,12,2,10,1
32818,22721,1,22695,1,0,0,0,0,0,0,0,0,0,0,12,2,10,1
32819,22722,1,22696,1,0,0,0,0,0,0,0,0,0,0,12,2,10,1
32820,22733,1,22707,1,0,0,0,0,0,0,0,0,0,0,12,2,10,1
32821,22737,1,22711,1,0,0,0,0,0,0,0,0,0,0,12,2,10,1
32822,22738,1,22712,1,0,0,0,0,0,0,0,0,0,0,12,2,10,1
32823,22740,1,22714,1,0,0,0,0,0,0,0,0,0,0,12,2,10,1
32824,22723,1,22697,1,0,0,0,0,0,0,0,0,0,0,12,2,10,1
32825,22736,1,22710,1,0,0,0,0,0,0,0,0,0,0,12,2,10,1
32826,22743,1,22717,1,0,0,0,0,0,0,0,0,0,0,12,2,10,1
32827,22744,1,22718,1,0,0,0,0,0,0,0,0,0,0,12,2,10,1
32828,23173,1,23172,1,0,0,0,0,0,0,0,0,0,0,12,2,10,1
32829,22724,1,22698,1,0,0,0,0,0,0,0,0,0,0,12,2,10,1
32830,22725,1,22699,1,0,0,0,0,0,0,0,0,0,0,12,2,10,1
32831,22726,1,22700,1,0,0,0,0,0,0,0,0,0,0,12,2,10,1
32832,22727,1,22701,1,0,0,0,0,0,0,0,0,0,0,12,2,10,1
32833,22728,1,22702,1,0,0,0,0,0,0,0,0,0,0,12,2,10,1
32834,22729,1,22703,1,0,0,0,0,0,0,0,0,0,0,12,2,10,1
32835,22730,1,22704,1,0,0,0,0,0,0,0,0,0,0,12,2,10,1
32836,22731,1,22705,1,0,0,0,0,0,0,0,0,0,0,12,2,10,1
32837,22732,1,22706,1,0,0,0,0,0,0,0,0,0,0,12,2,10,1
32838,22734,1,22708,1,0,0,0,0,0,0,0,0,0,0,12,2,10,1
32839,22735,1,22709,1,0,0,0,0,0,0,0,0,0,0,12,2,10,1
32840,22739,1,22713,1,0,0,0,0,0,0,0,0,0,0,12,2,10,1
32841,22741,1,22715,1,0,0,0,0,0,0,0,0,0,0,12,2,10,1
32842,22742,1,22716,1,0,0,0,0,0,0,0,0,0,0,12,2,10,1
32843,22745,1,22719,1,0,0,0,0,0,0,0,0,0,0,12,2,10,1
32844,22720,1,22694,1,0,0,0,0,0,0,0,0,0,0,13,2,12,1
32845,22721,1,22695,1,0,0,0,0,0,0,0,0,0,0,13,2,12,1
32846,22722,1,22696,1,0,0,0,0,0,0,0,0,0,0,13,2,12,1
32847,22733,1,22707,1,0,0,0,0,0,0,0,0,0,0,13,2,12,1
32848,22737,1,22711,1,0,0,0,0,0,0,0,0,0,0,13,2,12,1
32849,22738,1,22712,1,0,0,0,0,0,0,0,0,0,0,13,2,12,1
32850,22740,1,22714,1,0,0,0,0,0,0,0,0,0,0,13,2,12,1
32851,22723,1,22697,1,0,0,0,0,0,0,0,0,0,0,13,2,12,1
32852,22736,1,22710,1,0,0,0,0,0,0,0,0,0,0,13,2,12,1
32853,22743,1,22717,1,0,0,0,0,0,0,0,0,0,0,13,2,12,1
32854,22744,1,22718,1,0,0,0,0,0,0,0,0,0,0,13,2,12,1
32855,23173,1,23172,1,0,0,0,0,0,0,0,0,0,0,13,2,12,1
32856,22724,1,22698,1,0,0,0,0,0,0,0,0,0,0,13,2,12,1
32857,22725,1,22699,1,0,0,0,0,0,0,0,0,0,0,13,2,12,1
32858,22726,1,22700,1,0,0,0,0,0,0,0,0,0,0,13,2,12,1
32859,22727,1,22701,1,0,0,0,0,0,0,0,0,0,0,13,2,12,1
32860,22728,1,22702,1,0,0,0,0,0,0,0,0,0,0,13,2,12,1
32861,22729,1,22703,1,0,0,0,0,0,0,0,0,0,0,13,2,12,1
32862,22730,1,22704,1,0,0,0,0,0,0,0,0,0,0,13,2,12,1
32863,22731,1,22705,1,0,0,0,0,0,0,0,0,0,0,13,2,12,1
32864,22732,1,22706,1,0,0,0,0,0,0,0,0,0,0,13,2,12,1
32865,22734,1,22708,1,0,0,0,0,0,0,0,0,0,0,13,2,12,1
32866,22735,1,22709,1,0,0,0,0,0,0,0,0,0,0,13,2,12,1
32867,22739,1,22713,1,0,0,0,0,0,0,0,0,0,0,13,2,12,1
32868,22741,1,22715,1,0,0,0,0,0,0,0,0,0,0,13,2,12,1
32869,22742,1,22716,1,0,0,0,0,0,0,0,0,0,0,13,2,12,1
32870,22745,1,22719,1,0,0,0,0,0,0,0,0,0,0,13,2,12,1
32871,22720,1,22694,1,0,0,0,0,0,0,0,0,0,0,8,2,13,1
32872,22721,1,22695,1,0,0,0,0,0,0,0,0,0,0,8,2,13,1
32873,22722,1,22696,1,0,0,0,0,0,0,0,0,0,0,8,2,13,1
32874,22733,1,22707,1,0,0,0,0,0,0,0,0,0,0,8,2,13,1
32875,22737,1,22711,1,0,0,0,0,0,0,0,0,0,0,8,2,13,1
32876,22738,1,22712,1,0,0,0,0,0,0,0,0,0,0,8,2,13,1
32877,22740,1,22714,1,0,0,0,0,0,0,0,0,0,0,8,2,13,1
32878,22723,1,22697,1,0,0,0,0,0,0,0,0,0,0,8,2,13,1
32879,22736,1,22710,1,0,0,0,0,0,0,0,0,0,0,8,2,13,1
32880,22743,1,22717,1,0,0,0,0,0,0,0,0,0,0,8,2,13,1
32881,22744,1,22718,1,0,0,0,0,0,0,0,0,0,0,8,2,13,1
32882,23173,1,23172,1,0,0,0,0,0,0,0,0,0,0,8,2,13,1
32883,22724,1,22698,1,0,0,0,0,0,0,0,0,0,0,8,2,13,1
32884,22725,1,22699,1,0,0,0,0,0,0,0,0,0,0,8,2,13,1
32885,22726,1,22700,1,0,0,0,0,0,0,0,0,0,0,8,2,13,1
32886,22727,1,22701,1,0,0,0,0,0,0,0,0,0,0,8,2,13,1
32887,22728,1,22702,1,0,0,0,0,0,0,0,0,0,0,8,2,13,1
32888,22729,1,22703,1,0,0,0,0,0,0,0,0,0,0,8,2,13,1
32889,22730,1,22704,1,0,0,0,0,0,0,0,0,0,0,8,2,13,1
32890,22731,1,22705,1,0,0,0,0,0,0,0,0,0,0,8,2,13,1
32891,22732,1,22706,1,0,0,0,0,0,0,0,0,0,0,8,2,13,1
32892,22734,1,22708,1,0,0,0,0,0,0,0,0,0,0,8,2,13,1
32893,22735,1,22709,1,0,0,0,0,0,0,0,0,0,0,8,2,13,1
32894,22739,1,22713,1,0,0,0,0,0,0,0,0,0,0,8,2,13,1
32895,22741,1,22715,1,0,0,0,0,0,0,0,0,0,0,8,2,13,1
32896,22742,1,22716,1,0,0,0,0,0,0,0,0,0,0,8,2,13,1
32897,22745,1,22719,1,0,0,0,0,0,0,0,0,0,0,8,2,13,1
32898,23153,1,23158,1,0,0,0,0,0,0,0,0,0,0,10,2,9,1
32899,23143,1,23153,2,0,0,0,0,0,0,0,0,0,0,10,4,9,2
32900,23154,1,23159,1,0,0,0,0,0,0,0,0,0,0,10,2,9,1
32901,23144,1,23154,2,0,0,0,0,0,0,0,0,0,0,10,4,9,2
32902,23155,1,23160,1,0,0,0,0,0,0,0,0,0,0,10,2,9,1
32903,23145,1,23155,3,0,0,0,0,0,0,0,0,0,0,10,4,9,2
32904,23156,1,23161,1,0,0,0,0,0,0,0,0,0,0,10,2,9,1
32905,23146,1,23156,3,0,0,0,0,0,0,0,0,0,0,10,4,9,2
32906,23157,1,23162,1,0,0,0,0,0,0,0,0,0,0,10,2,9,1
32907,23147,1,23157,4,0,0,0,0,0,0,0,0,0,0,10,4,9,2
32908,23153,1,23158,1,0,0,0,0,0,0,0,0,0,0,8,2,11,1
32909,23143,1,23153,2,0,0,0,0,0,0,0,0,0,0,8,4,11,2
32910,23154,1,23159,1,0,0,0,0,0,0,0,0,0,0,8,2,11,1
32911,23144,1,23154,2,0,0,0,0,0,0,0,0,0,0,8,4,11,2
32912,23155,1,23160,1,0,0,0,0,0,0,0,0,0,0,8,2,11,1
32913,23145,1,23155,3,0,0,0,0,0,0,0,0,0,0,8,4,11,2
32914,23156,1,23161,1,0,0,0,0,0,0,0,0,0,0,8,2,11,1
32915,23146,1,23156,3,0,0,0,0,0,0,0,0,0,0,8,4,11,2
32916,23157,1,23162,1,0,0,0,0,0,0,0,0,0,0,8,2,11,1
32917,23147,1,23157,4,0,0,0,0,0,0,0,0,0,0,8,4,11,2
32918,23153,1,23158,1,0,0,0,0,0,0,0,0,0,0,9,2,11,1
32919,23143,1,23153,2,0,0,0,0,0,0,0,0,0,0,9,4,11,2
32920,23154,1,23159,1,0,0,0,0,0,0,0,0,0,0,9,2,11,1
32921,23144,1,23154,2,0,0,0,0,0,0,0,0,0,0,9,4,11,2
32922,23155,1,23160,1,0,0,0,0,0,0,0,0,0,0,9,2,11,1
32923,23145,1,23155,3,0,0,0,0,0,0,0,0,0,0,9,4,11,2
32924,23156,1,23161,1,0,0,0,0,0,0,0,0,0,0,9,2,11,1
32925,23146,1,23156,3,0,0,0,0,0,0,0,0,0,0,9,4,11,2
32926,23157,1,23162,1,0,0,0,0,0,0,0,0,0,0,9,2,11,1
32927,23147,1,23157,4,0,0,0,0,0,0,0,0,0,0,9,4,11,2
32928,23153,1,23158,1,0,0,0,0,0,0,0,0,0,0,10,2,8,1
32929,23143,1,23153,2,0,0,0,0,0,0,0,0,0,0,10,4,8,2
32930,23154,1,23159,1,0,0,0,0,0,0,0,0,0,0,10,2,8,1
32931,23144,1,23154,2,0,0,0,0,0,0,0,0,0,0,10,4,8,2
32932,23155,1,23160,1,0,0,0,0,0,0,0,0,0,0,10,2,8,1
32933,23145,1,23155,3,0,0,0,0,0,0,0,0,0,0,10,4,8,2
32934,23156,1,23161,1,0,0,0,0,0,0,0,0,0,0,10,2,8,1
32935,23146,1,23156,3,0,0,0,0,0,0,0,0,0,0,10,4,8,2
32936,23157,1,23162,1,0,0,0,0,0,0,0,0,0,0,10,2,8,1
32937,23147,1,23157,4,0,0,0,0,0,0,0,0,0,0,10,4,8,2
32938,23153,1,23158,1,0,0,0,0,0,0,0,0,0,0,11,2,10,1
32939,23143,1,23153,2,0,0,0,0,0,0,0,0,0,0,11,4,10,2
32940,23154,1,23159,1,0,0,0,0,0,0,0,0,0,0,11,2,10,1
32941,23144,1,23154,2,0,0,0,0,0,0,0,0,0,0,11,4,10,2
32942,23155,1,23160,1,0,0,0,0,0,0,0,0,0,0,11,2,10,1
32943,23145,1,23155,3,0,0,0,0,0,0,0,0,0,0,11,4,10,2
32944,23156,1,23161,1,0,0,0,0,0,0,0,0,0,0,11,2,10,1
32945,23146,1,23156,3,0,0,0,0,0,0,0,0,0,0,11,4,10,2
32946,23157,1,23162,1,0,0,0,0,0,0,0,0,0,0,11,2,10,1
32947,23147,1,23157,4,0,0,0,0,0,0,0,0,0,0,11,4,10,2
32948,23153,1,23158,1,0,0,0,0,0,0,0,0,0,0,12,2,10,1
32949,23143,1,23153,2,0,0,0,0,0,0,0,0,0,0,12,4,10,2
32950,23154,1,23159,1,0,0,0,0,0,0,0,0,0,0,12,2,10,1
32951,23144,1,23154,2,0,0,0,0,0,0,0,0,0,0,12,4,10,2
32952,23155,1,23160,1,0,0,0,0,0,0,0,0,0,0,12,2,10,1
32953,23145,1,23155,3,0,0,0,0,0,0,0,0,0,0,12,4,10,2
32954,23156,1,23161,1,0,0,0,0,0,0,0,0,0,0,12,2,10,1
32955,23146,1,23156,3,0,0,0,0,0,0,0,0,0,0,12,4,10,2
32956,23157,1,23162,1,0,0,0,0,0,0,0,0,0,0,12,2,10,1
32957,23147,1,23157,4,0,0,0,0,0,0,0,0,0,0,12,4,10,2
32958,23153,1,23158,1,0,0,0,0,0,0,0,0,0,0,13,2,12,1
32959,23143,1,23153,2,0,0,0,0,0,0,0,0,0,0,13,4,12,2
32960,23154,1,23159,1,0,0,0,0,0,0,0,0,0,0,13,2,12,1
32961,23144,1,23154,2,0,0,0,0,0,0,0,0,0,0,13,4,12,2
32962,23155,1,23160,1,0,0,0,0,0,0,0,0,0,0,13,2,12,1
32963,23145,1,23155,3,0,0,0,0,0,0,0,0,0,0,13,4,12,2
32964,23156,1,23161,1,0,0,0,0,0,0,0,0,0,0,13,2,12,1
32965,23146,1,23156,3,0,0,0,0,0,0,0,0,0,0,13,4,12,2
32966,23157,1,23162,1,0,0,0,0,0,0,0,0,0,0,13,2,12,1
32967,23147,1,23157,4,0,0,0,0,0,0,0,0,0,0,13,4,12,2
32968,23153,1,23158,1,0,0,0,0,0,0,0,0,0,0,8,2,13,1
32969,23143,1,23153,2,0,0,0,0,0,0,0,0,0,0,8,4,13,2
32970,23154,1,23159,1,0,0,0,0,0,0,0,0,0,0,8,2,13,1
32971,23144,1,23154,2,0,0,0,0,0,0,0,0,0,0,8,4,13,2
32972,23155,1,23160,1,0,0,0,0,0,0,0,0,0,0,8,2,13,1
32973,23145,1,23155,3,0,0,0,0,0,0,0,0,0,0,8,4,13,2
32974,23156,1,23161,1,0,0,0,0,0,0,0,0,0,0,8,2,13,1
32975,23146,1,23156,3,0,0,0,0,0,0,0,0,0,0,8,4,13,2
32976,23157,1,23162,1,0,0,0,0,0,0,0,0,0,0,8,2,13,1
32977,23147,1,23157,4,0,0,0,0,0,0,0,0,0,0,8,4,13,2
32978,22530,1,7014,5,14161,3,7013,5,7016,4,0,0,0,0,13,7,12,7
32979,22531,1,12584,5,7009,4,7008,3,0,0,0,0,0,0,10,6,9,6
32980,22532,1,23228,1,22428,3,19928,5,16908,3,5501,3,0,0,16,2,14,2
32981,22536,1,12657,1,22429,4,19987,3,19988,2,8024,4,0,0,16,2,15,2
32982,22537,1,12657,1,22428,2,19946,3,16908,3,0,0,0,0,16,2,14,2
32983,22538,1,23227,1,22429,3,19943,4,0,0,0,0,0,0,16,2,15,2
32984,22539,1,23227,1,22429,3,19943,2,16908,2,0,0,0,0,16,2,15,2
32985,22540,1,23227,1,22429,3,19940,2,19995,1,19978,2,0,0,16,2,15,2
32986,22541,1,23228,1,22428,2,19928,2,7008,2,0,0,0,0,16,2,14,2
32987,22543,1,19990,2,8021,3,19977,2,19974,2,0,0,0,0,12,7,10,7
32988,22545,1,23209,1,20793,1,19987,1,19984,1,0,0,0,0,18,3,16,3
32989,22550,1,13749,3,5061,1,5338,1,0,0,0,0,0,0,17,2,16,1
32990,22551,1,13749,2,5288,1,5338,1,5510,2,0,0,0,0,17,2,16,1
32991,22552,1,23222,2,5998,5,5999,5,0,0,0,0,0,0,19,2,18,2
32992,22553,1,7606,4,5059,2,5094,1,7017,2,0,0,0,0,16,2,15,1
32993,22554,1,7606,3,5061,2,7024,1,7017,2,0,0,0,0,16,2,15,1
32994,22557,1,16908,1,5528,2,0,0,0,0,0,0,0,0,19,2,18,2
32995,22558,1,12584,3,12581,3,5095,2,7017,2,0,0,0,0,16,2,15,1
32996,22559,1,12584,1,12581,1,5095,1,7017,1,0,0,0,0,16,2,15,1
32997,22560,1,16707,2,12592,1,12596,1,12581,1,0,0,0,0,18,3,16,3
32998,22570,1,5375,1,7776,1,5365,1,5325,1,0,0,0,0,16,3,15,3
32999,22574,1,21921,1,22428,1,5998,1,5557,2,0,0,0,0,19,2,18,2
33000,22568,1,19983,3,19980,2,19984,3,5339,2,0,0,0,0,18,2,16,2
33001,22569,1,22429,4,19945,3,19938,2,7009,4,7024,2,0,0,16,2,15,2
33002,22579,1,23227,1,22429,3,19943,3,5366,2,5501,2,5998,2,16,2,15,2
33003,23097,1,22430,4,19928,1,19986,3,19975,2,0,0,0,0,17,2,16,2
33004,22580,1,19810,3,4704,3,19980,2,19978,1,5342,3,0,0,18,2,16,2
33005,22582,1,23228,1,22428,2,20742,1,7008,1,0,0,0,0,16,2,14,2
33006,0,0,0,0,0,0,0,0,0,0,0,0,0,0,0,0,0,0
33007,23037,1,23209,1,22493,3,22428,1,19995,1,0,0,0,0,18,2,16,2
33008,23030,1,23372,1,20793,1,19987,1,19984,1,0,0,0,0,6,10,4,9
33009,21915,1,23371,1,20793,1,19987,1,19984,1,0,0,0,0,6,10,4,9
33010,23331,1,14183,1,19903,1,23336,1,0,0,0,0,0,0,19,2,18,2
33011,23332,1,14183,1,19903,1,23336,1,0,0,0,0,0,0,19,2,18,2
33012,23316,1,14183,1,19903,1,23337,1,0,0,0,0,0,0,19,2,18,2
33013,23324,1,14183,1,12601,1,15831,1,0,0,0,0,0,0,13,6,12,5
33014,23185,3,19844,2,22446,1,20013,1,0,0,0,0,0,0,14,2,19,2
33015,23186,3,19849,1,19876,1,20187,1,19859,2,19867,1,19864,2,14,2,19,2
33016,23187,3,19840,1,19872,1,20013,1,0,0,0,0,0,0,14,2,19,2
33017,23188,3,21301,1,4838,4,19872,2,4756,1,12878,1,0,0,14,2,19,2
33018,23183,1,23178,1,23179,3,23182,1,0,0,0,0,0,0,19,2,18,2
33019,23184,1,23178,1,23180,3,23182,1,0,0,0,0,0,0,19,2,18,2
33020,22884,1,23183,3,22427,6,22429,2,5069,1,23181,5,0,0,14,2,17,2
33021,22885,1,23183,3,22427,6,22429,2,5069,1,23181,5,0,0,14,2,17,2
33022,22886,1,23183,3,22427,6,22430,2,5069,1,23181,5,0,0,14,2,17,2
33023,22887,1,23183,3,22427,4,22428,2,22429,2,5069,1,23181,5,14,2,17,2
33024,22888,1,23183,3,22427,6,22430,2,5069,1,23181,5,0,0,14,2,17,2
33025,22889,1,23183,3,22428,6,22430,2,16707,1,5069,1,23181,5,16,2,14,2
33026,22890,1,23183,3,22427,4,22428,4,5069,1,23181,5,0,0,15,2,17,2
33027,22891,1,23183,3,22427,6,22429,2,5069,1,23181,5,0,0,15,2,17,2
33028,22892,1,23183,3,22427,6,22429,2,5069,1,23181,5,0,0,14,2,17,2
33029,22893,1,23183,3,22427,4,22429,4,5069,1,23181,5,0,0,14,2,17,2
33030,22894,1,23183,3,22429,6,22427,2,5069,1,23181,5,0,0,16,2,15,2
33031,22895,1,23183,3,22427,4,22429,2,5069,1,23181,5,0,0,14,2,17,2
33032,22896,1,23183,3,22427,4,22430,2,5069,1,23181,5,0,0,14,2,17,2
33033,22897,1,23183,3,22427,6,19946,1,5069,1,23181,5,0,0,14,2,17,2
33034,22898,1,23183,3,22429,4,22428,2,5069,1,23181,5,0,0,16,2,15,2
33035,22899,1,23183,3,22427,6,19983,1,5069,1,23181,5,0,0,14,2,17,2
33036,22900,1,23183,3,22429,6,19946,1,5069,1,23181,5,0,0,16,2,15,2
33037,22901,1,23183,3,22427,4,22429,2,5069,1,23181,5,0,0,14,2,17,2
33038,22902,1,23183,3,22427,4,22429,2,5069,1,23181,5,0,0,14,2,17,2
33039,22903,1,23183,3,22427,4,22429,2,5069,1,23181,5,0,0,14,2,17,2
33040,22904,1,23183,3,22427,4,22429,2,5069,1,23181,5,0,0,14,2,17,2
33041,22905,1,23184,2,22493,6,19984,1,23181,4,0,0,0,0,18,2,16,2
33042,22906,1,23184,3,22493,6,22430,2,19981,1,23181,5,0,0,18,2,16,2
33043,22907,1,23184,2,22430,6,19984,1,23181,4,0,0,0,0,17,2,16,2
33044,22908,1,23184,3,22493,4,22428,2,19984,1,23181,5,0,0,18,2,16,2
33045,22909,1,23184,2,22430,6,19984,1,23181,4,0,0,0,0,17,2,16,2
33046,22910,1,23184,2,22429,4,22493,2,19909,1,23181,4,0,0,16,2,15,2
33047,22911,1,23184,3,22493,6,22430,2,19984,1,23181,5,0,0,18,2,16,2
33048,22912,1,23184,2,22430,4,22493,2,23181,4,0,0,0,0,17,2,16,2
33049,22913,1,23184,3,22493,6,19946,1,23181,5,0,0,0,0,18,2,16,2
33050,22914,1,23184,2,22430,6,19984,1,5510,1,23181,4,0,0,17,2,16,2
33051,0,0,0,0,0,0,0,0,0,0,0,0,0,0,18,2,16,2
33052,22916,1,23183,1,22428,4,12606,2,23181,3,0,0,0,0,16,2,14,2
33053,22917,1,23183,1,22429,4,7017,1,23181,3,0,0,0,0,16,2,15,2
33054,22918,1,23183,1,22429,4,7017,1,23181,3,0,0,0,0,16,2,15,2
33055,22919,1,23183,1,22429,2,7017,1,23181,3,0,0,0,0,16,2,15,2
33056,0,0,0,0,0,0,0,0,0,0,0,0,0,0,18,2,16,2
33057,22921,1,23183,1,22428,4,12606,2,23181,3,0,0,0,0,16,2,14,2
33058,22922,1,23183,1,22430,4,19984,1,23181,3,0,0,0,0,17,2,16,2
33059,22923,1,23183,1,22430,4,19965,1,23181,3,0,0,0,0,17,2,16,2
33060,22924,1,23183,1,22430,2,19946,1,23181,3,0,0,0,0,17,2,16,2
33061,22997,1,23377,1,22493,1,19988,1,0,0,0,0,0,0,18,2,16,2
33062,22998,1,23377,2,22493,2,19987,1,19946,1,0,0,0,0,18,2,16,2
33063,22999,1,23377,1,23378,1,22493,2,19946,1,0,0,0,0,18,2,16,2
33064,23000,1,23378,2,22430,1,19946,1,19988,1,0,0,0,0,17,2,16,2
33065,23373,1,23375,1,22493,1,19988,1,0,0,0,0,0,0,18,2,16,2
33066,23001,1,23375,1,23376,1,22493,2,12549,1,0,0,0,0,18,2,16,2
33067,23002,1,23375,2,22493,2,19988,1,0,0,0,0,0,0,18,2,16,2
33068,23374,1,23376,2,22430,1,19946,1,19988,1,0,0,0,0,17,2,16,2
33069,22555,1,7606,3,5376,4,5064,1,7024,1,0,0,0,0,16,2,15,1
33070,22556,1,7606,3,5371,4,5066,1,7024,1,0,0,0,0,16,2,15,1
33071,0,0,0,0,0,0,0,0,0,0,0,0,0,0,0,0,0,0
33072,0,0,0,0,0,0,0,0,0,0,0,0,0,0,0,0,0,0
33073,23768,1,24250,2,19943,1,24258,2,0,0,0,0,0,0,14,2,17,2
33074,23769,1,24250,3,24251,1,19943,1,24256,3,0,0,0,0,14,2,17,2
33075,23770,1,24250,3,24251,1,19943,1,24258,3,0,0,0,0,14,2,17,2
33076,23771,1,24250,2,24252,2,19943,1,24256,3,0,0,0,0,14,2,17,2
33077,23772,1,24252,3,24251,1,19927,1,24257,3,0,0,0,0,16,2,15,2
33078,23773,1,24250,2,24253,1,24254,1,24257,3,0,0,0,0,14,2,17,2
33079,23774,1,24250,3,24251,1,19943,1,24258,3,0,0,0,0,14,2,17,2
33080,23775,1,24250,3,24251,1,19943,1,12611,1,24257,3,0,0,14,2,17,2
33081,23776,1,24252,3,24251,1,19927,1,24260,3,0,0,0,0,16,2,15,2
33082,23777,1,24251,2,24252,2,19942,1,24259,3,0,0,0,0,16,2,14,2
33083,23778,1,19903,1,24251,2,24253,1,24250,1,24259,3,0,0,19,2,18,2
33084,23779,1,19903,1,24251,2,24253,1,24250,1,24260,3,0,0,19,2,18,2
33085,23780,1,24251,3,24253,1,19903,1,24260,3,0,0,0,0,16,2,14,2
33086,23781,1,24250,3,24251,1,19943,1,20008,1,24256,3,0,0,14,2,17,2
33087,23782,1,24251,3,24250,1,19967,1,24259,3,0,0,0,0,16,2,14,2
33088,23783,1,24250,1,19946,1,24258,1,0,0,0,0,0,0,15,2,17,2
33089,23784,1,24250,2,24254,1,19946,1,24258,1,0,0,0,0,15,2,17,2
33090,23785,1,24254,3,24250,1,19943,1,24258,2,0,0,0,0,18,2,16,2
33091,23786,1,24250,2,24253,1,19977,1,24258,1,0,0,0,0,15,2,17,2
33092,23787,1,24254,3,24253,1,19978,1,24258,2,0,0,0,0,18,2,16,2
33093,23788,1,24250,3,19997,1,19977,1,24258,1,0,0,0,0,15,2,17,2
33094,0,0,0,0,0,0,0,0,0,0,0,0,0,0,17,2,16,2
33095,23790,1,24250,2,24254,1,19946,1,24256,1,0,0,0,0,15,2,17,2
33096,23791,1,24254,3,24250,1,19943,1,24256,2,0,0,0,0,18,2,16,2
33097,23792,1,24250,2,24253,1,19977,1,24256,1,0,0,0,0,15,2,17,2
33098,23793,1,24254,3,24253,1,19978,1,24256,2,0,0,0,0,18,2,16,2
33099,23794,1,24250,3,19997,1,19977,1,24256,1,0,0,0,0,15,2,17,2
33100,0,0,0,0,0,0,0,0,0,0,0,0,0,0,17,2,16,2
33101,23796,1,24251,2,24253,1,19975,1,24256,1,0,0,0,0,16,2,14,2
33102,23797,1,24254,2,24253,1,24250,1,19943,1,24256,2,0,0,18,2,16,2
33103,23798,1,24253,2,24251,1,19975,1,24256,1,0,0,0,0,17,2,16,2
33104,23799,1,24254,4,19975,1,24256,2,0,0,0,0,0,0,18,2,16,2
33105,23800,1,24253,2,24251,1,19975,1,24256,1,0,0,0,0,17,2,16,2
33106,0,0,0,0,0,0,0,0,0,0,0,0,0,0,17,2,16,2
33107,23802,1,24251,2,24253,1,19975,1,24257,1,0,0,0,0,16,2,14,2
33108,23803,1,24254,2,24253,1,24250,1,19943,1,24257,2,0,0,18,2,16,2
33109,23804,1,24253,2,24251,1,19975,1,24257,1,0,0,0,0,17,2,16,2
33110,23805,1,24254,4,19975,1,24257,2,0,0,0,0,0,0,18,2,16,2
33111,23806,1,24253,2,24251,1,19975,1,24257,1,0,0,0,0,17,2,16,2
33112,0,0,0,0,0,0,0,0,0,0,0,0,0,0,17,2,16,2
33113,23808,1,24251,2,24253,1,19975,1,24257,1,0,0,0,0,16,2,14,2
33114,23809,1,24254,2,24253,1,24250,1,19943,1,24257,2,0,0,18,2,16,2
33115,23810,1,24253,2,24251,1,19975,1,24257,1,0,0,0,0,17,2,16,2
33116,23811,1,24254,4,19975,1,24257,2,0,0,0,0,0,0,18,2,16,2
33117,23812,1,24253,2,24251,1,19975,1,24257,1,0,0,0,0,17,2,16,2
33118,0,0,0,0,0,0,0,0,0,0,0,0,0,0,17,2,16,2
33119,23814,1,24251,3,19946,1,24260,1,0,0,0,0,0,0,16,2,14,2
33120,23815,1,24254,3,24251,1,19988,1,24260,2,0,0,0,0,18,2,16,2
33121,23816,1,24253,2,24251,1,19988,1,24260,1,0,0,0,0,17,2,16,2
33122,23817,1,24254,3,24251,1,19988,1,24260,2,0,0,0,0,18,2,16,2
33123,23818,1,24253,2,24252,1,19977,1,24260,1,0,0,0,0,17,2,16,2
33124,0,0,0,0,0,0,0,0,0,0,0,0,0,0,17,2,16,2
33125,23820,1,24251,3,19946,1,24259,1,0,0,0,0,0,0,16,2,14,2
33126,23821,1,24254,3,24251,1,19988,1,24259,2,0,0,0,0,18,2,16,2
33127,23822,1,24253,2,24251,1,19988,1,24259,1,0,0,0,0,17,2,16,2
33128,23823,1,24254,3,24251,1,19988,1,24259,2,0,0,0,0,18,2,16,2
33129,23824,1,24253,2,24252,1,19977,1,24259,1,0,0,0,0,17,2,16,2
33130,0,0,0,0,0,0,0,0,0,0,0,0,0,0,17,2,16,2
33131,23826,1,24251,1,24250,1,19938,1,24258,1,0,0,0,0,16,2,14,2
33132,23827,1,24251,1,24250,1,19938,1,24256,1,0,0,0,0,16,2,14,2
33133,23828,1,24251,1,24250,1,19938,1,24257,1,0,0,0,0,16,2,14,2
33134,23829,1,24251,1,24250,1,19938,1,24260,1,0,0,0,0,16,2,14,2
33135,23830,1,24251,1,24250,1,19938,1,24259,1,0,0,0,0,16,2,14,2
33136,23831,1,24252,1,24253,1,19942,1,19966,1,24258,1,0,0,16,2,15,2
33137,23832,1,24252,1,24253,1,19942,1,19966,1,24256,1,0,0,16,2,15,2
33138,23833,1,24252,1,24253,1,19942,1,19966,1,24257,1,0,0,16,2,15,2
33139,23834,1,24252,1,24253,1,19942,1,19966,1,24260,1,0,0,16,2,15,2
33140,23835,1,24252,1,24253,1,19942,1,19966,1,24259,1,0,0,16,2,15,2
33141,23836,1,24252,1,24253,1,19942,1,19966,1,24258,1,0,0,16,2,15,2
33142,23837,1,24252,1,24253,1,19942,1,19966,1,24256,1,0,0,16,2,15,2
33143,23838,1,24252,1,24253,1,19942,1,19966,1,24257,1,0,0,16,2,15,2
33144,23839,1,24252,1,24253,1,19942,1,19966,1,24260,1,0,0,16,2,15,2
33145,23840,1,24252,1,24253,1,19942,1,19966,1,24259,1,0,0,16,2,15,2
33146,23841,1,24251,2,19943,1,24258,1,0,0,0,0,0,0,16,2,14,2
33147,23842,1,24251,2,19943,1,24256,1,0,0,0,0,0,0,16,2,14,2
33148,23843,1,24251,2,19943,1,24257,1,0,0,0,0,0,0,16,2,14,2
33149,23844,1,24251,2,19943,1,24260,1,0,0,0,0,0,0,16,2,14,2
33150,23845,1,24251,2,19943,1,24259,1,0,0,0,0,0,0,16,2,14,2
33151,24250,2,24240,4,24246,2,19945,1,0,0,0,0,0,0,14,2,17,2
33152,24250,2,24240,4,24246,2,19945,1,0,0,0,0,0,0,15,2,17,2
33153,24251,2,24241,4,24245,2,19946,1,0,0,0,0,0,0,16,2,14,2
33154,24252,2,24242,4,24249,2,0,0,0,0,0,0,0,0,16,2,15,2
33155,24253,2,24244,4,24248,2,0,0,0,0,0,0,0,0,17,2,16,2
33156,24254,2,24243,4,24247,2,0,0,0,0,0,0,0,0,18,2,16,2
33157,24256,3,21082,1,24255,1,19911,2,23182,1,0,0,0,0,19,2,18,2
33158,24257,3,21082,1,24255,1,19912,2,23182,1,0,0,0,0,19,2,18,2
33159,24258,3,21082,1,24255,1,19913,2,23182,1,0,0,0,0,19,2,18,2
33160,24259,3,21082,1,24255,1,19914,2,23182,1,0,0,0,0,19,2,18,2
33161,24260,3,21082,1,24255,1,19915,2,23182,1,0,0,0,0,19,2,18,2
33162,24261,3,24255,1,19907,1,19911,2,23182,1,0,0,0,0,19,2,18,2
33163,24262,3,24255,1,19907,1,19912,2,23182,1,0,0,0,0,19,2,18,2
33164,24263,3,24255,1,19907,1,19913,2,23182,1,0,0,0,0,19,2,18,2
33165,24264,3,24255,1,19907,1,19914,2,23182,1,0,0,0,0,19,2,18,2
33166,24265,3,24255,1,19907,1,19915,2,23182,1,0,0,0,0,19,2,18,2
33167,24274,3,24281,1,19872,1,20014,1,0,0,0,0,0,0,14,2,19,2
33168,24275,3,19857,1,21301,1,4782,3,19855,2,4857,1,0,0,14,2,19,2
33169,24276,3,21089,1,19841,2,19873,1,19858,1,4839,1,0,0,14,2,19,2
33170,24277,3,19854,3,19858,2,6148,2,12878,1,4784,1,21301,1,14,2,19,2
33171,24278,3,19841,2,19877,1,19846,1,12894,1,24282,1,4815,3,14,2,19,2
33172,24279,3,12850,1,20117,1,4783,1,4813,1,24282,1,0,0,14,2,19,2
33173,24280,3,19876,1,12903,2,6148,2,19877,1,4838,1,4841,1,14,2,19,2
33174,24296,1,14183,1,19903,1,24319,1,0,0,0,0,0,0,19,2,18,2
33175,23863,1,24003,1,22429,2,19929,1,19948,1,7017,1,0,0,16,3,15,3
33176,23989,1,24003,1,20793,1,19987,1,19984,1,0,0,0,0,6,50,4,50
33177,24143,1,24003,1,22428,2,22427,2,19996,1,0,0,0,0,15,2,17,2
33178,36126,1,14146,3,14155,1,14149,1,15653,1,16733,5,0,0,14,3,17,2
33179,24321,1,14146,3,14149,2,15653,1,16733,5,0,0,0,0,14,3,17,2
33180,24322,1,14146,3,14155,1,14149,1,15653,1,16733,5,0,0,14,3,17,2
33181,24323,1,14146,2,14157,2,14149,1,15653,1,16733,5,0,0,16,3,15,2
33182,24324,1,14146,1,14157,3,14149,1,15653,1,16733,5,0,0,16,3,15,2
33183,24325,1,14146,2,14152,1,14149,2,15653,1,16733,5,0,0,14,3,17,2
33184,24326,1,14146,3,14155,1,14149,1,15653,1,16733,5,0,0,14,3,17,2
33185,24327,1,14146,2,14157,1,14149,2,12611,1,15653,1,16733,5,16,3,14,2
33186,24328,1,14146,1,14157,2,14149,2,15653,1,16733,5,0,0,16,3,14,2
33187,24329,1,14146,1,14157,3,14149,1,15653,1,16733,5,0,0,16,3,14,2
33188,24330,1,14157,1,14155,2,14149,2,15653,1,16733,5,0,0,19,3,18,2
33189,24331,1,14157,1,14155,2,14149,2,15653,1,16733,5,0,0,19,3,18,2
33190,24332,1,14146,2,14149,3,12603,1,15653,1,16733,5,0,0,16,3,14,2
33191,24333,1,14146,2,14152,1,14149,2,12561,1,15653,1,16733,5,14,3,17,2
33192,24334,1,14146,2,14155,1,14149,2,15653,1,16733,5,0,0,16,3,14,2
33193,36126,1,14146,3,14155,1,14149,1,15653,1,16733,5,0,0,15,3,17,2
33194,24004,1,24336,2,22430,2,19983,2,14188,1,0,0,0,0,18,2,16,2
33195,24005,1,24336,1,22493,1,19984,1,0,0,0,0,0,0,18,2,16,2
33196,24006,1,24336,1,22430,1,14188,1,0,0,0,0,0,0,18,2,16,2
33197,23883,1,14158,5,5095,2,12850,3,12849,3,4698,5,4697,5,16,3,15,2
33198,23900,1,5330,3,5329,2,5336,5,0,0,0,0,0,0,12,5,10,5
33199,23902,1,12584,5,7009,4,7008,3,0,0,0,0,0,0,10,6,9,6
33200,15144,1,19948,2,19949,1,5095,1,7010,3,0,0,0,0,10,7,8,7
33201,24491,1,19929,4,5075,5,12520,3,5094,2,0,0,0,0,10,7,9,7
33202,24492,1,19949,5,5073,3,5512,1,5230,2,5267,10,0,0,9,7,11,7
33203,24493,1,19949,6,7607,4,12610,1,7008,3,5267,12,0,0,9,7,11,7
33204,24495,1,24803,1,22428,2,12545,1,0,0,0,0,0,0,10,7,8,7
33205,24591,1,24804,1,22430,2,14188,1,0,0,0,0,0,0,12,7,10,7
33206,24592,1,24804,2,22430,1,19977,1,14188,2,0,0,0,0,12,7,10,7
33207,24593,1,24804,1,22430,2,14188,1,0,0,0,0,0,0,11,7,10,7
33208,24634,1,24803,1,20793,1,19987,1,19984,1,0,0,0,0,12,7,10,7
33209,24799,1,24803,1,24250,2,24251,2,19997,1,0,0,0,0,9,50,11,50
33210,24868,1,22428,2,12610,3,12544,3,5069,2,0,0,0,0,10,7,8,7
33211,25009,1,25008,3,5530,9,5116,3,0,0,0,0,0,0,8,7,11,7
33212,25009,1,25008,3,5530,9,5116,3,0,0,0,0,0,0,9,7,11,7
33213,36127,1,14146,3,14149,2,16897,1,16733,5,0,0,0,0,14,3,17,2
33214,25023,1,14146,3,14149,2,16897,1,16733,5,0,0,0,0,14,3,17,2
33215,25024,1,14146,3,14149,2,16897,1,16733,5,0,0,0,0,14,3,17,2
33216,25025,1,14157,1,14146,2,14149,2,16897,1,16733,5,0,0,16,3,15,2
33217,25026,1,14157,3,14146,1,14149,1,16897,1,16733,5,0,0,16,3,15,2
33218,25027,1,14146,3,14149,2,16897,1,16733,5,0,0,0,0,14,3,17,2
33219,25028,1,14146,3,14149,2,16897,1,16733,5,0,0,0,0,14,3,17,2
33220,25029,1,14146,3,14149,2,12611,1,16897,1,16733,5,0,0,14,3,17,2
33221,25030,1,14146,1,14157,2,14149,2,16897,1,16733,5,0,0,16,3,14,2
33222,25031,1,14146,1,14157,2,14149,2,16897,1,16733,5,0,0,16,3,14,2
33223,25032,1,14157,2,14146,1,14149,2,16897,1,16733,5,0,0,19,3,18,2
33224,25033,1,14157,2,14146,1,14149,2,16897,1,16733,5,0,0,19,3,18,2
33225,25034,1,14146,2,14149,3,12603,1,16897,1,16733,5,0,0,16,3,14,2
33226,25035,1,14146,3,14149,2,12561,1,16897,1,16733,5,0,0,14,3,17,2
33227,25036,1,14146,2,14149,3,16897,1,16733,5,0,0,0,0,16,3,14,2
33228,36127,1,14146,3,14149,2,16897,1,16733,5,0,0,0,0,15,3,17,2
33229,36128,1,14146,3,14149,2,17572,1,16733,5,0,0,0,0,14,3,17,2
33230,25039,1,14146,3,14149,2,17572,1,16733,5,0,0,0,0,14,3,17,2
33231,25040,1,14146,3,14149,2,17572,1,16733,5,0,0,0,0,14,3,17,2
33232,25041,1,14146,2,14149,2,14157,1,17572,1,16733,5,0,0,16,3,15,2
33233,25042,1,14146,1,14157,3,14149,1,17572,1,16733,5,0,0,16,3,15,2
33234,25043,1,14146,3,14149,2,17572,1,16733,5,0,0,0,0,14,3,17,2
33235,25044,1,14146,3,14149,2,17572,1,16733,5,0,0,0,0,14,3,17,2
33236,25045,1,14146,3,14149,2,12611,1,17572,1,16733,5,0,0,14,3,17,2
33237,25046,1,14146,1,14157,2,14149,2,17572,1,16733,5,0,0,16,3,14,2
33238,25047,1,14146,1,14157,3,14149,1,17572,1,16733,5,0,0,16,3,14,2
33239,25048,1,14157,2,14146,1,14149,2,17572,1,16733,5,0,0,19,3,18,2
33240,25049,1,14157,2,14146,1,14149,2,17572,1,16733,5,0,0,19,3,18,2
33241,25050,1,14146,2,14149,3,12603,1,17572,1,16733,5,0,0,16,3,14,2
33242,25051,1,14146,3,14149,2,12561,1,17572,1,16733,5,0,0,14,3,17,2
33243,25052,1,14146,2,14149,3,17572,1,16733,5,0,0,0,0,16,3,14,2
33244,36128,1,14146,3,14149,2,17572,1,16733,5,0,0,0,0,15,3,17,2
33245,25058,1,14183,1,19903,1,25086,1,0,0,0,0,0,0,19,2,18,2
33246,24572,1,24577,1,0,0,0,0,0,0,0,0,0,0,10,2,9,1
33247,24562,1,24572,2,0,0,0,0,0,0,0,0,0,0,10,4,9,2
33248,24573,1,24578,1,0,0,0,0,0,0,0,0,0,0,10,2,9,1
33249,24563,1,24573,2,0,0,0,0,0,0,0,0,0,0,10,4,9,2
33250,24574,1,24579,1,0,0,0,0,0,0,0,0,0,0,10,2,9,1
33251,24564,1,24574,3,0,0,0,0,0,0,0,0,0,0,10,4,9,2
33252,24575,1,24580,1,0,0,0,0,0,0,0,0,0,0,10,2,9,1
33253,24565,1,24575,3,0,0,0,0,0,0,0,0,0,0,10,4,9,2
33254,24576,1,24581,1,0,0,0,0,0,0,0,0,0,0,10,2,9,1
33255,24566,1,24576,4,0,0,0,0,0,0,0,0,0,0,10,4,9,2
33256,24572,1,24577,1,0,0,0,0,0,0,0,0,0,0,8,2,11,1
33257,24562,1,24572,2,0,0,0,0,0,0,0,0,0,0,8,4,11,2
33258,24573,1,24578,1,0,0,0,0,0,0,0,0,0,0,8,2,11,1
33259,24563,1,24573,2,0,0,0,0,0,0,0,0,0,0,8,4,11,2
33260,24574,1,24579,1,0,0,0,0,0,0,0,0,0,0,8,2,11,1
33261,24564,1,24574,3,0,0,0,0,0,0,0,0,0,0,8,4,11,2
33262,24575,1,24580,1,0,0,0,0,0,0,0,0,0,0,8,2,11,1
33263,24565,1,24575,3,0,0,0,0,0,0,0,0,0,0,8,4,11,2
33264,24576,1,24581,1,0,0,0,0,0,0,0,0,0,0,8,2,11,1
33265,24566,1,24576,4,0,0,0,0,0,0,0,0,0,0,8,4,11,2
33266,24572,1,24577,1,0,0,0,0,0,0,0,0,0,0,9,2,11,1
33267,24562,1,24572,2,0,0,0,0,0,0,0,0,0,0,9,4,11,2
33268,24573,1,24578,1,0,0,0,0,0,0,0,0,0,0,9,2,11,1
33269,24563,1,24573,2,0,0,0,0,0,0,0,0,0,0,9,4,11,2
33270,24574,1,24579,1,0,0,0,0,0,0,0,0,0,0,9,2,11,1
33271,24564,1,24574,3,0,0,0,0,0,0,0,0,0,0,9,4,11,2
33272,24575,1,24580,1,0,0,0,0,0,0,0,0,0,0,9,2,11,1
33273,24565,1,24575,3,0,0,0,0,0,0,0,0,0,0,9,4,11,2
33274,24576,1,24581,1,0,0,0,0,0,0,0,0,0,0,9,2,11,1
33275,24566,1,24576,4,0,0,0,0,0,0,0,0,0,0,9,4,11,2
33276,24572,1,24577,1,0,0,0,0,0,0,0,0,0,0,10,2,8,1
33277,24562,1,24572,2,0,0,0,0,0,0,0,0,0,0,10,4,8,2
33278,24573,1,24578,1,0,0,0,0,0,0,0,0,0,0,10,2,8,1
33279,24563,1,24573,2,0,0,0,0,0,0,0,0,0,0,10,4,8,2
33280,24574,1,24579,1,0,0,0,0,0,0,0,0,0,0,10,2,8,1
33281,24564,1,24574,3,0,0,0,0,0,0,0,0,0,0,10,4,8,2
33282,24575,1,24580,1,0,0,0,0,0,0,0,0,0,0,10,2,8,1
33283,24565,1,24575,3,0,0,0,0,0,0,0,0,0,0,10,4,8,2
33284,24576,1,24581,1,0,0,0,0,0,0,0,0,0,0,10,2,8,1
33285,24566,1,24576,4,0,0,0,0,0,0,0,0,0,0,10,4,8,2
33286,24572,1,24577,1,0,0,0,0,0,0,0,0,0,0,11,2,10,1
33287,24562,1,24572,2,0,0,0,0,0,0,0,0,0,0,11,4,10,2
33288,24573,1,24578,1,0,0,0,0,0,0,0,0,0,0,11,2,10,1
33289,24563,1,24573,2,0,0,0,0,0,0,0,0,0,0,11,4,10,2
33290,24574,1,24579,1,0,0,0,0,0,0,0,0,0,0,11,2,10,1
33291,24564,1,24574,3,0,0,0,0,0,0,0,0,0,0,11,4,10,2
33292,24575,1,24580,1,0,0,0,0,0,0,0,0,0,0,11,2,10,1
33293,24565,1,24575,3,0,0,0,0,0,0,0,0,0,0,11,4,10,2
33294,24576,1,24581,1,0,0,0,0,0,0,0,0,0,0,11,2,10,1
33295,24566,1,24576,4,0,0,0,0,0,0,0,0,0,0,11,4,10,2
33296,24572,1,24577,1,0,0,0,0,0,0,0,0,0,0,12,2,10,1
33297,24562,1,24572,2,0,0,0,0,0,0,0,0,0,0,12,4,10,2
33298,24573,1,24578,1,0,0,0,0,0,0,0,0,0,0,12,2,10,1
33299,24563,1,24573,2,0,0,0,0,0,0,0,0,0,0,12,4,10,2
33300,24574,1,24579,1,0,0,0,0,0,0,0,0,0,0,12,2,10,1
33301,24564,1,24574,3,0,0,0,0,0,0,0,0,0,0,12,4,10,2
33302,24575,1,24580,1,0,0,0,0,0,0,0,0,0,0,12,2,10,1
33303,24565,1,24575,3,0,0,0,0,0,0,0,0,0,0,12,4,10,2
33304,24576,1,24581,1,0,0,0,0,0,0,0,0,0,0,12,2,10,1
33305,24566,1,24576,4,0,0,0,0,0,0,0,0,0,0,12,4,10,2
33306,24572,1,24577,1,0,0,0,0,0,0,0,0,0,0,13,2,12,1
33307,24562,1,24572,2,0,0,0,0,0,0,0,0,0,0,13,4,12,2
33308,24573,1,24578,1,0,0,0,0,0,0,0,0,0,0,13,2,12,1
33309,24563,1,24573,2,0,0,0,0,0,0,0,0,0,0,13,4,12,2
33310,24574,1,24579,1,0,0,0,0,0,0,0,0,0,0,13,2,12,1
33311,24564,1,24574,3,0,0,0,0,0,0,0,0,0,0,13,4,12,2
33312,24575,1,24580,1,0,0,0,0,0,0,0,0,0,0,13,2,12,1
33313,24565,1,24575,3,0,0,0,0,0,0,0,0,0,0,13,4,12,2
33314,24576,1,24581,1,0,0,0,0,0,0,0,0,0,0,13,2,12,1
33315,24566,1,24576,4,0,0,0,0,0,0,0,0,0,0,13,4,12,2
33316,24572,1,24577,1,0,0,0,0,0,0,0,0,0,0,8,2,13,1
33317,24562,1,24572,2,0,0,0,0,0,0,0,0,0,0,8,4,13,2
33318,24573,1,24578,1,0,0,0,0,0,0,0,0,0,0,8,2,13,1
33319,24563,1,24573,2,0,0,0,0,0,0,0,0,0,0,8,4,13,2
33320,24574,1,24579,1,0,0,0,0,0,0,0,0,0,0,8,2,13,1
33321,24564,1,24574,3,0,0,0,0,0,0,0,0,0,0,8,4,13,2
33322,24575,1,24580,1,0,0,0,0,0,0,0,0,0,0,8,2,13,1
33323,24565,1,24575,3,0,0,0,0,0,0,0,0,0,0,8,4,13,2
33324,24576,1,24581,1,0,0,0,0,0,0,0,0,0,0,8,2,13,1
33325,24566,1,24576,4,0,0,0,0,0,0,0,0,0,0,8,4,13,2
33326,27694,1,27688,4,27695,2,0,0,0,0,0,0,0,0,16,2,15,2
33327,27716,1,27704,4,27718,2,0,0,0,0,0,0,0,0,14,2,17,2
33328,27716,1,27704,4,27718,2,0,0,0,0,0,0,0,0,15,2,17,2
33329,27717,1,27705,4,27719,2,0,0,0,0,0,0,0,0,16,2,14,2
33330,27743,1,27737,4,27744,2,0,0,0,0,0,0,0,0,17,2,16,2
33331,27760,1,27761,4,27762,2,0,0,0,0,0,0,0,0,18,2,16,2
33332,27791,3,27796,2,27779,1,27813,3,0,0,0,0,0,0,19,2,18,2
33333,27792,3,27796,2,27785,1,27815,3,0,0,0,0,0,0,19,2,18,2
33334,27793,3,27796,2,27783,1,27813,3,0,0,0,0,0,0,19,2,18,2
33335,27794,3,27796,2,27780,1,27814,3,0,0,0,0,0,0,19,2,18,2
33336,27795,3,27796,2,27784,1,27814,3,0,0,0,0,0,0,19,2,18,2
33337,27995,3,27796,1,27779,1,27812,3,0,0,0,0,0,0,19,2,18,2
33338,27996,3,27796,1,27785,1,27812,3,0,0,0,0,0,0,19,2,18,2
33339,27997,3,27796,1,27783,1,27812,3,0,0,0,0,0,0,19,2,18,2
33340,27998,3,27796,1,27780,1,27812,3,0,0,0,0,0,0,19,2,18,2
33341,27999,3,27796,1,27784,1,27812,3,0,0,0,0,0,0,19,2,18,2
33342,27883,3,27844,2,27838,1,27828,2,27827,2,12908,1,4852,1,14,2,19,2
33343,27884,3,27844,2,27841,1,27835,2,27827,2,12895,1,0,0,14,2,19,2
33344,27885,3,27845,2,27838,1,27822,2,27851,1,27827,2,4792,2,14,2,19,2
33345,27886,3,27845,2,27838,1,27828,2,27851,1,27825,2,19867,2,14,2,19,2
33346,27887,3,27847,2,27839,1,27836,2,27782,2,12882,1,0,0,14,2,19,2
33347,27888,3,27847,2,27839,1,27835,2,12894,2,12888,1,4863,2,14,2,19,2
33348,27889,3,27846,2,27841,1,19907,2,27782,2,12888,1,0,0,14,2,19,2
33349,27890,3,27846,2,27841,1,27835,2,12894,2,12895,1,7604,2,14,2,19,2
33350,27891,3,27848,2,27838,1,27836,2,27827,2,19867,1,19858,2,14,2,19,2
33351,27892,3,27848,2,27841,1,27822,2,27782,2,27827,2,19858,2,14,2,19,2
33352,26782,1,27977,3,5326,4,20791,4,0,0,0,0,0,0,16,30,15,30
33353,27938,1,27976,3,27751,1,27752,2,27707,1,0,0,0,0,11,7,10,7
33354,27939,1,27976,2,27751,1,27752,1,27707,1,0,0,0,0,11,7,10,7
33355,27940,1,27974,2,27740,1,27752,1,27707,1,0,0,0,0,11,7,10,7
33356,27299,1,27952,1,27714,2,27708,2,0,0,0,0,0,0,14,3,17,3
33357,27300,1,27951,1,27715,2,27693,2,0,0,0,0,0,0,16,3,14,3
33358,27901,1,14183,1,27781,1,27921,1,0,0,0,0,0,0,19,2,18,2
33359,27902,1,14183,1,27781,1,27922,1,0,0,0,0,0,0,19,2,18,2
33360,26428,1,27716,2,27725,1,27707,1,27793,2,0,0,0,0,14,2,17,2
33361,26429,1,27716,2,27717,2,27725,1,27707,1,27791,3,0,0,14,2,17,2
33362,26430,1,27716,3,27717,1,27725,1,27707,1,27793,3,0,0,14,2,17,2
33363,26431,1,27694,2,27716,2,27725,1,27707,1,27791,3,0,0,16,2,15,2
33364,26432,1,27694,3,27716,1,27725,1,27707,1,27792,3,0,0,16,2,15,2
33365,26433,1,27716,2,27717,2,27725,1,27707,1,27792,3,0,0,14,2,17,2
33366,26434,1,27716,3,27717,1,27725,1,27707,1,27793,3,0,0,14,2,17,2
33367,26435,1,27716,2,27717,2,27955,1,27792,3,0,0,0,0,14,2,17,2
33368,26436,1,27694,2,27717,2,27725,1,27707,1,27795,3,0,0,16,2,15,2
33369,26437,1,27694,2,27716,1,27717,1,27725,1,27794,3,0,0,16,2,15,2
33370,26438,1,27781,1,27694,2,27743,2,27794,3,0,0,0,0,19,2,18,2
33371,26439,1,27781,1,27694,1,27716,1,27743,2,27795,3,0,0,19,2,18,2
33372,26440,1,27717,2,27716,2,27725,1,27707,1,27795,3,0,0,16,2,14,2
33373,26441,1,27716,3,27717,1,27804,1,27791,3,0,0,0,0,14,2,17,2
33374,26442,1,27717,3,27716,1,27725,1,27707,1,27794,3,0,0,16,2,14,2
33375,26443,1,27716,3,27717,1,27707,1,27793,3,0,0,0,0,14,2,17,2
33376,26444,1,27716,3,27717,1,27804,1,27792,3,0,0,0,0,14,2,17,2
33377,26445,1,27716,2,27707,1,27793,1,0,0,0,0,0,0,15,2,17,2
33378,26446,1,27717,2,27716,1,27725,1,27706,1,27793,2,0,0,16,2,14,2
33379,26447,1,27716,2,27717,1,27760,1,27706,1,27793,2,0,0,15,2,17,2
33380,26448,1,27716,2,27717,1,27757,1,27793,2,0,0,0,0,15,2,17,2
33381,26449,1,27743,2,27716,1,27760,1,27793,2,0,0,0,0,17,2,16,2
33382,26450,1,27716,2,27760,1,27793,2,0,0,0,0,0,0,15,2,17,2
33383,0,0,0,0,0,0,0,0,0,0,0,0,0,0,15,2,17,2
33384,26452,1,27716,2,27743,1,27706,1,27791,2,0,0,0,0,15,2,17,2
33385,26453,1,27716,3,27717,1,27757,1,27791,2,0,0,0,0,15,2,17,2
33386,26454,1,27716,2,27717,1,27757,1,27791,2,0,0,0,0,15,2,17,2
33387,26455,1,27743,2,27760,2,27791,2,0,0,0,0,0,0,17,2,16,2
33388,26456,1,27716,2,27760,1,27791,2,0,0,0,0,0,0,15,2,17,2
33389,0,0,0,0,0,0,0,0,0,0,0,0,0,0,15,2,17,2
33390,26458,1,27717,2,27743,1,27757,1,27791,2,0,0,0,0,16,2,14,2
33391,26459,1,27743,2,27760,2,27757,1,27791,2,0,0,0,0,17,2,16,2
33392,26460,1,27743,2,27716,1,27757,1,27791,2,0,0,0,0,17,2,16,2
33393,26461,1,27760,2,27743,2,27757,1,27791,2,0,0,0,0,18,2,16,2
33394,26462,1,27743,2,27694,1,27757,1,27791,2,0,0,0,0,17,2,16,2
33395,0,0,0,0,0,0,0,0,0,0,0,0,0,0,15,2,17,2
33396,26464,1,27760,2,27717,1,27757,1,27792,2,0,0,0,0,18,2,16,2
33397,26465,1,27760,2,27743,1,27717,1,27707,1,27792,2,0,0,18,2,16,2
33398,26466,1,27760,2,27717,1,27706,1,27792,2,0,0,0,0,18,2,16,2
33399,26467,1,27743,2,27760,2,27757,1,27792,2,0,0,0,0,18,2,16,2
33400,26468,1,27743,2,27694,1,27706,1,27792,2,0,0,0,0,17,2,16,2
33401,0,0,0,0,0,0,0,0,0,0,0,0,0,0,15,2,17,2
33402,26470,1,27760,2,27743,1,27757,1,27792,2,0,0,0,0,18,2,16,2
33403,26471,1,27760,2,27743,1,27717,1,27707,1,27792,2,0,0,18,2,16,2
33404,26472,1,27743,2,27716,1,27757,1,27792,2,0,0,0,0,17,2,16,2
33405,26473,1,27743,2,27760,2,27757,1,27792,2,0,0,0,0,17,2,16,2
33406,26474,1,27743,2,27694,1,27706,1,27792,2,0,0,0,0,17,2,16,2
33407,0,0,0,0,0,0,0,0,0,0,0,0,0,0,15,2,17,2
33408,26476,1,27760,2,27743,1,27757,1,27795,2,0,0,0,0,18,2,16,2
33409,26477,1,27760,3,27743,1,27741,1,27795,2,0,0,0,0,18,2,16,2
33410,26478,1,27760,2,27717,1,27723,1,27795,2,0,0,0,0,18,2,16,2
33411,26479,1,27760,2,27743,2,27741,1,27795,2,0,0,0,0,18,2,16,2
33412,26480,1,27743,2,27694,1,27707,1,27795,2,0,0,0,0,17,2,16,2
33413,0,0,0,0,0,0,0,0,0,0,0,0,0,0,15,2,17,2
33414,26482,1,27760,2,27743,1,27757,1,27794,2,0,0,0,0,18,2,16,2
33415,26483,1,27760,2,27743,1,27717,1,27707,1,27794,2,0,0,18,2,16,2
33416,26484,1,27743,2,27716,1,27757,1,27794,2,0,0,0,0,17,2,16,2
33417,26485,1,27760,2,27743,2,27740,1,27794,2,0,0,0,0,18,2,16,2
33418,26486,1,27743,2,27694,1,27707,1,27794,2,0,0,0,0,17,2,16,2
33419,0,0,0,0,0,0,0,0,0,0,0,0,0,0,15,2,17,2
33420,26488,1,27717,1,27725,2,27793,1,0,0,0,0,0,0,16,2,14,2
33421,26489,1,27717,1,27725,2,27791,1,0,0,0,0,0,0,16,2,14,2
33422,26490,1,27717,1,27725,2,27792,1,0,0,0,0,0,0,16,2,14,2
33423,26491,1,27717,1,27725,2,27795,1,0,0,0,0,0,0,16,2,14,2
33424,26492,1,27717,1,27725,2,27794,1,0,0,0,0,0,0,16,2,14,2
33425,26493,1,27717,1,27725,2,27793,1,0,0,0,0,0,0,16,2,14,2
33426,26494,1,27717,1,27725,2,27791,1,0,0,0,0,0,0,16,2,14,2
33427,26495,1,27717,1,27725,2,27792,1,0,0,0,0,0,0,16,2,14,2
33428,26496,1,27717,1,27725,2,27795,1,0,0,0,0,0,0,16,2,14,2
33429,26497,1,27717,1,27725,2,27794,1,0,0,0,0,0,0,16,2,14,2
33430,26498,1,27717,1,27725,2,27793,1,0,0,0,0,0,0,16,2,14,2
33431,26499,1,27717,1,27725,2,27791,1,0,0,0,0,0,0,16,2,14,2
33432,26500,1,27717,1,27725,2,27792,1,0,0,0,0,0,0,16,2,14,2
33433,26501,1,27717,1,27725,2,27795,1,0,0,0,0,0,0,16,2,14,2
33434,26502,1,27717,1,27725,2,27794,1,0,0,0,0,0,0,16,2,14,2
33435,26503,1,27717,1,27725,1,27793,1,0,0,0,0,0,0,16,2,14,2
33436,26504,1,27717,1,27725,1,27791,1,0,0,0,0,0,0,16,2,14,2
33437,26505,1,27717,1,27725,1,27792,1,0,0,0,0,0,0,16,2,14,2
33438,26506,1,27717,1,27725,1,27795,1,0,0,0,0,0,0,16,2,14,2
33439,26507,1,27717,1,27725,1,27794,1,0,0,0,0,0,0,16,2,14,2
33440,27280,1,19948,2,7010,3,12610,3,0,0,0,0,0,0,10,7,8,7
33441,27312,1,27953,2,12518,1,27757,1,27777,1,0,0,0,0,13,7,12,7
33442,27941,1,27975,3,27755,1,27710,1,0,0,0,0,0,0,12,7,10,7
33443,27942,1,27975,2,27755,1,27738,1,0,0,0,0,0,0,12,7,10,7
33444,27232,1,19947,2,19997,2,19978,1,0,0,0,0,0,0,8,2,11,2
33445,27233,1,27708,2,27709,2,0,0,0,0,0,0,0,0,8,2,11,2
33446,27234,1,27711,2,27691,2,0,0,0,0,0,0,0,0,8,2,11,2
33447,27235,1,27715,2,27724,1,0,0,0,0,0,0,0,0,8,2,11,2
33448,27237,1,27236,1,0,0,0,0,0,0,0,0,0,0,8,2,11,2
33449,27239,1,27238,1,0,0,0,0,0,0,0,0,0,0,8,2,11,2
33450,27232,1,19947,2,19997,2,19978,1,0,0,0,0,0,0,9,2,11,2
33451,27233,1,27708,2,27709,2,0,0,0,0,0,0,0,0,9,2,11,2
33452,27234,1,27711,2,27691,2,0,0,0,0,0,0,0,0,9,2,11,2
33453,27235,1,27715,2,27724,1,0,0,0,0,0,0,0,0,9,2,11,2
33454,27237,1,27236,1,0,0,0,0,0,0,0,0,0,0,9,2,11,2
33455,27239,1,27238,1,0,0,0,0,0,0,0,0,0,0,9,2,11,2
33456,27232,1,19947,2,19997,2,19978,1,0,0,0,0,0,0,10,2,8,2
33457,27233,1,27708,2,27709,2,0,0,0,0,0,0,0,0,10,2,8,2
33458,27234,1,27711,2,27691,2,0,0,0,0,0,0,0,0,10,2,8,2
33459,27235,1,27715,2,27724,1,0,0,0,0,0,0,0,0,10,2,8,2
33460,27237,1,27236,1,0,0,0,0,0,0,0,0,0,0,10,2,8,2
33461,27239,1,27238,1,0,0,0,0,0,0,0,0,0,0,10,2,8,2
33462,27240,1,19928,2,19980,1,0,0,0,0,0,0,0,0,10,2,9,2
33463,27241,1,27690,1,27748,1,27739,1,0,0,0,0,0,0,10,2,9,2
33464,27242,1,27734,1,27751,1,27691,1,0,0,0,0,0,0,10,2,9,2
33465,27243,1,27693,1,27757,1,27742,1,0,0,0,0,0,0,10,2,9,2
33466,27245,1,27244,1,0,0,0,0,0,0,0,0,0,0,10,2,9,2
33467,27247,1,27246,1,0,0,0,0,0,0,0,0,0,0,10,2,9,2
33468,27240,1,19928,2,19980,1,0,0,0,0,0,0,0,0,11,2,10,2
33469,27241,1,27690,1,27748,1,27739,1,0,0,0,0,0,0,11,2,10,2
33470,27242,1,27734,1,27751,1,27691,1,0,0,0,0,0,0,11,2,10,2
33471,27243,1,27693,1,27757,1,27742,1,0,0,0,0,0,0,11,2,10,2
33472,27245,1,27244,1,0,0,0,0,0,0,0,0,0,0,11,2,10,2
33473,27247,1,27246,1,0,0,0,0,0,0,0,0,0,0,11,2,10,2
33474,27240,1,19928,2,19980,1,0,0,0,0,0,0,0,0,12,2,10,2
33475,27241,1,27690,1,27748,1,27739,1,0,0,0,0,0,0,12,2,10,2
33476,27242,1,27734,1,27751,1,27691,1,0,0,0,0,0,0,12,2,10,2
33477,27243,1,27693,1,27757,1,27742,1,0,0,0,0,0,0,12,2,10,2
33478,27245,1,27244,1,0,0,0,0,0,0,0,0,0,0,12,2,10,2
33479,27247,1,27246,1,0,0,0,0,0,0,0,0,0,0,12,2,10,2
33480,27248,3,19872,1,19917,1,19870,1,4564,1,0,0,0,0,13,2,12,2
33481,27249,3,27839,1,19841,1,19878,1,4728,1,0,0,0,0,13,2,12,2
33482,27250,3,27829,1,27968,1,27818,1,19907,1,0,0,0,0,13,2,12,2
33483,27251,3,27852,1,12900,1,27823,1,12890,1,12888,1,0,0,13,2,12,2
33484,27253,1,27252,1,0,0,0,0,0,0,0,0,0,0,13,2,12,2
33485,27255,1,27254,1,0,0,0,0,0,0,0,0,0,0,13,2,12,2
33486,27248,3,19872,1,19917,1,19870,1,4564,1,0,0,0,0,8,2,13,2
33487,27249,3,27839,1,19841,1,19878,1,4728,1,0,0,0,0,8,2,13,2
33488,27250,3,27829,1,27968,1,27818,1,19907,1,0,0,0,0,8,2,13,2
33489,27251,3,27852,1,12900,1,27823,1,12890,1,12888,1,0,0,8,2,13,2
33490,27253,1,27252,1,0,0,0,0,0,0,0,0,0,0,8,2,13,2
33491,27255,1,27254,1,0,0,0,0,0,0,0,0,0,0,8,2,13,2
33492,26530,1,26529,3,5532,9,0,0,0,0,0,0,0,0,10,6,9,6
33493,26532,1,26531,3,5530,9,0,0,0,0,0,0,0,0,8,6,11,6
33494,26532,1,26531,3,5530,9,0,0,0,0,0,0,0,0,9,6,11,6
33495,27986,1,27951,1,12518,1,27711,3,27740,1,19985,2,0,0,9,50,11,50
33496,27987,1,27952,1,12519,2,27709,1,27757,1,0,0,0,0,9,50,11,50
33497,27991,1,27976,3,27751,2,27752,2,27707,1,0,0,0,0,11,7,10,7
33498,28461,1,28714,3,27716,3,27714,1,28718,2,27813,1,0,0,14,2,17,2
33499,28462,1,28714,3,27716,3,27714,1,28718,2,27813,1,0,0,14,2,17,2
33500,28463,1,28714,3,27716,3,27714,1,28718,2,27813,1,0,0,14,2,17,2
33501,28464,1,28714,3,27716,3,27715,1,28718,2,27813,1,0,0,14,2,17,2
33502,28465,1,28714,3,27716,3,27714,1,28718,2,27814,1,0,0,14,2,17,2
33503,28466,1,28714,3,27717,3,27715,1,28718,2,27814,1,0,0,16,2,14,2
33504,28467,1,28714,3,27716,3,27715,1,28718,2,27814,1,0,0,15,2,17,2
33505,28468,1,28714,3,27716,3,27693,1,28718,2,27814,1,0,0,15,2,17,2
33506,28469,1,28714,3,27716,3,27714,1,28718,2,27815,1,0,0,14,2,17,2
33507,28470,1,28714,3,27716,3,27693,1,28718,2,27815,1,0,0,14,2,17,2
33508,28471,1,28714,3,27694,3,27715,1,28718,2,27815,1,0,0,16,2,15,2
33509,28472,1,28715,3,27760,2,27742,1,28718,1,27814,1,0,0,18,2,16,2
33510,28473,1,28715,4,27760,3,27742,1,28718,2,27814,1,0,0,18,2,16,2
33511,28474,1,28715,3,27743,2,27757,1,28718,1,27813,1,0,0,17,2,16,2
33512,28475,1,28715,4,27760,3,27742,1,28718,2,27813,1,0,0,18,2,16,2
33513,28476,1,28715,3,27743,2,27757,1,28718,1,27815,1,0,0,17,2,16,2
33514,28477,1,28715,3,27743,2,27757,1,28718,1,27814,1,0,0,17,2,16,2
33515,28478,1,28715,4,27760,3,27742,1,28718,2,27814,1,0,0,18,2,16,2
33516,28479,1,28715,3,27760,2,27742,1,28718,1,27813,1,0,0,18,2,16,2
33517,28480,1,28715,4,27760,3,27742,1,28718,2,27813,1,0,0,18,2,16,2
33518,28481,1,28715,3,27743,2,27757,1,28718,1,27815,1,0,0,17,2,16,2
33519,28509,1,28714,3,27716,3,27693,1,28718,2,27814,1,0,0,14,2,17,2
33520,28510,1,28714,3,27716,3,27742,1,28718,2,27814,1,0,0,14,2,17,2
33521,28511,1,28714,3,27716,3,27714,1,28718,2,27814,1,0,0,14,2,17,2
33522,28512,1,28714,3,27694,3,27715,1,28718,2,27814,1,0,0,16,2,15,2
33523,28513,1,28714,3,27716,3,27693,1,28718,2,27813,1,0,0,14,2,17,2
33524,28514,1,28714,3,27694,3,27715,1,28718,2,27813,1,0,0,16,2,15,2
33525,28515,1,28714,3,27716,3,27693,1,28718,2,27813,1,0,0,14,2,17,2
33526,28516,1,28714,3,27716,3,27693,1,28718,2,27813,1,0,0,14,2,17,2
33527,28517,1,28714,3,27716,3,27693,1,28718,2,27815,1,0,0,14,2,17,2
33528,28518,1,28714,3,27716,3,27693,1,28718,2,27815,1,0,0,14,2,17,2
33529,28714,1,28717,3,28718,1,27812,1,0,0,0,0,0,0,16,2,14,2
33530,28715,1,28716,3,28718,1,27812,1,0,0,0,0,0,0,19,2,18,2
33531,28720,3,28719,1,27838,1,27823,1,4829,1,27811,1,0,0,14,2,19,2
33532,28721,3,28719,1,27840,1,27830,1,4785,1,27811,1,0,0,14,2,19,2
33533,28194,1,28204,1,0,0,0,0,0,0,0,0,0,0,10,4,9,2
33534,28195,1,28205,1,0,0,0,0,0,0,0,0,0,0,10,4,9,2
33535,28196,1,28206,1,0,0,0,0,0,0,0,0,0,0,10,4,9,2
33536,28197,1,28207,1,0,0,0,0,0,0,0,0,0,0,10,4,9,2
33537,28198,1,28208,1,0,0,0,0,0,0,0,0,0,0,10,4,9,2
33538,28194,1,28204,1,0,0,0,0,0,0,0,0,0,0,8,4,11,2
33539,28195,1,28205,1,0,0,0,0,0,0,0,0,0,0,8,4,11,2
33540,28196,1,28206,1,0,0,0,0,0,0,0,0,0,0,8,4,11,2
33541,28197,1,28207,1,0,0,0,0,0,0,0,0,0,0,8,4,11,2
33542,28198,1,28208,1,0,0,0,0,0,0,0,0,0,0,8,4,11,2
33543,28194,1,28204,1,0,0,0,0,0,0,0,0,0,0,9,4,11,2
33544,28195,1,28205,1,0,0,0,0,0,0,0,0,0,0,9,4,11,2
33545,28196,1,28206,1,0,0,0,0,0,0,0,0,0,0,9,4,11,2
33546,28197,1,28207,1,0,0,0,0,0,0,0,0,0,0,9,4,11,2
33547,28198,1,28208,1,0,0,0,0,0,0,0,0,0,0,9,4,11,2
33548,28194,1,28204,1,0,0,0,0,0,0,0,0,0,0,10,4,8,2
33549,28195,1,28205,1,0,0,0,0,0,0,0,0,0,0,10,4,8,2
33550,28196,1,28206,1,0,0,0,0,0,0,0,0,0,0,10,4,8,2
33551,28197,1,28207,1,0,0,0,0,0,0,0,0,0,0,10,4,8,2
33552,28198,1,28208,1,0,0,0,0,0,0,0,0,0,0,10,4,8,2
33553,28194,1,28204,1,0,0,0,0,0,0,0,0,0,0,11,4,10,2
33554,28195,1,28205,1,0,0,0,0,0,0,0,0,0,0,11,4,10,2
33555,28196,1,28206,1,0,0,0,0,0,0,0,0,0,0,11,4,10,2
33556,28197,1,28207,1,0,0,0,0,0,0,0,0,0,0,11,4,10,2
33557,28198,1,28208,1,0,0,0,0,0,0,0,0,0,0,11,4,10,2
33558,28194,1,28204,1,0,0,0,0,0,0,0,0,0,0,12,4,10,2
33559,28195,1,28205,1,0,0,0,0,0,0,0,0,0,0,12,4,10,2
33560,28196,1,28206,1,0,0,0,0,0,0,0,0,0,0,12,4,10,2
33561,28197,1,28207,1,0,0,0,0,0,0,0,0,0,0,12,4,10,2
33562,28198,1,28208,1,0,0,0,0,0,0,0,0,0,0,12,4,10,2
33563,28194,1,28204,1,0,0,0,0,0,0,0,0,0,0,13,4,12,2
33564,28195,1,28205,1,0,0,0,0,0,0,0,0,0,0,13,4,12,2
33565,28196,1,28206,1,0,0,0,0,0,0,0,0,0,0,13,4,12,2
33566,28197,1,28207,1,0,0,0,0,0,0,0,0,0,0,13,4,12,2
33567,28198,1,28208,1,0,0,0,0,0,0,0,0,0,0,13,4,12,2
33568,28194,1,28204,1,0,0,0,0,0,0,0,0,0,0,8,4,13,2
33569,28195,1,28205,1,0,0,0,0,0,0,0,0,0,0,8,4,13,2
33570,28196,1,28206,1,0,0,0,0,0,0,0,0,0,0,8,4,13,2
33571,28197,1,28207,1,0,0,0,0,0,0,0,0,0,0,8,4,13,2
33572,28198,1,28208,1,0,0,0,0,0,0,0,0,0,0,8,4,13,2
33573,28725,1,28765,6,5386,1,0,0,0,0,0,0,0,0,4,4,3,2
33574,28726,1,28766,6,5111,1,0,0,0,0,0,0,0,0,2,4,5,2
33575,28727,1,28766,6,5111,1,0,0,0,0,0,0,0,0,3,4,5,2
33576,28728,1,28767,6,5229,1,0,0,0,0,0,0,0,0,4,4,2,2
33577,28729,1,28765,6,5296,1,0,0,0,0,0,0,0,0,5,4,4,2
33578,28730,1,28768,6,5342,1,0,0,0,0,0,0,0,0,6,4,4,2
33579,28731,1,28767,6,5496,1,0,0,0,0,0,0,0,0,7,4,6,2
33580,28732,1,28768,6,4849,1,0,0,0,0,0,0,0,0,2,4,7,2
33581,28733,1,28769,4,28770,4,5065,1,0,0,0,0,0,0,4,4,3,2
33582,28734,1,28771,4,28772,4,5116,2,0,0,0,0,0,0,2,4,5,2
33583,28735,1,28771,4,28772,4,5116,2,0,0,0,0,0,0,3,4,5,2
33584,28736,1,28771,4,28772,4,5115,2,0,0,0,0,0,0,4,4,2,2
33585,28737,1,28769,4,28916,4,5414,2,0,0,0,0,0,0,5,4,4,2
33586,28738,1,28773,4,28774,4,5347,2,0,0,0,0,0,0,6,4,4,2
33587,28739,1,28773,4,28916,4,5536,2,0,0,0,0,0,0,7,4,6,2
33588,28740,1,28770,4,28774,4,4826,3,0,0,0,0,0,0,2,4,7,2
33589,28741,1,28775,6,28776,6,12524,1,0,0,0,0,0,0,10,4,9,2
33590,28742,1,28777,6,28778,6,12581,1,0,0,0,0,0,0,8,4,11,2
33591,28743,1,28777,6,28778,6,12581,1,0,0,0,0,0,0,9,4,11,2
33592,28744,1,28777,6,28778,6,5998,2,0,0,0,0,0,0,10,4,8,2
33593,28745,1,28779,6,28780,6,12570,2,0,0,0,0,0,0,11,4,10,2
33594,28746,1,28776,6,28775,6,12595,2,0,0,0,0,0,0,12,4,10,2
33595,28747,1,28776,6,28775,6,5517,1,0,0,0,0,0,0,13,4,12,2
33596,28748,1,28779,6,28780,6,12888,2,0,0,0,0,0,0,8,4,13,2
33597,28749,1,28781,6,28784,6,28785,6,19943,1,0,0,0,0,10,4,9,2
33598,28750,1,28782,6,28784,6,28788,6,5372,1,0,0,0,0,8,4,11,2
33599,28751,1,28782,6,28784,6,28788,6,19906,1,0,0,0,0,9,4,11,2
33600,28752,1,28784,6,28788,6,28785,6,20008,1,0,0,0,0,10,4,8,2
33601,28753,1,28783,6,28781,6,28789,6,19980,1,0,0,0,0,11,4,10,2
33602,28754,1,28909,6,28787,6,28789,6,19995,1,0,0,0,0,12,4,10,2
33603,28755,1,28909,6,28787,6,28781,6,12609,2,0,0,0,0,13,4,12,2
33604,28756,1,28783,6,28787,6,28789,6,19917,2,0,0,0,0,8,4,13,2
33605,28757,1,28790,8,28795,8,28793,8,27751,1,0,0,0,0,10,4,9,2
33606,28758,1,28791,8,28792,8,28790,8,27711,1,0,0,0,0,8,4,11,2
33607,28759,1,28791,8,28792,8,28796,8,27710,1,0,0,0,0,9,4,11,2
33608,28760,1,28792,8,28796,8,28798,8,27710,1,0,0,0,0,10,4,8,2
33609,28761,1,28794,8,28790,8,28793,8,27751,1,0,0,0,0,11,4,10,2
33610,28762,1,28793,8,28797,8,28798,8,27740,1,0,0,0,0,12,4,10,2
33611,28763,1,28794,8,28910,8,28797,8,27842,1,0,0,0,0,13,4,12,2
33612,28764,1,28795,8,28797,8,28910,8,27850,2,0,0,0,0,8,4,13,2
33613,28808,1,28906,2,19974,1,19939,1,0,0,0,0,0,0,9,3,11,2
33614,28809,1,28906,2,28908,1,19993,1,19939,1,0,0,0,0,9,3,11,2
33615,28810,1,28906,2,19993,1,19939,1,0,0,0,0,0,0,9,3,11,2
33616,28811,1,28908,2,28907,1,19975,2,0,0,0,0,0,0,12,3,10,2
33617,28812,1,28907,2,19993,1,19939,1,0,0,0,0,0,0,11,3,10,2
33618,28813,1,28906,2,19974,1,19939,1,0,0,0,0,0,0,9,3,11,2
33619,28814,1,28906,2,28908,1,19993,1,19939,1,0,0,0,0,9,3,11,2
33620,28815,1,28906,2,19993,1,19939,1,0,0,0,0,0,0,9,3,11,2
33621,28816,1,28908,2,28907,1,19975,2,0,0,0,0,0,0,12,3,10,2
33622,28817,1,28907,2,19993,1,19939,1,0,0,0,0,0,0,11,3,10,2
33623,28818,1,28906,1,28907,1,5512,2,0,0,0,0,0,0,10,3,8,2
33624,28819,1,28907,2,28908,1,19974,1,19939,1,0,0,0,0,11,3,10,2
33625,28820,1,28907,2,19975,1,19939,1,0,0,0,0,0,0,11,3,10,2
33626,28821,1,28908,2,28907,1,19975,1,19939,1,0,0,0,0,12,3,10,2
33627,28822,1,28907,2,19993,1,19939,1,0,0,0,0,0,0,11,3,10,2
33628,28823,1,28907,2,19974,1,19939,1,0,0,0,0,0,0,11,3,10,2
33629,28824,1,28908,2,28906,1,19993,1,19975,1,0,0,0,0,12,3,10,2
33630,28825,1,28907,2,19975,1,19939,1,0,0,0,0,0,0,11,3,10,2
33631,28826,1,28908,2,28906,1,19993,1,19939,1,0,0,0,0,12,3,10,2
33632,28827,1,28907,2,19993,1,19939,1,0,0,0,0,0,0,11,3,10,2
33633,28828,1,28906,1,28907,1,5512,2,0,0,0,0,0,0,10,3,8,2
33634,28829,1,28907,2,28908,1,19974,1,19939,1,0,0,0,0,11,3,10,2
33635,28830,1,28907,2,19975,1,19939,1,0,0,0,0,0,0,11,3,10,2
33636,28831,1,28908,2,28907,1,19975,1,19939,1,0,0,0,0,12,3,10,2
33637,28832,1,28907,2,19993,1,19939,1,0,0,0,0,0,0,11,3,10,2
33638,28833,1,28906,1,28907,1,5512,2,0,0,0,0,0,0,10,3,8,2
33639,28834,1,28908,2,28907,1,19974,1,19939,1,0,0,0,0,12,3,10,2
33640,28835,1,28907,2,19975,1,19939,1,0,0,0,0,0,0,11,3,10,2
33641,28836,1,28908,2,19993,1,19939,1,0,0,0,0,0,0,12,3,10,2
33642,28837,1,28907,2,19993,1,19939,1,0,0,0,0,0,0,11,3,10,2
33643,28838,1,28906,1,28907,1,5512,2,0,0,0,0,0,0,10,3,8,2
33644,28839,1,28908,2,28907,1,19974,1,19939,1,0,0,0,0,12,3,10,2
33645,28840,1,28907,2,19975,1,19939,1,0,0,0,0,0,0,11,3,10,2
33646,28841,1,28908,2,19993,1,19939,1,0,0,0,0,0,0,12,3,10,2
33647,28842,1,28907,2,19993,1,19939,1,0,0,0,0,0,0,11,3,10,2
33648,28843,1,28906,2,5512,1,19993,1,0,0,0,0,0,0,10,3,8,2
33649,28844,1,28907,2,28906,1,19974,1,19939,1,0,0,0,0,11,3,10,2
33650,28845,1,28907,1,28906,1,19974,1,19939,1,0,0,0,0,9,3,11,2
33651,28846,1,28908,2,28907,1,19939,1,19993,1,0,0,0,0,12,3,10,2
33652,28847,1,28907,1,28906,1,19974,1,19939,1,0,0,0,0,11,3,10,2
33653,28848,1,28906,2,5512,1,19993,1,0,0,0,0,0,0,10,3,8,2
33654,28849,1,28907,2,28906,1,19974,1,19939,1,0,0,0,0,11,3,10,2
33655,28850,1,28907,1,28906,1,19974,1,19939,1,0,0,0,0,9,3,11,2
33656,28851,1,28908,2,28907,1,19939,1,19993,1,0,0,0,0,12,3,10,2
33657,28852,1,28907,1,28906,1,19974,1,19939,1,0,0,0,0,11,3,10,2
33658,28853,1,28906,2,19939,1,19993,1,0,0,0,0,0,0,9,3,11,2
33659,28854,1,28907,2,28908,1,19939,1,19993,1,0,0,0,0,11,3,10,2
33660,28855,1,28907,1,28908,1,19974,1,19939,1,0,0,0,0,11,3,10,2
33661,28856,1,28908,2,28907,1,19939,1,19993,1,0,0,0,0,12,3,10,2
33662,28857,1,28907,1,28906,1,19993,1,19939,1,0,0,0,0,9,3,11,2
33663,28858,1,28906,2,5512,1,19939,1,0,0,0,0,0,0,10,3,8,2
33664,28859,1,28907,2,28908,1,19939,1,19993,1,0,0,0,0,11,3,10,2
33665,28860,1,28907,1,28908,1,19974,1,19939,1,0,0,0,0,11,3,10,2
33666,28861,1,28908,2,28907,1,19939,1,19993,1,0,0,0,0,12,3,10,2
33667,28862,1,28907,1,28906,1,19993,1,19939,1,0,0,0,0,9,3,11,2
33668,28863,1,28906,2,19939,1,19993,1,0,0,0,0,0,0,9,3,11,2
33669,28864,1,28907,2,28906,1,19974,1,19939,1,0,0,0,0,11,3,10,2
33670,28865,1,28907,1,28906,1,19974,1,19939,1,0,0,0,0,9,3,11,2
33671,28866,1,28908,2,28907,1,19939,1,19993,1,0,0,0,0,12,3,10,2
33672,28867,1,28907,1,28906,1,19974,1,19939,1,0,0,0,0,11,3,10,2
33673,28868,1,28906,2,5512,1,19993,1,0,0,0,0,0,0,10,3,8,2
33674,28869,1,28907,2,28906,1,19974,1,19939,1,0,0,0,0,11,3,10,2
33675,28870,1,28907,1,28906,1,19974,1,19939,1,0,0,0,0,9,3,11,2
33676,28871,1,28908,2,28907,1,19939,1,19993,1,0,0,0,0,12,3,10,2
33677,28872,1,28907,1,28906,1,19974,1,19939,1,0,0,0,0,11,3,10,2
33678,28873,1,28906,2,5512,1,19939,1,0,0,0,0,0,0,10,3,8,2
33679,28874,1,28907,2,28908,1,19939,1,19993,1,0,0,0,0,11,3,10,2
33680,28875,1,28907,1,28908,1,19974,1,19939,1,0,0,0,0,11,3,10,2
33681,28876,1,28908,2,28907,1,19939,1,19993,1,0,0,0,0,12,3,10,2
33682,28877,1,28907,1,28906,1,19993,1,19939,1,0,0,0,0,9,3,11,2
33683,28588,1,28905,3,27760,2,19985,3,0,0,0,0,0,0,12,7,10,7
33684,28589,1,28905,2,27743,2,14187,1,0,0,0,0,0,0,11,7,10,7
33685,28590,1,28905,3,27760,2,19986,2,27710,1,0,0,0,0,12,7,10,7
33686,28591,1,28905,2,27743,2,14187,1,0,0,0,0,0,0,11,7,10,7
33687,28144,1,28631,1,27717,2,10092,1,27804,1,0,0,0,0,16,2,14,2
33688,28887,1,14183,1,27781,1,28904,1,0,0,0,0,0,0,19,2,18,2
33689,28616,1,28631,1,27716,2,27715,1,27757,1,0,0,0,0,9,50,11,50
33690,0,0,0,0,0,0,0,0,0,0,0,0,0,0,0,0,0,0
33691,0,0,0,0,0,0,0,0,0,0,0,0,0,0,0,0,0,0
33692,0,0,0,0,0,0,0,0,0,0,0,0,0,0,0,0,0,0
33693,0,0,0,0,0,0,0,0,0,0,0,0,0,0,0,0,0,0
33694,0,0,0,0,0,0,0,0,0,0,0,0,0,0,0,0,0,0
33695,0,0,0,0,0,0,0,0,0,0,0,0,0,0,0,0,0,0
33696,0,0,0,0,0,0,0,0,0,0,0,0,0,0,0,0,0,0
33697,0,0,0,0,0,0,0,0,0,0,0,0,0,0,0,0,0,0
33698,0,0,0,0,0,0,0,0,0,0,0,0,0,0,0,0,0,0
33699,0,0,0,0,0,0,0,0,0,0,0,0,0,0,0,0,0,0
33700,0,0,0,0,0,0,0,0,0,0,0,0,0,0,0,0,0,0
33701,0,0,0,0,0,0,0,0,0,0,0,0,0,0,0,0,0,0
33702,0,0,0,0,0,0,0,0,0,0,0,0,0,0,0,0,0,0
33703,0,0,0,0,0,0,0,0,0,0,0,0,0,0,0,0,0,0
33704,0,0,0,0,0,0,0,0,0,0,0,0,0,0,0,0,0,0
33705,0,0,0,0,0,0,0,0,0,0,0,0,0,0,0,0,0,0
33706,0,0,0,0,0,0,0,0,0,0,0,0,0,0,0,0,0,0
33707,0,0,0,0,0,0,0,0,0,0,0,0,0,0,0,0,0,0
33708,0,0,0,0,0,0,0,0,0,0,0,0,0,0,0,0,0,0
33709,0,0,0,0,0,0,0,0,0,0,0,0,0,0,0,0,0,0
33710,0,0,0,0,0,0,0,0,0,0,0,0,0,0,0,0,0,0
33711,0,0,0,0,0,0,0,0,0,0,0,0,0,0,0,0,0,0
33712,0,0,0,0,0,0,0,0,0,0,0,0,0,0,0,0,0,0
33713,29792,1,29840,5,5386,1,0,0,0,0,0,0,0,0,4,4,3,2
33714,29793,1,29842,5,5111,1,0,0,0,0,0,0,0,0,2,4,5,2
33715,29794,1,29842,5,5111,1,0,0,0,0,0,0,0,0,3,4,5,2
33716,29795,1,29843,5,5111,1,0,0,0,0,0,0,0,0,4,4,2,2
33717,29796,1,29840,5,5296,1,0,0,0,0,0,0,0,0,5,4,4,2
33718,29797,1,29841,5,5342,1,0,0,0,0,0,0,0,0,6,4,4,2
33719,29798,1,29843,5,5496,1,0,0,0,0,0,0,0,0,7,4,6,2
33720,29799,1,29841,5,4849,1,0,0,0,0,0,0,0,0,2,4,7,2
33721,29800,1,29844,5,29848,5,5065,1,0,0,0,0,0,0,4,4,3,2
33722,29801,1,29847,5,29849,5,5116,2,0,0,0,0,0,0,2,4,5,2
33723,29802,1,29847,5,29849,5,5116,2,0,0,0,0,0,0,3,4,5,2
33724,29803,1,29847,5,29849,5,5115,2,0,0,0,0,0,0,4,4,2,2
33725,29804,1,29844,5,29845,5,5306,2,0,0,0,0,0,0,5,4,4,2
33726,29805,1,29846,5,29845,5,5337,2,0,0,0,0,0,0,6,4,4,2
33727,29806,1,29846,5,29848,5,5536,4,0,0,0,0,0,0,7,4,6,2
33728,29807,1,29845,5,29848,5,4826,3,0,0,0,0,0,0,2,4,7,2
33729,29808,1,29850,5,29858,5,29859,5,12524,1,0,0,0,0,10,4,9,2
33730,29809,1,29855,5,29858,5,29859,5,12581,1,0,0,0,0,8,4,11,2
33731,29810,1,29855,5,29857,5,29859,5,12581,1,0,0,0,0,9,4,11,2
33732,29811,1,29855,5,29858,5,29856,5,12581,1,0,0,0,0,10,4,8,2
33733,29812,1,29854,5,29853,5,29856,5,12570,2,0,0,0,0,11,4,10,2
33734,29813,1,29850,5,29853,5,29851,5,12595,2,0,0,0,0,12,4,10,2
33735,29814,1,29856,5,29852,5,29857,5,12632,2,0,0,0,0,13,4,12,2
33736,29815,1,29854,5,29851,5,29852,5,4811,4,0,0,0,0,8,4,13,2
33737,29816,1,29860,5,29864,5,29867,5,19943,1,0,0,0,0,10,4,9,2
33738,29817,1,29865,5,29868,5,29869,5,5372,1,0,0,0,0,8,4,11,2
33739,29818,1,29865,5,29868,5,29869,5,19995,1,0,0,0,0,9,4,11,2
33740,29819,1,29868,5,29864,5,29869,5,20008,1,0,0,0,0,10,4,8,2
33741,29820,1,29863,5,29867,5,29861,5,19980,1,0,0,0,0,11,4,10,2
33742,29821,1,29862,5,29866,5,29861,5,19995,1,0,0,0,0,12,4,10,2
33743,29822,1,29867,5,29866,5,29860,5,12609,2,0,0,0,0,13,4,12,2
33744,29823,1,29863,5,29866,5,29862,5,19917,2,0,0,0,0,8,4,13,2
33745,29824,1,29870,10,29872,10,29873,10,27751,1,0,0,0,0,10,4,9,2
33746,29825,1,29875,10,29879,10,29870,10,27711,1,0,0,0,0,8,4,11,2
33747,29826,1,29875,10,29879,10,29878,10,27710,1,0,0,0,0,9,4,11,2
33748,29827,1,29879,10,29878,10,29871,10,27710,1,0,0,0,0,10,4,8,2
33749,29828,1,29874,10,29870,10,29873,10,27751,1,0,0,0,0,11,4,10,2
33750,29829,1,29873,10,29871,10,29877,10,27691,1,0,0,0,0,12,4,10,2
33751,29830,1,29874,10,29876,10,29877,10,27763,4,0,0,0,0,13,4,12,2
33752,29831,1,29872,10,29877,10,29876,10,27850,4,0,0,0,0,8,4,13,2
33753,29832,1,29890,5,29880,10,29882,10,29881,10,0,0,0,0,16,4,15,2
33754,29833,1,29893,5,29885,10,29888,10,29881,10,0,0,0,0,14,4,17,2
33755,29834,1,29892,5,29885,10,29889,10,29880,10,0,0,0,0,15,4,17,2
33756,29835,1,29892,5,29888,10,29889,10,29887,10,0,0,0,0,16,4,14,2
33757,29836,1,29890,5,29884,10,29883,10,29880,10,0,0,0,0,17,4,16,2
33758,29837,1,29893,5,29883,10,29886,10,29889,10,0,0,0,0,18,4,16,2
33759,29838,1,29891,5,29884,10,29886,10,29881,10,0,0,0,0,19,4,18,2
33760,29839,1,29891,5,29887,10,29886,10,29882,10,0,0,0,0,14,4,19,2
33761,29645,1,29661,1,27685,1,0,0,0,0,0,0,0,0,10,7,9,7
33762,29646,1,29662,1,27699,1,0,0,0,0,0,0,0,0,8,7,11,7
33763,29647,1,29663,1,27699,1,0,0,0,0,0,0,0,0,9,7,11,7
33764,29648,1,29664,1,27699,1,0,0,0,0,0,0,0,0,10,7,8,7
33765,29649,1,29665,1,27734,1,0,0,0,0,0,0,0,0,11,7,10,7
33766,29650,1,29666,1,27753,1,0,0,0,0,0,0,0,0,12,7,10,7
33767,29651,1,29667,1,27774,1,0,0,0,0,0,0,0,0,13,7,12,7
33768,29652,1,29668,1,27968,1,0,0,0,0,0,0,0,0,8,7,13,7
33769,29653,1,29661,1,27692,1,0,0,0,0,0,0,0,0,10,7,9,7
33770,29654,1,29662,1,27713,1,0,0,0,0,0,0,0,0,8,7,11,7
33771,29655,1,29663,1,27713,1,0,0,0,0,0,0,0,0,9,7,11,7
33772,29656,1,29664,1,27804,1,0,0,0,0,0,0,0,0,10,7,8,7
33773,29657,1,29665,1,27741,1,0,0,0,0,0,0,0,0,11,7,10,7
33774,29658,1,29666,1,27754,1,0,0,0,0,0,0,0,0,12,7,10,7
33775,29659,1,29667,1,27777,1,0,0,0,0,0,0,0,0,13,7,12,7
33776,29660,1,29668,1,27843,1,0,0,0,0,0,0,0,0,8,7,13,7
33777,36129,1,19949,3,19948,2,19947,2,21090,1,16733,5,0,0,14,2,17,2
33778,30069,1,19949,3,19998,2,19947,2,21090,1,16733,5,0,0,14,2,17,2
33779,30070,1,19949,3,19929,2,19947,2,21090,1,16733,5,0,0,14,2,17,2
33780,30071,1,19929,3,19949,2,19947,2,21090,1,16733,5,0,0,16,2,15,2
33781,30072,1,19949,3,19929,2,19946,2,21090,1,16733,5,0,0,14,2,17,2
33782,30073,1,19949,3,19998,2,19946,2,21090,1,16733,5,0,0,14,2,17,2
33783,30074,1,19949,3,19998,2,19947,2,21090,1,16733,5,0,0,14,2,17,2
33784,30075,1,19949,3,19948,2,19947,2,21090,1,16733,5,0,0,14,2,17,2
33785,30076,1,19929,3,19949,2,19946,2,21090,1,16733,5,0,0,16,2,15,2
33786,30077,1,19948,3,19929,2,19946,2,21090,1,16733,5,0,0,16,2,14,2
33787,30078,1,19903,2,19998,3,19929,2,21090,1,16733,5,0,0,19,2,18,2
33788,30079,1,19903,2,19998,2,19929,3,21090,1,16733,5,0,0,19,2,18,2
33789,30080,1,19948,3,19949,2,19946,2,21090,1,16733,5,0,0,16,2,14,2
33790,30081,1,19949,3,19929,2,19947,2,21090,1,16733,5,0,0,14,2,17,2
33791,30082,1,19948,3,19949,2,19967,1,21090,1,16733,5,0,0,16,2,14,2
33792,30083,1,19949,3,19948,2,19947,2,21090,1,16733,5,0,0,14,2,17,2
33793,30084,1,19949,3,19948,2,19946,2,21090,1,16733,5,0,0,14,2,17,2
33794,36129,1,19949,3,19948,2,19947,2,21090,1,16733,5,0,0,15,2,17,2
33795,30055,1,30135,3,27760,2,27742,2,0,0,0,0,0,0,12,7,10,7
33796,30056,1,30135,2,27760,2,27742,2,0,0,0,0,0,0,12,7,10,7
33797,30057,1,30135,1,27743,2,27757,1,0,0,0,0,0,0,11,7,10,7
33798,29681,1,30034,3,23875,1,24490,1,24505,1,27287,1,28980,1,16,2,14,2
33799,28994,1,29401,1,27716,1,27694,1,27714,2,0,0,0,0,15,2,17,2
33800,29402,1,29401,1,27716,2,27714,1,27757,1,0,0,0,0,9,7,11,7
33801,29404,1,29958,2,27714,1,29965,1,27814,1,0,0,0,0,14,2,17,2
33802,29405,1,29958,2,29960,2,27715,1,29963,2,27813,1,0,0,14,2,17,2
33803,29406,1,29958,2,29959,2,27742,1,29965,2,27814,1,0,0,14,2,17,2
33804,29407,1,29958,2,29960,2,27714,1,29963,2,27813,1,0,0,14,2,17,2
33805,29408,1,29960,2,29959,2,27714,1,29964,2,27813,1,0,0,16,2,15,2
33806,29409,1,29958,2,29960,2,27715,1,29964,2,27813,1,0,0,14,2,17,2
33807,29410,1,29958,2,29960,2,27715,1,29965,2,27814,1,0,0,14,2,17,2
33808,29411,1,29958,2,29959,2,27714,1,29964,2,27813,1,0,0,14,2,17,2
33809,29412,1,29960,2,29959,2,27742,1,29967,2,27815,1,0,0,16,2,15,2
33810,29413,1,29959,2,29958,2,27715,1,29966,2,27814,1,0,0,16,2,14,2
33811,29414,1,27781,1,29962,2,29960,2,29966,2,27814,1,0,0,19,2,18,2
33812,29415,1,27781,1,29962,2,29960,2,29967,2,27815,1,0,0,19,2,18,2
33813,29416,1,29959,2,29958,2,27715,1,29967,2,27815,1,0,0,16,2,14,2
33814,29417,1,29958,2,29960,2,27757,1,29963,2,27813,1,0,0,14,2,17,2
33815,29418,1,29959,2,29958,2,27714,1,29966,2,27814,1,0,0,16,2,14,2
33816,29419,1,29958,2,29959,2,27714,1,29965,2,27814,1,0,0,14,2,17,2
33817,29420,1,29958,2,29960,2,27714,1,29964,2,27813,1,0,0,14,2,17,2
33818,29421,1,29958,1,29960,1,29965,1,0,0,0,0,0,0,15,2,17,2
33819,29422,1,29961,2,29959,1,27714,1,29965,2,27814,1,0,0,18,2,16,2
33820,29423,1,29958,2,29961,2,27742,1,29965,2,27813,1,0,0,15,2,17,2
33821,29424,1,29958,2,29962,1,27757,1,29965,2,27814,1,0,0,15,2,17,2
33822,29425,1,29961,2,29962,2,27757,1,29965,2,27814,1,0,0,18,2,16,2
33823,29426,1,29958,2,29962,1,27693,1,29965,2,27813,1,0,0,15,2,17,2
33824,0,0,0,0,0,0,0,0,0,0,0,0,0,0,15,2,17,2
33825,29428,1,29961,2,29959,1,27714,1,29963,2,27814,1,0,0,18,2,16,2
33826,29429,1,29958,2,29961,2,27742,1,29963,2,27813,1,0,0,15,2,17,2
33827,29430,1,29958,2,29962,1,27757,1,29963,2,27814,1,0,0,15,2,17,2
33828,29431,1,29961,2,29962,2,27757,1,29963,2,27814,1,0,0,18,2,16,2
33829,29432,1,29962,2,29958,1,27693,1,29963,2,27813,1,0,0,17,2,16,2
33830,0,0,0,0,0,0,0,0,0,0,0,0,0,0,15,2,17,2
33831,29434,1,29961,2,29959,1,27742,1,29963,2,27814,1,0,0,18,2,16,2
33832,29435,1,29961,2,29962,2,27714,1,29963,2,27813,1,0,0,18,2,16,2
33833,29436,1,29958,2,29962,1,27757,1,29963,2,27814,1,0,0,15,2,17,2
33834,29437,1,29961,2,29962,2,27742,1,29963,2,27814,1,0,0,18,2,16,2
33835,29438,1,29962,2,29960,1,27757,1,29963,2,27813,1,0,0,17,2,16,2
33836,0,0,0,0,0,0,0,0,0,0,0,0,0,0,17,2,16,2
33837,29440,1,29961,2,29959,1,27742,1,29964,2,27814,1,0,0,18,2,16,2
33838,29441,1,29962,2,29961,2,27714,1,29964,2,27813,1,0,0,17,2,16,2
33839,29442,1,29958,2,29961,1,27742,1,29964,2,27814,1,0,0,15,2,17,2
33840,29443,1,29961,2,29962,2,27757,1,29964,2,27814,1,0,0,18,2,16,2
33841,29444,1,29962,2,29960,1,27757,1,29964,2,27813,1,0,0,17,2,16,2
33842,0,0,0,0,0,0,0,0,0,0,0,0,0,0,17,2,16,2
33843,29446,1,29961,2,29962,1,27715,1,29964,2,27814,1,0,0,18,2,16,2
33844,29447,1,29962,2,29961,2,27742,1,29964,2,27813,1,0,0,17,2,16,2
33845,29448,1,29958,2,29962,1,27757,1,29964,2,27814,1,0,0,15,2,17,2
33846,29449,1,29961,2,29962,2,27757,1,29964,2,27814,1,0,0,18,2,16,2
33847,29450,1,29958,2,29962,1,27693,1,29964,2,27813,1,0,0,15,2,17,2
33848,0,0,0,0,0,0,0,0,0,0,0,0,0,0,17,2,16,2
33849,29452,1,29961,2,29962,1,27715,1,29967,2,27814,1,0,0,18,2,16,2
33850,29453,1,29962,2,29961,2,27714,1,29967,2,27813,1,0,0,17,2,16,2
33851,29454,1,29958,2,29961,1,27742,1,29967,2,27814,1,0,0,15,2,17,2
33852,29455,1,29961,2,29959,2,27742,1,29967,2,27814,1,0,0,18,2,16,2
33853,29456,1,29962,2,29960,1,27757,1,29967,2,27813,1,0,0,17,2,16,2
33854,0,0,0,0,0,0,0,0,0,0,0,0,0,0,17,2,16,2
33855,29458,1,29961,2,29962,1,27715,1,29966,2,27814,1,0,0,18,2,16,2
33856,29459,1,29962,2,29961,2,27742,1,29966,2,27813,1,0,0,17,2,16,2
33857,29460,1,29958,2,29961,1,27742,1,29966,2,27814,1,0,0,15,2,17,2
33858,29461,1,29961,2,29962,2,27757,1,29966,2,27814,1,0,0,18,2,16,2
33859,29462,1,29962,2,29958,1,27693,1,29966,2,27813,1,0,0,17,2,16,2
33860,0,0,0,0,0,0,0,0,0,0,0,0,0,0,17,2,16,2
33861,29464,1,29960,2,27693,1,29965,1,27814,1,0,0,0,0,16,2,15,2
33862,29465,1,29960,2,27693,1,29963,1,27814,1,0,0,0,0,16,2,15,2
33863,29466,1,29960,2,27693,1,29964,1,27814,1,0,0,0,0,16,2,15,2
33864,29467,1,29960,2,27693,1,29967,1,27814,1,0,0,0,0,16,2,15,2
33865,29468,1,29960,2,27693,1,29966,1,27814,1,0,0,0,0,16,2,15,2
33866,29469,1,29959,1,29958,1,27715,1,29965,1,27813,1,0,0,16,2,14,2
33867,29470,1,29959,1,29958,1,27715,1,29963,1,27813,1,0,0,16,2,14,2
33868,29471,1,29959,1,29958,1,27715,1,29964,1,27813,1,0,0,16,2,14,2
33869,29472,1,29959,1,29958,1,27715,1,29967,1,27813,1,0,0,16,2,14,2
33870,29473,1,29959,1,29958,1,27715,1,29966,1,27813,1,0,0,16,2,14,2
33871,29474,1,29959,1,29960,1,27715,1,29965,1,27813,1,0,0,16,2,14,2
33872,29475,1,29959,1,29960,1,27715,1,29963,1,27813,1,0,0,16,2,14,2
33873,29476,1,29959,1,29960,1,27715,1,29964,1,27813,1,0,0,16,2,14,2
33874,29477,1,29959,1,29960,1,27715,1,29967,1,27813,1,0,0,16,2,14,2
33875,29478,1,29959,1,29960,1,27715,1,29966,1,27813,1,0,0,16,2,14,2
33876,29479,1,29960,1,29959,1,27693,1,29965,1,27815,1,0,0,16,2,15,2
33877,29480,1,29960,1,29959,1,27693,1,29963,1,27815,1,0,0,16,2,15,2
33878,29481,1,29960,1,29959,1,27693,1,29964,1,27815,1,0,0,16,2,15,2
33879,29482,1,29960,1,29959,1,27693,1,29967,1,27815,1,0,0,16,2,15,2
33880,29483,1,29960,1,29959,1,27693,1,29966,1,27815,1,0,0,16,2,15,2
33881,29492,3,29979,2,27779,1,27811,1,0,0,0,0,0,0,19,2,18,2
33882,29493,3,29979,2,27785,1,27811,1,0,0,0,0,0,0,19,2,18,2
33883,29494,3,29979,2,27783,1,27811,1,0,0,0,0,0,0,19,2,18,2
33884,29495,3,29979,2,27780,1,27811,1,0,0,0,0,0,0,19,2,18,2
33885,29496,3,29979,2,27784,1,27811,1,0,0,0,0,0,0,19,2,18,2
33886,29497,3,29507,2,27838,1,27822,2,27852,2,12888,1,19907,1,14,2,19,2
33887,29498,3,29507,2,27839,1,27835,2,27782,2,12892,1,4834,1,14,2,19,2
33888,29499,3,29508,2,27839,1,27835,2,27851,2,12895,1,19846,1,14,2,19,2
33889,29500,3,29508,2,27842,1,27836,2,27782,2,12888,1,19907,1,14,2,19,2
33890,29501,3,29509,2,27843,1,27836,2,27852,2,27849,1,4830,1,14,2,19,2
33891,29502,3,29509,2,27838,1,27828,2,27825,2,27852,1,4830,1,14,2,19,2
33892,29503,3,29510,2,27838,1,27835,2,27823,2,12878,1,4785,1,14,2,19,2
33893,29504,3,29510,2,27841,1,27828,2,27782,2,27829,1,19907,1,14,2,19,2
33894,29505,3,29511,2,27838,1,27822,2,27852,2,27823,1,12878,1,14,2,19,2
33895,29506,3,29511,2,27839,1,27835,2,27782,2,4844,1,12888,1,14,2,19,2
33896,29958,1,29968,4,29969,2,0,0,0,0,0,0,0,0,14,2,17,2
33897,29958,1,29968,4,29969,2,0,0,0,0,0,0,0,0,15,2,17,2
33898,29959,1,29970,4,29971,2,0,0,0,0,0,0,0,0,16,2,14,2
33899,29960,1,29972,4,29973,2,0,0,0,0,0,0,0,0,16,2,15,2
33900,29961,1,29974,4,29975,2,0,0,0,0,0,0,0,0,18,2,16,2
33901,29962,1,29977,2,29976,4,0,0,0,0,0,0,0,0,17,2,16,2
33902,29963,3,29978,3,28718,1,27779,1,27812,1,0,0,0,0,19,2,18,2
33903,29964,3,29978,3,28718,1,27785,1,27812,1,0,0,0,0,19,2,18,2
33904,29965,3,29978,3,28718,1,27783,1,27812,1,0,0,0,0,19,2,18,2
33905,29966,3,29978,3,28718,1,27780,1,27812,1,0,0,0,0,19,2,18,2
33906,29967,3,29978,3,28718,1,27784,1,27812,1,0,0,0,0,19,2,18,2
33907,30251,1,14183,1,27781,1,30268,1,0,0,0,0,0,0,19,2,18,2
33908,30440,1,30483,3,29958,5,29962,2,31320,3,0,0,0,0,14,2,17,2
33909,30441,1,30483,3,29958,5,29959,2,31320,3,0,0,0,0,14,2,17,2
33910,30442,1,30483,3,29958,5,29960,2,31320,3,0,0,0,0,14,2,17,2
33911,30443,1,30483,3,29958,5,29960,2,31320,3,0,0,0,0,14,2,17,2
33912,30444,1,30483,3,29958,5,29962,2,31320,3,0,0,0,0,14,2,17,2
33913,30445,1,30483,3,29959,5,29961,2,31320,3,0,0,0,0,16,2,14,2
33914,30446,1,30483,3,29958,5,29959,2,31320,3,0,0,0,0,15,2,17,2
33915,30447,1,30483,3,29958,5,29959,2,31320,3,0,0,0,0,15,2,17,2
33916,30448,1,30483,3,29958,5,29959,2,31320,3,0,0,0,0,14,2,17,2
33917,30449,1,30483,3,29958,5,29960,2,31320,3,0,0,0,0,14,2,17,2
33918,30450,1,30483,3,29960,5,29958,2,31320,3,0,0,0,0,16,2,15,2
33919,30451,1,30483,3,29958,5,29960,2,31320,3,0,0,0,0,14,2,17,2
33920,30452,1,30483,3,29958,5,29959,2,31320,3,0,0,0,0,14,2,17,2
33921,30453,1,30483,3,29958,5,29959,2,31320,3,0,0,0,0,14,2,17,2
33922,30454,1,30483,3,29960,5,29958,2,31320,3,0,0,0,0,16,2,15,2
33923,30455,1,30483,3,29958,5,29962,2,31320,3,0,0,0,0,14,2,17,2
33924,30456,1,30483,3,29960,5,29959,2,31320,3,0,0,0,0,16,2,15,2
33925,30457,1,30483,3,29958,5,29959,2,31320,3,0,0,0,0,14,2,17,2
33926,30458,1,30483,3,29958,5,29960,2,31320,3,0,0,0,0,14,2,17,2
33927,30459,1,30483,3,29958,5,29960,2,31320,3,0,0,0,0,14,2,17,2
33928,30460,1,30483,3,29958,5,29960,2,31320,3,0,0,0,0,14,2,17,2
33929,30461,1,30484,3,29961,4,29962,1,31320,3,0,0,0,0,18,2,16,2
33930,30462,1,30484,4,29961,5,29962,2,31320,4,0,0,0,0,18,2,16,2
33931,30463,1,30484,3,29962,4,29961,1,31320,3,0,0,0,0,17,2,16,2
33932,30464,1,30484,4,29961,5,29962,2,31320,4,0,0,0,0,18,2,16,2
33933,30465,1,30484,3,29962,4,29958,1,31320,3,0,0,0,0,17,2,16,2
33934,30466,1,30484,3,29961,4,29962,1,31320,3,0,0,0,0,18,2,16,2
33935,30467,1,30484,4,29962,5,29959,2,31320,4,0,0,0,0,17,2,16,2
33936,30468,1,30484,3,29962,4,29961,1,31320,3,0,0,0,0,17,2,16,2
33937,30469,1,30484,4,29961,5,29962,2,31320,4,0,0,0,0,18,2,16,2
33938,30470,1,30484,3,29962,4,29958,1,31320,3,0,0,0,0,17,2,16,2
33939,0,0,0,0,0,0,0,0,0,0,0,0,0,0,17,2,16,2
33940,30472,1,30483,2,29959,3,29961,1,31320,2,0,0,0,0,16,2,14,2
33941,30473,1,30483,2,29959,3,29961,1,31320,2,0,0,0,0,16,2,14,2
33942,30474,1,30483,2,29959,3,29961,1,31320,2,0,0,0,0,16,2,14,2
33943,30475,1,30483,2,29959,3,29961,1,31320,2,0,0,0,0,16,2,14,2
33944,0,0,0,0,0,0,0,0,0,0,0,0,0,0,17,2,16,2
33945,30477,1,30484,2,29960,3,29962,1,31320,2,0,0,0,0,16,2,15,2
33946,30478,1,30484,2,29960,3,29962,1,31320,2,0,0,0,0,16,2,15,2
33947,30479,1,30484,2,29960,3,29962,1,31320,2,0,0,0,0,16,2,15,2
33948,30480,1,30484,2,29960,3,29962,1,31320,2,0,0,0,0,16,2,15,2
33949,30481,3,30487,1,27841,1,27851,1,12878,1,30590,1,0,0,14,2,19,2
33950,30482,3,30487,1,27838,1,27825,2,19857,1,30590,1,0,0,14,2,19,2
33951,30483,1,30486,3,28718,1,30590,1,0,0,0,0,0,0,15,2,17,2
33952,30484,1,30485,3,28718,1,30590,1,0,0,0,0,0,0,19,2,18,2
33953,30493,1,30503,1,0,0,0,0,0,0,0,0,0,0,10,4,9,2
33954,30494,1,30504,1,0,0,0,0,0,0,0,0,0,0,10,4,9,2
33955,30495,1,30505,1,0,0,0,0,0,0,0,0,0,0,10,4,9,2
33956,30496,1,30506,1,0,0,0,0,0,0,0,0,0,0,10,4,9,2
33957,30497,1,30507,1,0,0,0,0,0,0,0,0,0,0,10,4,9,2
33958,30493,1,30503,1,0,0,0,0,0,0,0,0,0,0,8,4,11,2
33959,30494,1,30504,1,0,0,0,0,0,0,0,0,0,0,8,4,11,2
33960,30495,1,30505,1,0,0,0,0,0,0,0,0,0,0,8,4,11,2
33961,30496,1,30506,1,0,0,0,0,0,0,0,0,0,0,8,4,11,2
33962,30497,1,30507,1,0,0,0,0,0,0,0,0,0,0,8,4,11,2
33963,30493,1,30503,1,0,0,0,0,0,0,0,0,0,0,9,4,11,2
33964,30494,1,30504,1,0,0,0,0,0,0,0,0,0,0,9,4,11,2
33965,30495,1,30505,1,0,0,0,0,0,0,0,0,0,0,9,4,11,2
33966,30496,1,30506,1,0,0,0,0,0,0,0,0,0,0,9,4,11,2
33967,30497,1,30507,1,0,0,0,0,0,0,0,0,0,0,9,4,11,2
33968,30493,1,30503,1,0,0,0,0,0,0,0,0,0,0,10,4,8,2
33969,30494,1,30504,1,0,0,0,0,0,0,0,0,0,0,10,4,8,2
33970,30495,1,30505,1,0,0,0,0,0,0,0,0,0,0,10,4,8,2
33971,30496,1,30506,1,0,0,0,0,0,0,0,0,0,0,10,4,8,2
33972,30497,1,30507,1,0,0,0,0,0,0,0,0,0,0,10,4,8,2
33973,30493,1,30503,1,0,0,0,0,0,0,0,0,0,0,11,4,10,2
33974,30494,1,30504,1,0,0,0,0,0,0,0,0,0,0,11,4,10,2
33975,30495,1,30505,1,0,0,0,0,0,0,0,0,0,0,11,4,10,2
33976,30496,1,30506,1,0,0,0,0,0,0,0,0,0,0,11,4,10,2
33977,30497,1,30507,1,0,0,0,0,0,0,0,0,0,0,11,4,10,2
33978,30493,1,30503,1,0,0,0,0,0,0,0,0,0,0,12,4,10,2
33979,30494,1,30504,1,0,0,0,0,0,0,0,0,0,0,12,4,10,2
33980,30495,1,30505,1,0,0,0,0,0,0,0,0,0,0,12,4,10,2
33981,30496,1,30506,1,0,0,0,0,0,0,0,0,0,0,12,4,10,2
33982,30497,1,30507,1,0,0,0,0,0,0,0,0,0,0,12,4,10,2
33983,30493,1,30503,1,0,0,0,0,0,0,0,0,0,0,13,4,12,2
33984,30494,1,30504,1,0,0,0,0,0,0,0,0,0,0,13,4,12,2
33985,30495,1,30505,1,0,0,0,0,0,0,0,0,0,0,13,4,12,2
33986,30496,1,30506,1,0,0,0,0,0,0,0,0,0,0,13,4,12,2
33987,30497,1,30507,1,0,0,0,0,0,0,0,0,0,0,13,4,12,2
33988,30493,1,30503,1,0,0,0,0,0,0,0,0,0,0,8,4,13,2
33989,30494,1,30504,1,0,0,0,0,0,0,0,0,0,0,8,4,13,2
33990,30495,1,30505,1,0,0,0,0,0,0,0,0,0,0,8,4,13,2
33991,30496,1,30506,1,0,0,0,0,0,0,0,0,0,0,8,4,13,2
33992,30497,1,30507,1,0,0,0,0,0,0,0,0,0,0,8,4,13,2
33993,36131,1,19949,3,19929,2,19947,2,23209,1,16733,5,0,0,8,7,11,7
33994,30812,1,19949,3,19929,2,19947,2,23209,1,16733,5,0,0,8,7,11,7
33995,30813,1,19949,3,19948,2,19946,2,23209,1,16733,5,0,0,8,7,11,7
33996,30814,1,19949,3,19948,2,19947,2,23209,1,16733,5,0,0,8,7,11,7
33997,30815,1,19929,3,19949,2,19928,2,23209,1,16733,5,0,0,10,7,9,7
33998,30816,1,19949,3,19929,2,19947,2,23209,1,16733,5,0,0,8,7,11,7
33999,30817,1,19949,3,19929,2,19947,2,23209,1,16733,5,0,0,8,7,11,7
34000,30818,1,19949,3,19948,2,19946,2,23209,1,16733,5,0,0,8,7,11,7
34001,30819,1,19929,3,19990,2,19947,2,23209,1,16733,5,0,0,10,7,9,7
34002,30820,1,19929,3,19948,2,19967,2,23209,1,16733,5,0,0,10,7,9,7
34003,30821,1,19903,2,19998,3,19929,2,23209,1,16733,5,0,0,13,7,12,7
34004,30822,1,19903,2,19998,2,19929,3,23209,1,16733,5,0,0,13,7,12,7
34005,30823,1,19948,3,19990,2,19946,2,23209,1,16733,5,0,0,10,7,8,7
34006,30824,1,19949,3,19948,2,19947,2,23209,1,16733,5,0,0,8,7,11,7
34007,30825,1,19948,3,19949,2,19967,2,23209,1,16733,5,0,0,10,7,8,7
34008,36131,1,19949,3,19929,2,19947,2,23209,1,16733,5,0,0,9,7,11,7
34009,36132,1,19949,3,19948,2,19947,2,24003,1,16733,5,0,0,8,7,11,7
34010,30828,1,19949,3,19929,2,19946,2,24003,1,16733,5,0,0,8,7,11,7
34011,30829,1,19949,3,19929,2,19947,2,24003,1,16733,5,0,0,8,7,11,7
34012,30830,1,19949,3,19929,2,19946,2,24003,1,16733,5,0,0,8,7,11,7
34013,30831,1,19948,3,19929,2,19946,2,24003,1,16733,5,0,0,10,7,8,7
34014,30832,1,19949,3,19929,2,19947,2,24003,1,16733,5,0,0,8,7,11,7
34015,30833,1,19949,3,19929,2,19947,2,24003,1,16733,5,0,0,8,7,11,7
34016,30834,1,19949,3,19948,2,19946,2,24003,1,16733,5,0,0,8,7,11,7
34017,30835,1,19929,3,19948,2,19928,2,24003,1,16733,5,0,0,10,7,9,7
34018,30836,1,19948,3,19929,2,19967,2,24003,1,16733,5,0,0,10,7,8,7
34019,30837,1,19903,2,19998,3,19929,2,24003,1,16733,5,0,0,13,7,12,7
34020,30838,1,19903,2,19998,2,19929,3,24003,1,16733,5,0,0,13,7,12,7
34021,30839,1,19948,3,19949,2,19928,2,24003,1,16733,5,0,0,10,7,8,7
34022,30840,1,19949,3,19929,2,19947,2,24003,1,16733,5,0,0,8,7,11,7
34023,30841,1,19948,3,19929,2,19967,2,24003,1,16733,5,0,0,10,7,8,7
34024,36132,1,19949,3,19948,2,19947,2,24003,1,16733,5,0,0,9,7,11,7
34025,36133,1,19949,3,19998,2,19946,2,24803,1,16733,5,0,0,8,7,11,7
34026,30844,1,19949,3,19998,2,19947,2,24803,1,16733,5,0,0,8,7,11,7
34027,30845,1,19949,3,19998,2,19946,2,24803,1,16733,5,0,0,8,7,11,7
34028,30846,1,19949,3,19998,2,19947,2,24803,1,16733,5,0,0,8,7,11,7
34029,30847,1,19929,3,19998,2,19947,2,24803,1,16733,5,0,0,10,7,9,7
34030,30848,1,19949,3,19998,2,19947,2,24803,1,16733,5,0,0,8,7,11,7
34031,30849,1,19949,3,19948,2,19947,2,24803,1,16733,5,0,0,8,7,11,7
34032,30850,1,19949,3,19990,2,19947,2,24803,1,16733,5,0,0,8,7,11,7
34033,30851,1,19948,3,19998,2,19967,2,24803,1,16733,5,0,0,10,7,8,7
34034,30852,1,19948,3,19949,2,19967,2,24803,1,16733,5,0,0,10,7,8,7
34035,30853,1,19903,2,19998,3,19929,2,24803,1,16733,5,0,0,13,7,12,7
34036,30854,1,19903,2,19998,2,19929,3,24803,1,16733,5,0,0,13,7,12,7
34037,30855,1,19948,3,19949,2,19967,2,24803,1,16733,5,0,0,10,7,8,7
34038,30856,1,19949,3,19998,2,19947,2,24803,1,16733,5,0,0,8,7,11,7
34039,30857,1,19948,3,19949,2,19967,2,24803,1,16733,5,0,0,10,7,8,7
34040,36133,1,19949,3,19998,2,19946,2,24803,1,16733,5,0,0,9,7,11,7
34041,30755,1,31091,3,29961,2,29962,1,0,0,0,0,0,0,12,7,10,7
34042,30756,1,31091,2,29961,3,27757,1,0,0,0,0,0,0,12,7,10,7
34043,30757,1,31091,2,29961,3,27757,1,0,0,0,0,0,0,12,7,10,7
34044,30758,1,31091,1,29962,2,27757,1,0,0,0,0,0,0,11,7,10,7
34045,30678,1,30615,1,29958,3,29959,2,27714,2,0,0,0,0,15,2,17,2
34046,30381,1,30615,1,29958,2,29962,1,27714,1,0,0,0,0,9,7,11,7
34047,30970,1,5403,2,5366,1,12518,1,12594,1,0,0,0,0,10,2,9,1
34048,30971,1,5366,2,12518,2,0,0,0,0,0,0,0,0,10,3,9,3
34049,30972,1,12580,3,12528,1,0,0,0,0,0,0,0,0,10,4,9,3
34050,30973,1,12581,1,12607,3,0,0,0,0,0,0,0,0,10,5,9,4
34051,30974,1,12582,3,7017,1,0,0,0,0,0,0,0,0,10,5,9,5
34052,30975,1,12583,1,12586,2,12592,1,12608,1,0,0,0,0,10,6,9,5
34053,30976,1,19925,2,19939,1,12596,1,0,0,0,0,0,0,10,3,9,3
34054,30977,1,19926,1,19925,1,19978,1,7017,1,0,0,0,0,10,4,9,3
34055,30978,1,5372,2,19980,1,19904,1,0,0,0,0,0,0,10,5,9,4
34056,30979,1,19927,2,5372,1,7017,1,0,0,0,0,0,0,10,5,9,5
34057,30980,1,19928,3,19945,1,0,0,0,0,0,0,0,0,10,6,9,5
34058,30981,1,27689,1,27706,2,27738,1,0,0,0,0,0,0,10,6,9,6
34059,30982,1,27690,2,27765,1,27707,1,0,0,0,0,0,0,10,7,9,6
34060,30983,1,27691,2,27710,2,0,0,0,0,0,0,0,0,10,7,9,6
34061,30984,1,27692,2,27713,1,27775,1,0,0,0,0,0,0,10,7,9,7
34062,30985,1,12518,2,5366,1,12562,1,0,0,0,0,0,0,8,2,11,1
34063,30986,1,12518,2,12562,1,5506,1,0,0,0,0,0,0,8,3,11,3
34064,30987,1,12518,2,12562,1,12528,1,0,0,0,0,0,0,8,4,11,3
34065,30988,1,12524,2,12581,1,5507,1,0,0,0,0,0,0,8,5,11,4
34066,30989,1,12524,3,12581,1,0,0,0,0,0,0,0,0,8,5,11,5
34067,30990,1,12526,2,12583,1,12566,1,0,0,0,0,0,0,8,6,11,5
34068,30991,1,19939,2,12524,1,19993,1,0,0,0,0,0,0,8,3,11,3
34069,30992,1,19941,2,19926,2,0,0,0,0,0,0,0,0,8,4,11,3
34070,30993,1,19943,2,19926,1,19980,1,0,0,0,0,0,0,8,5,11,4
34071,30994,1,19945,2,19927,1,19943,1,0,0,0,0,0,0,8,5,11,5
34072,30995,1,19947,3,19945,1,0,0,0,0,0,0,0,0,8,6,11,5
34073,30996,1,27706,2,27707,1,19943,1,0,0,0,0,0,0,8,6,11,6
34074,30997,1,27706,2,27689,1,27802,1,0,0,0,0,0,0,8,7,11,6
34075,30998,1,27711,2,27710,1,12544,1,0,0,0,0,0,0,8,7,11,6
34076,30999,1,27713,2,27692,1,27741,1,0,0,0,0,0,0,8,7,11,7
34077,31000,1,12518,2,12562,1,5066,1,0,0,0,0,0,0,9,2,11,1
34078,31001,1,12518,3,12562,1,0,0,0,0,0,0,0,0,9,3,11,3
34079,31002,1,12519,3,12528,1,0,0,0,0,0,0,0,0,9,4,11,3
34080,31003,1,12524,2,12581,1,12529,1,0,0,0,0,0,0,9,5,11,4
34081,31004,1,12525,1,12565,1,12564,1,12521,1,0,0,0,0,9,5,11,5
34082,31005,1,12526,2,12525,1,12566,1,0,0,0,0,0,0,9,6,11,5
34083,31006,1,19939,3,19938,1,0,0,0,0,0,0,0,0,9,3,11,3
34084,31007,1,19941,2,19993,1,19938,1,0,0,0,0,0,0,9,4,11,3
34085,31008,1,19943,2,19995,1,19940,1,0,0,0,0,0,0,9,5,11,4
34086,31009,1,19945,2,19983,1,19995,1,0,0,0,0,0,0,9,5,11,5
34087,31010,1,19947,2,19997,1,19988,1,0,0,0,0,0,0,9,6,11,5
34088,31011,1,27706,2,27707,1,27745,1,0,0,0,0,0,0,9,6,11,6
34089,31012,1,27708,2,27748,1,5360,2,0,0,0,0,0,0,9,7,11,6
34090,31013,1,27711,2,27740,1,5068,1,0,0,0,0,0,0,9,7,11,6
34091,31014,1,27713,2,27712,1,12520,1,0,0,0,0,0,0,9,7,11,7
34092,31015,1,12518,2,12610,1,12562,1,0,0,0,0,0,0,10,2,8,1
34093,31016,1,12518,1,12542,2,5196,1,0,0,0,0,0,0,10,3,8,3
34094,31017,1,12518,2,5366,1,5262,1,0,0,0,0,0,0,10,4,8,3
34095,31018,1,12520,2,12610,1,12541,1,0,0,0,0,0,0,10,5,8,4
34096,31019,1,12521,2,12565,1,12542,1,0,0,0,0,0,0,10,5,8,5
34097,31020,1,12522,2,12521,1,12795,2,0,0,0,0,0,0,10,6,8,5
34098,31021,1,19938,2,19939,1,12549,1,0,0,0,0,0,0,10,3,8,3
34099,31022,1,19940,2,19963,1,19978,1,0,0,0,0,0,0,10,4,8,3
34100,31023,1,19942,1,12544,2,19965,1,0,0,0,0,0,0,10,5,8,4
34101,31024,1,19944,2,19927,1,19942,1,0,0,0,0,0,0,10,5,8,5
34102,31025,1,19946,2,19928,1,20008,1,0,0,0,0,0,0,10,6,8,5
34103,31026,1,27707,2,27706,1,19967,1,0,0,0,0,0,0,10,6,8,6
34104,31027,1,27709,2,27766,1,5066,1,0,0,0,0,0,0,10,7,8,6
34105,31028,1,27710,2,27751,1,19988,1,0,0,0,0,0,0,10,7,8,6
34106,31029,1,27712,2,27741,1,12520,1,0,0,0,0,0,0,10,7,8,7
34107,31030,1,12562,3,12594,1,0,0,0,0,0,0,0,0,11,2,10,1
34108,31031,1,12562,2,12594,1,5359,1,5360,1,0,0,0,0,11,3,10,3
34109,31032,1,12563,2,12519,1,12575,2,0,0,0,0,0,0,11,4,10,3
34110,31033,1,12564,2,12590,1,12595,1,0,0,0,0,0,0,11,5,10,4
34111,31034,1,12565,2,12521,2,0,0,0,0,0,0,0,0,11,5,10,5
34112,31035,1,12566,2,12591,1,5068,1,0,0,0,0,0,0,11,6,10,5
34113,31036,1,19993,2,19974,1,19975,1,0,0,0,0,0,0,11,3,10,3
34114,31037,1,19994,2,19977,1,19978,1,0,0,0,0,0,0,11,4,10,3
34115,31038,1,19995,2,19942,1,19978,1,0,0,0,0,0,0,11,5,10,4
34116,31039,1,19996,2,19942,1,19981,1,0,0,0,0,0,0,11,5,10,5
34117,31040,1,19997,2,19983,1,19945,1,0,0,0,0,0,0,11,6,10,5
34118,31041,1,27738,2,27745,1,19942,1,0,0,0,0,0,0,11,6,10,6
34119,31042,1,27739,2,27748,1,5338,1,0,0,0,0,0,0,11,7,10,6
34120,31043,1,27740,2,27710,1,27752,1,0,0,0,0,0,0,11,7,10,6
34121,31044,1,27741,2,27754,1,12595,1,0,0,0,0,0,0,11,7,10,7
34122,31045,1,12588,2,12562,1,5066,1,0,0,0,0,0,0,12,2,10,1
34123,31046,1,12588,2,12543,1,12594,1,0,0,0,0,0,0,12,3,10,3
34124,31047,1,12589,1,12563,1,12594,1,5342,2,0,0,0,0,12,4,10,3
34125,31048,1,12590,2,5068,1,12545,1,0,0,0,0,0,0,12,5,10,4
34126,31049,1,12591,2,12564,1,12546,1,0,0,0,0,0,0,12,5,10,5
34127,31050,1,12592,2,12525,1,5068,1,0,0,0,0,0,0,12,6,10,5
34128,31051,1,19974,3,19993,1,0,0,0,0,0,0,0,0,12,3,10,3
34129,31052,1,19977,2,19994,1,19941,1,0,0,0,0,0,0,12,4,10,3
34130,31053,1,19980,2,19942,1,19978,1,0,0,0,0,0,0,12,5,10,4
34131,31054,1,19983,2,19996,1,19942,1,0,0,0,0,0,0,12,5,10,5
34132,31055,1,19987,2,19988,1,19946,1,0,0,0,0,0,0,12,6,10,5
34133,31056,1,27745,2,27738,1,12544,1,0,0,0,0,0,0,12,6,10,6
34134,31057,1,27748,2,27739,1,12544,1,0,0,0,0,0,0,12,7,10,6
34135,31058,1,27751,2,27740,1,27752,1,0,0,0,0,0,0,12,7,10,6
34136,31059,1,27754,2,27741,1,12520,1,0,0,0,0,0,0,12,7,10,7
34137,31060,1,12601,1,12562,2,5066,1,0,0,0,0,0,0,13,2,12,1
34138,31061,1,12601,1,12562,2,5288,1,0,0,0,0,0,0,13,3,12,3
34139,31062,1,12628,4,12883,3,6152,1,0,0,0,0,0,0,13,4,12,3
34140,31063,1,12602,1,12564,2,12520,1,0,0,0,0,0,0,13,5,12,4
34141,31064,1,12632,2,12971,2,12638,2,12639,2,0,0,0,0,13,5,12,5
34142,31065,1,12603,1,12522,2,12521,1,0,0,0,0,0,0,13,6,12,5
34143,31066,1,19901,1,19938,2,19925,1,0,0,0,0,0,0,13,3,12,3
34144,31067,1,19871,2,19917,2,12640,2,20006,2,0,0,0,0,13,4,12,3
34145,31068,1,19902,1,19995,2,5372,1,0,0,0,0,0,0,13,5,12,4
34146,31069,1,19916,3,19909,2,20010,1,0,0,0,0,0,0,13,5,12,5
34147,31070,1,19903,1,19997,2,19928,1,0,0,0,0,0,0,13,6,12,5
34148,31071,1,27968,3,27763,3,19913,2,0,0,0,0,0,0,13,6,12,6
34149,31072,1,27766,1,27739,1,27708,2,0,0,0,0,0,0,13,7,12,6
34150,31073,1,27772,1,27711,2,27710,1,0,0,0,0,0,0,13,7,12,6
34151,31074,1,27782,2,27799,2,27785,2,19853,2,0,0,0,0,13,7,12,7
34152,31075,1,12874,1,12878,1,12881,2,4787,1,12894,1,0,0,8,2,13,1
34153,31076,1,12893,3,4852,1,12881,2,0,0,0,0,0,0,8,3,13,3
34154,31077,1,12899,2,4829,1,4845,1,12895,1,6152,1,0,0,8,4,13,3
34155,31078,1,12872,2,12890,1,12737,2,12850,1,0,0,0,0,8,5,13,4
34156,31079,1,12908,3,4829,1,4838,1,4857,1,0,0,0,0,8,5,13,5
34157,31080,1,12893,2,12892,3,4862,1,0,0,0,0,0,0,8,6,13,5
34158,31081,1,19841,1,19877,1,4753,1,4842,1,4806,1,4850,1,8,3,13,3
34159,31082,1,19873,2,4785,1,19864,1,4830,1,19848,1,0,0,8,4,13,3
34160,31083,1,19841,1,19877,1,19846,1,20187,1,20179,1,19865,1,8,5,13,4
34161,31084,1,19869,1,19841,1,19877,1,4844,1,19844,1,19878,1,8,5,13,5
34162,31085,1,19849,1,19843,1,19863,1,19865,1,20187,1,19877,1,8,6,13,5
34163,31086,1,27850,2,27838,2,12901,1,4829,1,0,0,0,0,8,6,13,6
34164,31087,1,27840,2,27838,1,12908,2,27825,1,0,0,0,0,8,7,13,6
34165,31088,1,27822,1,27841,1,19878,1,12878,1,4756,1,27827,1,8,7,13,6
34166,31089,1,27837,2,27782,1,12894,1,27839,1,4828,1,0,0,8,7,13,7
34167,31137,1,31136,1,0,0,0,0,0,0,0,0,0,0,10,6,9,5
34168,31139,1,31138,1,0,0,0,0,0,0,0,0,0,0,10,6,9,5
34169,31141,1,31140,1,0,0,0,0,0,0,0,0,0,0,10,6,9,5
34170,31143,1,31142,1,0,0,0,0,0,0,0,0,0,0,10,6,9,5
34171,31145,1,31144,1,0,0,0,0,0,0,0,0,0,0,10,6,9,5
34172,31147,1,31146,1,0,0,0,0,0,0,0,0,0,0,10,6,9,5
34173,31149,1,31148,1,0,0,0,0,0,0,0,0,0,0,10,6,9,5
34174,31151,1,31150,1,0,0,0,0,0,0,0,0,0,0,10,6,9,5
34175,31153,1,31152,1,0,0,0,0,0,0,0,0,0,0,10,6,9,5
34176,31155,1,31154,1,0,0,0,0,0,0,0,0,0,0,10,6,9,5
34177,31157,1,31156,1,0,0,0,0,0,0,0,0,0,0,10,6,9,5
34178,31159,1,31158,1,0,0,0,0,0,0,0,0,0,0,10,6,9,5
34179,31161,1,31160,1,0,0,0,0,0,0,0,0,0,0,10,6,9,5
34180,31163,1,31162,1,0,0,0,0,0,0,0,0,0,0,10,6,9,5
34181,31165,1,31164,1,0,0,0,0,0,0,0,0,0,0,10,6,9,5
34182,31167,1,31166,1,0,0,0,0,0,0,0,0,0,0,10,6,9,5
34183,31169,1,31168,1,0,0,0,0,0,0,0,0,0,0,10,6,9,5
34184,31171,1,31170,1,0,0,0,0,0,0,0,0,0,0,10,6,9,5
34185,31173,1,31172,1,0,0,0,0,0,0,0,0,0,0,10,6,9,5
34186,31175,1,31174,1,0,0,0,0,0,0,0,0,0,0,10,6,9,5
34187,31177,1,31176,1,0,0,0,0,0,0,0,0,0,0,10,6,9,5
34188,31179,1,31178,1,0,0,0,0,0,0,0,0,0,0,10,6,9,5
34189,31181,1,31180,1,0,0,0,0,0,0,0,0,0,0,10,6,9,5
34190,31183,1,31182,1,0,0,0,0,0,0,0,0,0,0,10,6,9,5
34191,31137,1,31136,1,0,0,0,0,0,0,0,0,0,0,8,6,11,5
34192,31139,1,31138,1,0,0,0,0,0,0,0,0,0,0,8,6,11,5
34193,31141,1,31140,1,0,0,0,0,0,0,0,0,0,0,8,6,11,5
34194,31143,1,31142,1,0,0,0,0,0,0,0,0,0,0,8,6,11,5
34195,31145,1,31144,1,0,0,0,0,0,0,0,0,0,0,8,6,11,5
34196,31147,1,31146,1,0,0,0,0,0,0,0,0,0,0,8,6,11,5
34197,31149,1,31148,1,0,0,0,0,0,0,0,0,0,0,8,6,11,5
34198,31151,1,31150,1,0,0,0,0,0,0,0,0,0,0,8,6,11,5
34199,31153,1,31152,1,0,0,0,0,0,0,0,0,0,0,8,6,11,5
34200,31155,1,31154,1,0,0,0,0,0,0,0,0,0,0,8,6,11,5
34201,31157,1,31156,1,0,0,0,0,0,0,0,0,0,0,8,6,11,5
34202,31159,1,31158,1,0,0,0,0,0,0,0,0,0,0,8,6,11,5
34203,31161,1,31160,1,0,0,0,0,0,0,0,0,0,0,8,6,11,5
34204,31163,1,31162,1,0,0,0,0,0,0,0,0,0,0,8,6,11,5
34205,31165,1,31164,1,0,0,0,0,0,0,0,0,0,0,8,6,11,5
34206,31167,1,31166,1,0,0,0,0,0,0,0,0,0,0,8,6,11,5
34207,31169,1,31168,1,0,0,0,0,0,0,0,0,0,0,8,6,11,5
34208,31171,1,31170,1,0,0,0,0,0,0,0,0,0,0,8,6,11,5
34209,31173,1,31172,1,0,0,0,0,0,0,0,0,0,0,8,6,11,5
34210,31175,1,31174,1,0,0,0,0,0,0,0,0,0,0,8,6,11,5
34211,31177,1,31176,1,0,0,0,0,0,0,0,0,0,0,8,6,11,5
34212,31179,1,31178,1,0,0,0,0,0,0,0,0,0,0,8,6,11,5
34213,31181,1,31180,1,0,0,0,0,0,0,0,0,0,0,8,6,11,5
34214,31183,1,31182,1,0,0,0,0,0,0,0,0,0,0,8,6,11,5
34215,31137,1,31136,1,0,0,0,0,0,0,0,0,0,0,9,6,11,5
34216,31139,1,31138,1,0,0,0,0,0,0,0,0,0,0,9,6,11,5
34217,31141,1,31140,1,0,0,0,0,0,0,0,0,0,0,9,6,11,5
34218,31143,1,31142,1,0,0,0,0,0,0,0,0,0,0,9,6,11,5
34219,31145,1,31144,1,0,0,0,0,0,0,0,0,0,0,9,6,11,5
34220,31147,1,31146,1,0,0,0,0,0,0,0,0,0,0,9,6,11,5
34221,31149,1,31148,1,0,0,0,0,0,0,0,0,0,0,9,6,11,5
34222,31151,1,31150,1,0,0,0,0,0,0,0,0,0,0,9,6,11,5
34223,31153,1,31152,1,0,0,0,0,0,0,0,0,0,0,9,6,11,5
34224,31155,1,31154,1,0,0,0,0,0,0,0,0,0,0,9,6,11,5
34225,31157,1,31156,1,0,0,0,0,0,0,0,0,0,0,9,6,11,5
34226,31159,1,31158,1,0,0,0,0,0,0,0,0,0,0,9,6,11,5
34227,31161,1,31160,1,0,0,0,0,0,0,0,0,0,0,9,6,11,5
34228,31163,1,31162,1,0,0,0,0,0,0,0,0,0,0,9,6,11,5
34229,31165,1,31164,1,0,0,0,0,0,0,0,0,0,0,9,6,11,5
34230,31167,1,31166,1,0,0,0,0,0,0,0,0,0,0,9,6,11,5
34231,31169,1,31168,1,0,0,0,0,0,0,0,0,0,0,9,6,11,5
34232,31171,1,31170,1,0,0,0,0,0,0,0,0,0,0,9,6,11,5
34233,31173,1,31172,1,0,0,0,0,0,0,0,0,0,0,9,6,11,5
34234,31175,1,31174,1,0,0,0,0,0,0,0,0,0,0,9,6,11,5
34235,31177,1,31176,1,0,0,0,0,0,0,0,0,0,0,9,6,11,5
34236,31179,1,31178,1,0,0,0,0,0,0,0,0,0,0,9,6,11,5
34237,31181,1,31180,1,0,0,0,0,0,0,0,0,0,0,9,6,11,5
34238,31183,1,31182,1,0,0,0,0,0,0,0,0,0,0,9,6,11,5
34239,31137,1,31136,1,0,0,0,0,0,0,0,0,0,0,10,6,8,5
34240,31139,1,31138,1,0,0,0,0,0,0,0,0,0,0,10,6,8,5
34241,31141,1,31140,1,0,0,0,0,0,0,0,0,0,0,10,6,8,5
34242,31143,1,31142,1,0,0,0,0,0,0,0,0,0,0,10,6,8,5
34243,31145,1,31144,1,0,0,0,0,0,0,0,0,0,0,10,6,8,5
34244,31147,1,31146,1,0,0,0,0,0,0,0,0,0,0,10,6,8,5
34245,31149,1,31148,1,0,0,0,0,0,0,0,0,0,0,10,6,8,5
34246,31151,1,31150,1,0,0,0,0,0,0,0,0,0,0,10,6,8,5
34247,31153,1,31152,1,0,0,0,0,0,0,0,0,0,0,10,6,8,5
34248,31155,1,31154,1,0,0,0,0,0,0,0,0,0,0,10,6,8,5
34249,31157,1,31156,1,0,0,0,0,0,0,0,0,0,0,10,6,8,5
34250,31159,1,31158,1,0,0,0,0,0,0,0,0,0,0,10,6,8,5
34251,31161,1,31160,1,0,0,0,0,0,0,0,0,0,0,10,6,8,5
34252,31163,1,31162,1,0,0,0,0,0,0,0,0,0,0,10,6,8,5
34253,31165,1,31164,1,0,0,0,0,0,0,0,0,0,0,10,6,8,5
34254,31167,1,31166,1,0,0,0,0,0,0,0,0,0,0,10,6,8,5
34255,31169,1,31168,1,0,0,0,0,0,0,0,0,0,0,10,6,8,5
34256,31171,1,31170,1,0,0,0,0,0,0,0,0,0,0,10,6,8,5
34257,31173,1,31172,1,0,0,0,0,0,0,0,0,0,0,10,6,8,5
34258,31175,1,31174,1,0,0,0,0,0,0,0,0,0,0,10,6,8,5
34259,31177,1,31176,1,0,0,0,0,0,0,0,0,0,0,10,6,8,5
34260,31179,1,31178,1,0,0,0,0,0,0,0,0,0,0,10,6,8,5
34261,31181,1,31180,1,0,0,0,0,0,0,0,0,0,0,10,6,8,5
34262,31183,1,31182,1,0,0,0,0,0,0,0,0,0,0,10,6,8,5
34263,31137,1,31136,1,0,0,0,0,0,0,0,0,0,0,11,6,10,5
34264,31139,1,31138,1,0,0,0,0,0,0,0,0,0,0,11,6,10,5
34265,31141,1,31140,1,0,0,0,0,0,0,0,0,0,0,11,6,10,5
34266,31143,1,31142,1,0,0,0,0,0,0,0,0,0,0,11,6,10,5
34267,31145,1,31144,1,0,0,0,0,0,0,0,0,0,0,11,6,10,5
34268,31147,1,31146,1,0,0,0,0,0,0,0,0,0,0,11,6,10,5
34269,31149,1,31148,1,0,0,0,0,0,0,0,0,0,0,11,6,10,5
34270,31151,1,31150,1,0,0,0,0,0,0,0,0,0,0,11,6,10,5
34271,31153,1,31152,1,0,0,0,0,0,0,0,0,0,0,11,6,10,5
34272,31155,1,31154,1,0,0,0,0,0,0,0,0,0,0,11,6,10,5
34273,31157,1,31156,1,0,0,0,0,0,0,0,0,0,0,11,6,10,5
34274,31159,1,31158,1,0,0,0,0,0,0,0,0,0,0,11,6,10,5
34275,31161,1,31160,1,0,0,0,0,0,0,0,0,0,0,11,6,10,5
34276,31163,1,31162,1,0,0,0,0,0,0,0,0,0,0,11,6,10,5
34277,31165,1,31164,1,0,0,0,0,0,0,0,0,0,0,11,6,10,5
34278,31167,1,31166,1,0,0,0,0,0,0,0,0,0,0,11,6,10,5
34279,31169,1,31168,1,0,0,0,0,0,0,0,0,0,0,11,6,10,5
34280,31171,1,31170,1,0,0,0,0,0,0,0,0,0,0,11,6,10,5
34281,31173,1,31172,1,0,0,0,0,0,0,0,0,0,0,11,6,10,5
34282,31175,1,31174,1,0,0,0,0,0,0,0,0,0,0,11,6,10,5
34283,31177,1,31176,1,0,0,0,0,0,0,0,0,0,0,11,6,10,5
34284,31179,1,31178,1,0,0,0,0,0,0,0,0,0,0,11,6,10,5
34285,31181,1,31180,1,0,0,0,0,0,0,0,0,0,0,11,6,10,5
34286,31183,1,31182,1,0,0,0,0,0,0,0,0,0,0,11,6,10,5
34287,31137,1,31136,1,0,0,0,0,0,0,0,0,0,0,12,6,10,5
34288,31139,1,31138,1,0,0,0,0,0,0,0,0,0,0,12,6,10,5
34289,31141,1,31140,1,0,0,0,0,0,0,0,0,0,0,12,6,10,5
34290,31143,1,31142,1,0,0,0,0,0,0,0,0,0,0,12,6,10,5
34291,31145,1,31144,1,0,0,0,0,0,0,0,0,0,0,12,6,10,5
34292,31147,1,31146,1,0,0,0,0,0,0,0,0,0,0,12,6,10,5
34293,31149,1,31148,1,0,0,0,0,0,0,0,0,0,0,12,6,10,5
34294,31151,1,31150,1,0,0,0,0,0,0,0,0,0,0,12,6,10,5
34295,31153,1,31152,1,0,0,0,0,0,0,0,0,0,0,12,6,10,5
34296,31155,1,31154,1,0,0,0,0,0,0,0,0,0,0,12,6,10,5
34297,31157,1,31156,1,0,0,0,0,0,0,0,0,0,0,12,6,10,5
34298,31159,1,31158,1,0,0,0,0,0,0,0,0,0,0,12,6,10,5
34299,31161,1,31160,1,0,0,0,0,0,0,0,0,0,0,12,6,10,5
34300,31163,1,31162,1,0,0,0,0,0,0,0,0,0,0,12,6,10,5
34301,31165,1,31164,1,0,0,0,0,0,0,0,0,0,0,12,6,10,5
34302,31167,1,31166,1,0,0,0,0,0,0,0,0,0,0,12,6,10,5
34303,31169,1,31168,1,0,0,0,0,0,0,0,0,0,0,12,6,10,5
34304,31171,1,31170,1,0,0,0,0,0,0,0,0,0,0,12,6,10,5
34305,31173,1,31172,1,0,0,0,0,0,0,0,0,0,0,12,6,10,5
34306,31175,1,31174,1,0,0,0,0,0,0,0,0,0,0,12,6,10,5
34307,31177,1,31176,1,0,0,0,0,0,0,0,0,0,0,12,6,10,5
34308,31179,1,31178,1,0,0,0,0,0,0,0,0,0,0,12,6,10,5
34309,31181,1,31180,1,0,0,0,0,0,0,0,0,0,0,12,6,10,5
34310,31183,1,31182,1,0,0,0,0,0,0,0,0,0,0,12,6,10,5
34311,31137,1,31136,1,0,0,0,0,0,0,0,0,0,0,13,6,12,5
34312,31139,1,31138,1,0,0,0,0,0,0,0,0,0,0,13,6,12,5
34313,31141,1,31140,1,0,0,0,0,0,0,0,0,0,0,13,6,12,5
34314,31143,1,31142,1,0,0,0,0,0,0,0,0,0,0,13,6,12,5
34315,31145,1,31144,1,0,0,0,0,0,0,0,0,0,0,13,6,12,5
34316,31147,1,31146,1,0,0,0,0,0,0,0,0,0,0,13,6,12,5
34317,31149,1,31148,1,0,0,0,0,0,0,0,0,0,0,13,6,12,5
34318,31151,1,31150,1,0,0,0,0,0,0,0,0,0,0,13,6,12,5
34319,31153,1,31152,1,0,0,0,0,0,0,0,0,0,0,13,6,12,5
34320,31155,1,31154,1,0,0,0,0,0,0,0,0,0,0,13,6,12,5
34321,31157,1,31156,1,0,0,0,0,0,0,0,0,0,0,13,6,12,5
34322,31159,1,31158,1,0,0,0,0,0,0,0,0,0,0,13,6,12,5
34323,31161,1,31160,1,0,0,0,0,0,0,0,0,0,0,13,6,12,5
34324,31163,1,31162,1,0,0,0,0,0,0,0,0,0,0,13,6,12,5
34325,31165,1,31164,1,0,0,0,0,0,0,0,0,0,0,13,6,12,5
34326,31167,1,31166,1,0,0,0,0,0,0,0,0,0,0,13,6,12,5
34327,31169,1,31168,1,0,0,0,0,0,0,0,0,0,0,13,6,12,5
34328,31171,1,31170,1,0,0,0,0,0,0,0,0,0,0,13,6,12,5
34329,31173,1,31172,1,0,0,0,0,0,0,0,0,0,0,13,6,12,5
34330,31175,1,31174,1,0,0,0,0,0,0,0,0,0,0,13,6,12,5
34331,31177,1,31176,1,0,0,0,0,0,0,0,0,0,0,13,6,12,5
34332,31179,1,31178,1,0,0,0,0,0,0,0,0,0,0,13,6,12,5
34333,31181,1,31180,1,0,0,0,0,0,0,0,0,0,0,13,6,12,5
34334,31183,1,31182,1,0,0,0,0,0,0,0,0,0,0,13,6,12,5
34335,31137,1,31136,1,0,0,0,0,0,0,0,0,0,0,8,6,13,5
34336,31139,1,31138,1,0,0,0,0,0,0,0,0,0,0,8,6,13,5
34337,31141,1,31140,1,0,0,0,0,0,0,0,0,0,0,8,6,13,5
34338,31143,1,31142,1,0,0,0,0,0,0,0,0,0,0,8,6,13,5
34339,31145,1,31144,1,0,0,0,0,0,0,0,0,0,0,8,6,13,5
34340,31147,1,31146,1,0,0,0,0,0,0,0,0,0,0,8,6,13,5
34341,31149,1,31148,1,0,0,0,0,0,0,0,0,0,0,8,6,13,5
34342,31151,1,31150,1,0,0,0,0,0,0,0,0,0,0,8,6,13,5
34343,31153,1,31152,1,0,0,0,0,0,0,0,0,0,0,8,6,13,5
34344,31155,1,31154,1,0,0,0,0,0,0,0,0,0,0,8,6,13,5
34345,31157,1,31156,1,0,0,0,0,0,0,0,0,0,0,8,6,13,5
34346,31159,1,31158,1,0,0,0,0,0,0,0,0,0,0,8,6,13,5
34347,31161,1,31160,1,0,0,0,0,0,0,0,0,0,0,8,6,13,5
34348,31163,1,31162,1,0,0,0,0,0,0,0,0,0,0,8,6,13,5
34349,31165,1,31164,1,0,0,0,0,0,0,0,0,0,0,8,6,13,5
34350,31167,1,31166,1,0,0,0,0,0,0,0,0,0,0,8,6,13,5
34351,31169,1,31168,1,0,0,0,0,0,0,0,0,0,0,8,6,13,5
34352,31171,1,31170,1,0,0,0,0,0,0,0,0,0,0,8,6,13,5
34353,31173,1,31172,1,0,0,0,0,0,0,0,0,0,0,8,6,13,5
34354,31175,1,31174,1,0,0,0,0,0,0,0,0,0,0,8,6,13,5
34355,31177,1,31176,1,0,0,0,0,0,0,0,0,0,0,8,6,13,5
34356,31179,1,31178,1,0,0,0,0,0,0,0,0,0,0,8,6,13,5
34357,31181,1,31180,1,0,0,0,0,0,0,0,0,0,0,8,6,13,5
34358,31183,1,31182,1,0,0,0,0,0,0,0,0,0,0,8,6,13,5
34359,31101,1,31117,1,27687,2,0,0,0,0,0,0,0,0,10,7,9,7
34360,31102,1,31118,1,27703,2,0,0,0,0,0,0,0,0,8,7,11,7
34361,31103,1,31119,1,27703,2,0,0,0,0,0,0,0,0,9,7,11,7
34362,31104,1,31120,1,27702,2,0,0,0,0,0,0,0,0,10,7,8,7
34363,31105,1,31121,1,27817,2,0,0,0,0,0,0,0,0,11,7,10,7
34364,31106,1,31122,1,27759,2,0,0,0,0,0,0,0,0,12,7,10,7
34365,31107,1,31123,1,27773,2,0,0,0,0,0,0,0,0,13,7,12,7
34366,31108,1,31124,1,27820,2,0,0,0,0,0,0,0,0,8,7,13,7
34367,31109,1,31117,1,27693,1,0,0,0,0,0,0,0,0,10,7,9,7
34368,31110,1,31118,1,27714,1,0,0,0,0,0,0,0,0,8,7,11,7
34369,31111,1,31119,1,27714,1,0,0,0,0,0,0,0,0,9,7,11,7
34370,31112,1,31120,1,27715,1,0,0,0,0,0,0,0,0,10,7,8,7
34371,31113,1,31121,1,27742,1,0,0,0,0,0,0,0,0,11,7,10,7
34372,31114,1,31122,1,27757,1,0,0,0,0,0,0,0,0,12,7,10,7
34373,31115,1,31123,1,27777,1,0,0,0,0,0,0,0,0,13,7,12,7
34374,31116,1,31124,1,27843,1,0,0,0,0,0,0,0,0,8,7,13,7
34375,31184,1,31232,5,5386,1,0,0,0,0,0,0,0,0,4,2,3,2
34376,31185,1,31234,5,5111,1,0,0,0,0,0,0,0,0,2,2,5,2
34377,31186,1,31234,5,5111,1,0,0,0,0,0,0,0,0,3,2,5,2
34378,31187,1,31235,5,5111,1,0,0,0,0,0,0,0,0,4,2,2,2
34379,31188,1,31232,5,5296,1,0,0,0,0,0,0,0,0,5,2,4,2
34380,31189,1,31233,5,5342,1,0,0,0,0,0,0,0,0,6,2,4,2
34381,31190,1,31235,5,5496,1,0,0,0,0,0,0,0,0,7,2,6,2
34382,31191,1,31233,5,4849,1,0,0,0,0,0,0,0,0,2,2,7,2
34383,31192,1,31236,5,31240,5,5065,1,0,0,0,0,0,0,4,4,3,2
34384,31193,1,31239,5,31241,5,5116,2,0,0,0,0,0,0,2,4,5,2
34385,31194,1,31239,5,31241,5,5116,2,0,0,0,0,0,0,3,4,5,2
34386,31195,1,31239,5,31241,5,5115,2,0,0,0,0,0,0,4,4,2,2
34387,31196,1,31236,5,31238,5,5306,2,0,0,0,0,0,0,5,4,4,2
34388,31197,1,31238,5,31237,5,5337,2,0,0,0,0,0,0,6,4,4,2
34389,31198,1,31237,5,31240,5,5536,2,0,0,0,0,0,0,7,4,6,2
34390,31199,1,31237,5,31240,5,4826,3,0,0,0,0,0,0,2,4,7,2
34391,31200,1,31242,5,31248,5,31251,5,12524,1,0,0,0,0,10,4,9,2
34392,31201,1,31247,5,31251,5,31250,5,12581,1,0,0,0,0,8,4,11,2
34393,31202,1,31242,5,31247,5,31248,5,12561,1,0,0,0,0,9,4,11,2
34394,31203,1,31245,5,31247,5,31250,5,12561,1,0,0,0,0,10,4,8,2
34395,31204,1,31246,5,31244,5,31249,5,12595,2,0,0,0,0,11,4,10,2
34396,31205,1,31242,5,31243,5,31245,5,5342,2,0,0,0,0,12,4,10,2
34397,31206,1,31243,5,31249,5,31244,5,12642,2,0,0,0,0,13,4,12,2
34398,31207,1,31243,5,31246,5,31249,5,4811,2,0,0,0,0,8,4,13,2
34399,31208,1,31242,10,31245,10,31248,10,19943,1,0,0,0,0,10,4,9,2
34400,31209,1,31247,10,31251,10,31250,10,5372,1,0,0,0,0,8,4,11,2
34401,31210,1,31247,10,31251,10,31250,10,19995,1,0,0,0,0,9,4,11,2
34402,31211,1,31251,10,31250,10,31248,10,20008,1,0,0,0,0,10,4,8,2
34403,31212,1,31244,10,31246,10,31245,10,19980,1,0,0,0,0,11,4,10,2
34404,31213,1,31245,10,31243,10,31249,10,19995,1,0,0,0,0,12,4,10,2
34405,31214,1,31242,10,31243,10,31246,10,12609,2,0,0,0,0,13,4,12,2
34406,31215,1,31246,10,31244,10,31249,10,19917,2,0,0,0,0,8,4,13,2
34407,31216,1,31252,10,31254,10,31255,10,27754,1,0,0,0,0,10,4,9,2
34408,31217,1,31257,10,31261,10,31252,10,27712,1,0,0,0,0,8,4,11,2
34409,31218,1,31257,10,31261,10,31260,10,27712,1,0,0,0,0,9,4,11,2
34410,31219,1,31261,10,31260,10,31253,10,27713,1,0,0,0,0,10,4,8,2
34411,31220,1,31256,10,31252,10,31255,10,27754,1,0,0,0,0,11,4,10,2
34412,31221,1,31255,10,31253,10,31259,10,27692,1,0,0,0,0,12,4,10,2
34413,31222,1,31256,10,31258,10,31259,10,27763,4,0,0,0,0,13,4,12,2
34414,31223,1,31254,10,31259,10,31258,10,27850,4,0,0,0,0,8,4,13,2
34415,31224,1,31274,5,31262,10,31265,10,31263,10,0,0,0,0,16,4,15,2
34416,31225,1,31274,5,31267,10,31268,10,31263,10,0,0,0,0,14,4,17,2
34417,31226,1,31273,5,31267,10,31271,10,31262,10,0,0,0,0,15,4,17,2
34418,31227,1,31275,5,31267,10,31270,10,31263,10,0,0,0,0,16,4,14,2
34419,31228,1,31273,5,31262,10,31264,10,31269,10,0,0,0,0,17,4,16,2
34420,31229,1,31275,5,31264,10,31266,10,31269,10,0,0,0,0,18,4,16,2
34421,31230,1,31272,5,31270,10,31271,10,31269,10,0,0,0,0,19,4,18,2
34422,31231,1,31272,5,31268,10,31265,10,31266,10,0,0,0,0,14,4,19,2
34423,31652,1,27693,2,27714,1,27804,1,0,0,0,0,0,0,10,7,9,7
34424,31653,1,27714,2,27715,1,27693,1,0,0,0,0,0,0,8,7,11,7
34425,31654,1,27714,2,27715,1,27742,1,0,0,0,0,0,0,9,7,11,7
34426,31655,1,27715,2,27757,1,27749,1,0,0,0,0,0,0,10,7,8,7
34427,31656,1,27742,2,27757,1,27715,1,0,0,0,0,0,0,11,7,10,7
34428,31657,1,27757,2,27742,1,27758,1,0,0,0,0,0,0,12,7,10,7
34429,31658,1,27781,1,27714,2,27693,1,0,0,0,0,0,0,13,7,12,7
34430,31659,1,27835,2,27842,2,27782,1,27821,1,0,0,0,0,8,7,13,7
34431,31662,1,14183,1,27781,1,31687,1,0,0,0,0,0,0,19,2,18,2
34432,31663,1,14183,1,27781,1,31687,1,0,0,0,0,0,0,19,2,18,2
34433,31913,1,31961,5,5386,1,0,0,0,0,0,0,0,0,4,2,3,2
34434,31914,1,31963,5,5111,1,0,0,0,0,0,0,0,0,2,2,5,2
34435,31915,1,31963,5,5111,1,0,0,0,0,0,0,0,0,3,2,5,2
34436,31916,1,31964,5,5111,1,0,0,0,0,0,0,0,0,4,2,2,2
34437,31917,1,31961,5,5296,1,0,0,0,0,0,0,0,0,5,2,4,2
34438,31918,1,31962,5,5342,1,0,0,0,0,0,0,0,0,6,2,4,2
34439,31919,1,31964,5,5496,1,0,0,0,0,0,0,0,0,7,2,6,2
34440,31920,1,31962,5,4849,1,0,0,0,0,0,0,0,0,2,2,7,2
34441,31921,1,31965,5,31969,5,5065,1,0,0,0,0,0,0,4,4,3,2
34442,31922,1,31968,5,31970,5,5116,2,0,0,0,0,0,0,2,4,5,2
34443,31923,1,31968,5,31970,5,5116,2,0,0,0,0,0,0,3,4,5,2
34444,31924,1,31968,5,31970,5,5115,2,0,0,0,0,0,0,4,4,2,2
34445,31925,1,31965,5,31967,5,5306,2,0,0,0,0,0,0,5,4,4,2
34446,31926,1,31967,5,31966,5,5337,2,0,0,0,0,0,0,6,4,4,2
34447,31927,1,31966,5,31969,5,5536,2,0,0,0,0,0,0,7,4,6,2
34448,31928,1,31966,5,31969,5,4826,3,0,0,0,0,0,0,2,4,7,2
34449,31929,1,31971,5,31977,5,31980,5,12524,1,0,0,0,0,10,4,9,2
34450,31930,1,31976,5,31980,5,31979,5,12581,1,0,0,0,0,8,4,11,2
34451,31931,1,31971,5,31976,5,31977,5,12561,1,0,0,0,0,9,4,11,2
34452,31932,1,31974,5,31976,5,31979,5,12561,1,0,0,0,0,10,4,8,2
34453,31933,1,31975,5,31973,5,31978,5,12595,2,0,0,0,0,11,4,10,2
34454,31934,1,31971,5,31972,5,31974,5,5342,2,0,0,0,0,12,4,10,2
34455,31935,1,31972,5,31978,5,31973,5,12642,2,0,0,0,0,13,4,12,2
34456,31936,1,31972,5,31975,5,31978,5,4811,2,0,0,0,0,8,4,13,2
34457,31937,1,31971,10,31974,10,31977,10,19943,1,0,0,0,0,10,4,9,2
34458,31938,1,31976,10,31980,10,31979,10,5372,1,0,0,0,0,8,4,11,2
34459,31939,1,31976,10,31980,10,31979,10,19995,1,0,0,0,0,9,4,11,2
34460,31940,1,31980,10,31979,10,31977,10,20008,1,0,0,0,0,10,4,8,2
34461,31941,1,31973,10,31975,10,31974,10,19980,1,0,0,0,0,11,4,10,2
34462,31942,1,31974,10,31972,10,31978,10,19995,1,0,0,0,0,12,4,10,2
34463,31943,1,31971,10,31972,10,31975,10,12609,2,0,0,0,0,13,4,12,2
34464,31944,1,31975,10,31973,10,31978,10,19917,2,0,0,0,0,8,4,13,2
34465,31945,1,31981,10,31983,10,31984,10,27757,1,0,0,0,0,10,4,9,2
34466,31946,1,31986,10,31990,10,31981,10,27715,1,0,0,0,0,8,4,11,2
34467,31947,1,31986,10,31990,10,31989,10,27715,1,0,0,0,0,9,4,11,2
34468,31948,1,31990,10,31989,10,31982,10,27714,1,0,0,0,0,10,4,8,2
34469,31949,1,31985,10,31981,10,31984,10,27757,1,0,0,0,0,11,4,10,2
34470,31950,1,31984,10,31982,10,31988,10,27693,1,0,0,0,0,12,4,10,2
34471,31951,1,31985,10,31987,10,31988,10,27799,4,0,0,0,0,13,4,12,2
34472,31952,1,31983,10,31988,10,31987,10,27852,4,0,0,0,0,8,4,13,2
34473,31953,1,32001,5,31998,10,31991,10,31995,10,0,0,0,0,16,4,15,2
34474,31954,1,32001,5,31996,10,32000,10,31999,10,0,0,0,0,14,4,17,2
34475,31955,1,32003,5,31991,10,32000,10,31994,10,0,0,0,0,15,4,17,2
34476,31956,1,32003,5,31996,10,31999,10,31995,10,0,0,0,0,16,4,14,2
34477,31957,1,32002,5,31993,10,31999,10,31998,10,0,0,0,0,17,4,16,2
34478,31958,1,32004,5,31994,10,31997,10,31995,10,0,0,0,0,18,4,16,2
34479,31959,1,32004,5,31993,10,31994,10,31992,10,0,0,0,0,19,4,18,2
34480,31960,1,32002,5,31998,10,31997,10,31992,10,0,0,0,0,14,4,19,2
34481,31813,1,32935,1,32936,1,32941,1,27714,1,30590,1,0,0,14,3,17,3
34482,31814,1,32935,2,32936,2,32939,2,27715,1,30590,2,0,0,14,3,17,3
34483,31815,1,32935,2,32936,2,32941,2,27714,1,30590,2,0,0,14,3,17,3
34484,31816,1,32934,2,32936,2,32939,2,27714,1,30590,2,0,0,16,3,15,3
34485,31817,1,32935,2,32936,2,32940,2,27715,1,30590,2,0,0,14,3,17,3
34486,31818,1,32935,2,32936,2,32940,2,27715,1,30590,2,0,0,14,3,17,3
34487,31819,1,32935,2,32936,2,32941,2,27714,1,30590,2,0,0,14,3,17,3
34488,31820,1,32935,2,32936,2,32940,2,27714,1,30590,2,0,0,14,3,17,3
34489,31821,1,32934,2,32936,2,32943,2,27715,1,30590,2,0,0,16,3,15,3
34490,31822,1,32935,2,32936,2,32942,2,27715,1,30590,2,0,0,16,3,14,3
34491,31823,1,27781,1,32938,2,32936,2,32942,2,30590,2,0,0,19,3,18,3
34492,31824,1,27781,1,32938,2,32936,2,32943,2,30590,2,0,0,19,3,18,3
34493,31825,1,32935,2,32936,2,32943,2,27715,1,30590,2,0,0,16,3,14,3
34494,31826,1,32935,2,32936,2,32939,2,27714,1,30590,2,0,0,14,3,17,3
34495,31827,1,32935,2,32936,2,32942,2,27715,1,30590,2,0,0,16,3,14,3
34496,31828,1,32935,2,32936,2,32941,2,27714,1,30590,2,0,0,14,3,17,3
34497,31829,1,32935,2,32936,2,32940,2,27715,1,30590,2,0,0,14,3,17,3
34498,31830,1,32935,1,32936,1,32941,1,30590,1,0,0,0,0,15,3,17,3
34499,31831,1,32935,2,32936,1,32941,2,27714,1,30590,1,0,0,15,3,17,3
34500,31832,1,32935,2,32938,2,32941,2,27757,1,30590,2,0,0,15,3,17,3
34501,31833,1,32935,2,32938,1,32941,2,27757,1,30590,1,0,0,15,3,17,3
34502,31834,1,32938,2,32937,2,32941,2,27757,1,30590,2,0,0,17,3,16,3
34503,31835,1,32935,2,32937,1,32941,2,27742,1,30590,1,0,0,15,3,17,3
34504,0,0,0,0,0,0,0,0,0,0,0,0,0,0,15,3,17,3
34505,31837,1,32935,2,32936,1,32939,2,27714,1,30590,1,0,0,15,3,17,3
34506,31838,1,32935,2,32938,2,32939,2,27757,1,30590,2,0,0,15,3,17,3
34507,31839,1,32935,2,32938,1,32939,2,27757,1,30590,1,0,0,15,3,17,3
34508,31840,1,32938,2,32937,2,32939,2,27757,1,30590,2,0,0,17,3,16,3
34509,31841,1,32935,2,32937,1,32939,2,27742,1,30590,1,0,0,15,3,17,3
34510,0,0,0,0,0,0,0,0,0,0,0,0,0,0,15,3,17,3
34511,31843,1,32937,2,32935,1,32939,2,27757,1,30590,1,0,0,18,3,16,3
34512,31844,1,32937,2,32935,2,32939,2,27742,1,30590,2,0,0,18,3,16,3
34513,31845,1,32938,2,32937,1,32939,2,27714,1,30590,1,0,0,17,3,16,3
34514,31846,1,32937,2,32938,2,32939,2,27757,1,30590,2,0,0,18,3,16,3
34515,31847,1,32938,2,32934,1,32939,2,27757,1,30590,1,0,0,17,3,16,3
34516,0,0,0,0,0,0,0,0,0,0,0,0,0,0,18,3,16,3
34517,31849,1,32937,2,32935,1,32940,2,27757,1,30590,1,0,0,18,3,16,3
34518,31850,1,32937,2,32935,2,32940,2,27742,1,30590,2,0,0,18,3,16,3
34519,31851,1,32938,2,32937,1,32940,2,27714,1,30590,1,0,0,17,3,16,3
34520,31852,1,32937,2,32938,2,32940,2,27757,1,30590,2,0,0,18,3,16,3
34521,31853,1,32938,2,32934,1,32940,2,27757,1,30590,1,0,0,17,3,16,3
34522,0,0,0,0,0,0,0,0,0,0,0,0,0,0,18,3,16,3
34523,31855,1,32937,2,32935,1,32940,2,27757,1,30590,1,0,0,18,3,16,3
34524,31856,1,32937,2,32935,2,32940,2,27742,1,30590,2,0,0,18,3,16,3
34525,31857,1,32938,2,32937,1,32940,2,27714,1,30590,1,0,0,17,3,16,3
34526,31858,1,32937,2,32938,2,32940,2,27757,1,30590,2,0,0,18,3,16,3
34527,31859,1,32938,2,32934,1,32940,2,27757,1,30590,1,0,0,17,3,16,3
34528,0,0,0,0,0,0,0,0,0,0,0,0,0,0,18,3,16,3
34529,31861,1,32936,2,32937,1,32943,2,27715,1,30590,1,0,0,16,3,14,3
34530,31862,1,32937,2,32938,2,32943,2,27715,1,30590,2,0,0,18,3,16,3
34531,31863,1,32937,2,32938,1,32943,2,27715,1,30590,1,0,0,18,3,16,3
34532,31864,1,32938,2,32935,2,32943,2,27757,1,30590,2,0,0,17,3,16,3
34533,31865,1,32937,2,32934,1,32943,2,27742,1,30590,1,0,0,18,3,16,3
34534,0,0,0,0,0,0,0,0,0,0,0,0,0,0,15,3,17,3
34535,31867,1,32938,2,32937,1,32942,2,27715,1,30590,1,0,0,17,3,16,3
34536,31868,1,32938,2,32936,2,32942,2,27715,1,30590,2,0,0,17,3,16,3
34537,31869,1,32938,2,32937,1,32942,2,27715,1,30590,1,0,0,17,3,16,3
34538,31870,1,32938,2,32935,2,32942,2,27757,1,30590,2,0,0,17,3,16,3
34539,31871,1,32938,2,32934,1,32942,2,27757,1,30590,1,0,0,17,3,16,3
34540,0,0,0,0,0,0,0,0,0,0,0,0,0,0,15,3,17,3
34541,31873,1,32936,1,32934,1,32941,1,27715,1,30590,1,0,0,16,3,14,3
34542,31874,1,32936,1,32934,1,32939,1,27715,1,30590,1,0,0,16,3,14,3
34543,31875,1,32936,1,32934,1,32940,1,27715,1,30590,1,0,0,16,3,14,3
34544,31876,1,32936,1,32934,1,32943,1,27715,1,30590,1,0,0,16,3,14,3
34545,31877,1,32936,1,32934,1,32942,1,27715,1,30590,1,0,0,16,3,14,3
34546,31878,1,32934,1,32938,1,32941,1,27715,1,30590,1,0,0,16,3,15,3
34547,31879,1,32934,1,32938,1,32939,1,27715,1,30590,1,0,0,16,3,15,3
34548,31880,1,32934,1,32938,1,32940,1,27715,1,30590,1,0,0,16,3,15,3
34549,31881,1,32934,1,32938,1,32943,1,27715,1,30590,1,0,0,16,3,15,3
34550,31882,1,32934,1,32938,1,32942,1,27715,1,30590,1,0,0,16,3,15,3
34551,31883,1,32934,1,32936,1,32941,1,27742,1,30590,1,0,0,16,3,15,3
34552,31884,1,32934,1,32936,1,32939,1,27742,1,30590,1,0,0,16,3,15,3
34553,31885,1,32934,1,32936,1,32940,1,27742,1,30590,1,0,0,16,3,15,3
34554,31886,1,32934,1,32936,1,32943,1,27742,1,30590,1,0,0,16,3,15,3
34555,31887,1,32934,1,32936,1,32942,1,27742,1,30590,1,0,0,16,3,15,3
34556,31888,1,32936,2,32941,1,27715,1,30590,1,0,0,0,0,16,3,14,3
34557,31889,1,32936,2,32939,1,27715,1,30590,1,0,0,0,0,16,3,14,3
34558,31890,1,32936,2,32940,1,27715,1,30590,1,0,0,0,0,16,3,14,3
34559,31891,1,32936,2,32943,1,27715,1,30590,1,0,0,0,0,16,3,14,3
34560,31892,1,32936,2,32942,1,27715,1,30590,1,0,0,0,0,16,3,14,3
34561,31893,3,32949,2,27779,1,30590,1,0,0,0,0,0,0,19,3,18,3
34562,31894,3,32949,2,27785,1,30590,1,0,0,0,0,0,0,19,3,18,3
34563,31895,3,32949,2,27783,1,30590,1,0,0,0,0,0,0,19,3,18,3
34564,31896,3,32949,2,27780,1,30590,1,0,0,0,0,0,0,19,3,18,3
34565,31897,3,32949,2,27784,1,30590,1,0,0,0,0,0,0,19,3,18,3
34566,31898,3,31908,2,27841,2,27836,1,27825,2,27782,1,19907,1,14,3,19,3
34567,31899,3,31908,2,27841,2,27828,1,27851,2,27782,1,19907,1,14,3,19,3
34568,31900,3,31909,2,27838,2,27836,1,27823,1,4852,1,12908,2,14,3,19,3
34569,31901,3,31909,2,27838,2,27835,1,27827,2,27829,1,19907,1,14,3,19,3
34570,31902,3,31910,2,27842,2,27835,1,27821,2,27782,1,12888,1,14,3,19,3
34571,31903,3,31910,2,27838,2,27835,1,27825,2,27818,1,4782,1,14,3,19,3
34572,31904,3,31911,2,27839,2,27836,1,27851,2,27819,1,4863,1,14,3,19,3
34573,31905,3,31911,2,27838,2,27822,1,27818,1,27851,2,4792,1,14,3,19,3
34574,31906,3,31912,2,27841,2,27833,1,27830,2,27782,1,12895,1,14,3,19,3
34575,31907,3,31912,2,27841,2,27835,1,27851,2,12888,1,12895,1,14,3,19,3
34576,32934,1,32950,4,32944,2,0,0,0,0,0,0,0,0,16,3,15,3
34577,32935,1,32951,4,32945,2,0,0,0,0,0,0,0,0,14,3,17,3
34578,32935,1,32951,4,32945,2,0,0,0,0,0,0,0,0,15,3,17,3
34579,32936,1,32952,4,32946,2,0,0,0,0,0,0,0,0,16,3,14,3
34580,32937,1,32953,4,32947,2,0,0,0,0,0,0,0,0,18,3,16,3
34581,32938,1,32954,4,32948,2,0,0,0,0,0,0,0,0,17,3,16,3
34582,32939,3,32955,3,28718,1,27779,1,30590,1,0,0,0,0,19,3,18,3
34583,32940,3,32955,3,28718,1,27785,1,30590,1,0,0,0,0,19,3,18,3
34584,32941,3,32955,3,28718,1,27783,1,30590,1,0,0,0,0,19,3,18,3
34585,32942,3,32955,3,28718,1,27780,1,30590,1,0,0,0,0,19,3,18,3
34586,32943,3,32955,3,28718,1,27784,1,30590,1,0,0,0,0,19,3,18,3
34587,31750,1,31758,1,31991,5,31995,5,0,0,0,0,0,0,16,3,15,3
34588,31751,1,31759,1,31996,5,31999,5,0,0,0,0,0,0,14,3,17,3
34589,31752,1,31760,1,31996,5,32000,5,0,0,0,0,0,0,15,3,17,3
34590,31753,1,31761,1,31999,5,31995,5,0,0,0,0,0,0,16,3,14,3
34591,31754,1,31762,1,31991,5,31993,5,0,0,0,0,0,0,17,3,16,3
34592,31755,1,31763,1,31994,5,31998,5,0,0,0,0,0,0,18,3,16,3
34593,31756,1,31764,1,31997,5,31992,5,0,0,0,0,0,0,19,3,18,3
34594,31757,1,31765,1,31997,5,31998,5,0,0,0,0,0,0,14,3,19,3
34595,32206,1,32822,1,30483,2,30484,1,27714,2,0,0,0,0,15,3,17,3
34596,32823,1,32822,1,30483,2,30484,1,27757,2,0,0,0,0,15,3,17,3
34597,32798,1,33027,1,29962,3,0,0,0,0,0,0,0,0,11,7,10,7
34598,32799,1,33027,2,29962,3,27714,1,0,0,0,0,0,0,11,7,10,7
34599,32800,1,33027,1,29961,3,0,0,0,0,0,0,0,0,11,7,10,7
34600,32801,1,33027,2,29962,3,27757,1,0,0,0,0,0,0,11,7,10,7
34601,32802,1,33027,1,29961,3,0,0,0,0,0,0,0,0,11,7,10,7
34602,33110,1,14183,1,27781,1,33135,1,0,0,0,0,0,0,19,2,18,2
34603,36311,1,33186,1,0,0,0,0,0,0,0,0,0,0,16,4,15,2
34604,36312,1,33187,1,0,0,0,0,0,0,0,0,0,0,14,4,17,2
34605,36313,1,33188,1,0,0,0,0,0,0,0,0,0,0,15,4,17,2
34606,36314,1,33189,1,0,0,0,0,0,0,0,0,0,0,16,4,14,2
34607,36315,1,33190,1,0,0,0,0,0,0,0,0,0,0,17,4,16,2
34608,36316,1,33191,1,0,0,0,0,0,0,0,0,0,0,18,4,16,2
34609,36317,1,33192,1,0,0,0,0,0,0,0,0,0,0,19,4,18,2
34610,36318,1,33193,1,0,0,0,0,0,0,0,0,0,0,14,4,19,2
34611,36319,1,33194,2,0,0,0,0,0,0,0,0,0,0,16,4,15,2
34612,36320,1,33195,2,0,0,0,0,0,0,0,0,0,0,14,4,17,2
34613,36321,1,33196,2,0,0,0,0,0,0,0,0,0,0,15,4,17,2
34614,36322,1,33197,2,0,0,0,0,0,0,0,0,0,0,16,4,14,2
34615,36323,1,33198,2,0,0,0,0,0,0,0,0,0,0,17,4,16,2
34616,36324,1,33199,2,0,0,0,0,0,0,0,0,0,0,18,4,16,2
34617,36325,1,33200,2,0,0,0,0,0,0,0,0,0,0,19,4,18,2
34618,36326,1,33201,2,0,0,0,0,0,0,0,0,0,0,14,4,19,2
34619,36327,1,33202,2,0,0,0,0,0,0,0,0,0,0,16,4,15,2
34620,36328,1,33203,2,0,0,0,0,0,0,0,0,0,0,14,4,17,2
34621,36329,1,33204,2,0,0,0,0,0,0,0,0,0,0,15,4,17,2
34622,36330,1,33205,2,0,0,0,0,0,0,0,0,0,0,16,4,14,2
34623,36331,1,33206,2,0,0,0,0,0,0,0,0,0,0,17,4,16,2
34624,36332,1,33207,2,0,0,0,0,0,0,0,0,0,0,18,4,16,2
34625,36333,1,33208,2,0,0,0,0,0,0,0,0,0,0,19,4,18,2
34626,36334,1,33209,2,0,0,0,0,0,0,0,0,0,0,14,4,19,2
34627,33224,1,33234,1,0,0,0,0,0,0,0,0,0,0,10,4,9,2
34628,33225,1,33235,1,0,0,0,0,0,0,0,0,0,0,10,4,9,2
34629,33226,1,33236,1,0,0,0,0,0,0,0,0,0,0,10,4,9,2
34630,33227,1,33237,1,0,0,0,0,0,0,0,0,0,0,10,4,9,2
34631,33228,1,33238,1,0,0,0,0,0,0,0,0,0,0,10,4,9,2
34632,33224,1,33234,1,0,0,0,0,0,0,0,0,0,0,8,4,11,2
34633,33225,1,33235,1,0,0,0,0,0,0,0,0,0,0,8,4,11,2
34634,33226,1,33236,1,0,0,0,0,0,0,0,0,0,0,8,4,11,2
34635,33227,1,33237,1,0,0,0,0,0,0,0,0,0,0,8,4,11,2
34636,33228,1,33238,1,0,0,0,0,0,0,0,0,0,0,8,4,11,2
34637,33224,1,33234,1,0,0,0,0,0,0,0,0,0,0,9,4,11,2
34638,33225,1,33235,1,0,0,0,0,0,0,0,0,0,0,9,4,11,2
34639,33226,1,33236,1,0,0,0,0,0,0,0,0,0,0,9,4,11,2
34640,33227,1,33237,1,0,0,0,0,0,0,0,0,0,0,9,4,11,2
34641,33228,1,33238,1,0,0,0,0,0,0,0,0,0,0,9,4,11,2
34642,33224,1,33234,1,0,0,0,0,0,0,0,0,0,0,10,4,8,2
34643,33225,1,33235,1,0,0,0,0,0,0,0,0,0,0,10,4,8,2
34644,33226,1,33236,1,0,0,0,0,0,0,0,0,0,0,10,4,8,2
34645,33227,1,33237,1,0,0,0,0,0,0,0,0,0,0,10,4,8,2
34646,33228,1,33238,1,0,0,0,0,0,0,0,0,0,0,10,4,8,2
34647,33224,1,33234,1,0,0,0,0,0,0,0,0,0,0,11,4,10,2
34648,33225,1,33235,1,0,0,0,0,0,0,0,0,0,0,11,4,10,2
34649,33226,1,33236,1,0,0,0,0,0,0,0,0,0,0,11,4,10,2
34650,33227,1,33237,1,0,0,0,0,0,0,0,0,0,0,11,4,10,2
34651,33228,1,33238,1,0,0,0,0,0,0,0,0,0,0,11,4,10,2
34652,33224,1,33234,1,0,0,0,0,0,0,0,0,0,0,12,4,10,2
34653,33225,1,33235,1,0,0,0,0,0,0,0,0,0,0,12,4,10,2
34654,33226,1,33236,1,0,0,0,0,0,0,0,0,0,0,12,4,10,2
34655,33227,1,33237,1,0,0,0,0,0,0,0,0,0,0,12,4,10,2
34656,33228,1,33238,1,0,0,0,0,0,0,0,0,0,0,12,4,10,2
34657,33224,1,33234,1,0,0,0,0,0,0,0,0,0,0,13,4,12,2
34658,33225,1,33235,1,0,0,0,0,0,0,0,0,0,0,13,4,12,2
34659,33226,1,33236,1,0,0,0,0,0,0,0,0,0,0,13,4,12,2
34660,33227,1,33237,1,0,0,0,0,0,0,0,0,0,0,13,4,12,2
34661,33228,1,33238,1,0,0,0,0,0,0,0,0,0,0,13,4,12,2
34662,33224,1,33234,1,0,0,0,0,0,0,0,0,0,0,8,4,13,2
34663,33225,1,33235,1,0,0,0,0,0,0,0,0,0,0,8,4,13,2
34664,33226,1,33236,1,0,0,0,0,0,0,0,0,0,0,8,4,13,2
34665,33227,1,33237,1,0,0,0,0,0,0,0,0,0,0,8,4,13,2
34666,33228,1,33238,1,0,0,0,0,0,0,0,0,0,0,8,4,13,2
34667,36130,1,19949,3,19998,2,19946,2,22307,1,16733,5,0,0,8,7,11,7
34668,33598,1,19949,4,19998,1,19947,2,22307,1,16733,5,0,0,8,7,11,7
34669,33599,1,19949,4,19998,1,19946,2,22307,1,16733,5,0,0,8,7,11,7
34670,33600,1,19929,3,19949,2,19947,2,22307,1,16733,5,0,0,10,7,9,7
34671,33601,1,19929,3,19949,2,19947,2,22307,1,16733,5,0,0,10,7,9,7
34672,33602,1,19949,4,19998,1,19947,2,22307,1,16733,5,0,0,8,7,11,7
34673,33603,1,19949,4,19948,1,19947,2,22307,1,16733,5,0,0,8,7,11,7
34674,33604,1,19949,3,19948,2,19947,2,22307,1,16733,5,0,0,8,7,11,7
34675,33605,1,19948,3,19998,2,19967,2,22307,1,16733,5,0,0,10,7,8,7
34676,33606,1,19948,3,19949,2,19967,2,22307,1,16733,5,0,0,10,7,8,7
34677,33607,1,19903,2,19998,3,19929,2,22307,1,16733,5,0,0,13,7,12,7
34678,33608,1,19903,2,19998,2,19929,3,22307,1,16733,5,0,0,13,7,12,7
34679,33609,1,19948,3,19949,2,19967,2,22307,1,16733,5,0,0,10,7,8,7
34680,33610,1,19949,4,19998,1,19947,2,22307,1,16733,5,0,0,8,7,11,7
34681,33611,1,19948,3,19949,1,19967,2,22307,1,16733,5,0,0,10,7,8,7
34682,36130,1,19949,3,19998,2,19946,2,22307,1,16733,5,0,0,9,7,11,7
34683,33253,1,33819,1,32935,2,32936,1,27714,2,0,0,0,0,15,3,17,3
34684,33673,1,33819,1,32935,2,32936,1,27757,2,0,0,0,0,15,3,17,3
34685,33839,1,14183,1,27781,1,33818,1,0,0,0,0,0,0,19,3,18,3
34686,33655,1,33869,1,32937,3,0,0,0,0,0,0,0,0,12,7,10,7
34687,33656,1,33869,2,32938,3,32937,1,0,0,0,0,0,0,11,7,10,7
34688,33657,1,33869,2,32937,3,32938,1,0,0,0,0,0,0,12,7,10,7
34689,33658,1,33869,1,32938,2,32934,1,0,0,0,0,0,0,11,7,10,7
34690,33659,1,33869,1,32937,3,0,0,0,0,0,0,0,0,12,7,10,7
34691,33660,1,33869,2,32937,4,0,0,0,0,0,0,0,0,12,7,10,7
34692,33661,1,33869,1,32937,3,0,0,0,0,0,0,0,0,12,7,10,7
34693,33662,1,33869,1,32938,2,32934,1,0,0,0,0,0,0,11,7,10,7
34694,36134,1,27716,3,27717,2,27725,1,28631,1,23181,8,0,0,8,7,11,7
34695,33888,1,27716,4,27743,1,27714,1,28631,1,23181,8,0,0,8,7,11,7
34696,33889,1,27716,3,27717,2,27714,1,28631,1,23181,8,0,0,8,7,11,7
34697,33890,1,27716,3,27694,2,27725,1,28631,1,23181,8,0,0,8,7,11,7
34698,33891,1,27717,4,27694,1,27715,1,28631,1,23181,8,0,0,10,7,8,7
34699,33892,1,27716,3,27717,2,27714,1,28631,1,23181,8,0,0,8,7,11,7
34700,33893,1,27716,4,27717,1,27715,1,28631,1,23181,8,0,0,8,7,11,7
34701,33894,1,27716,3,27717,2,27955,2,28631,1,23181,8,0,0,8,7,11,7
34702,33895,1,27717,3,27760,2,27725,1,28631,1,23181,8,0,0,10,7,8,7
34703,33896,1,27694,3,27717,2,27725,1,28631,1,23181,8,0,0,10,7,9,7
34704,33897,1,27781,1,27743,3,27694,2,28631,1,23181,8,0,0,13,7,12,7
34705,33898,1,27781,1,27743,2,27694,3,28631,1,23181,8,0,0,13,7,12,7
34706,33899,1,27717,4,27716,1,27725,1,28631,1,23181,8,0,0,10,7,8,7
34707,33900,1,27716,4,27760,1,27714,1,28631,1,23181,8,0,0,8,7,11,7
34708,33901,1,27717,4,27694,1,27725,1,28631,1,23181,8,0,0,10,7,8,7
34709,33902,1,27716,4,27717,1,27714,1,28631,1,23181,8,0,0,8,7,11,7
34710,33903,1,27716,4,27743,1,27715,1,28631,1,23181,8,0,0,8,7,11,7
34711,36134,1,27716,3,27717,2,27725,1,28631,1,23181,8,0,0,9,7,11,7
34712,35626,1,36196,2,36208,1,27757,1,0,0,0,0,0,0,10,8,9,7
34713,35627,1,36197,2,36248,1,36182,1,0,0,0,0,0,0,10,8,9,7
34714,35628,1,36198,2,36170,2,0,0,0,0,0,0,0,0,10,8,9,7
34715,35629,1,36199,2,36185,1,36189,1,0,0,0,0,0,0,10,8,9,8
34716,35630,1,36200,2,36212,2,0,0,0,0,0,0,0,0,10,8,9,8
34717,35631,1,36168,2,36182,1,27693,1,0,0,0,0,0,0,8,8,11,7
34718,35632,1,36169,2,36183,1,36247,1,0,0,0,0,0,0,8,8,11,7
34719,35633,1,36170,2,36198,1,27775,1,0,0,0,0,0,0,8,8,11,7
34720,35634,1,36171,2,36199,1,36250,1,0,0,0,0,0,0,8,8,11,8
34721,35635,1,36172,2,36200,1,36189,1,0,0,0,0,0,0,8,8,11,8
34722,35636,1,36168,2,36196,1,27742,1,0,0,0,0,0,0,9,8,11,7
34723,35637,1,36169,2,36248,1,36197,1,0,0,0,0,0,0,9,8,11,7
34724,35638,1,36170,2,36198,2,0,0,0,0,0,0,0,0,9,8,11,7
34725,35639,1,36171,2,36250,1,36170,1,0,0,0,0,0,0,9,8,11,8
34726,35640,1,36172,2,36251,1,36171,1,0,0,0,0,0,0,9,8,11,8
34727,35641,1,36182,2,36168,1,27715,1,0,0,0,0,0,0,10,8,8,7
34728,35642,1,36183,2,36209,1,36248,1,0,0,0,0,0,0,10,8,8,7
34729,35643,1,36184,2,36170,2,0,0,0,0,0,0,0,0,10,8,8,7
34730,35644,1,36185,2,36171,1,36249,1,0,0,0,0,0,0,10,8,8,8
34731,35645,1,36186,2,36172,1,36189,1,0,0,0,0,0,0,10,8,8,8
34732,35646,1,36247,2,36168,1,27742,1,0,0,0,0,0,0,11,8,10,7
34733,35647,1,36248,2,36209,1,36247,1,0,0,0,0,0,0,11,8,10,7
34734,35648,1,36249,2,36210,1,36248,1,0,0,0,0,0,0,11,8,10,7
34735,35649,1,36250,2,36199,1,36249,1,0,0,0,0,0,0,11,8,10,8
34736,35650,1,36251,2,36212,1,36250,1,0,0,0,0,0,0,11,8,10,8
34737,35651,1,36208,2,36247,1,27757,1,0,0,0,0,0,0,12,8,10,7
34738,35652,1,36209,2,36248,1,36208,1,0,0,0,0,0,0,12,8,10,7
34739,35653,1,36210,2,36184,1,36209,1,0,0,0,0,0,0,12,8,10,7
34740,35654,1,36211,2,36250,1,36210,1,0,0,0,0,0,0,12,8,10,8
34741,35655,1,36212,2,36251,1,36211,1,0,0,0,0,0,0,12,8,10,8
34742,35656,1,27781,1,36247,2,36182,1,0,0,0,0,0,0,13,8,12,7
34743,35657,1,36237,1,36248,2,36182,1,0,0,0,0,0,0,13,8,12,7
34744,35658,1,36257,4,36258,4,0,0,0,0,0,0,0,0,13,8,12,7
34745,35659,1,36165,4,36260,3,36263,3,0,0,0,0,0,0,13,8,12,8
34746,35660,1,36263,4,36261,3,27785,3,0,0,0,0,0,0,13,8,12,8
34747,35661,1,36077,3,36386,1,27828,1,27818,1,0,0,0,0,8,8,13,7
34748,35662,1,36523,1,27841,2,27851,1,36079,2,0,0,0,0,8,8,13,7
34749,35663,1,36090,2,36088,1,27782,1,36080,3,0,0,0,0,8,8,13,7
34750,35664,1,36569,1,36089,1,27835,1,36079,3,0,0,0,0,8,8,13,8
34751,35665,1,36089,2,27842,1,27841,2,36095,2,0,0,0,0,8,8,13,8
34752,35588,1,27714,1,27715,1,27706,2,0,0,0,0,0,0,8,7,11,7
34753,35589,1,36169,1,36183,1,27709,2,0,0,0,0,0,0,8,8,11,7
34754,35590,1,36170,2,36184,1,0,0,0,0,0,0,0,0,8,8,11,7
34755,35591,1,36172,1,36186,1,36184,2,0,0,0,0,0,0,8,8,11,8
34756,35836,1,35835,1,0,0,0,0,0,0,0,0,0,0,8,8,11,7
34757,35838,1,35837,1,0,0,0,0,0,0,0,0,0,0,8,8,11,8
34758,35588,1,27714,1,27715,1,27706,2,0,0,0,0,0,0,9,7,11,7
34759,35589,1,36169,1,36183,1,27709,2,0,0,0,0,0,0,9,8,11,7
34760,35590,1,36170,2,36184,1,0,0,0,0,0,0,0,0,9,8,11,7
34761,35591,1,36172,1,36186,1,36184,2,0,0,0,0,0,0,9,8,11,8
34762,35836,1,35835,1,0,0,0,0,0,0,0,0,0,0,9,8,11,7
34763,35838,1,35837,1,0,0,0,0,0,0,0,0,0,0,9,8,11,8
34764,35588,1,27714,1,27715,1,27706,2,0,0,0,0,0,0,10,7,8,7
34765,35589,1,36169,1,36183,1,27709,2,0,0,0,0,0,0,10,8,8,7
34766,35590,1,36170,2,36184,1,0,0,0,0,0,0,0,0,10,8,8,7
34767,35591,1,36172,1,36186,1,36184,2,0,0,0,0,0,0,10,8,8,8
34768,35836,1,35835,1,0,0,0,0,0,0,0,0,0,0,10,8,8,7
34769,35838,1,35837,1,0,0,0,0,0,0,0,0,0,0,10,8,8,8
34770,35592,1,27693,1,27757,1,27742,1,0,0,0,0,0,0,10,7,9,7
34771,35593,1,36197,1,36209,1,36248,1,0,0,0,0,0,0,10,8,9,7
34772,35594,1,36198,1,36210,1,36249,1,0,0,0,0,0,0,10,8,9,7
34773,35595,1,36200,1,36212,1,36251,1,0,0,0,0,0,0,10,8,9,8
34774,35840,1,35839,1,0,0,0,0,0,0,0,0,0,0,10,8,9,7
34775,35842,1,35841,1,0,0,0,0,0,0,0,0,0,0,10,8,9,8
34776,35592,1,27693,1,27757,1,27742,1,0,0,0,0,0,0,11,7,10,7
34777,35593,1,36197,1,36209,1,36248,1,0,0,0,0,0,0,11,8,10,7
34778,35594,1,36198,1,36210,1,36249,1,0,0,0,0,0,0,11,8,10,7
34779,35595,1,36200,1,36212,1,36251,1,0,0,0,0,0,0,11,8,10,8
34780,35840,1,35839,1,0,0,0,0,0,0,0,0,0,0,11,8,10,7
34781,35842,1,35841,1,0,0,0,0,0,0,0,0,0,0,11,8,10,8
34782,35592,1,27693,1,27757,1,27742,1,0,0,0,0,0,0,12,7,10,7
34783,35593,1,36197,1,36209,1,36248,1,0,0,0,0,0,0,12,8,10,7
34784,35594,1,36198,1,36210,1,36249,1,0,0,0,0,0,0,12,8,10,7
34785,35595,1,36200,1,36212,1,36251,1,0,0,0,0,0,0,12,8,10,8
34786,35840,1,35839,1,0,0,0,0,0,0,0,0,0,0,12,8,10,7
34787,35842,1,35841,1,0,0,0,0,0,0,0,0,0,0,12,8,10,8
34788,35596,1,27839,4,27783,1,27785,1,0,0,0,0,0,0,13,7,12,7
34789,35597,1,36080,4,36264,1,36258,1,0,0,0,0,0,0,13,8,12,7
34790,35598,1,36079,4,36231,4,0,0,0,0,0,0,0,0,13,8,12,7
34791,35599,1,36082,4,36261,1,36095,1,0,0,0,0,0,0,13,8,12,8
34792,35844,1,35843,1,0,0,0,0,0,0,0,0,0,0,13,8,12,7
34793,35846,1,35845,1,0,0,0,0,0,0,0,0,0,0,13,8,12,8
34794,35596,1,27839,4,27783,1,27785,1,0,0,0,0,0,0,8,7,13,7
34795,35597,1,36080,4,36264,1,36258,1,0,0,0,0,0,0,8,8,13,7
34796,35598,1,36079,4,36231,4,0,0,0,0,0,0,0,0,8,8,13,7
34797,35599,1,36082,4,36261,1,36095,1,0,0,0,0,0,0,8,8,13,8
34798,35844,1,35843,1,0,0,0,0,0,0,0,0,0,0,8,8,13,7
34799,35846,1,35845,1,0,0,0,0,0,0,0,0,0,0,8,8,13,8
34800,35020,1,36173,3,36172,1,36234,1,36225,1,0,0,0,0,14,3,17,3
34801,35021,1,36173,3,36201,2,36172,1,36232,2,36224,1,0,0,14,3,17,3
34802,35022,1,36173,3,36187,2,36172,1,36234,2,36225,1,0,0,14,3,17,3
34803,35023,1,36201,3,36173,2,36200,1,36232,2,36224,1,0,0,16,3,15,3
34804,35024,1,36201,3,36187,2,36200,1,36233,2,36224,1,0,0,16,3,15,3
34805,35025,1,36173,3,36201,2,36172,1,36233,2,36224,1,0,0,14,3,17,3
34806,35026,1,36173,3,36201,2,36172,1,36234,2,36225,1,0,0,14,3,17,3
34807,35027,1,36173,3,36187,2,36172,1,36233,2,36224,1,0,0,14,3,17,3
34808,35028,1,36201,3,36187,2,36200,1,36236,2,36226,1,0,0,16,3,15,3
34809,35029,1,36201,3,36173,2,36200,1,36235,2,36225,1,0,0,16,3,15,3
34810,35030,1,36238,1,36252,3,36201,2,36235,2,36225,1,0,0,19,3,18,3
34811,35031,1,36238,1,36252,3,36201,2,36236,2,36226,1,0,0,19,3,18,3
34812,35032,1,36187,3,36173,2,36186,1,36236,2,36226,1,0,0,16,3,14,3
34813,35033,1,36173,3,36201,2,36172,1,36232,2,36224,1,0,0,14,3,17,3
34814,35034,1,36187,3,36173,2,36186,1,36235,2,36225,1,0,0,16,3,14,3
34815,35035,1,36173,3,36187,2,36172,1,36234,2,36225,1,0,0,14,3,17,3
34816,35036,1,36173,3,36201,2,36172,1,36233,2,36224,1,0,0,14,3,17,3
34817,35037,1,36187,3,36173,2,36186,1,36236,2,36226,1,0,0,16,3,14,3
34818,35038,1,36173,3,36201,2,36172,1,36232,2,36224,1,0,0,14,3,17,3
34819,35039,1,36173,1,36201,1,36234,1,0,0,0,0,0,0,15,3,17,3
34820,35040,1,36173,2,36187,1,36172,1,36234,2,36225,1,0,0,15,3,17,3
34821,35041,1,36213,3,36173,2,36212,1,36234,2,36224,1,0,0,18,3,16,3
34822,35042,1,36173,2,36213,1,36172,1,36234,2,36224,1,0,0,15,3,17,3
34823,35043,1,36213,3,36252,2,36212,1,36234,2,36225,1,0,0,18,3,16,3
34824,35044,1,36173,2,36252,1,36172,1,36234,2,36226,1,0,0,15,3,17,3
34825,35045,1,36173,2,36213,1,36172,1,36232,2,36225,1,0,0,15,3,17,3
34826,35046,1,36213,3,36173,2,36251,1,36232,2,36224,1,0,0,18,3,16,3
34827,35047,1,36173,2,36213,1,36172,1,36232,2,36224,1,0,0,15,3,17,3
34828,35048,1,36213,3,36252,2,36212,1,36232,2,36225,1,0,0,18,3,16,3
34829,35049,1,36252,2,36173,1,36251,1,36232,2,36226,1,0,0,17,3,16,3
34830,35050,1,36173,2,36187,1,36172,1,36232,2,36225,1,0,0,15,3,17,3
34831,35051,1,36173,3,36213,2,36172,1,36232,2,36224,1,0,0,15,3,17,3
34832,35052,1,36173,2,36213,1,36172,1,36232,2,36224,1,0,0,15,3,17,3
34833,35053,1,36213,3,36252,2,36212,1,36232,2,36225,1,0,0,18,3,16,3
34834,35054,1,36252,2,36173,1,36251,1,36232,2,36226,1,0,0,17,3,16,3
34835,35055,1,36213,2,36187,1,36251,1,36233,2,36225,1,0,0,18,3,16,3
34836,35056,1,36252,3,36213,2,36172,1,36233,2,36224,1,0,0,17,3,16,3
34837,35057,1,36213,2,36187,1,36251,1,36233,2,36224,1,0,0,18,3,16,3
34838,35058,1,36213,3,36252,2,36212,1,36233,2,36225,1,0,0,18,3,16,3
34839,35059,1,36252,2,36173,1,36251,1,36233,2,36226,1,0,0,17,3,16,3
34840,35060,1,36173,2,36252,1,36172,1,36233,2,36225,1,0,0,15,3,17,3
34841,35061,1,36173,3,36213,2,36172,1,36233,2,36224,1,0,0,15,3,17,3
34842,35062,1,36173,2,36252,1,36172,1,36233,2,36224,1,0,0,15,3,17,3
34843,35063,1,36213,3,36252,2,36212,1,36233,2,36225,1,0,0,18,3,16,3
34844,35064,1,36173,2,36252,1,36172,1,36233,2,36226,1,0,0,15,3,17,3
34845,35065,1,36187,2,36173,1,36186,1,36236,2,36225,1,0,0,16,3,14,3
34846,35066,1,36213,3,36187,2,36212,1,36236,2,36224,1,0,0,18,3,16,3
34847,35067,1,36187,2,36173,1,36186,1,36236,2,36224,1,0,0,16,3,14,3
34848,35068,1,36213,3,36252,2,36212,1,36236,2,36225,1,0,0,18,3,16,3
34849,35069,1,36252,2,36201,1,36172,1,36236,2,36226,1,0,0,17,3,16,3
34850,35070,1,36187,2,36252,1,36186,1,36235,2,36225,1,0,0,16,3,14,3
34851,35071,1,36213,3,36187,2,36212,1,36235,2,36224,1,0,0,18,3,16,3
34852,35072,1,36252,2,36187,1,36212,1,36235,2,36224,1,0,0,17,3,16,3
34853,35073,1,36213,3,36252,2,36212,1,36235,2,36225,1,0,0,18,3,16,3
34854,35074,1,36252,2,36201,1,36172,1,36235,2,36226,1,0,0,17,3,16,3
34855,35075,1,36187,1,36213,1,36186,1,36234,1,36225,1,0,0,16,3,14,3
34856,35076,1,36187,1,36213,1,36186,1,36232,1,36225,1,0,0,16,3,14,3
34857,35077,1,36187,1,36213,1,36186,1,36233,1,36225,1,0,0,16,3,14,3
34858,35078,1,36187,1,36213,1,36186,1,36236,1,36225,1,0,0,16,3,14,3
34859,35079,1,36187,1,36213,1,36186,1,36235,1,36225,1,0,0,16,3,14,3
34860,35080,1,36252,1,36187,1,36186,1,36234,1,36224,1,0,0,17,3,16,3
34861,35081,1,36252,1,36187,1,36186,1,36232,1,36224,1,0,0,17,3,16,3
34862,35082,1,36252,1,36187,1,36186,1,36233,1,36224,1,0,0,17,3,16,3
34863,35083,1,36252,1,36187,1,36186,1,36236,1,36224,1,0,0,17,3,16,3
34864,35084,1,36252,1,36187,1,36186,1,36235,1,36224,1,0,0,17,3,16,3
34865,35085,1,36201,2,36186,1,36234,1,36224,1,0,0,0,0,16,3,15,3
34866,35086,1,36201,2,36186,1,36232,1,36224,1,0,0,0,0,16,3,15,3
34867,35087,1,36201,2,36186,1,36233,1,36224,1,0,0,0,0,16,3,15,3
34868,35088,1,36201,2,36186,1,36236,1,36224,1,0,0,0,0,16,3,15,3
34869,35089,1,36201,2,36186,1,36235,1,36224,1,0,0,0,0,16,3,15,3
34870,35090,1,36187,2,36186,1,36234,1,36226,1,0,0,0,0,16,3,14,3
34871,35091,1,36187,2,36186,1,36232,1,36226,1,0,0,0,0,16,3,14,3
34872,35092,1,36187,2,36186,1,36233,1,36226,1,0,0,0,0,16,3,14,3
34873,35093,1,36187,2,36186,1,36236,1,36226,1,0,0,0,0,16,3,14,3
34874,35094,1,36187,2,36186,1,36235,1,36226,1,0,0,0,0,16,3,14,3
34875,36067,3,36099,1,36214,1,36077,2,36255,1,36088,1,36097,1,14,3,19,3
34876,36068,3,36099,1,36214,1,36079,2,36255,1,36089,1,36088,1,14,3,19,3
34877,36069,3,36100,1,36214,1,36079,2,36091,1,27825,1,4829,1,14,3,19,3
34878,36070,3,36100,1,36214,1,36078,2,36255,1,36097,1,36263,1,14,3,19,3
34879,36071,3,36101,1,36214,1,36080,2,36096,1,36092,1,27836,1,14,3,19,3
34880,36072,3,36101,1,36214,1,36077,2,36256,1,36255,1,36263,1,14,3,19,3
34881,36073,3,36102,1,36214,1,36077,2,36096,1,36256,1,36255,1,14,3,19,3
34882,36074,3,36102,1,36214,1,36080,2,36094,1,36255,1,27836,1,14,3,19,3
34883,36075,3,36103,1,36214,1,36079,2,36088,1,36097,1,36098,1,14,3,19,3
34884,36076,3,36103,1,36214,1,36082,2,36095,1,36263,1,27830,1,14,3,19,3
34885,36109,3,36215,1,36227,1,36223,1,0,0,0,0,0,0,19,3,18,3
34886,36110,3,36215,1,36228,1,36223,1,0,0,0,0,0,0,19,3,18,3
34887,36111,3,36215,1,36229,1,36223,1,0,0,0,0,0,0,19,3,18,3
34888,36112,3,36215,1,36230,1,36223,1,0,0,0,0,0,0,19,3,18,3
34889,36113,3,36215,1,36231,1,36223,1,0,0,0,0,0,0,19,3,18,3
34890,36173,1,36167,4,36218,2,0,0,0,0,0,0,0,0,14,3,17,3
34891,36173,1,36167,4,36218,2,0,0,0,0,0,0,0,0,15,3,17,3
34892,36187,1,36179,4,36219,2,0,0,0,0,0,0,0,0,16,3,14,3
34893,36201,1,36195,4,36220,2,0,0,0,0,0,0,0,0,16,3,15,3
34894,36213,1,36207,4,36221,2,0,0,0,0,0,0,0,0,18,3,16,3
34895,36252,1,36222,2,36216,4,0,0,0,0,0,0,0,0,17,3,16,3
34896,36232,3,36217,1,36263,1,27779,1,36223,1,0,0,0,0,19,3,18,3
34897,36233,3,36217,1,36263,1,27785,1,36223,1,0,0,0,0,19,3,18,3
34898,36234,3,36217,1,36263,1,27783,1,36223,1,0,0,0,0,19,3,18,3
34899,36235,3,36217,1,36263,1,27780,1,36223,1,0,0,0,0,19,3,18,3
34900,36236,3,36217,1,36263,1,27784,1,36223,1,0,0,0,0,19,3,18,3
34901,36619,1,36200,2,36172,1,36251,1,0,0,0,0,0,0,10,8,9,8
34902,36620,1,36172,2,36186,1,36200,1,0,0,0,0,0,0,8,8,11,8
34903,36621,1,36172,2,36186,1,36251,1,0,0,0,0,0,0,9,8,11,8
34904,36622,1,36186,2,36172,1,36212,1,0,0,0,0,0,0,10,8,8,8
34905,36623,1,36251,2,36212,1,36172,1,0,0,0,0,0,0,11,8,10,8
34906,36624,1,36212,2,36251,1,36186,1,0,0,0,0,0,0,12,8,10,8
34907,36625,1,36238,1,36251,2,36186,1,0,0,0,0,0,0,13,8,12,8
34908,36626,1,36096,1,4863,1,36255,1,36080,3,0,0,0,0,8,8,13,8
34909,35793,1,35791,1,36172,3,36200,2,36186,1,0,0,0,0,15,3,17,3
34910,35794,1,35792,1,36172,3,36200,2,36186,1,0,0,0,0,15,3,17,3
34911,35862,1,36212,4,36186,2,36251,1,0,0,0,0,0,0,18,3,16,3
34912,35868,1,36628,1,36212,3,0,0,0,0,0,0,0,0,18,3,16,3
34913,35869,1,36628,1,36251,2,0,0,0,0,0,0,0,0,17,3,16,3
34914,35870,1,36628,1,36251,3,0,0,0,0,0,0,0,0,17,3,16,3
34915,35871,1,36628,1,36251,2,0,0,0,0,0,0,0,0,17,3,16,3
34916,36354,1,14183,1,36238,1,36378,1,0,0,0,0,0,0,19,3,18,3
34917,36355,1,14183,1,36238,1,36379,1,0,0,0,0,0,0,19,3,18,3
34918,35984,1,36060,3,36055,3,36212,3,5342,3,0,0,0,0,18,3,16,3
34919,36011,1,35791,1,32935,2,32937,1,36172,2,0,0,0,0,15,3,17,3
34920,36012,1,35792,1,32937,2,32938,1,36212,2,0,0,0,0,18,3,16,3
34921,36664,1,36674,1,0,0,0,0,0,0,0,0,0,0,10,4,9,2
34922,36665,1,36675,1,0,0,0,0,0,0,0,0,0,0,10,4,9,2
34923,36666,1,36676,1,0,0,0,0,0,0,0,0,0,0,10,4,9,2
34924,36667,1,36677,1,0,0,0,0,0,0,0,0,0,0,10,4,9,2
34925,36668,1,36678,1,0,0,0,0,0,0,0,0,0,0,10,4,9,2
34926,36664,1,36674,1,0,0,0,0,0,0,0,0,0,0,8,4,11,2
34927,36665,1,36675,1,0,0,0,0,0,0,0,0,0,0,8,4,11,2
34928,36666,1,36676,1,0,0,0,0,0,0,0,0,0,0,8,4,11,2
34929,36667,1,36677,1,0,0,0,0,0,0,0,0,0,0,8,4,11,2
34930,36668,1,36678,1,0,0,0,0,0,0,0,0,0,0,8,4,11,2
34931,36664,1,36674,1,0,0,0,0,0,0,0,0,0,0,9,4,11,2
34932,36665,1,36675,1,0,0,0,0,0,0,0,0,0,0,9,4,11,2
34933,36666,1,36676,1,0,0,0,0,0,0,0,0,0,0,9,4,11,2
34934,36667,1,36677,1,0,0,0,0,0,0,0,0,0,0,9,4,11,2
34935,36668,1,36678,1,0,0,0,0,0,0,0,0,0,0,9,4,11,2
34936,36664,1,36674,1,0,0,0,0,0,0,0,0,0,0,10,4,8,2
34937,36665,1,36675,1,0,0,0,0,0,0,0,0,0,0,10,4,8,2
34938,36666,1,36676,1,0,0,0,0,0,0,0,0,0,0,10,4,8,2
34939,36667,1,36677,1,0,0,0,0,0,0,0,0,0,0,10,4,8,2
34940,36668,1,36678,1,0,0,0,0,0,0,0,0,0,0,10,4,8,2
34941,36664,1,36674,1,0,0,0,0,0,0,0,0,0,0,11,4,10,2
34942,36665,1,36675,1,0,0,0,0,0,0,0,0,0,0,11,4,10,2
34943,36666,1,36676,1,0,0,0,0,0,0,0,0,0,0,11,4,10,2
34944,36667,1,36677,1,0,0,0,0,0,0,0,0,0,0,11,4,10,2
34945,36668,1,36678,1,0,0,0,0,0,0,0,0,0,0,11,4,10,2
34946,36664,1,36674,1,0,0,0,0,0,0,0,0,0,0,12,4,10,2
34947,36665,1,36675,1,0,0,0,0,0,0,0,0,0,0,12,4,10,2
34948,36666,1,36676,1,0,0,0,0,0,0,0,0,0,0,12,4,10,2
34949,36667,1,36677,1,0,0,0,0,0,0,0,0,0,0,12,4,10,2
34950,36668,1,36678,1,0,0,0,0,0,0,0,0,0,0,12,4,10,2
34951,36664,1,36674,1,0,0,0,0,0,0,0,0,0,0,13,4,12,2
34952,36665,1,36675,1,0,0,0,0,0,0,0,0,0,0,13,4,12,2
34953,36666,1,36676,1,0,0,0,0,0,0,0,0,0,0,13,4,12,2
34954,36667,1,36677,1,0,0,0,0,0,0,0,0,0,0,13,4,12,2
34955,36668,1,36678,1,0,0,0,0,0,0,0,0,0,0,13,4,12,2
34956,36664,1,36674,1,0,0,0,0,0,0,0,0,0,0,8,4,13,2
34957,36665,1,36675,1,0,0,0,0,0,0,0,0,0,0,8,4,13,2
34958,36666,1,36676,1,0,0,0,0,0,0,0,0,0,0,8,4,13,2
34959,36667,1,36677,1,0,0,0,0,0,0,0,0,0,0,8,4,13,2
34960,36668,1,36678,1,0,0,0,0,0,0,0,0,0,0,8,4,13,2
34961,36687,1,37280,3,36173,3,36251,1,37284,2,36224,1,0,0,14,3,17,3
34962,36688,1,37280,3,36173,3,36200,1,37284,2,36224,1,0,0,14,3,17,3
34963,36689,1,37280,3,36173,3,36200,1,37284,2,36224,1,0,0,14,3,17,3
34964,36690,1,37280,3,36173,3,36172,1,37284,2,36224,1,0,0,14,3,17,3
34965,36691,1,37280,3,36173,3,36251,1,37284,2,36225,1,0,0,14,3,17,3
34966,36692,1,37280,3,36187,3,36200,1,37284,2,36225,1,0,0,16,3,14,3
34967,36693,1,37280,3,36173,3,36186,1,37284,2,36225,1,0,0,15,3,17,3
34968,36694,1,37280,3,36173,3,36172,1,37284,2,36225,1,0,0,15,3,17,3
34969,36695,1,37280,3,36173,3,36200,1,37284,2,36226,1,0,0,14,3,17,3
34970,36696,1,37280,3,36173,3,36200,1,37284,2,36226,1,0,0,14,3,17,3
34971,36697,1,37280,3,36201,3,36172,1,37284,2,36226,1,0,0,16,3,15,3
34972,36698,1,37280,3,36173,3,36172,1,37284,2,36225,1,0,0,14,3,17,3
34973,36699,1,37280,3,36173,3,36200,1,37284,2,36225,1,0,0,14,3,17,3
34974,36700,1,37280,3,36173,3,36200,1,37284,2,36225,1,0,0,14,3,17,3
34975,36701,1,37280,3,36201,3,36186,1,37284,2,36225,1,0,0,16,3,15,3
34976,36702,1,37280,3,36173,3,36251,1,37284,2,36224,1,0,0,14,3,17,3
34977,36703,1,37280,3,36201,3,36251,1,37284,2,36224,1,0,0,16,3,15,3
34978,36704,1,37280,3,36173,3,36200,1,37284,2,36224,1,0,0,14,3,17,3
34979,36705,1,37280,3,36173,3,36200,1,37284,2,36224,1,0,0,14,3,17,3
34980,36706,1,37280,3,36173,3,36172,1,37284,2,36226,1,0,0,14,3,17,3
34981,36707,1,37280,3,36173,3,36172,1,37284,2,36226,1,0,0,14,3,17,3
34982,36708,1,37281,3,36213,2,36212,1,37284,1,36225,1,0,0,18,3,16,3
34983,36709,1,37281,4,36213,3,36212,1,37284,2,36225,1,0,0,18,3,16,3
34984,36710,1,37281,3,36252,2,36251,1,37284,1,36224,1,0,0,17,3,16,3
34985,36711,1,37281,4,36213,3,36212,1,37284,2,36224,1,0,0,18,3,16,3
34986,36712,1,37281,3,36252,2,36251,1,37284,1,36226,1,0,0,17,3,16,3
34987,36713,1,37281,3,36213,2,36212,1,37284,1,36225,1,0,0,18,3,16,3
34988,36714,1,37281,4,36213,3,36212,1,37284,2,36225,1,0,0,18,3,16,3
34989,36715,1,37281,3,36252,2,36251,1,37284,1,36224,1,0,0,17,3,16,3
34990,36716,1,37281,4,36252,3,36251,1,37284,2,36224,1,0,0,17,3,16,3
34991,36717,1,37281,3,36252,2,36251,1,37284,1,36226,1,0,0,17,3,16,3
34992,37282,3,36686,1,36079,2,36081,1,36097,1,27825,1,36223,1,14,3,19,3
34993,37283,3,36686,1,36079,1,36077,2,27823,1,27835,1,36223,1,14,3,19,3
34994,37289,1,14146,3,14149,1,9360,3,15645,3,8147,5,0,0,14,3,17,2
34995,37290,1,14146,2,14157,2,9360,3,15645,3,8147,5,0,0,14,3,17,2
34996,37291,1,14146,2,14149,2,9360,3,15645,3,8147,5,0,0,16,3,14,2
34997,37292,1,14146,2,14155,2,9360,3,15645,3,8147,5,0,0,14,3,17,2
34998,37318,1,19949,3,19998,2,19947,2,19123,1,16733,5,0,0,8,7,11,7
34999,37319,1,19949,4,19998,1,19946,2,19123,1,16733,5,0,0,8,7,11,7
35000,37320,1,19929,3,19949,2,19947,2,19123,1,16733,5,0,0,10,7,9,7
35001,37321,1,19929,3,19949,2,19947,2,19123,1,16733,5,0,0,10,7,9,7
35002,37322,1,19949,4,19998,1,19947,2,19123,1,16733,5,0,0,8,7,11,7
35003,37323,1,19949,4,19948,1,19947,2,19123,1,16733,5,0,0,8,7,11,7
35004,37324,1,19949,3,19948,2,19947,2,19123,1,16733,5,0,0,8,7,11,7
35005,37325,1,19929,3,19998,2,19967,2,19123,1,16733,5,0,0,10,7,9,7
35006,37326,1,19948,3,19949,2,19967,2,19123,1,16733,5,0,0,10,7,8,7
35007,37327,1,19903,2,19998,3,19929,2,19123,1,16733,5,0,0,13,7,12,7
35008,37328,1,19903,2,19998,2,19929,3,19123,1,16733,5,0,0,13,7,12,7
35009,37329,1,19948,3,19949,2,19967,2,19123,1,16733,5,0,0,10,7,8,7
35010,37330,1,19949,4,19998,1,19947,2,19123,1,16733,5,0,0,8,7,11,7
35011,37331,1,19948,4,19949,1,19967,2,19123,1,16733,5,0,0,10,7,8,7
35012,37333,1,19949,3,19998,2,19946,2,19123,1,16733,5,0,0,8,7,11,7
35013,37333,1,19949,3,19998,2,19946,2,19123,1,16733,5,0,0,9,7,11,7
35014,37380,1,37492,1,36172,3,36200,2,36186,1,0,0,0,0,14,3,17,3
35015,36849,1,37492,1,36173,2,36252,1,36172,2,0,0,0,0,15,3,17,3
35016,37412,1,14183,1,36238,1,37441,1,0,0,0,0,0,0,19,3,18,3
35017,37413,1,14183,1,36238,1,37441,1,0,0,0,0,0,0,19,3,18,3
35018,37280,1,37279,4,37284,1,36223,1,0,0,0,0,0,0,16,3,14,3
35019,37281,1,37278,4,37284,1,36223,1,0,0,0,0,0,0,19,3,18,3
35020,36837,1,37488,1,36184,1,5512,1,0,0,0,0,0,0,18,3,16,3
35021,36838,1,37488,1,36212,3,0,0,0,0,0,0,0,0,18,3,16,3
35022,36839,1,37488,1,36212,3,0,0,0,0,0,0,0,0,18,3,16,3
35023,36840,1,37488,1,36251,2,0,0,0,0,0,0,0,0,17,3,16,3
35024,36841,1,37488,1,36212,3,0,0,0,0,0,0,0,0,18,3,16,3
35025,36842,1,37488,1,36212,3,0,0,0,0,0,0,0,0,18,3,16,3
35026,37742,1,37833,3,36172,1,37837,1,36225,1,0,0,0,0,14,3,17,3
35027,37743,1,37833,3,37832,2,36212,1,37835,2,36224,1,0,0,14,3,17,3
35028,37744,1,37833,4,37831,1,36172,1,37837,2,36225,1,0,0,14,3,17,3
35029,37745,1,37831,3,37833,2,36172,1,37835,2,36224,1,0,0,16,3,15,3
35030,37746,1,37831,3,37833,2,36251,1,37836,2,36224,1,0,0,16,3,15,3
35031,37747,1,37833,4,37830,1,36172,1,37836,2,36224,1,0,0,14,3,17,3
35032,37748,1,37833,4,37831,1,36172,1,37837,2,36225,1,0,0,14,3,17,3
35033,37749,1,37833,3,37832,2,36186,1,37836,2,36224,1,0,0,14,3,17,3
35034,37750,1,37831,3,37833,2,36186,1,37839,2,36226,1,0,0,16,3,15,3
35035,37751,1,37830,2,37833,3,36172,1,37838,2,36225,1,0,0,16,3,14,3
35036,37752,1,36238,1,37832,3,37834,2,37838,2,36225,1,0,0,19,3,18,3
35037,37753,1,36238,1,37832,3,37831,2,37839,2,36226,1,0,0,19,3,18,3
35038,37754,1,37830,2,37833,3,36186,1,37839,2,36226,1,0,0,16,3,14,3
35039,37755,1,37833,4,37832,1,36172,1,37835,2,36224,1,0,0,14,3,17,3
35040,37756,1,37830,2,37833,3,36186,1,37838,2,36225,1,0,0,16,3,14,3
35041,37757,1,37833,3,37830,2,36186,1,37837,2,36225,1,0,0,14,3,17,3
35042,37758,1,37833,4,37831,1,36172,1,37836,2,36224,1,0,0,14,3,17,3
35043,37759,1,37830,2,37833,3,36186,1,37839,2,36226,1,0,0,16,3,14,3
35044,37760,1,37833,4,37832,1,36172,1,37835,2,36224,1,0,0,14,3,17,3
35045,37761,1,37833,1,37831,1,37837,1,0,0,0,0,0,0,15,3,17,3
35046,37762,1,37833,2,37830,1,36172,1,37837,2,36225,1,0,0,15,3,17,3
35047,37763,1,37833,4,37834,1,36251,1,37837,2,36224,1,0,0,15,3,17,3
35048,37764,1,37833,2,37832,1,36172,1,37837,2,36224,1,0,0,15,3,17,3
35049,37765,1,37834,3,37832,2,36212,1,37837,2,36225,1,0,0,18,3,16,3
35050,37766,1,37833,2,37832,1,36172,1,37837,2,36226,1,0,0,15,3,17,3
35051,37767,1,37833,2,37830,1,36172,1,37835,2,36225,1,0,0,15,3,17,3
35052,37768,1,37833,4,37834,1,36251,1,37835,2,36224,1,0,0,15,3,17,3
35053,37769,1,37833,2,37832,1,36172,1,37835,2,36224,1,0,0,15,3,17,3
35054,37770,1,37834,3,37832,2,36212,1,37835,2,36225,1,0,0,18,3,16,3
35055,37771,1,37833,2,37832,1,36172,1,37835,2,36226,1,0,0,15,3,17,3
35056,37772,1,37830,1,37834,2,36172,1,37835,2,36225,1,0,0,16,3,14,3
35057,37773,1,37834,3,37832,2,36172,1,37835,2,36224,1,0,0,18,3,16,3
35058,37774,1,37832,2,37834,1,36251,1,37835,2,36224,1,0,0,17,3,16,3
35059,37775,1,37834,3,37832,2,36212,1,37835,2,36225,1,0,0,18,3,16,3
35060,37776,1,37832,2,37831,1,36251,1,37835,2,36226,1,0,0,17,3,16,3
35061,37777,1,37830,1,37834,2,36172,1,37836,2,36225,1,0,0,16,3,14,3
35062,37778,1,37834,3,37832,2,36172,1,37836,2,36224,1,0,0,18,3,16,3
35063,37779,1,37832,2,37834,1,36251,1,37836,2,36224,1,0,0,17,3,16,3
35064,37780,1,37834,3,37832,2,36212,1,37836,2,36225,1,0,0,18,3,16,3
35065,37781,1,37833,2,37834,1,36251,1,37836,2,36226,1,0,0,15,3,17,3
35066,37782,1,37830,1,37834,2,36172,1,37836,2,36225,1,0,0,16,3,14,3
35067,37783,1,37834,3,37832,2,36172,1,37836,2,36224,1,0,0,18,3,16,3
35068,37784,1,37832,2,37834,1,36251,1,37836,2,36224,1,0,0,17,3,16,3
35069,37785,1,37834,3,37832,2,36212,1,37836,2,36225,1,0,0,18,3,16,3
35070,37786,1,37833,2,37832,1,36172,1,37836,2,36226,1,0,0,15,3,17,3
35071,37787,1,37830,1,37834,2,36172,1,37839,2,36225,1,0,0,16,3,14,3
35072,37788,1,37834,3,37832,2,36212,1,37839,2,36224,1,0,0,18,3,16,3
35073,37789,1,37832,2,37834,1,36212,1,37839,2,36224,1,0,0,17,3,16,3
35074,37790,1,37834,3,37832,2,36212,1,37839,2,36225,1,0,0,18,3,16,3
35075,37791,1,37832,2,37831,1,36212,1,37839,2,36226,1,0,0,17,3,16,3
35076,37792,1,37830,1,37834,2,36172,1,37838,2,36225,1,0,0,16,3,14,3
35077,37793,1,37834,3,37832,2,36212,1,37838,2,36224,1,0,0,18,3,16,3
35078,37794,1,37832,2,37834,1,36251,1,37838,2,36224,1,0,0,17,3,16,3
35079,37795,1,37834,3,37832,2,36212,1,37838,2,36225,1,0,0,18,3,16,3
35080,37796,1,37832,2,37831,1,36212,1,37838,2,36226,1,0,0,17,3,16,3
35081,37797,1,37832,1,37830,1,36172,1,37837,1,36225,1,0,0,17,3,16,3
35082,37798,1,37832,1,37830,1,36172,1,37835,1,36225,1,0,0,17,3,16,3
35083,37799,1,37832,1,37830,1,36172,1,37836,1,36225,1,0,0,17,3,16,3
35084,37800,1,37832,1,37830,1,36172,1,37839,1,36225,1,0,0,17,3,16,3
35085,37801,1,37832,1,37830,1,36172,1,37838,1,36225,1,0,0,17,3,16,3
35086,37802,1,37830,1,37833,1,36251,1,37837,1,36224,1,0,0,16,3,14,3
35087,37803,1,37830,1,37833,1,36251,1,37835,1,36224,1,0,0,16,3,14,3
35088,37804,1,37830,1,37833,1,36251,1,37836,1,36224,1,0,0,16,3,14,3
35089,37805,1,37830,1,37833,1,36251,1,37839,1,36224,1,0,0,16,3,14,3
35090,37806,1,37830,1,37833,1,36251,1,37838,1,36224,1,0,0,16,3,14,3
35091,37807,1,37831,1,37834,1,36200,1,37837,1,36224,1,0,0,16,3,15,3
35092,37808,1,37831,1,37834,1,36200,1,37835,1,36224,1,0,0,16,3,15,3
35093,37809,1,37831,1,37834,1,36200,1,37836,1,36224,1,0,0,16,3,15,3
35094,37810,1,37831,1,37834,1,36200,1,37839,1,36224,1,0,0,16,3,15,3
35095,37811,1,37831,1,37834,1,36200,1,37838,1,36224,1,0,0,16,3,15,3
35096,37812,1,37831,1,37830,1,36200,1,37837,1,36226,1,0,0,16,3,15,3
35097,37813,1,37831,1,37830,1,36200,1,37835,1,36226,1,0,0,16,3,15,3
35098,37814,1,37831,1,37830,1,36200,1,37836,1,36226,1,0,0,16,3,15,3
35099,37815,1,37831,1,37830,1,36200,1,37839,1,36226,1,0,0,16,3,15,3
35100,37816,1,37831,1,37830,1,36200,1,37838,1,36226,1,0,0,16,3,15,3
35101,37830,1,37817,5,37825,2,0,0,0,0,0,0,0,0,16,3,14,3
35102,37831,1,37818,5,37826,2,0,0,0,0,0,0,0,0,16,3,15,3
35103,37832,1,37827,2,37819,5,0,0,0,0,0,0,0,0,17,3,16,3
35104,37833,1,37820,5,37828,2,0,0,0,0,0,0,0,0,14,3,17,3
35105,37833,1,37820,5,37828,2,0,0,0,0,0,0,0,0,15,3,17,3
35106,37834,1,37821,5,37829,2,0,0,0,0,0,0,0,0,18,3,16,3
35107,37835,3,37822,1,36263,1,27779,1,36223,1,0,0,0,0,19,3,18,3
35108,37836,3,37822,1,36263,1,27785,1,36223,1,0,0,0,0,19,3,18,3
35109,37837,3,37822,1,36263,1,27783,1,36223,1,0,0,0,0,19,3,18,3
35110,37838,3,37822,1,36263,1,27780,1,36223,1,0,0,0,0,19,3,18,3
35111,37839,3,37822,1,36263,1,27784,1,36223,1,0,0,0,0,19,3,18,3
35112,37840,3,37823,1,36227,1,36223,1,0,0,0,0,0,0,19,3,18,3
35113,37841,3,37823,1,36228,1,36223,1,0,0,0,0,0,0,19,3,18,3
35114,37842,3,37823,1,36229,1,36223,1,0,0,0,0,0,0,19,3,18,3
35115,37843,3,37823,1,36230,1,36223,1,0,0,0,0,0,0,19,3,18,3
35116,37844,3,37823,1,36231,1,36223,1,0,0,0,0,0,0,19,3,18,3
35117,38261,3,38271,1,36077,2,12895,1,36256,1,27835,1,36223,1,14,3,19,3
35118,38262,3,38271,1,36080,2,27839,1,36263,1,36095,1,36223,1,14,3,19,3
35119,38263,3,38272,1,36079,2,27843,1,36097,1,36091,1,36223,1,14,3,19,3
35120,38264,3,38272,1,36080,2,27839,1,36256,1,36255,1,36223,1,14,3,19,3
35121,38265,3,38273,1,36078,2,27841,1,36088,1,36255,1,36223,1,14,3,19,3
35122,38266,3,38273,1,36079,2,27843,1,36098,1,27827,1,36223,1,14,3,19,3
35123,38267,3,38274,1,36079,2,27843,1,36098,1,36088,1,36223,1,14,3,19,3
35124,38268,3,38274,1,36081,2,27841,1,36097,1,4837,1,36223,1,14,3,19,3
35125,38269,3,38275,1,36082,2,12908,1,36097,1,4829,1,36223,1,14,3,19,3
35126,38270,3,38275,1,36082,2,12894,1,36256,1,27829,1,36223,1,14,3,19,3
35127,37699,1,37693,1,36192,1,36204,1,36244,1,0,0,0,0,16,5,15,5
35128,37699,1,37693,1,36192,1,36204,1,36244,1,0,0,0,0,17,5,16,5
35129,37699,1,37693,1,36192,1,36204,1,36244,1,0,0,0,0,18,5,16,5
35130,37700,1,37696,1,36164,2,36176,1,0,0,0,0,0,0,14,5,17,5
35131,37700,1,37696,1,36164,2,36176,1,0,0,0,0,0,0,15,5,17,5
35132,37700,1,37696,1,36164,2,36176,1,0,0,0,0,0,0,16,5,14,5
35133,37701,1,37698,1,36259,1,36094,1,0,0,0,0,0,0,19,5,18,5
35134,37701,1,37698,1,36259,1,36094,1,0,0,0,0,0,0,14,5,19,5
35135,38542,1,27716,4,27743,1,27714,1,27951,1,23181,8,0,0,14,2,17,2
35136,38543,1,27716,3,27717,2,27714,1,27951,1,23181,8,0,0,14,2,17,2
35137,38544,1,27694,3,27716,2,27725,1,27951,1,23181,8,0,0,16,2,15,2
35138,38545,1,27694,4,27717,1,27715,1,27951,1,23181,8,0,0,16,2,15,2
35139,38546,1,27716,3,27717,2,27714,1,27951,1,23181,8,0,0,14,2,17,2
35140,38547,1,27716,4,27717,1,27715,1,27951,1,23181,8,0,0,14,2,17,2
35141,38548,1,27716,3,27717,2,27955,2,27951,1,23181,8,0,0,14,2,17,2
35142,38549,1,27694,3,27717,2,27725,1,27951,1,23181,8,0,0,16,2,15,2
35143,38550,1,27694,3,27716,2,27725,1,27951,1,23181,8,0,0,16,2,15,2
35144,38551,1,27781,1,27743,3,27694,2,27951,1,23181,8,0,0,19,2,18,2
35145,38552,1,27781,1,27743,2,27694,3,27951,1,23181,8,0,0,19,2,18,2
35146,38553,1,27717,4,27716,1,27725,1,27951,1,23181,8,0,0,16,2,14,2
35147,38554,1,27716,4,27760,1,27714,1,27951,1,23181,8,0,0,14,2,17,2
35148,38555,1,27717,4,27694,1,27725,1,27951,1,23181,8,0,0,16,2,14,2
35149,38556,1,27716,4,27717,1,27714,1,27951,1,23181,8,0,0,14,2,17,2
35150,38557,1,27716,4,27743,1,27715,1,27951,1,23181,8,0,0,14,2,17,2
35151,38573,1,27716,3,27717,2,27725,1,27951,1,23181,8,0,0,14,2,17,2
35152,38573,1,27716,3,27717,2,27725,1,27951,1,23181,8,0,0,15,2,17,2
35153,38536,3,7671,2,36197,3,0,0,0,0,0,0,0,0,16,3,15,3
35154,38536,3,7671,2,36169,3,0,0,0,0,0,0,0,0,14,3,17,3
35155,38536,3,7671,2,36169,3,0,0,0,0,0,0,0,0,15,3,17,3
35156,38536,3,7671,2,36183,3,0,0,0,0,0,0,0,0,16,3,14,3
35157,38536,3,7671,2,36248,3,0,0,0,0,0,0,0,0,17,3,16,3
35158,38536,3,7671,2,36209,3,0,0,0,0,0,0,0,0,18,3,16,3
35159,38536,3,7671,2,36237,3,0,0,0,0,0,0,0,0,19,3,18,3
35160,38536,3,7671,2,36079,9,0,0,0,0,0,0,0,0,14,3,19,3
35161,38440,1,38675,1,36213,2,36252,1,36172,2,0,0,0,0,17,3,16,3
35162,38612,1,38675,1,36172,4,36186,2,0,0,0,0,0,0,14,3,17,3
35163,38629,1,14183,1,36238,1,38658,1,0,0,0,0,0,0,19,3,18,3
35164,38243,1,38686,1,36212,2,0,0,0,0,0,0,0,0,18,3,16,3
35165,38244,1,38686,1,36212,2,36251,1,0,0,0,0,0,0,18,3,16,3
35166,38245,1,38686,1,36251,2,0,0,0,0,0,0,0,0,17,3,16,3
35167,38246,1,38686,1,36212,2,36251,1,0,0,0,0,0,0,18,3,16,3
35168,38247,1,38686,1,36251,2,0,0,0,0,0,0,0,0,17,3,16,3
35169,38843,1,38842,1,0,0,0,0,0,0,0,0,0,0,10,7,9,7
35170,38845,1,38844,1,0,0,0,0,0,0,0,0,0,0,10,7,9,7
35171,38847,1,38846,1,0,0,0,0,0,0,0,0,0,0,10,7,9,7
35172,38849,1,38848,1,0,0,0,0,0,0,0,0,0,0,10,7,9,7
35173,38851,1,38850,1,0,0,0,0,0,0,0,0,0,0,10,7,9,7
35174,38853,1,38852,1,0,0,0,0,0,0,0,0,0,0,10,7,9,7
35175,38855,1,38854,1,0,0,0,0,0,0,0,0,0,0,10,7,9,7
35176,38857,1,38856,1,0,0,0,0,0,0,0,0,0,0,10,7,9,7
35177,38859,1,38858,1,0,0,0,0,0,0,0,0,0,0,10,7,9,7
35178,38861,1,38860,1,0,0,0,0,0,0,0,0,0,0,10,7,9,7
35179,38863,1,38862,1,0,0,0,0,0,0,0,0,0,0,10,7,9,7
35180,38865,1,38864,1,0,0,0,0,0,0,0,0,0,0,10,7,9,7
35181,38867,1,38866,1,0,0,0,0,0,0,0,0,0,0,10,7,9,7
35182,38869,1,38868,1,0,0,0,0,0,0,0,0,0,0,10,7,9,7
35183,38871,1,38870,1,0,0,0,0,0,0,0,0,0,0,10,7,9,7
35184,38873,1,38872,1,0,0,0,0,0,0,0,0,0,0,10,7,9,7
35185,38875,1,38874,1,0,0,0,0,0,0,0,0,0,0,10,7,9,7
35186,38877,1,38876,1,0,0,0,0,0,0,0,0,0,0,10,7,9,7
35187,38879,1,38878,1,0,0,0,0,0,0,0,0,0,0,10,7,9,7
35188,38881,1,38880,1,0,0,0,0,0,0,0,0,0,0,10,7,9,7
35189,38883,1,38882,1,0,0,0,0,0,0,0,0,0,0,10,7,9,7
35190,38885,1,38884,1,0,0,0,0,0,0,0,0,0,0,10,7,9,7
35191,38887,1,38886,1,0,0,0,0,0,0,0,0,0,0,10,7,9,7
35192,38889,1,38888,1,0,0,0,0,0,0,0,0,0,0,10,7,9,7
35193,38843,1,38842,1,0,0,0,0,0,0,0,0,0,0,8,7,11,7
35194,38845,1,38844,1,0,0,0,0,0,0,0,0,0,0,8,7,11,7
35195,38847,1,38846,1,0,0,0,0,0,0,0,0,0,0,8,7,11,7
35196,38849,1,38848,1,0,0,0,0,0,0,0,0,0,0,8,7,11,7
35197,38851,1,38850,1,0,0,0,0,0,0,0,0,0,0,8,7,11,7
35198,38853,1,38852,1,0,0,0,0,0,0,0,0,0,0,8,7,11,7
35199,38855,1,38854,1,0,0,0,0,0,0,0,0,0,0,8,7,11,7
35200,38857,1,38856,1,0,0,0,0,0,0,0,0,0,0,8,7,11,7
35201,38859,1,38858,1,0,0,0,0,0,0,0,0,0,0,8,7,11,7
35202,38861,1,38860,1,0,0,0,0,0,0,0,0,0,0,8,7,11,7
35203,38863,1,38862,1,0,0,0,0,0,0,0,0,0,0,8,7,11,7
35204,38865,1,38864,1,0,0,0,0,0,0,0,0,0,0,8,7,11,7
35205,38867,1,38866,1,0,0,0,0,0,0,0,0,0,0,8,7,11,7
35206,38869,1,38868,1,0,0,0,0,0,0,0,0,0,0,8,7,11,7
35207,38871,1,38870,1,0,0,0,0,0,0,0,0,0,0,8,7,11,7
35208,38873,1,38872,1,0,0,0,0,0,0,0,0,0,0,8,7,11,7
35209,38875,1,38874,1,0,0,0,0,0,0,0,0,0,0,8,7,11,7
35210,38877,1,38876,1,0,0,0,0,0,0,0,0,0,0,8,7,11,7
35211,38879,1,38878,1,0,0,0,0,0,0,0,0,0,0,8,7,11,7
35212,38881,1,38880,1,0,0,0,0,0,0,0,0,0,0,8,7,11,7
35213,38883,1,38882,1,0,0,0,0,0,0,0,0,0,0,8,7,11,7
35214,38885,1,38884,1,0,0,0,0,0,0,0,0,0,0,8,7,11,7
35215,38887,1,38886,1,0,0,0,0,0,0,0,0,0,0,8,7,11,7
35216,38889,1,38888,1,0,0,0,0,0,0,0,0,0,0,8,7,11,7
35217,38843,1,38842,1,0,0,0,0,0,0,0,0,0,0,9,7,11,7
35218,38845,1,38844,1,0,0,0,0,0,0,0,0,0,0,9,7,11,7
35219,38847,1,38846,1,0,0,0,0,0,0,0,0,0,0,9,7,11,7
35220,38849,1,38848,1,0,0,0,0,0,0,0,0,0,0,9,7,11,7
35221,38851,1,38850,1,0,0,0,0,0,0,0,0,0,0,9,7,11,7
35222,38853,1,38852,1,0,0,0,0,0,0,0,0,0,0,9,7,11,7
35223,38855,1,38854,1,0,0,0,0,0,0,0,0,0,0,9,7,11,7
35224,38857,1,38856,1,0,0,0,0,0,0,0,0,0,0,9,7,11,7
35225,38859,1,38858,1,0,0,0,0,0,0,0,0,0,0,9,7,11,7
35226,38861,1,38860,1,0,0,0,0,0,0,0,0,0,0,9,7,11,7
35227,38863,1,38862,1,0,0,0,0,0,0,0,0,0,0,9,7,11,7
35228,38865,1,38864,1,0,0,0,0,0,0,0,0,0,0,9,7,11,7
35229,38867,1,38866,1,0,0,0,0,0,0,0,0,0,0,9,7,11,7
35230,38869,1,38868,1,0,0,0,0,0,0,0,0,0,0,9,7,11,7
35231,38871,1,38870,1,0,0,0,0,0,0,0,0,0,0,9,7,11,7
35232,38873,1,38872,1,0,0,0,0,0,0,0,0,0,0,9,7,11,7
35233,38875,1,38874,1,0,0,0,0,0,0,0,0,0,0,9,7,11,7
35234,38877,1,38876,1,0,0,0,0,0,0,0,0,0,0,9,7,11,7
35235,38879,1,38878,1,0,0,0,0,0,0,0,0,0,0,9,7,11,7
35236,38881,1,38880,1,0,0,0,0,0,0,0,0,0,0,9,7,11,7
35237,38883,1,38882,1,0,0,0,0,0,0,0,0,0,0,9,7,11,7
35238,38885,1,38884,1,0,0,0,0,0,0,0,0,0,0,9,7,11,7
35239,38887,1,38886,1,0,0,0,0,0,0,0,0,0,0,9,7,11,7
35240,38889,1,38888,1,0,0,0,0,0,0,0,0,0,0,9,7,11,7
35241,38843,1,38842,1,0,0,0,0,0,0,0,0,0,0,10,7,8,7
35242,38845,1,38844,1,0,0,0,0,0,0,0,0,0,0,10,7,8,7
35243,38847,1,38846,1,0,0,0,0,0,0,0,0,0,0,10,7,8,7
35244,38849,1,38848,1,0,0,0,0,0,0,0,0,0,0,10,7,8,7
35245,38851,1,38850,1,0,0,0,0,0,0,0,0,0,0,10,7,8,7
35246,38853,1,38852,1,0,0,0,0,0,0,0,0,0,0,10,7,8,7
35247,38855,1,38854,1,0,0,0,0,0,0,0,0,0,0,10,7,8,7
35248,38857,1,38856,1,0,0,0,0,0,0,0,0,0,0,10,7,8,7
35249,38859,1,38858,1,0,0,0,0,0,0,0,0,0,0,10,7,8,7
35250,38861,1,38860,1,0,0,0,0,0,0,0,0,0,0,10,7,8,7
35251,38863,1,38862,1,0,0,0,0,0,0,0,0,0,0,10,7,8,7
35252,38865,1,38864,1,0,0,0,0,0,0,0,0,0,0,10,7,8,7
35253,38867,1,38866,1,0,0,0,0,0,0,0,0,0,0,10,7,8,7
35254,38869,1,38868,1,0,0,0,0,0,0,0,0,0,0,10,7,8,7
35255,38871,1,38870,1,0,0,0,0,0,0,0,0,0,0,10,7,8,7
35256,38873,1,38872,1,0,0,0,0,0,0,0,0,0,0,10,7,8,7
35257,38875,1,38874,1,0,0,0,0,0,0,0,0,0,0,10,7,8,7
35258,38877,1,38876,1,0,0,0,0,0,0,0,0,0,0,10,7,8,7
35259,38879,1,38878,1,0,0,0,0,0,0,0,0,0,0,10,7,8,7
35260,38881,1,38880,1,0,0,0,0,0,0,0,0,0,0,10,7,8,7
35261,38883,1,38882,1,0,0,0,0,0,0,0,0,0,0,10,7,8,7
35262,38885,1,38884,1,0,0,0,0,0,0,0,0,0,0,10,7,8,7
35263,38887,1,38886,1,0,0,0,0,0,0,0,0,0,0,10,7,8,7
35264,38889,1,38888,1,0,0,0,0,0,0,0,0,0,0,10,7,8,7
35265,38843,1,38842,1,0,0,0,0,0,0,0,0,0,0,11,7,10,7
35266,38845,1,38844,1,0,0,0,0,0,0,0,0,0,0,11,7,10,7
35267,38847,1,38846,1,0,0,0,0,0,0,0,0,0,0,11,7,10,7
35268,38849,1,38848,1,0,0,0,0,0,0,0,0,0,0,11,7,10,7
35269,38851,1,38850,1,0,0,0,0,0,0,0,0,0,0,11,7,10,7
35270,38853,1,38852,1,0,0,0,0,0,0,0,0,0,0,11,7,10,7
35271,38855,1,38854,1,0,0,0,0,0,0,0,0,0,0,11,7,10,7
35272,38857,1,38856,1,0,0,0,0,0,0,0,0,0,0,11,7,10,7
35273,38859,1,38858,1,0,0,0,0,0,0,0,0,0,0,11,7,10,7
35274,38861,1,38860,1,0,0,0,0,0,0,0,0,0,0,11,7,10,7
35275,38863,1,38862,1,0,0,0,0,0,0,0,0,0,0,11,7,10,7
35276,38865,1,38864,1,0,0,0,0,0,0,0,0,0,0,11,7,10,7
35277,38867,1,38866,1,0,0,0,0,0,0,0,0,0,0,11,7,10,7
35278,38869,1,38868,1,0,0,0,0,0,0,0,0,0,0,11,7,10,7
35279,38871,1,38870,1,0,0,0,0,0,0,0,0,0,0,11,7,10,7
35280,38873,1,38872,1,0,0,0,0,0,0,0,0,0,0,11,7,10,7
35281,38875,1,38874,1,0,0,0,0,0,0,0,0,0,0,11,7,10,7
35282,38877,1,38876,1,0,0,0,0,0,0,0,0,0,0,11,7,10,7
35283,38879,1,38878,1,0,0,0,0,0,0,0,0,0,0,11,7,10,7
35284,38881,1,38880,1,0,0,0,0,0,0,0,0,0,0,11,7,10,7
35285,38883,1,38882,1,0,0,0,0,0,0,0,0,0,0,11,7,10,7
35286,38885,1,38884,1,0,0,0,0,0,0,0,0,0,0,11,7,10,7
35287,38887,1,38886,1,0,0,0,0,0,0,0,0,0,0,11,7,10,7
35288,38889,1,38888,1,0,0,0,0,0,0,0,0,0,0,11,7,10,7
35289,38843,1,38842,1,0,0,0,0,0,0,0,0,0,0,12,7,10,7
35290,38845,1,38844,1,0,0,0,0,0,0,0,0,0,0,12,7,10,7
35291,38847,1,38846,1,0,0,0,0,0,0,0,0,0,0,12,7,10,7
35292,38849,1,38848,1,0,0,0,0,0,0,0,0,0,0,12,7,10,7
35293,38851,1,38850,1,0,0,0,0,0,0,0,0,0,0,12,7,10,7
35294,38853,1,38852,1,0,0,0,0,0,0,0,0,0,0,12,7,10,7
35295,38855,1,38854,1,0,0,0,0,0,0,0,0,0,0,12,7,10,7
35296,38857,1,38856,1,0,0,0,0,0,0,0,0,0,0,12,7,10,7
35297,38859,1,38858,1,0,0,0,0,0,0,0,0,0,0,12,7,10,7
35298,38861,1,38860,1,0,0,0,0,0,0,0,0,0,0,12,7,10,7
35299,38863,1,38862,1,0,0,0,0,0,0,0,0,0,0,12,7,10,7
35300,38865,1,38864,1,0,0,0,0,0,0,0,0,0,0,12,7,10,7
35301,38867,1,38866,1,0,0,0,0,0,0,0,0,0,0,12,7,10,7
35302,38869,1,38868,1,0,0,0,0,0,0,0,0,0,0,12,7,10,7
35303,38871,1,38870,1,0,0,0,0,0,0,0,0,0,0,12,7,10,7
35304,38873,1,38872,1,0,0,0,0,0,0,0,0,0,0,12,7,10,7
35305,38875,1,38874,1,0,0,0,0,0,0,0,0,0,0,12,7,10,7
35306,38877,1,38876,1,0,0,0,0,0,0,0,0,0,0,12,7,10,7
35307,38879,1,38878,1,0,0,0,0,0,0,0,0,0,0,12,7,10,7
35308,38881,1,38880,1,0,0,0,0,0,0,0,0,0,0,12,7,10,7
35309,38883,1,38882,1,0,0,0,0,0,0,0,0,0,0,12,7,10,7
35310,38885,1,38884,1,0,0,0,0,0,0,0,0,0,0,12,7,10,7
35311,38887,1,38886,1,0,0,0,0,0,0,0,0,0,0,12,7,10,7
35312,38889,1,38888,1,0,0,0,0,0,0,0,0,0,0,12,7,10,7
35313,38843,1,38842,1,0,0,0,0,0,0,0,0,0,0,13,7,12,7
35314,38845,1,38844,1,0,0,0,0,0,0,0,0,0,0,13,7,12,7
35315,38847,1,38846,1,0,0,0,0,0,0,0,0,0,0,13,7,12,7
35316,38849,1,38848,1,0,0,0,0,0,0,0,0,0,0,13,7,12,7
35317,38851,1,38850,1,0,0,0,0,0,0,0,0,0,0,13,7,12,7
35318,38853,1,38852,1,0,0,0,0,0,0,0,0,0,0,13,7,12,7
35319,38855,1,38854,1,0,0,0,0,0,0,0,0,0,0,13,7,12,7
35320,38857,1,38856,1,0,0,0,0,0,0,0,0,0,0,13,7,12,7
35321,38859,1,38858,1,0,0,0,0,0,0,0,0,0,0,13,7,12,7
35322,38861,1,38860,1,0,0,0,0,0,0,0,0,0,0,13,7,12,7
35323,38863,1,38862,1,0,0,0,0,0,0,0,0,0,0,13,7,12,7
35324,38865,1,38864,1,0,0,0,0,0,0,0,0,0,0,13,7,12,7
35325,38867,1,38866,1,0,0,0,0,0,0,0,0,0,0,13,7,12,7
35326,38869,1,38868,1,0,0,0,0,0,0,0,0,0,0,13,7,12,7
35327,38871,1,38870,1,0,0,0,0,0,0,0,0,0,0,13,7,12,7
35328,38873,1,38872,1,0,0,0,0,0,0,0,0,0,0,13,7,12,7
35329,38875,1,38874,1,0,0,0,0,0,0,0,0,0,0,13,7,12,7
35330,38877,1,38876,1,0,0,0,0,0,0,0,0,0,0,13,7,12,7
35331,38879,1,38878,1,0,0,0,0,0,0,0,0,0,0,13,7,12,7
35332,38881,1,38880,1,0,0,0,0,0,0,0,0,0,0,13,7,12,7
35333,38883,1,38882,1,0,0,0,0,0,0,0,0,0,0,13,7,12,7
35334,38885,1,38884,1,0,0,0,0,0,0,0,0,0,0,13,7,12,7
35335,38887,1,38886,1,0,0,0,0,0,0,0,0,0,0,13,7,12,7
35336,38889,1,38888,1,0,0,0,0,0,0,0,0,0,0,13,7,12,7
35337,38843,1,38842,1,0,0,0,0,0,0,0,0,0,0,8,7,13,7
35338,38845,1,38844,1,0,0,0,0,0,0,0,0,0,0,8,7,13,7
35339,38847,1,38846,1,0,0,0,0,0,0,0,0,0,0,8,7,13,7
35340,38849,1,38848,1,0,0,0,0,0,0,0,0,0,0,8,7,13,7
35341,38851,1,38850,1,0,0,0,0,0,0,0,0,0,0,8,7,13,7
35342,38853,1,38852,1,0,0,0,0,0,0,0,0,0,0,8,7,13,7
35343,38855,1,38854,1,0,0,0,0,0,0,0,0,0,0,8,7,13,7
35344,38857,1,38856,1,0,0,0,0,0,0,0,0,0,0,8,7,13,7
35345,38859,1,38858,1,0,0,0,0,0,0,0,0,0,0,8,7,13,7
35346,38861,1,38860,1,0,0,0,0,0,0,0,0,0,0,8,7,13,7
35347,38863,1,38862,1,0,0,0,0,0,0,0,0,0,0,8,7,13,7
35348,38865,1,38864,1,0,0,0,0,0,0,0,0,0,0,8,7,13,7
35349,38867,1,38866,1,0,0,0,0,0,0,0,0,0,0,8,7,13,7
35350,38869,1,38868,1,0,0,0,0,0,0,0,0,0,0,8,7,13,7
35351,38871,1,38870,1,0,0,0,0,0,0,0,0,0,0,8,7,13,7
35352,38873,1,38872,1,0,0,0,0,0,0,0,0,0,0,8,7,13,7
35353,38875,1,38874,1,0,0,0,0,0,0,0,0,0,0,8,7,13,7
35354,38877,1,38876,1,0,0,0,0,0,0,0,0,0,0,8,7,13,7
35355,38879,1,38878,1,0,0,0,0,0,0,0,0,0,0,8,7,13,7
35356,38881,1,38880,1,0,0,0,0,0,0,0,0,0,0,8,7,13,7
35357,38883,1,38882,1,0,0,0,0,0,0,0,0,0,0,8,7,13,7
35358,38885,1,38884,1,0,0,0,0,0,0,0,0,0,0,8,7,13,7
35359,38887,1,38886,1,0,0,0,0,0,0,0,0,0,0,8,7,13,7
35360,38889,1,38888,1,0,0,0,0,0,0,0,0,0,0,8,7,13,7
35361,38815,1,38825,1,0,0,0,0,0,0,0,0,0,0,10,4,9,2
35362,38816,1,38826,1,0,0,0,0,0,0,0,0,0,0,10,4,9,2
35363,38817,1,38827,1,0,0,0,0,0,0,0,0,0,0,10,4,9,2
35364,38818,1,38828,1,0,0,0,0,0,0,0,0,0,0,10,4,9,2
35365,38819,1,38829,1,0,0,0,0,0,0,0,0,0,0,10,4,9,2
35366,38815,1,38825,1,0,0,0,0,0,0,0,0,0,0,8,4,11,2
35367,38816,1,38826,1,0,0,0,0,0,0,0,0,0,0,8,4,11,2
35368,38817,1,38827,1,0,0,0,0,0,0,0,0,0,0,8,4,11,2
35369,38818,1,38828,1,0,0,0,0,0,0,0,0,0,0,8,4,11,2
35370,38819,1,38829,1,0,0,0,0,0,0,0,0,0,0,8,4,11,2
35371,38815,1,38825,1,0,0,0,0,0,0,0,0,0,0,9,4,11,2
35372,38816,1,38826,1,0,0,0,0,0,0,0,0,0,0,9,4,11,2
35373,38817,1,38827,1,0,0,0,0,0,0,0,0,0,0,9,4,11,2
35374,38818,1,38828,1,0,0,0,0,0,0,0,0,0,0,9,4,11,2
35375,38819,1,38829,1,0,0,0,0,0,0,0,0,0,0,9,4,11,2
35376,38815,1,38825,1,0,0,0,0,0,0,0,0,0,0,10,4,8,2
35377,38816,1,38826,1,0,0,0,0,0,0,0,0,0,0,10,4,8,2
35378,38817,1,38827,1,0,0,0,0,0,0,0,0,0,0,10,4,8,2
35379,38818,1,38828,1,0,0,0,0,0,0,0,0,0,0,10,4,8,2
35380,38819,1,38829,1,0,0,0,0,0,0,0,0,0,0,10,4,8,2
35381,38815,1,38825,1,0,0,0,0,0,0,0,0,0,0,11,4,10,2
35382,38816,1,38826,1,0,0,0,0,0,0,0,0,0,0,11,4,10,2
35383,38817,1,38827,1,0,0,0,0,0,0,0,0,0,0,11,4,10,2
35384,38818,1,38828,1,0,0,0,0,0,0,0,0,0,0,11,4,10,2
35385,38819,1,38829,1,0,0,0,0,0,0,0,0,0,0,11,4,10,2
35386,38815,1,38825,1,0,0,0,0,0,0,0,0,0,0,12,4,10,2
35387,38816,1,38826,1,0,0,0,0,0,0,0,0,0,0,12,4,10,2
35388,38817,1,38827,1,0,0,0,0,0,0,0,0,0,0,12,4,10,2
35389,38818,1,38828,1,0,0,0,0,0,0,0,0,0,0,12,4,10,2
35390,38819,1,38829,1,0,0,0,0,0,0,0,0,0,0,12,4,10,2
35391,38815,1,38825,1,0,0,0,0,0,0,0,0,0,0,13,4,12,2
35392,38816,1,38826,1,0,0,0,0,0,0,0,0,0,0,13,4,12,2
35393,38817,1,38827,1,0,0,0,0,0,0,0,0,0,0,13,4,12,2
35394,38818,1,38828,1,0,0,0,0,0,0,0,0,0,0,13,4,12,2
35395,38819,1,38829,1,0,0,0,0,0,0,0,0,0,0,13,4,12,2
35396,38815,1,38825,1,0,0,0,0,0,0,0,0,0,0,8,4,13,2
35397,38816,1,38826,1,0,0,0,0,0,0,0,0,0,0,8,4,13,2
35398,38817,1,38827,1,0,0,0,0,0,0,0,0,0,0,8,4,13,2
35399,38818,1,38828,1,0,0,0,0,0,0,0,0,0,0,8,4,13,2
35400,38819,1,38829,1,0,0,0,0,0,0,0,0,0,0,8,4,13,2
35401,38756,1,38748,1,36193,2,0,0,0,0,0,0,0,0,16,4,15,2
35402,38757,1,38749,1,36176,2,0,0,0,0,0,0,0,0,14,4,17,2
35403,38758,1,38750,1,36193,2,0,0,0,0,0,0,0,0,15,4,17,2
35404,38759,1,38751,1,36164,2,0,0,0,0,0,0,0,0,16,4,14,2
35405,38760,1,38752,1,36203,2,0,0,0,0,0,0,0,0,17,4,16,2
35406,38761,1,38753,1,36203,2,0,0,0,0,0,0,0,0,18,4,16,2
35407,38762,1,38754,1,36260,2,0,0,0,0,0,0,0,0,19,4,18,2
35408,38763,1,38755,1,36094,2,0,0,0,0,0,0,0,0,14,4,19,2
35409,38764,1,38748,1,36200,1,36172,1,0,0,0,0,0,0,16,4,15,2
35410,38765,1,38749,1,36186,1,36172,1,0,0,0,0,0,0,14,4,17,2
35411,38766,1,38750,1,36200,1,36172,1,0,0,0,0,0,0,15,4,17,2
35412,38767,1,38751,1,36186,1,36172,1,0,0,0,0,0,0,16,4,14,2
35413,38768,1,38752,1,36200,1,36212,1,0,0,0,0,0,0,17,4,16,2
35414,38769,1,38753,1,36212,1,36251,1,0,0,0,0,0,0,18,4,16,2
35415,38770,1,38754,1,36229,2,36231,2,0,0,0,0,0,0,19,4,18,2
35416,38771,1,38755,1,36077,2,36080,2,0,0,0,0,0,0,14,4,19,2
35417,38890,1,38932,3,37833,3,37830,2,39595,3,0,0,0,0,14,5,17,5
35418,38891,1,38932,3,37833,3,37831,2,39595,3,0,0,0,0,14,5,17,5
35419,38892,1,38932,3,37833,3,37831,2,39595,3,0,0,0,0,14,5,17,5
35420,38893,1,38932,3,37833,3,37830,2,39595,3,0,0,0,0,14,5,17,5
35421,38894,1,38932,3,37833,4,37834,1,39595,3,0,0,0,0,14,5,17,5
35422,38895,1,38932,3,37830,3,37833,2,39595,3,0,0,0,0,16,5,14,5
35423,38896,1,38932,3,37833,3,37830,2,39595,3,0,0,0,0,15,5,17,5
35424,38897,1,38932,3,37833,3,37830,2,39595,3,0,0,0,0,15,5,17,5
35425,38898,1,38932,3,37833,4,37832,1,39595,3,0,0,0,0,14,5,17,5
35426,38899,1,38932,3,37833,3,37831,2,39595,3,0,0,0,0,14,5,17,5
35427,38900,1,38932,3,37831,3,37833,2,39595,3,0,0,0,0,16,5,15,5
35428,38901,1,38931,3,37833,3,37831,2,39595,3,0,0,0,0,14,5,17,5
35429,38902,1,38931,3,37833,3,37832,2,39595,3,0,0,0,0,14,5,17,5
35430,38903,1,38931,3,37833,4,37830,1,39595,3,0,0,0,0,14,5,17,5
35431,38904,1,38931,3,37831,3,37830,2,39595,3,0,0,0,0,16,5,15,5
35432,38905,1,38931,3,37833,3,37832,2,39595,3,0,0,0,0,14,5,17,5
35433,38906,1,38931,3,37831,3,37833,2,39595,3,0,0,0,0,16,5,15,5
35434,38907,1,38931,3,37833,3,37831,2,39595,3,0,0,0,0,14,5,17,5
35435,38908,1,38931,3,37833,3,37831,2,39595,3,0,0,0,0,14,5,17,5
35436,38909,1,38931,3,37833,3,37831,2,39595,3,0,0,0,0,14,5,17,5
35437,38910,1,38931,3,37833,3,37831,2,39595,3,0,0,0,0,14,5,17,5
35438,38911,1,38932,3,37830,2,37833,3,39595,3,0,0,0,0,16,5,14,5
35439,38912,1,38932,4,37834,5,37833,2,39595,4,0,0,0,0,18,5,16,5
35440,38913,1,38932,3,37832,3,37834,2,39595,3,0,0,0,0,17,5,16,5
35441,38914,1,38932,4,37834,4,37832,3,39595,4,0,0,0,0,18,5,16,5
35442,38915,1,38932,3,37832,3,37834,2,39595,3,0,0,0,0,17,5,16,5
35443,38916,1,38932,3,37833,4,37830,1,39595,3,0,0,0,0,15,5,17,5
35444,38917,1,38932,4,37834,4,37833,3,39595,4,0,0,0,0,18,5,16,5
35445,38918,1,38932,3,37833,3,37834,2,39595,3,0,0,0,0,15,5,17,5
35446,38919,1,38932,4,37834,4,37832,3,39595,4,0,0,0,0,18,5,16,5
35447,38920,1,38932,3,37832,4,37833,1,39595,3,0,0,0,0,17,5,16,5
35448,38921,1,38931,2,37831,2,37833,2,39595,2,0,0,0,0,16,5,15,5
35449,38922,1,38931,2,37831,2,37833,2,39595,2,0,0,0,0,16,5,15,5
35450,38923,1,38931,2,37831,2,37833,2,39595,2,0,0,0,0,16,5,15,5
35451,38924,1,38931,2,37831,2,37833,1,39595,2,0,0,0,0,16,5,15,5
35452,38925,1,38931,2,37832,2,37831,2,39595,2,0,0,0,0,17,5,16,5
35453,38926,1,38931,2,37832,2,37834,2,39595,2,0,0,0,0,17,5,16,5
35454,38927,1,38931,2,37834,2,37832,2,39595,2,0,0,0,0,18,5,16,5
35455,38928,1,38931,2,37832,2,37831,1,39595,2,0,0,0,0,17,5,16,5
35456,38929,3,38935,1,36079,2,36078,1,27830,2,36098,1,38936,1,14,3,19,3
35457,38930,3,38935,1,36082,2,36079,1,27825,2,36095,1,38936,1,14,3,19,3
35458,38931,1,38934,4,37284,1,38936,1,0,0,0,0,0,0,16,3,14,3
35459,38932,1,38933,4,37284,1,38936,1,0,0,0,0,0,0,19,3,18,3
35460,39550,1,27716,3,28714,2,27714,1,29401,1,23181,8,0,0,14,2,17,2
35461,39551,1,27716,3,28714,2,27714,1,29401,1,23181,8,0,0,14,2,17,2
35462,39552,1,27694,3,28715,2,27714,1,29401,1,23181,8,0,0,16,2,15,2
35463,39553,1,27694,3,28715,2,27715,1,29401,1,23181,8,0,0,16,2,15,2
35464,39554,1,27716,3,28714,2,27714,1,29401,1,23181,8,0,0,14,2,17,2
35465,39555,1,27716,3,28714,2,27714,1,29401,1,23181,8,0,0,14,2,17,2
35466,39556,1,27716,3,28714,2,27955,2,29401,1,23181,8,0,0,14,2,17,2
35467,39557,1,27694,3,28715,2,27725,1,29401,1,23181,8,0,0,16,2,15,2
35468,39558,1,27694,3,28715,2,27725,1,29401,1,23181,8,0,0,16,2,15,2
35469,39559,1,27781,1,27716,3,28715,2,29401,1,23181,8,0,0,19,2,18,2
35470,39560,1,27781,1,27716,3,28715,2,29401,1,23181,8,0,0,19,2,18,2
35471,39561,1,27717,3,28715,2,27715,1,29401,1,23181,8,0,0,16,2,14,2
35472,39562,1,27716,3,28715,2,27714,1,29401,1,23181,8,0,0,14,2,17,2
35473,39563,1,27717,3,28714,2,27725,1,29401,1,23181,8,0,0,16,2,14,2
35474,39564,1,27716,3,28714,2,27714,1,29401,1,23181,8,0,0,14,2,17,2
35475,39565,1,27716,3,28715,2,27714,1,29401,1,23181,8,0,0,14,2,17,2
35476,39567,1,27716,3,28714,2,27725,1,29401,1,23181,8,0,0,14,2,17,2
35477,39567,1,27716,3,28714,2,27725,1,29401,1,23181,8,0,0,15,2,17,2
35478,39421,1,39242,2,39243,2,39244,2,7009,6,36263,4,36262,4,16,3,14,3
35479,39482,1,39588,1,37833,2,37830,2,36262,4,0,0,0,0,15,3,17,3
35480,39308,1,39589,1,37834,2,36262,1,0,0,0,0,0,0,18,3,16,3
35481,39309,1,39589,1,37834,3,36262,1,0,0,0,0,0,0,18,3,16,3
35482,39310,1,39589,1,37832,2,36262,1,0,0,0,0,0,0,17,3,16,3
35483,39311,1,39589,1,37834,3,36262,1,0,0,0,0,0,0,18,3,16,3
35484,39312,1,39589,1,37832,2,36262,1,0,0,0,0,0,0,17,3,16,3
35485,39313,1,39589,1,37834,3,36262,1,0,0,0,0,0,0,18,3,16,3
35486,39314,1,39589,1,37834,2,36262,1,0,0,0,0,0,0,18,3,16,3
35487,39315,1,39589,1,37834,3,36262,1,0,0,0,0,0,0,18,3,16,3
35488,39410,1,39583,1,37833,4,37830,2,0,0,0,0,0,0,14,3,17,3
35489,39470,1,39583,1,37834,2,37833,2,37830,1,0,0,0,0,18,3,16,3
35490,39596,1,14183,1,36238,1,39582,1,0,0,0,0,0,0,19,3,18,3
35491,39242,1,39236,1,36193,1,36205,1,36245,1,0,0,0,0,16,5,15,5
35492,39242,1,39236,1,36193,1,36205,1,36245,1,0,0,0,0,17,5,16,5
35493,39242,1,39236,1,36193,1,36205,1,36245,1,0,0,0,0,18,5,16,5
35494,39243,1,39239,1,36165,2,36177,1,0,0,0,0,0,0,14,5,17,5
35495,39243,1,39239,1,36165,2,36177,1,0,0,0,0,0,0,15,5,17,5
35496,39243,1,39239,1,36165,2,36177,1,0,0,0,0,0,0,16,5,14,5
35497,39244,1,39241,1,36260,1,36092,1,0,0,0,0,0,0,19,5,18,5
35498,39244,1,39241,1,36260,1,36092,1,0,0,0,0,0,0,14,5,19,5
35499,39630,1,39718,3,36172,1,39724,1,38936,2,0,0,0,0,14,3,17,3
35500,39631,1,39718,4,39717,1,36172,1,39722,2,38936,2,0,0,14,3,17,3
35501,39632,1,39718,4,39717,1,36172,1,39724,2,38936,2,0,0,14,3,17,3
35502,39633,1,39717,3,39718,2,36251,1,39722,2,38936,2,0,0,16,3,15,3
35503,39634,1,39717,3,39718,2,36172,1,39723,2,38936,2,0,0,16,3,15,3
35504,39635,1,39718,4,39721,1,36172,1,39723,2,38936,2,0,0,14,3,17,3
35505,39636,1,39718,3,39721,2,36172,1,39724,2,38936,2,0,0,14,3,17,3
35506,39637,1,39718,3,39719,2,36172,1,39723,2,38936,2,0,0,14,3,17,3
35507,39638,1,39719,2,39718,3,36172,1,39726,2,38936,2,0,0,16,3,14,3
35508,39639,1,39719,2,39718,3,36186,1,39725,2,38936,2,0,0,16,3,14,3
35509,39640,1,36238,1,39718,3,39719,2,39725,2,38936,2,0,0,19,3,18,3
35510,39641,1,36238,1,39718,3,39719,2,39726,2,38936,2,0,0,19,3,18,3
35511,39642,1,39719,2,39718,3,36186,1,39726,2,38936,2,0,0,16,3,14,3
35512,39643,1,39718,3,39717,2,36251,1,39722,2,38936,2,0,0,14,3,17,3
35513,39644,1,39719,2,39718,3,36186,1,39725,2,38936,2,0,0,16,3,14,3
35514,39645,1,39718,4,39719,1,36251,1,39724,2,38936,2,0,0,14,3,17,3
35515,39646,1,39718,4,39717,1,36172,1,39723,2,38936,2,0,0,14,3,17,3
35516,39647,1,39719,2,39718,3,36172,1,39726,2,38936,2,0,0,16,3,14,3
35517,39648,1,39718,4,39719,1,36172,1,39722,2,38936,2,0,0,14,3,17,3
35518,39649,1,39718,1,39717,1,39724,1,0,0,0,0,0,0,15,3,17,3
35519,39650,1,39720,2,39721,1,36212,1,39724,2,38936,1,0,0,18,3,16,3
35520,39651,1,39721,4,39718,1,36251,1,39724,2,38936,2,0,0,17,3,16,3
35521,39652,1,39720,2,39718,1,36172,1,39724,2,38936,1,0,0,15,3,17,3
35522,39653,1,39718,3,39720,2,36172,1,39724,2,38936,2,0,0,15,3,17,3
35523,39654,1,39721,2,39718,1,36251,1,39724,2,38936,1,0,0,17,3,16,3
35524,39655,1,39720,2,39721,1,36212,1,39722,2,38936,1,0,0,18,3,16,3
35525,39656,1,39721,4,39718,1,36251,1,39722,2,38936,2,0,0,17,3,16,3
35526,39657,1,39720,2,39718,1,36172,1,39722,2,38936,1,0,0,15,3,17,3
35527,39658,1,39718,3,39720,2,36172,1,39722,2,38936,2,0,0,15,3,17,3
35528,39659,1,39721,2,39718,1,36251,1,39722,2,38936,1,0,0,17,3,16,3
35529,39660,1,39721,2,39720,1,36251,1,39722,2,38936,1,0,0,17,3,16,3
35530,39661,1,39720,3,39721,2,36212,1,39722,2,38936,2,0,0,18,3,16,3
35531,39662,1,39721,2,39718,1,36251,1,39722,2,38936,1,0,0,17,3,16,3
35532,39663,1,39720,3,39721,2,36212,1,39722,2,38936,2,0,0,18,3,16,3
35533,39664,1,39721,2,39720,1,36200,1,39722,2,38936,1,0,0,17,3,16,3
35534,39665,1,39720,2,39721,1,36212,1,39723,2,38936,1,0,0,18,3,16,3
35535,39666,1,39721,4,39718,1,36251,1,39723,2,38936,2,0,0,17,3,16,3
35536,39667,1,39720,2,39718,1,36172,1,39723,2,38936,1,0,0,15,3,17,3
35537,39668,1,39718,3,39720,2,36172,1,39723,2,38936,2,0,0,15,3,17,3
35538,39669,1,39721,2,39718,1,36251,1,39723,2,38936,1,0,0,17,3,16,3
35539,39670,1,39721,2,39720,1,36251,1,39723,2,38936,1,0,0,17,3,16,3
35540,39671,1,39720,3,39721,2,36212,1,39723,2,38936,2,0,0,18,3,16,3
35541,39672,1,39721,2,39718,1,36251,1,39723,2,38936,1,0,0,17,3,16,3
35542,39673,1,39720,3,39721,2,36212,1,39723,2,38936,2,0,0,18,3,16,3
35543,39674,1,39721,2,39720,1,36200,1,39723,2,38936,1,0,0,17,3,16,3
35544,39675,1,39720,2,39719,1,36212,1,39726,2,38936,1,0,0,18,3,16,3
35545,39676,1,39720,4,39719,1,36212,1,39726,2,38936,2,0,0,18,3,16,3
35546,39677,1,39720,2,39721,1,36186,1,39726,2,38936,1,0,0,18,3,16,3
35547,39678,1,39720,3,39721,2,36212,1,39726,2,38936,2,0,0,18,3,16,3
35548,39679,1,39721,2,39720,1,36251,1,39726,2,38936,1,0,0,17,3,16,3
35549,39680,1,39720,2,39719,1,36212,1,39725,2,38936,1,0,0,18,3,16,3
35550,39681,1,39720,4,39719,1,36212,1,39725,2,38936,2,0,0,18,3,16,3
35551,39682,1,39720,2,39721,1,36186,1,39725,2,38936,1,0,0,18,3,16,3
35552,39683,1,39720,3,39721,2,36212,1,39725,2,38936,2,0,0,18,3,16,3
35553,39684,1,39721,2,39720,1,36251,1,39725,2,38936,1,0,0,17,3,16,3
35554,39685,1,39718,1,39717,1,36172,1,39724,1,38936,1,0,0,15,3,17,3
35555,39686,1,39718,1,39717,1,36172,1,39722,1,38936,1,0,0,15,3,17,3
35556,39687,1,39718,1,39717,1,36172,1,39723,1,38936,1,0,0,15,3,17,3
35557,39688,1,39718,1,39717,1,36172,1,39726,1,38936,1,0,0,15,3,17,3
35558,39689,1,39718,1,39717,1,36172,1,39725,1,38936,1,0,0,15,3,17,3
35559,39690,1,39719,1,39718,1,36186,1,39724,1,38936,1,0,0,16,3,14,3
35560,39691,1,39719,1,39718,1,36186,1,39722,1,38936,1,0,0,16,3,14,3
35561,39692,1,39719,1,39718,1,36186,1,39723,1,38936,1,0,0,16,3,14,3
35562,39693,1,39719,1,39718,1,36186,1,39726,1,38936,1,0,0,16,3,14,3
35563,39694,1,39719,1,39718,1,36186,1,39725,1,38936,1,0,0,16,3,14,3
35564,39695,1,39719,1,39718,1,36172,1,39724,1,38936,1,0,0,16,3,14,3
35565,39696,1,39719,1,39718,1,36172,1,39722,1,38936,1,0,0,16,3,14,3
35566,39697,1,39719,1,39718,1,36172,1,39723,1,38936,1,0,0,16,3,14,3
35567,39698,1,39719,1,39718,1,36172,1,39726,1,38936,1,0,0,16,3,14,3
35568,39699,1,39719,1,39718,1,36172,1,39725,1,38936,1,0,0,16,3,14,3
35569,39700,1,39717,1,39721,1,36200,1,39724,1,38936,1,0,0,16,3,15,3
35570,39701,1,39717,1,39721,1,36200,1,39722,1,38936,1,0,0,16,3,15,3
35571,39702,1,39717,1,39721,1,36200,1,39723,1,38936,1,0,0,16,3,15,3
35572,39703,1,39717,1,39721,1,36200,1,39726,1,38936,1,0,0,16,3,15,3
35573,39704,1,39717,1,39721,1,36200,1,39725,1,38936,1,0,0,16,3,15,3
35574,39717,1,39705,5,39711,2,0,0,0,0,0,0,0,0,16,3,15,3
35575,39718,1,39706,5,39712,2,0,0,0,0,0,0,0,0,14,3,17,3
35576,39718,1,39706,5,39712,2,0,0,0,0,0,0,0,0,15,3,17,3
35577,39719,1,39707,5,39713,2,0,0,0,0,0,0,0,0,16,3,14,3
35578,39720,1,39708,5,39714,2,0,0,0,0,0,0,0,0,18,3,16,3
35579,39721,1,39709,5,39715,2,0,0,0,0,0,0,0,0,17,3,16,3
35580,39722,3,39710,1,37284,1,27779,1,38936,1,0,0,0,0,19,3,18,3
35581,39723,3,39710,1,37284,1,27785,1,38936,1,0,0,0,0,19,3,18,3
35582,39724,3,39710,1,37284,1,27783,1,38936,1,0,0,0,0,19,3,18,3
35583,39725,3,39710,1,37284,1,27780,1,38936,1,0,0,0,0,19,3,18,3
35584,39726,3,39710,1,37284,1,27784,1,38936,1,0,0,0,0,19,3,18,3
35585,39727,3,39716,1,36227,1,38936,1,0,0,0,0,0,0,19,3,18,3
35586,39728,3,39716,1,36228,1,38936,1,0,0,0,0,0,0,19,3,18,3
35587,39729,3,39716,1,36229,1,38936,1,0,0,0,0,0,0,19,3,18,3
35588,39730,3,39716,1,36230,1,38936,1,0,0,0,0,0,0,19,3,18,3
35589,39731,3,39716,1,36231,1,38936,1,0,0,0,0,0,0,19,3,18,3
35590,39869,3,39864,1,36080,2,27842,1,36263,1,27835,1,38936,1,14,3,19,3
35591,39870,3,39864,1,36082,2,27839,1,36255,1,12897,1,38936,1,14,3,19,3
35592,39871,3,39865,1,36079,2,19848,1,36098,1,4829,1,38936,1,14,3,19,3
35593,39872,3,39865,1,36081,2,27838,1,36089,1,27825,1,38936,1,14,3,19,3
35594,39873,3,39866,1,36078,2,12894,1,36097,1,36090,1,38936,1,14,3,19,3
35595,39874,3,39866,1,36078,2,27838,1,36255,1,4767,1,38936,1,14,3,19,3
35596,39875,3,39867,1,36078,2,27841,1,36256,1,4813,1,38936,1,14,3,19,3
35597,39876,3,39867,1,36081,2,27841,1,36097,1,27825,1,38936,1,14,3,19,3
35598,39877,3,39868,1,36079,2,27843,1,36098,1,36097,1,38936,1,14,3,19,3
35599,39878,3,39868,1,36078,2,27841,1,36090,1,36630,1,38936,1,14,3,19,3
35600,39773,1,39765,1,36198,1,7026,1,0,0,0,0,0,0,16,4,15,2
35601,39774,1,39766,1,36183,1,19943,1,0,0,0,0,0,0,14,4,17,2
35602,39775,1,39767,1,36171,1,12610,1,0,0,0,0,0,0,15,4,17,2
35603,39776,1,39768,1,36183,1,27710,1,0,0,0,0,0,0,16,4,14,2
35604,39777,1,39769,1,36250,1,27748,1,0,0,0,0,0,0,17,4,16,2
35605,39778,1,39770,1,36171,1,7026,1,0,0,0,0,0,0,18,4,16,2
35606,39779,1,39771,1,36230,3,27778,1,0,0,0,0,0,0,19,4,18,2
35607,39780,1,39772,1,36078,3,27841,3,0,0,0,0,0,0,14,4,19,2
35608,39781,1,39765,1,36200,1,36199,1,36171,1,0,0,0,0,16,4,15,2
35609,39782,1,39766,1,36172,1,36171,1,36184,1,0,0,0,0,14,4,17,2
35610,39783,1,39767,1,36172,1,36171,1,36199,1,0,0,0,0,15,4,17,2
35611,39784,1,39768,1,36186,1,36184,1,36171,1,0,0,0,0,16,4,14,2
35612,39785,1,39769,1,36251,1,36184,1,5348,2,0,0,0,0,17,4,16,2
35613,39786,1,39770,1,36212,1,36211,1,36249,1,0,0,0,0,18,4,16,2
35614,39787,1,39771,1,36199,1,36229,3,27778,2,0,0,0,0,19,4,18,2
35615,39788,1,39772,1,36079,3,36081,3,12908,2,0,0,0,0,14,4,19,2
35616,39914,1,39908,1,36190,1,36202,1,36243,1,36262,1,0,0,16,5,15,5
35617,39914,1,39908,1,36190,1,36202,1,36243,1,36262,1,0,0,17,5,16,5
35618,39914,1,39908,1,36190,1,36202,1,36243,1,36262,1,0,0,18,5,16,5
35619,39915,1,39911,1,36163,2,36175,1,36262,1,0,0,0,0,14,5,17,5
35620,39915,1,39911,1,36163,2,36175,1,36262,1,0,0,0,0,15,5,17,5
35621,39915,1,39911,1,36163,2,36175,1,36262,1,0,0,0,0,16,5,14,5
35622,39916,1,39913,1,36257,1,36091,1,36262,1,0,0,0,0,19,5,18,5
35623,39916,1,39913,1,36257,1,36091,1,36262,1,0,0,0,0,14,5,19,5
35624,40367,1,40752,1,37833,2,37830,1,36212,2,0,0,0,0,15,3,17,3
35625,40663,1,40752,1,37833,4,37834,2,0,0,0,0,0,0,14,3,17,3
35626,40703,1,14183,1,36238,1,40702,1,0,0,0,0,0,0,19,3,18,3
35627,40757,1,40756,1,37833,3,37832,1,19965,2,0,0,0,0,16,3,14,3
35628,40758,1,40756,1,37833,3,37832,1,19967,2,0,0,0,0,16,3,14,3
35629,40404,1,40700,1,37834,2,5336,1,0,0,0,0,0,0,18,3,16,3
35630,40405,1,40700,1,37834,3,5336,1,0,0,0,0,0,0,18,3,16,3
35631,40406,1,40700,1,37834,3,5336,1,0,0,0,0,0,0,18,3,16,3
35632,40407,1,40700,1,37832,2,5336,1,0,0,0,0,0,0,17,3,16,3
35633,40408,1,40700,1,37834,2,5468,1,0,0,0,0,0,0,18,3,16,3
35634,40409,1,40700,1,37834,3,5468,1,0,0,0,0,0,0,18,3,16,3
35635,40410,1,40700,1,37834,3,5468,1,0,0,0,0,0,0,18,3,16,3
35636,40411,1,40700,1,37832,2,5468,1,0,0,0,0,0,0,17,3,16,3
35637,40412,1,40700,1,37834,2,5359,1,0,0,0,0,0,0,18,3,16,3
35638,40413,1,40700,1,37834,3,5359,1,0,0,0,0,0,0,18,3,16,3
35639,40414,1,40700,1,37834,3,5359,1,0,0,0,0,0,0,18,3,16,3
35640,40415,1,40700,1,37832,2,5359,1,0,0,0,0,0,0,17,3,16,3
35641,40662,1,40754,1,37833,3,37830,2,37831,1,0,0,0,0,15,3,17,3
35642,40380,1,38675,1,37834,2,36212,2,36262,4,0,0,0,0,18,3,16,3
35643,41063,1,41073,1,0,0,0,0,0,0,0,0,0,0,10,4,9,2
35644,41064,1,41074,1,0,0,0,0,0,0,0,0,0,0,10,4,9,2
35645,41065,1,41075,1,0,0,0,0,0,0,0,0,0,0,10,4,9,2
35646,41066,1,41076,1,0,0,0,0,0,0,0,0,0,0,10,4,9,2
35647,41067,1,41077,1,0,0,0,0,0,0,0,0,0,0,10,4,9,2
35648,41063,1,41073,1,0,0,0,0,0,0,0,0,0,0,8,4,11,2
35649,41064,1,41074,1,0,0,0,0,0,0,0,0,0,0,8,4,11,2
35650,41065,1,41075,1,0,0,0,0,0,0,0,0,0,0,8,4,11,2
35651,41066,1,41076,1,0,0,0,0,0,0,0,0,0,0,8,4,11,2
35652,41067,1,41077,1,0,0,0,0,0,0,0,0,0,0,8,4,11,2
35653,41063,1,41073,1,0,0,0,0,0,0,0,0,0,0,9,4,11,2
35654,41064,1,41074,1,0,0,0,0,0,0,0,0,0,0,9,4,11,2
35655,41065,1,41075,1,0,0,0,0,0,0,0,0,0,0,9,4,11,2
35656,41066,1,41076,1,0,0,0,0,0,0,0,0,0,0,9,4,11,2
35657,41067,1,41077,1,0,0,0,0,0,0,0,0,0,0,9,4,11,2
35658,41063,1,41073,1,0,0,0,0,0,0,0,0,0,0,10,4,8,2
35659,41064,1,41074,1,0,0,0,0,0,0,0,0,0,0,10,4,8,2
35660,41065,1,41075,1,0,0,0,0,0,0,0,0,0,0,10,4,8,2
35661,41066,1,41076,1,0,0,0,0,0,0,0,0,0,0,10,4,8,2
35662,41067,1,41077,1,0,0,0,0,0,0,0,0,0,0,10,4,8,2
35663,41063,1,41073,1,0,0,0,0,0,0,0,0,0,0,11,4,10,2
35664,41064,1,41074,1,0,0,0,0,0,0,0,0,0,0,11,4,10,2
35665,41065,1,41075,1,0,0,0,0,0,0,0,0,0,0,11,4,10,2
35666,41066,1,41076,1,0,0,0,0,0,0,0,0,0,0,11,4,10,2
35667,41067,1,41077,1,0,0,0,0,0,0,0,0,0,0,11,4,10,2
35668,41063,1,41073,1,0,0,0,0,0,0,0,0,0,0,12,4,10,2
35669,41064,1,41074,1,0,0,0,0,0,0,0,0,0,0,12,4,10,2
35670,41065,1,41075,1,0,0,0,0,0,0,0,0,0,0,12,4,10,2
35671,41066,1,41076,1,0,0,0,0,0,0,0,0,0,0,12,4,10,2
35672,41067,1,41077,1,0,0,0,0,0,0,0,0,0,0,12,4,10,2
35673,41063,1,41073,1,0,0,0,0,0,0,0,0,0,0,13,4,12,2
35674,41064,1,41074,1,0,0,0,0,0,0,0,0,0,0,13,4,12,2
35675,41065,1,41075,1,0,0,0,0,0,0,0,0,0,0,13,4,12,2
35676,41066,1,41076,1,0,0,0,0,0,0,0,0,0,0,13,4,12,2
35677,41067,1,41077,1,0,0,0,0,0,0,0,0,0,0,13,4,12,2
35678,41063,1,41073,1,0,0,0,0,0,0,0,0,0,0,8,4,13,2
35679,41064,1,41074,1,0,0,0,0,0,0,0,0,0,0,8,4,13,2
35680,41065,1,41075,1,0,0,0,0,0,0,0,0,0,0,8,4,13,2
35681,41066,1,41076,1,0,0,0,0,0,0,0,0,0,0,8,4,13,2
35682,41067,1,41077,1,0,0,0,0,0,0,0,0,0,0,8,4,13,2
35683,41254,1,41246,1,36194,1,5230,1,0,0,0,0,0,0,16,4,15,2
35684,41255,1,41247,1,36166,1,36178,1,0,0,0,0,0,0,14,4,17,2
35685,41256,1,41248,1,27697,1,36190,1,0,0,0,0,0,0,15,4,17,2
35686,41257,1,41249,1,36175,1,36164,1,0,0,0,0,0,0,16,4,14,2
35687,41258,1,41250,1,36190,1,36165,1,0,0,0,0,0,0,17,4,16,2
35688,41259,1,41251,1,19979,1,36206,1,0,0,0,0,0,0,18,4,16,2
35689,41260,1,41252,1,36258,1,36257,1,0,0,0,0,0,0,19,4,18,2
35690,41261,1,41253,1,27832,1,36256,1,0,0,0,0,0,0,14,4,19,2
35691,41262,1,41246,1,36263,1,5231,1,7008,1,0,0,0,0,16,4,15,2
35692,41263,1,41247,1,36194,1,36175,1,5360,1,0,0,0,0,14,4,17,2
35693,41264,1,41248,1,5391,1,36164,1,36165,1,0,0,0,0,15,4,17,2
35694,41265,1,41249,1,36263,1,36181,1,7008,1,0,0,0,0,16,4,14,2
35695,41266,1,41250,1,19979,1,36203,1,36206,1,0,0,0,0,17,4,16,2
35696,41267,1,41251,1,36203,1,36206,1,36205,1,0,0,0,0,18,4,16,2
35697,41268,1,41252,1,36260,1,36261,1,36264,1,0,0,0,0,19,4,18,2
35698,41269,1,41253,1,36085,1,27825,1,4836,1,0,0,0,0,14,4,19,2
35699,41421,1,41415,1,36192,1,36204,1,36244,1,36262,1,0,0,16,5,15,5
35700,41421,1,41415,1,36192,1,36204,1,36244,1,36262,1,0,0,17,5,16,5
35701,41421,1,41415,1,36192,1,36204,1,36244,1,36262,1,0,0,18,5,16,5
35702,41422,1,41418,1,36164,2,36176,1,36262,1,0,0,0,0,14,5,17,5
35703,41422,1,41418,1,36164,2,36176,1,36262,1,0,0,0,0,15,5,17,5
35704,41422,1,41418,1,36164,2,36176,1,36262,1,0,0,0,0,16,5,14,5
35705,41423,1,41420,1,36259,1,36090,1,36262,1,0,0,0,0,19,5,18,5
35706,41423,1,41420,1,36259,1,36090,1,36262,1,0,0,0,0,14,5,19,5
35707,41592,1,41653,1,39720,2,39718,1,36262,1,0,0,0,0,18,3,16,3
35708,41593,1,41653,1,39720,2,39719,1,36262,1,0,0,0,0,18,3,16,3
35709,41594,1,41653,1,39721,2,36262,1,0,0,0,0,0,0,17,3,16,3
35710,41595,1,41653,1,39720,2,39718,1,36262,1,0,0,0,0,18,3,16,3
35711,41601,1,27716,3,28714,2,27714,1,32822,1,23181,8,0,0,14,2,17,2
35712,41602,1,27716,3,28714,2,27714,1,32822,1,23181,8,0,0,14,2,17,2
35713,41603,1,27716,3,28715,2,27693,1,32822,1,23181,8,0,0,14,2,17,2
35714,41604,1,27716,3,28715,2,27693,1,32822,1,23181,8,0,0,14,2,17,2
35715,41605,1,27716,3,28714,2,27714,1,32822,1,23181,8,0,0,14,2,17,2
35716,41606,1,27716,3,28714,2,27714,1,32822,1,23181,8,0,0,14,2,17,2
35717,41607,1,27716,3,28714,2,27955,2,32822,1,23181,8,0,0,14,2,17,2
35718,41608,1,27717,3,28715,2,27693,1,32822,1,23181,8,0,0,16,2,14,2
35719,41609,1,27717,3,28715,2,27693,1,32822,1,23181,8,0,0,16,2,14,2
35720,41610,1,27781,1,27716,3,28715,2,32822,1,23181,8,0,0,19,2,18,2
35721,41611,1,27781,1,27716,3,28715,2,32822,1,23181,8,0,0,19,2,18,2
35722,41612,1,27717,3,28715,2,27725,1,32822,1,23181,8,0,0,16,2,14,2
35723,41613,1,27716,3,28714,2,27714,1,32822,1,23181,8,0,0,14,2,17,2
35724,41614,1,27717,3,28714,2,27725,1,32822,1,23181,8,0,0,16,2,14,2
35725,41615,1,27716,3,28715,2,27714,1,32822,1,23181,8,0,0,14,2,17,2
35726,41616,1,27716,3,28714,2,27714,1,32822,1,23181,8,0,0,14,2,17,2
35727,41618,1,27716,3,28714,2,27714,1,32822,1,23181,8,0,0,14,2,17,2
35728,41618,1,27716,3,28714,2,27714,1,32822,1,23181,8,0,0,15,2,17,2
35729,40661,1,40753,1,37833,3,37834,2,37830,1,0,0,0,0,14,3,17,3
35730,41086,1,41056,1,39718,3,39719,2,39717,1,0,0,0,0,16,3,14,3
35731,41655,1,14183,1,36238,1,41654,1,0,0,0,0,0,0,19,3,18,3
35732,41656,1,14183,1,36238,1,41654,1,0,0,0,0,0,0,19,3,18,3
35733,41057,1,41056,1,37833,2,39719,1,36262,2,0,0,0,0,15,3,17,3
35734,43887,1,36172,2,36189,1,36200,1,0,0,0,0,0,0,8,8,11,8
35735,43888,1,43998,1,44008,1,43997,1,0,0,0,0,0,0,8,8,11,7
35736,43889,1,43999,2,44008,1,5998,1,0,0,0,0,0,0,8,8,11,7
35737,43890,1,44011,2,44000,1,4828,1,0,0,0,0,0,0,8,8,11,8
35738,43907,1,43935,1,0,0,0,0,0,0,0,0,0,0,8,8,11,7
35739,43908,1,43936,1,0,0,0,0,0,0,0,0,0,0,8,8,11,8
35740,43887,1,36172,2,36189,1,36200,1,0,0,0,0,0,0,9,8,11,8
35741,43888,1,43998,1,44008,1,43997,1,0,0,0,0,0,0,9,8,11,7
35742,43889,1,43999,2,44008,1,5998,1,0,0,0,0,0,0,9,8,11,7
35743,43890,1,44011,2,44000,1,4828,1,0,0,0,0,0,0,9,8,11,8
35744,43907,1,43935,1,0,0,0,0,0,0,0,0,0,0,9,8,11,7
35745,43908,1,43936,1,0,0,0,0,0,0,0,0,0,0,9,8,11,8
35746,43887,1,36172,2,36189,1,36200,1,0,0,0,0,0,0,10,8,8,8
35747,43888,1,43998,1,44008,1,43997,1,0,0,0,0,0,0,10,8,8,7
35748,43889,1,43999,2,44008,1,5998,1,0,0,0,0,0,0,10,8,8,7
35749,43890,1,44011,2,44000,1,4828,1,0,0,0,0,0,0,10,8,8,8
35750,43907,1,43935,1,0,0,0,0,0,0,0,0,0,0,10,8,8,7
35751,43908,1,43936,1,0,0,0,0,0,0,0,0,0,0,10,8,8,8
35752,43891,1,36251,1,36212,1,36200,1,0,0,0,0,0,0,10,8,9,8
35753,43892,1,44059,1,44029,1,44020,1,0,0,0,0,0,0,10,8,9,7
35754,43893,1,44060,1,44030,1,44019,1,0,0,0,0,0,0,10,8,9,7
35755,43894,1,44061,1,44031,1,44021,1,0,0,0,0,0,0,10,8,9,8
35756,43909,1,43937,1,0,0,0,0,0,0,0,0,0,0,10,8,9,7
35757,43910,1,43938,1,0,0,0,0,0,0,0,0,0,0,10,8,9,8
35758,43891,1,36251,1,36212,1,36200,1,0,0,0,0,0,0,11,8,10,8
35759,43892,1,44059,1,44029,1,44020,1,0,0,0,0,0,0,11,8,10,7
35760,43893,1,44060,1,44030,1,44019,1,0,0,0,0,0,0,11,8,10,7
35761,43894,1,44061,1,44031,1,44021,1,0,0,0,0,0,0,11,8,10,8
35762,43909,1,43937,1,0,0,0,0,0,0,0,0,0,0,11,8,10,7
35763,43910,1,43938,1,0,0,0,0,0,0,0,0,0,0,11,8,10,8
35764,43891,1,36251,1,36212,1,36200,1,0,0,0,0,0,0,12,8,10,8
35765,43892,1,44059,1,44029,1,44020,1,0,0,0,0,0,0,12,8,10,7
35766,43893,1,44060,1,44030,1,44019,1,0,0,0,0,0,0,12,8,10,7
35767,43894,1,44061,1,44031,1,44021,1,0,0,0,0,0,0,12,8,10,8
35768,43909,1,43937,1,0,0,0,0,0,0,0,0,0,0,12,8,10,7
35769,43910,1,43938,1,0,0,0,0,0,0,0,0,0,0,12,8,10,8
35770,43895,1,36082,4,44134,2,36261,1,0,0,0,0,0,0,13,8,12,8
35771,43896,1,44045,4,43989,1,43978,1,0,0,0,0,0,0,13,8,12,7
35772,43897,1,44046,4,43990,1,44065,1,0,0,0,0,0,0,13,8,12,7
35773,43898,1,44051,4,44066,1,43987,1,0,0,0,0,0,0,13,8,12,8
35774,43911,1,43939,1,0,0,0,0,0,0,0,0,0,0,13,8,12,7
35775,43912,1,43940,1,0,0,0,0,0,0,0,0,0,0,13,8,12,8
35776,43895,1,36082,4,44134,2,36261,1,0,0,0,0,0,0,8,8,13,8
35777,43896,1,44045,4,43989,1,43978,1,0,0,0,0,0,0,8,8,13,7
35778,43897,1,44046,4,43990,1,44065,1,0,0,0,0,0,0,8,8,13,7
35779,43898,1,44051,4,44066,1,43987,1,0,0,0,0,0,0,8,8,13,8
35780,43911,1,43939,1,0,0,0,0,0,0,0,0,0,0,8,8,13,7
35781,43912,1,43940,1,0,0,0,0,0,0,0,0,0,0,8,8,13,8
35782,44185,1,44019,2,44029,2,0,0,0,0,0,0,0,0,10,8,9,7
35783,44186,1,44020,2,44009,1,36189,1,0,0,0,0,0,0,10,8,9,7
35784,44187,1,44021,2,44060,1,44009,1,0,0,0,0,0,0,10,8,9,7
35785,44188,1,44022,2,44011,1,44010,1,0,0,0,0,0,0,10,8,9,8
35786,44189,1,44023,2,44012,1,44013,1,0,0,0,0,0,0,10,8,9,8
35787,44190,1,44023,2,44001,1,44012,1,0,0,0,0,0,0,10,8,9,8
35788,44191,1,43997,2,44008,2,0,0,0,0,0,0,0,0,8,8,11,7
35789,44192,1,43998,2,44020,1,44030,1,0,0,0,0,0,0,8,8,11,7
35790,44193,1,43999,2,44010,1,44013,1,0,0,0,0,0,0,8,8,11,7
35791,44194,1,44000,2,44011,1,44061,1,0,0,0,0,0,0,8,8,11,8
35792,44195,1,44001,2,44012,2,0,0,0,0,0,0,0,0,8,8,11,8
35793,44196,1,44001,2,44023,1,44012,1,0,0,0,0,0,0,8,8,11,8
35794,44197,1,43997,3,44008,1,0,0,0,0,0,0,0,0,9,8,11,7
35795,44198,1,43998,2,44009,2,0,0,0,0,0,0,0,0,9,8,11,7
35796,44199,1,43999,2,44021,1,44010,1,0,0,0,0,0,0,9,8,11,7
35797,44200,1,44000,2,44011,1,44032,1,0,0,0,0,0,0,9,8,11,8
35798,44201,1,44001,2,44012,1,44062,1,0,0,0,0,0,0,9,8,11,8
35799,44202,1,44001,2,44033,1,44012,1,0,0,0,0,0,0,9,8,11,8
35800,44203,1,44008,2,43997,1,36239,1,0,0,0,0,0,0,10,8,8,7
35801,44204,1,44009,2,43998,2,0,0,0,0,0,0,0,0,10,8,8,7
35802,44205,1,44010,2,43999,1,44013,1,0,0,0,0,0,0,10,8,8,7
35803,44206,1,44011,2,44000,2,0,0,0,0,0,0,0,0,10,8,8,8
35804,44207,1,44012,2,44001,1,44051,3,0,0,0,0,0,0,10,8,8,8
35805,44208,1,44012,2,44001,1,44013,1,0,0,0,0,0,0,10,8,8,8
35806,44209,1,44058,2,44029,2,0,0,0,0,0,0,0,0,11,8,10,7
35807,44210,1,44059,2,44030,2,0,0,0,0,0,0,0,0,11,8,10,7
35808,44211,1,44060,2,44031,1,44059,1,0,0,0,0,0,0,11,8,10,7
35809,44212,1,44061,2,44032,1,43999,1,0,0,0,0,0,0,11,8,10,8
35810,44213,1,44062,2,44033,1,44001,1,0,0,0,0,0,0,11,8,10,8
35811,44214,1,44062,2,44012,1,44032,1,0,0,0,0,0,0,11,8,10,8
35812,44215,1,44029,2,44058,2,0,0,0,0,0,0,0,0,12,8,10,7
35813,44216,1,44030,2,43998,1,44059,1,0,0,0,0,0,0,12,8,10,7
35814,44217,1,44031,2,44060,1,44010,1,0,0,0,0,0,0,12,8,10,7
35815,44218,1,44032,2,44061,2,0,0,0,0,0,0,0,0,12,8,10,8
35816,44219,1,44033,2,44062,1,44001,1,0,0,0,0,0,0,12,8,10,8
35817,44220,1,44033,2,44062,1,44012,1,0,0,0,0,0,0,12,8,10,8
35818,44221,1,36238,1,44058,2,44019,1,0,0,0,0,0,0,13,8,12,7
35819,44222,1,36263,3,44069,4,44040,3,0,0,0,0,0,0,13,8,12,7
35820,44223,1,44050,1,44060,2,44031,1,0,0,0,0,0,0,13,8,12,7
35821,44224,1,44034,3,44071,4,44043,3,0,0,0,0,0,0,13,8,12,8
35822,44225,1,44051,3,44072,4,44041,3,0,0,0,0,0,0,13,8,12,8
35823,44226,1,44050,1,44023,2,44033,1,0,0,0,0,0,0,13,8,12,8
35824,44227,1,43972,2,44063,2,27835,1,4834,2,0,0,0,0,8,8,13,7
35825,44228,1,43974,2,43990,3,27841,1,36256,1,0,0,0,0,8,8,13,7
35826,44229,1,43988,2,43975,2,36081,2,27835,1,0,0,0,0,8,8,13,7
35827,44230,1,43972,2,43753,1,43977,2,44034,2,0,0,0,0,8,8,13,8
35828,44231,1,43976,1,43973,2,44063,1,43984,3,0,0,0,0,8,8,13,8
35829,44232,1,44106,2,36077,2,43986,1,43985,2,0,0,0,0,8,8,13,8
35830,42870,1,44147,3,44001,1,44154,1,44037,1,0,0,0,0,14,3,17,3
35831,42871,1,44147,3,44148,2,44001,1,44152,2,44036,1,0,0,14,3,17,3
35832,42872,1,44147,3,44149,2,44012,1,44154,2,44037,1,0,0,14,3,17,3
35833,42873,1,44149,3,44147,2,44012,1,44152,2,44036,1,0,0,16,3,15,3
35834,42874,1,44148,3,44149,2,44001,1,44153,2,44036,1,0,0,16,3,14,3
35835,42875,1,44149,3,44148,2,44023,1,44156,2,44038,1,0,0,16,3,15,3
35836,42876,1,44149,3,44148,2,44023,1,44155,2,44037,1,0,0,16,3,15,3
35837,42877,1,44050,1,44147,3,44149,2,44155,2,44037,1,0,0,19,3,18,3
35838,42878,1,44050,1,44148,3,44149,2,44156,2,44038,1,0,0,19,3,18,3
35839,42879,1,44148,3,44147,2,44012,1,44153,2,44036,1,0,0,16,3,14,3
35840,42880,1,44147,3,44150,2,44012,1,44154,2,44037,1,0,0,14,3,17,3
35841,42881,1,44147,3,44149,2,44012,1,44153,2,44036,1,0,0,14,3,17,3
35842,42882,1,44148,3,44147,2,44012,1,44156,2,44038,1,0,0,16,3,14,3
35843,42883,1,44147,3,44151,2,44012,1,44152,2,44036,1,0,0,14,3,17,3
35844,42884,1,44148,3,44147,2,44012,1,44155,2,44037,1,0,0,16,3,14,3
35845,42885,1,44147,3,44148,2,44001,1,44154,2,44037,1,0,0,14,3,17,3
35846,42886,1,44147,3,44148,2,44001,1,44153,2,44036,1,0,0,14,3,17,3
35847,42887,1,44147,3,44148,2,44001,1,44152,2,44036,1,0,0,14,3,17,3
35848,42888,1,44148,3,44147,2,44012,1,44156,2,44038,1,0,0,16,3,14,3
35849,42889,1,44147,3,44148,2,44012,1,44153,2,44037,1,0,0,14,3,17,3
35850,42890,1,44050,1,44148,3,44150,2,44155,2,44038,1,0,0,19,3,18,3
35851,42891,1,44147,1,44149,1,44154,1,0,0,0,0,0,0,15,3,17,3
35852,42892,1,44147,2,44148,1,44001,1,44154,2,44037,1,0,0,15,3,17,3
35853,42893,1,44147,3,44150,2,44062,1,44154,2,44036,1,0,0,15,3,17,3
35854,42894,1,44147,2,44151,1,44001,1,44154,2,44036,1,0,0,15,3,17,3
35855,42895,1,44150,3,44151,2,44033,1,44154,2,44037,1,0,0,18,3,16,3
35856,42896,1,44147,2,44151,1,44001,1,44154,2,44038,1,0,0,15,3,17,3
35857,42897,1,44147,2,44148,1,44001,1,44152,2,44037,1,0,0,15,3,17,3
35858,42898,1,44147,3,44150,2,44062,1,44152,2,44036,1,0,0,15,3,17,3
35859,42899,1,44147,2,44151,1,44001,1,44152,2,44036,1,0,0,15,3,17,3
35860,42900,1,44150,3,44151,2,44033,1,44152,2,44037,1,0,0,18,3,16,3
35861,42901,1,44147,2,44151,1,44001,1,44152,2,44038,1,0,0,15,3,17,3
35862,42902,1,44149,2,44150,1,44033,1,44152,2,44037,1,0,0,16,3,15,3
35863,42903,1,44150,3,44151,2,44001,1,44152,2,44036,1,0,0,18,3,16,3
35864,42904,1,44151,2,44150,1,44062,1,44152,2,44036,1,0,0,17,3,16,3
35865,42905,1,44150,3,44151,2,44033,1,44152,2,44037,1,0,0,18,3,16,3
35866,42906,1,44151,2,44149,1,44033,1,44152,2,44038,1,0,0,17,3,16,3
35867,42907,1,44149,2,44150,1,44033,1,44153,2,44037,1,0,0,16,3,15,3
35868,42908,1,44150,3,44151,2,44001,1,44153,2,44036,1,0,0,18,3,16,3
35869,42909,1,44151,2,44150,1,44062,1,44153,2,44036,1,0,0,17,3,16,3
35870,42910,1,44150,3,44151,2,44033,1,44153,2,44037,1,0,0,18,3,16,3
35871,42911,1,44147,2,44150,1,44062,1,44153,2,44038,1,0,0,15,3,17,3
35872,42912,1,44149,2,44150,1,44033,1,44153,2,44037,1,0,0,16,3,15,3
35873,42913,1,44150,3,44151,2,44001,1,44153,2,44036,1,0,0,18,3,16,3
35874,42914,1,44151,2,44150,1,44062,1,44153,2,44036,1,0,0,17,3,16,3
35875,42915,1,44150,3,44151,2,44033,1,44153,2,44037,1,0,0,18,3,16,3
35876,42916,1,44147,2,44150,1,44062,1,44153,2,44038,1,0,0,15,3,17,3
35877,42917,1,44149,2,44150,1,44033,1,44156,2,44037,1,0,0,16,3,15,3
35878,42918,1,44150,3,44151,2,44033,1,44156,2,44036,1,0,0,18,3,16,3
35879,42919,1,44151,2,44150,1,44062,1,44156,2,44036,1,0,0,17,3,16,3
35880,42920,1,44150,3,44151,2,44033,1,44156,2,44037,1,0,0,18,3,16,3
35881,42921,1,44151,2,44149,1,44062,1,44156,2,44038,1,0,0,17,3,16,3
35882,42922,1,44149,2,44150,1,44033,1,44155,2,44037,1,0,0,16,3,15,3
35883,42923,1,44150,3,44151,2,44033,1,44155,2,44036,1,0,0,18,3,16,3
35884,42924,1,44151,2,44150,1,44062,1,44155,2,44036,1,0,0,17,3,16,3
35885,42925,1,44150,3,44151,2,44033,1,44155,2,44037,1,0,0,18,3,16,3
35886,42926,1,44151,2,44149,1,44062,1,44155,2,44038,1,0,0,17,3,16,3
35887,42927,1,44148,1,44150,1,44012,1,44154,1,44037,1,0,0,16,3,14,3
35888,42928,1,44148,1,44150,1,44012,1,44152,1,44037,1,0,0,16,3,14,3
35889,42929,1,44148,1,44150,1,44012,1,44153,1,44037,1,0,0,16,3,14,3
35890,42930,1,44148,1,44150,1,44012,1,44156,1,44037,1,0,0,16,3,14,3
35891,42931,1,44148,1,44150,1,44012,1,44155,1,44037,1,0,0,16,3,14,3
35892,42932,1,44151,1,44148,1,44062,1,44154,1,44036,1,0,0,17,3,16,3
35893,42933,1,44151,1,44148,1,44062,1,44152,1,44036,1,0,0,17,3,16,3
35894,42934,1,44151,1,44148,1,44062,1,44153,1,44036,1,0,0,17,3,16,3
35895,42935,1,44151,1,44148,1,44062,1,44156,1,44036,1,0,0,17,3,16,3
35896,42936,1,44151,1,44148,1,44062,1,44155,1,44036,1,0,0,17,3,16,3
35897,42937,1,44148,1,44151,1,44012,1,44154,1,44036,1,0,0,16,3,14,3
35898,42938,1,44148,1,44151,1,44012,1,44152,1,44036,1,0,0,16,3,14,3
35899,42939,1,44148,1,44151,1,44012,1,44153,1,44036,1,0,0,16,3,14,3
35900,42940,1,44148,1,44151,1,44012,1,44156,1,44036,1,0,0,16,3,14,3
35901,42941,1,44148,1,44151,1,44012,1,44155,1,44036,1,0,0,16,3,14,3
35902,42942,1,44148,1,44149,1,44023,1,44154,1,44038,1,0,0,16,3,14,3
35903,42943,1,44148,1,44149,1,44023,1,44152,1,44038,1,0,0,16,3,14,3
35904,42944,1,44148,1,44149,1,44023,1,44153,1,44038,1,0,0,16,3,14,3
35905,42945,1,44148,1,44149,1,44023,1,44156,1,44038,1,0,0,16,3,14,3
35906,42946,1,44148,1,44149,1,44023,1,44155,1,44038,1,0,0,16,3,14,3
35907,44149,1,44137,4,44141,2,0,0,0,0,0,0,0,0,16,3,15,3
35908,44147,1,44135,4,44142,2,0,0,0,0,0,0,0,0,14,3,17,3
35909,44147,1,44135,4,44142,2,0,0,0,0,0,0,0,0,15,3,17,3
35910,44148,1,44136,4,44143,2,0,0,0,0,0,0,0,0,16,3,14,3
35911,44150,1,44138,4,44144,2,0,0,0,0,0,0,0,0,18,3,16,3
35912,44151,1,44139,4,44145,2,0,0,0,0,0,0,0,0,17,3,16,3
35913,44152,3,44140,1,44034,1,44039,1,44035,1,0,0,0,0,19,3,18,3
35914,44153,3,44140,1,44034,1,44040,1,44035,1,0,0,0,0,19,3,18,3
35915,44154,3,44140,1,44034,1,44041,1,44035,1,0,0,0,0,19,3,18,3
35916,44155,3,44140,1,44034,1,44042,1,44035,1,0,0,0,0,19,3,18,3
35917,44156,3,44140,1,44034,1,44043,1,44035,1,0,0,0,0,19,3,18,3
35918,44162,3,44146,1,44051,1,44039,1,44035,1,0,0,0,0,19,3,18,3
35919,44163,3,44146,1,44051,1,44040,1,44035,1,0,0,0,0,19,3,18,3
35920,44164,3,44146,1,44051,1,44041,1,44035,1,0,0,0,0,19,3,18,3
35921,44165,3,44146,1,44051,1,44042,1,44035,1,0,0,0,0,19,3,18,3
35922,44166,3,44146,1,44051,1,44043,1,44035,1,0,0,0,0,19,3,18,3
35923,44175,3,44170,1,43977,2,27838,1,43985,1,27835,1,44035,1,14,3,19,3
35924,44176,3,44170,1,43972,2,36081,1,43985,1,12908,1,44035,1,14,3,19,3
35925,44177,3,44171,1,43972,2,27838,1,44106,1,43982,1,44035,1,14,3,19,3
35926,44178,3,44171,1,43976,2,36082,1,44064,1,43985,1,44035,1,14,3,19,3
35927,44179,3,44172,1,43975,2,36080,1,44034,1,4828,1,44035,1,14,3,19,3
35928,44180,3,44172,1,43977,2,36083,1,43991,1,36255,1,44035,1,14,3,19,3
35929,44181,3,44173,1,43974,2,27841,1,43987,1,12895,1,44035,1,14,3,19,3
35930,44182,3,44173,1,43974,2,4863,1,43988,1,44034,1,44035,1,14,3,19,3
35931,44183,3,44174,1,43972,2,12895,1,43978,1,36090,1,44035,1,14,3,19,3
35932,44184,3,44174,1,43977,2,36078,1,44034,1,27835,1,44035,1,14,3,19,3
35933,43602,1,41834,1,39719,1,39720,2,44033,2,0,0,0,0,16,3,14,3
35934,43603,1,41835,1,39718,2,39719,1,44001,2,0,0,0,0,15,3,17,3
35935,44303,1,14183,1,44050,1,44328,1,0,0,0,0,0,0,19,3,18,3
35936,44304,1,14183,1,44050,1,44329,1,0,0,0,0,0,0,19,3,18,3
35937,44246,1,44132,1,44033,3,0,0,0,0,0,0,0,0,18,3,16,3
35938,44247,1,44132,1,44033,3,0,0,0,0,0,0,0,0,18,3,16,3
35939,44248,1,44132,1,44062,2,0,0,0,0,0,0,0,0,17,3,16,3
35940,44249,1,44132,1,44033,3,0,0,0,0,0,0,0,0,18,3,16,3
35941,44250,1,44132,1,44062,2,0,0,0,0,0,0,0,0,17,3,16,3
35942,44251,1,44133,1,44012,1,44001,1,0,0,0,0,0,0,16,3,14,3
35943,44252,1,44133,1,44033,2,44062,1,0,0,0,0,0,0,18,3,16,3
35944,44253,1,44133,1,44062,1,44033,1,0,0,0,0,0,0,17,3,16,3
35945,44254,1,44133,1,44033,2,44062,1,0,0,0,0,0,0,18,3,16,3
35946,44255,1,44133,1,44062,1,44033,1,0,0,0,0,0,0,17,3,16,3
35947,41814,1,41834,1,44001,3,44023,2,44012,1,0,0,0,0,15,3,17,3
35948,41815,1,41835,1,44001,3,44023,2,44012,1,0,0,0,0,15,3,17,3
35949,0,0,0,0,0,0,0,0,0,0,0,0,0,0,0,0,0,0
35950,0,0,0,0,0,0,0,0,0,0,0,0,0,0,0,0,0,0
35951,0,0,0,0,0,0,0,0,0,0,0,0,0,0,0,0,0,0
35952,0,0,0,0,0,0,0,0,0,0,0,0,0,0,0,0,0,0
35953,0,0,0,0,0,0,0,0,0,0,0,0,0,0,0,0,0,0
35954,0,0,0,0,0,0,0,0,0,0,0,0,0,0,0,0,0,0
35955,0,0,0,0,0,0,0,0,0,0,0,0,0,0,0,0,0,0
35956,0,0,0,0,0,0,0,0,0,0,0,0,0,0,0,0,0,0
35957,44846,1,44844,4,44848,1,44035,1,0,0,0,0,0,0,19,3,18,3
35958,44847,1,44845,4,44848,1,44035,1,0,0,0,0,0,0,15,3,17,3
35959,44411,1,44847,2,44846,1,44147,3,44062,1,44848,2,44036,1,14,3,17,3
35960,44412,1,44847,3,44147,3,44001,1,44848,2,44036,1,0,0,14,3,17,3
35961,44413,1,44847,3,44147,3,44001,1,44848,2,44036,1,0,0,14,3,17,3
35962,44414,1,44847,3,44147,3,44001,1,44848,2,44036,1,0,0,14,3,17,3
35963,44415,1,44847,2,44846,1,44147,3,44062,1,44848,2,44037,1,14,3,17,3
35964,44416,1,44847,2,44846,1,44148,3,44001,1,44848,2,44037,1,16,3,14,3
35965,44417,1,44847,2,44846,1,44147,3,44012,1,44848,2,44037,1,15,3,17,3
35966,44418,1,44847,3,44147,3,44001,1,44848,2,44037,1,0,0,15,3,17,3
35967,44419,1,44847,3,44147,3,44001,1,44848,2,44038,1,0,0,14,3,17,3
35968,44420,1,44847,2,44846,1,44147,3,44023,1,44848,2,44038,1,14,3,17,3
35969,44421,1,44846,3,44149,3,44001,1,44848,2,44038,1,0,0,16,3,15,3
35970,44422,1,44847,2,44846,1,44147,3,44023,1,44848,2,44037,1,14,3,17,3
35971,44423,1,44847,2,44846,1,44147,3,44001,1,44848,2,44037,1,14,3,17,3
35972,44424,1,44847,3,44147,3,44001,1,44848,2,44037,1,0,0,14,3,17,3
35973,44425,1,44846,2,44847,1,44149,3,44001,1,44848,2,44037,1,16,3,15,3
35974,44426,1,44846,2,44847,1,44147,3,44012,1,44848,2,44036,1,14,3,17,3
35975,44427,1,44846,2,44847,1,44149,3,44001,1,44848,2,44036,1,16,3,15,3
35976,44428,1,44847,3,44147,3,44001,1,44848,2,44036,1,0,0,14,3,17,3
35977,44429,1,44847,3,44147,3,44012,1,44848,2,44036,1,0,0,14,3,17,3
35978,44430,1,44847,2,44846,1,44147,3,44023,1,44848,2,44038,1,14,3,17,3
35979,44431,1,44847,2,44846,1,44147,3,44023,1,44848,2,44038,1,14,3,17,3
35980,44432,1,44847,2,44846,1,44148,2,44012,1,44848,1,44037,1,16,3,14,3
35981,44433,1,44847,2,44846,2,44150,3,44033,1,44848,2,44037,1,18,3,16,3
35982,44434,1,44846,3,44150,2,44033,1,44848,1,44036,1,0,0,18,3,16,3
35983,44435,1,44846,4,44150,3,44033,1,44848,2,44036,1,0,0,18,3,16,3
35984,44436,1,44846,3,44151,2,44062,1,44848,1,44038,1,0,0,17,3,16,3
35985,44437,1,44847,2,44846,1,44148,2,44012,1,44848,1,44037,1,16,3,14,3
35986,44438,1,44846,4,44150,3,44033,1,44848,2,44037,1,0,0,18,3,16,3
35987,44439,1,44846,3,44151,2,44062,1,44848,1,44036,1,0,0,17,3,16,3
35988,44440,1,44846,4,44150,3,44033,1,44848,2,44036,1,0,0,18,3,16,3
35989,44441,1,44846,3,44151,2,44062,1,44848,1,44038,1,0,0,17,3,16,3
35990,44842,3,44347,1,43976,2,36078,1,36098,1,27835,1,44035,1,14,3,19,3
35991,44843,3,44347,1,43976,2,27841,1,36255,1,27835,1,44035,1,14,3,19,3
35992,0,0,0,0,0,0,0,0,0,0,0,0,0,0,0,0,0,0
35993,44855,1,44860,1,0,0,0,0,0,0,0,0,0,0,10,4,9,2
35994,44856,1,44861,1,0,0,0,0,0,0,0,0,0,0,10,4,9,2
35995,44857,1,44862,1,0,0,0,0,0,0,0,0,0,0,10,4,9,2
35996,44858,1,44863,1,0,0,0,0,0,0,0,0,0,0,10,4,9,2
35997,44859,1,44864,1,0,0,0,0,0,0,0,0,0,0,10,4,9,2
35998,44855,1,44860,1,0,0,0,0,0,0,0,0,0,0,8,4,11,2
35999,44856,1,44861,1,0,0,0,0,0,0,0,0,0,0,8,4,11,2
36000,44857,1,44862,1,0,0,0,0,0,0,0,0,0,0,8,4,11,2
36001,44858,1,44863,1,0,0,0,0,0,0,0,0,0,0,8,4,11,2
36002,44859,1,44864,1,0,0,0,0,0,0,0,0,0,0,8,4,11,2
36003,44855,1,44860,1,0,0,0,0,0,0,0,0,0,0,9,4,11,2
36004,44856,1,44861,1,0,0,0,0,0,0,0,0,0,0,9,4,11,2
36005,44857,1,44862,1,0,0,0,0,0,0,0,0,0,0,9,4,11,2
36006,44858,1,44863,1,0,0,0,0,0,0,0,0,0,0,9,4,11,2
36007,44859,1,44864,1,0,0,0,0,0,0,0,0,0,0,9,4,11,2
36008,44855,1,44860,1,0,0,0,0,0,0,0,0,0,0,10,4,8,2
36009,44856,1,44861,1,0,0,0,0,0,0,0,0,0,0,10,4,8,2
36010,44857,1,44862,1,0,0,0,0,0,0,0,0,0,0,10,4,8,2
36011,44858,1,44863,1,0,0,0,0,0,0,0,0,0,0,10,4,8,2
36012,44859,1,44864,1,0,0,0,0,0,0,0,0,0,0,10,4,8,2
36013,44855,1,44860,1,0,0,0,0,0,0,0,0,0,0,11,4,10,2
36014,44856,1,44861,1,0,0,0,0,0,0,0,0,0,0,11,4,10,2
36015,44857,1,44862,1,0,0,0,0,0,0,0,0,0,0,11,4,10,2
36016,44858,1,44863,1,0,0,0,0,0,0,0,0,0,0,11,4,10,2
36017,44859,1,44864,1,0,0,0,0,0,0,0,0,0,0,11,4,10,2
36018,44855,1,44860,1,0,0,0,0,0,0,0,0,0,0,12,4,10,2
36019,44856,1,44861,1,0,0,0,0,0,0,0,0,0,0,12,4,10,2
36020,44857,1,44862,1,0,0,0,0,0,0,0,0,0,0,12,4,10,2
36021,44858,1,44863,1,0,0,0,0,0,0,0,0,0,0,12,4,10,2
36022,44859,1,44864,1,0,0,0,0,0,0,0,0,0,0,12,4,10,2
36023,44855,1,44860,1,0,0,0,0,0,0,0,0,0,0,13,4,12,2
36024,44856,1,44861,1,0,0,0,0,0,0,0,0,0,0,13,4,12,2
36025,44857,1,44862,1,0,0,0,0,0,0,0,0,0,0,13,4,12,2
36026,44858,1,44863,1,0,0,0,0,0,0,0,0,0,0,13,4,12,2
36027,44859,1,44864,1,0,0,0,0,0,0,0,0,0,0,13,4,12,2
36028,44855,1,44860,1,0,0,0,0,0,0,0,0,0,0,8,4,13,2
36029,44856,1,44861,1,0,0,0,0,0,0,0,0,0,0,8,4,13,2
36030,44857,1,44862,1,0,0,0,0,0,0,0,0,0,0,8,4,13,2
36031,44858,1,44863,1,0,0,0,0,0,0,0,0,0,0,8,4,13,2
36032,44859,1,44864,1,0,0,0,0,0,0,0,0,0,0,8,4,13,2
36033,44887,1,44849,1,44001,3,44012,2,44013,1,0,0,0,0,15,3,17,3
36034,44495,1,44849,1,44147,2,44148,1,44012,2,0,0,0,0,15,3,17,3
36035,45016,1,14183,1,44050,1,45039,1,0,0,0,0,0,0,19,3,18,3
36036,45017,1,14183,1,44050,1,45039,1,0,0,0,0,0,0,19,3,18,3
36037,44650,1,45072,1,44033,1,44032,1,0,0,0,0,0,0,18,3,16,3
36038,44651,1,45072,1,44033,2,44032,1,0,0,0,0,0,0,18,3,16,3
36039,44652,1,45072,1,44033,2,44062,1,0,0,0,0,0,0,18,3,16,3
36040,44653,1,45072,1,44062,1,44032,1,0,0,0,0,0,0,17,3,16,3
36041,44654,1,45072,1,44033,3,0,0,0,0,0,0,0,0,18,3,16,3
36042,44977,1,27716,3,28715,2,27714,1,33819,1,23181,8,0,0,14,2,17,2
36043,44978,1,27716,3,28714,2,27714,1,33819,1,23181,8,0,0,14,2,17,2
36044,44979,1,27716,3,28715,2,27693,1,33819,1,23181,8,0,0,14,2,17,2
36045,44980,1,27716,3,28715,2,27693,1,33819,1,23181,8,0,0,14,2,17,2
36046,44981,1,27716,3,28714,2,27714,1,33819,1,23181,8,0,0,14,2,17,2
36047,44982,1,27716,3,28714,2,27714,1,33819,1,23181,8,0,0,14,2,17,2
36048,44983,1,27716,3,28715,2,27955,2,33819,1,23181,8,0,0,14,2,17,2
36049,44984,1,27717,3,28714,2,27693,1,33819,1,23181,8,0,0,16,2,14,2
36050,44985,1,27717,3,28714,2,27693,1,33819,1,23181,8,0,0,16,2,14,2
36051,44986,1,27781,1,27716,3,28715,2,33819,1,23181,8,0,0,19,2,18,2
36052,44987,1,27781,1,27716,3,28715,2,33819,1,23181,8,0,0,19,2,18,2
36053,44988,1,27717,3,28714,2,27725,1,33819,1,23181,8,0,0,16,2,14,2
36054,44989,1,27716,3,28714,2,27714,1,33819,1,23181,8,0,0,14,2,17,2
36055,44990,1,27717,3,28714,2,27725,1,33819,1,23181,8,0,0,16,2,14,2
36056,44991,1,27716,3,28714,2,27714,1,33819,1,23181,8,0,0,14,2,17,2
36057,44992,1,27716,3,28715,2,27714,1,33819,1,23181,8,0,0,14,2,17,2
36058,44994,1,27716,3,28714,2,27714,1,33819,1,23181,8,0,0,14,2,17,2
36059,44994,1,27716,3,28714,2,27714,1,33819,1,23181,8,0,0,15,2,17,2
36060,0,0,0,0,0,0,0,0,0,0,0,0,0,0,0,0,0,0
36061,0,0,0,0,0,0,0,0,0,0,0,0,0,0,0,0,0,0
36062,45974,1,45968,4,45984,2,0,0,0,0,0,0,0,0,16,3,15,3
36063,45975,1,45969,4,45985,2,0,0,0,0,0,0,0,0,14,3,17,3
36064,45975,1,45969,4,45985,2,0,0,0,0,0,0,0,0,15,3,17,3
36065,45976,1,45970,4,45986,2,0,0,0,0,0,0,0,0,16,3,14,3
36066,45977,1,45971,4,45987,2,0,0,0,0,0,0,0,0,17,3,16,3
36067,45978,1,45972,4,45988,2,0,0,0,0,0,0,0,0,18,3,16,3
36068,45979,3,45973,2,44034,1,44039,1,44035,1,0,0,0,0,19,3,18,3
36069,45980,3,45973,2,44034,1,44040,1,44035,1,0,0,0,0,19,3,18,3
36070,45981,3,45973,2,44034,1,44041,1,44035,1,0,0,0,0,19,3,18,3
36071,45982,3,45973,2,44034,1,44042,1,44035,1,0,0,0,0,19,3,18,3
36072,45983,3,45973,2,44034,1,44043,1,44035,1,0,0,0,0,19,3,18,3
36073,45995,3,45989,1,44051,1,44039,1,44035,1,0,0,0,0,19,3,18,3
36074,45996,3,45989,1,44051,1,44040,1,44035,1,0,0,0,0,19,3,18,3
36075,45997,3,45989,1,44051,1,44041,1,44035,1,0,0,0,0,19,3,18,3
36076,45998,3,45989,1,44051,1,44042,1,44035,1,0,0,0,0,19,3,18,3
36077,45999,3,45989,1,44051,1,44043,1,44035,1,0,0,0,0,19,3,18,3
36078,46000,3,45990,1,43977,2,36081,1,36255,1,36256,1,44035,1,14,3,19,3
36079,46001,3,45990,1,43975,2,36080,1,36255,1,36094,1,44035,1,14,3,19,3
36080,46002,3,45991,1,43974,2,36082,1,44034,1,27835,1,44035,1,14,3,19,3
36081,46003,3,45991,1,43975,2,36077,1,36256,1,4828,1,44035,1,14,3,19,3
36082,46004,3,45992,1,43972,2,27841,1,44063,1,36089,1,44035,1,14,3,19,3
36083,46005,3,45992,1,43976,2,27843,1,44106,1,36089,1,44035,1,14,3,19,3
36084,46006,3,45993,1,43972,2,27838,1,43978,1,36092,1,44035,1,14,3,19,3
36085,46007,3,45993,1,43973,2,36081,1,43978,1,43984,1,44035,1,14,3,19,3
36086,46008,3,45994,1,43973,2,36079,1,43985,1,36097,1,44035,1,14,3,19,3
36087,46009,3,45994,1,43972,2,36079,1,43986,1,27836,1,44035,1,14,3,19,3
36088,46010,1,45975,3,44001,1,45981,1,44037,1,0,0,0,0,14,3,17,3
36089,46011,1,45975,4,45978,1,44012,1,45979,2,44036,1,0,0,14,3,17,3
36090,46012,1,45975,4,45978,1,44001,1,45981,2,44037,1,0,0,14,3,17,3
36091,46013,1,45975,3,45976,2,44001,1,45979,2,44036,1,0,0,14,3,17,3
36092,46014,1,45976,2,45975,3,44023,1,45980,2,44036,1,0,0,16,3,14,3
36093,46015,1,45976,2,45975,3,44023,1,45983,2,44036,1,0,0,16,3,14,3
36094,46016,1,45974,3,45975,2,44023,1,45982,2,44037,1,0,0,16,3,15,3
36095,46017,1,44050,1,45975,3,45977,2,45982,2,44036,1,0,0,19,3,18,3
36096,46018,1,44050,1,45975,3,45977,2,45983,2,44038,1,0,0,19,3,18,3
36097,46019,1,45975,4,45977,1,44012,1,45980,2,44037,1,0,0,14,3,17,3
36098,46020,1,45975,3,45976,2,44001,1,45981,2,44037,1,0,0,14,3,17,3
36099,46021,1,45975,4,45978,1,44012,1,45980,2,44038,1,0,0,14,3,17,3
36100,46022,1,45976,3,45978,2,44033,1,45983,2,44038,1,0,0,16,3,14,3
36101,46023,1,45975,4,45977,1,44012,1,45979,2,44036,1,0,0,14,3,17,3
36102,46024,1,45976,2,45975,3,44012,1,45982,2,44037,1,0,0,16,3,14,3
36103,46025,1,45975,3,45976,2,44012,1,45981,2,44037,1,0,0,14,3,17,3
36104,46026,1,45975,4,45978,1,44033,1,45980,2,44036,1,0,0,14,3,17,3
36105,46027,1,45975,4,45976,1,44001,1,45979,2,44038,1,0,0,14,3,17,3
36106,46028,1,45976,3,45975,2,44012,1,45983,2,44036,1,0,0,16,3,14,3
36107,46029,1,45975,3,45976,2,44001,1,45980,2,44037,1,0,0,14,3,17,3
36108,46030,1,44050,1,45975,3,45978,2,45982,2,44038,1,0,0,19,3,18,3
36109,46031,1,45975,1,45976,1,45981,1,0,0,0,0,0,0,15,3,17,3
36110,46032,1,45978,2,45976,1,44001,1,45981,2,44037,1,0,0,18,3,16,3
36111,46033,1,45975,3,45978,2,44062,1,45981,2,44036,1,0,0,15,3,17,3
36112,46034,1,45975,2,45977,1,44033,1,45981,2,44036,1,0,0,15,3,17,3
36113,46035,1,45978,3,45977,2,44062,1,45981,2,44037,1,0,0,18,3,16,3
36114,46036,1,45977,2,45976,1,44033,1,45981,2,44038,1,0,0,17,3,16,3
36115,46037,1,45978,2,45976,1,44001,1,45979,2,44037,1,0,0,18,3,16,3
36116,46038,1,45975,3,45978,2,44062,1,45979,2,44036,1,0,0,15,3,17,3
36117,46039,1,45975,2,45977,1,44033,1,45979,2,44036,1,0,0,15,3,17,3
36118,46040,1,45978,3,45977,2,44062,1,45979,2,44037,1,0,0,18,3,16,3
36119,46041,1,45977,2,45976,1,44033,1,45979,2,44038,1,0,0,17,3,16,3
36120,46042,1,45978,2,45977,1,44012,1,45979,2,44037,1,0,0,18,3,16,3
36121,46043,1,45978,3,45976,2,44033,1,45979,2,44036,1,0,0,18,3,16,3
36122,46044,1,45975,2,45978,1,44062,1,45979,2,44036,1,0,0,15,3,17,3
36123,46045,1,45978,3,45977,2,44012,1,45979,2,44037,1,0,0,18,3,16,3
36124,46046,1,45977,2,45976,1,44033,1,45979,2,44038,1,0,0,17,3,16,3
36125,46047,1,45978,2,45977,1,44012,1,45980,2,44037,1,0,0,18,3,16,3
36126,46048,1,45978,3,45976,2,44033,1,45980,2,44036,1,0,0,18,3,16,3
36127,46049,1,45975,2,45978,1,44062,1,45980,2,44036,1,0,0,15,3,17,3
36128,46050,1,45978,3,45977,2,44012,1,45980,2,44037,1,0,0,18,3,16,3
36129,46051,1,45977,2,45976,1,44033,1,45980,2,44038,1,0,0,17,3,16,3
36130,46052,1,45978,2,45977,1,44012,1,45980,2,44037,1,0,0,18,3,16,3
36131,46053,1,45978,3,45976,2,44033,1,45980,2,44036,1,0,0,18,3,16,3
36132,46054,1,45975,2,45978,1,44062,1,45980,2,44036,1,0,0,15,3,17,3
36133,46055,1,45978,3,45977,2,44012,1,45980,2,44037,1,0,0,18,3,16,3
36134,46056,1,45977,2,45976,1,44033,1,45980,2,44038,1,0,0,17,3,16,3
36135,46057,1,45978,2,45976,1,44033,1,45983,2,44037,1,0,0,18,3,16,3
36136,46058,1,45978,3,45977,2,44012,1,45983,2,44036,1,0,0,18,3,16,3
36137,46059,1,45977,2,45978,1,44062,1,45983,2,44036,1,0,0,17,3,16,3
36138,46060,1,45978,3,45977,2,44062,1,45983,2,44037,1,0,0,18,3,16,3
36139,46061,1,45977,2,45978,1,44062,1,45983,2,44038,1,0,0,17,3,16,3
36140,46062,1,45978,2,45976,1,44033,1,45982,2,44037,1,0,0,18,3,16,3
36141,46063,1,45978,3,45977,2,44012,1,45982,2,44036,1,0,0,18,3,16,3
36142,46064,1,45977,2,45978,1,44062,1,45982,2,44036,1,0,0,17,3,16,3
36143,46065,1,45978,3,45977,2,44062,1,45982,2,44037,1,0,0,18,3,16,3
36144,46066,1,45977,2,45978,1,44062,1,45982,2,44038,1,0,0,17,3,16,3
36145,46067,1,45974,1,45975,1,44023,1,45981,1,44037,1,0,0,16,3,15,3
36146,46068,1,45974,1,45975,1,44023,1,45979,1,44037,1,0,0,16,3,15,3
36147,46069,1,45974,1,45975,1,44023,1,45980,1,44037,1,0,0,16,3,15,3
36148,46070,1,45974,1,45975,1,44023,1,45983,1,44037,1,0,0,16,3,15,3
36149,46071,1,45974,1,45975,1,44023,1,45982,1,44037,1,0,0,16,3,15,3
36150,46072,1,45976,1,45974,1,44012,1,45981,1,44036,1,0,0,16,3,14,3
36151,46073,1,45976,1,45974,1,44012,1,45979,1,44036,1,0,0,16,3,14,3
36152,46074,1,45976,1,45974,1,44012,1,45980,1,44036,1,0,0,16,3,14,3
36153,46075,1,45976,1,45974,1,44012,1,45983,1,44036,1,0,0,16,3,14,3
36154,46076,1,45976,1,45974,1,44012,1,45982,1,44036,1,0,0,16,3,14,3
36155,46077,1,45977,1,45974,1,44062,1,45981,1,44036,1,0,0,17,3,16,3
36156,46078,1,45977,1,45974,1,44062,1,45979,1,44036,1,0,0,17,3,16,3
36157,46079,1,45977,1,45974,1,44062,1,45980,1,44036,1,0,0,17,3,16,3
36158,46080,1,45977,1,45974,1,44062,1,45983,1,44036,1,0,0,17,3,16,3
36159,46081,1,45977,1,45974,1,44062,1,45982,1,44036,1,0,0,17,3,16,3
36160,46082,1,45974,1,45976,1,44023,1,45981,1,44038,1,0,0,16,3,15,3
36161,46083,1,45974,1,45976,1,44023,1,45979,1,44038,1,0,0,16,3,15,3
36162,46084,1,45974,1,45976,1,44023,1,45980,1,44038,1,0,0,16,3,15,3
36163,46085,1,45974,1,45976,1,44023,1,45983,1,44038,1,0,0,16,3,15,3
36164,46086,1,45974,1,45976,1,44023,1,45982,1,44038,1,0,0,16,3,15,3
36165,48258,1,48233,1,0,0,0,0,0,0,0,0,0,0,-1,0,-1,0
36166,48276,1,48233,1,0,0,0,0,0,0,0,0,0,0,-1,0,-1,0
36167,48277,1,48233,1,0,0,0,0,0,0,0,0,0,0,-1,0,-1,0
36168,48278,1,48233,1,0,0,0,0,0,0,0,0,0,0,-1,0,-1,0
36169,48279,1,48233,1,0,0,0,0,0,0,0,0,0,0,-1,0,-1,0
36170,48280,1,48233,1,0,0,0,0,0,0,0,0,0,0,-1,0,-1,0
36171,48258,1,48233,1,0,0,0,0,0,0,0,0,0,0,-1,0,-1,0
36172,48281,1,48233,1,0,0,0,0,0,0,0,0,0,0,-1,0,-1,0
36173,48282,1,48233,1,0,0,0,0,0,0,0,0,0,0,-1,0,-1,0
36174,48287,1,48233,1,0,0,0,0,0,0,0,0,0,0,-1,0,-1,0
36175,48283,1,48287,2,0,0,0,0,0,0,0,0,0,0,-1,0,-1,0
36176,48288,1,48233,1,0,0,0,0,0,0,0,0,0,0,-1,0,-1,0
36177,48284,1,48288,1,0,0,0,0,0,0,0,0,0,0,-1,0,-1,0
36178,48289,1,48233,1,0,0,0,0,0,0,0,0,0,0,-1,0,-1,0
36179,48285,1,48289,3,0,0,0,0,0,0,0,0,0,0,-1,0,-1,0
36180,48290,1,48233,1,0,0,0,0,0,0,0,0,0,0,-1,0,-1,0
36181,48286,1,48290,2,0,0,0,0,0,0,0,0,0,0,-1,0,-1,0
36182,48291,1,48233,1,0,0,0,0,0,0,0,0,0,0,-1,0,-1,0
36183,48258,1,48233,1,0,0,0,0,0,0,0,0,0,0,-1,0,-1,0
36184,48292,1,48233,1,0,0,0,0,0,0,0,0,0,0,-1,0,-1,0
36185,48293,1,48233,1,0,0,0,0,0,0,0,0,0,0,-1,0,-1,0
36186,48294,1,48233,1,0,0,0,0,0,0,0,0,0,0,-1,0,-1,0
36187,48295,1,48233,1,0,0,0,0,0,0,0,0,0,0,-1,0,-1,0
36188,48262,1,48233,1,0,0,0,0,0,0,0,0,0,0,-1,0,-1,0
36189,48296,1,48262,2,0,0,0,0,0,0,0,0,0,0,-1,0,-1,0
36190,48262,1,48233,1,0,0,0,0,0,0,0,0,0,0,-1,0,-1,0
36191,48297,1,48262,2,0,0,0,0,0,0,0,0,0,0,-1,0,-1,0
36192,48258,1,48233,1,0,0,0,0,0,0,0,0,0,0,-1,0,-1,0
36193,48298,1,48233,1,0,0,0,0,0,0,0,0,0,0,-1,0,-1,0
36194,48299,1,48233,1,0,0,0,0,0,0,0,0,0,0,-1,0,-1,0
36195,48300,1,48233,1,0,0,0,0,0,0,0,0,0,0,-1,0,-1,0
36196,48301,1,48233,1,0,0,0,0,0,0,0,0,0,0,-1,0,-1,0
36197,48302,1,48233,1,0,0,0,0,0,0,0,0,0,0,-1,0,-1,0
36198,48303,1,48233,1,0,0,0,0,0,0,0,0,0,0,-1,0,-1,0
36199,48304,1,48233,1,0,0,0,0,0,0,0,0,0,0,-1,0,-1,0
36200,48305,1,48233,1,0,0,0,0,0,0,0,0,0,0,-1,0,-1,0
36201,48306,1,48233,1,0,0,0,0,0,0,0,0,0,0,-1,0,-1,0
36202,48307,1,48233,1,0,0,0,0,0,0,0,0,0,0,-1,0,-1,0
36203,48308,1,48233,1,0,0,0,0,0,0,0,0,0,0,-1,0,-1,0
36204,48309,1,48233,1,0,0,0,0,0,0,0,0,0,0,-1,0,-1,0
36205,48263,1,48233,1,0,0,0,0,0,0,0,0,0,0,-1,0,-1,0
36206,48310,1,48263,1,0,0,0,0,0,0,0,0,0,0,-1,0,-1,0
36207,48263,1,48233,1,0,0,0,0,0,0,0,0,0,0,-1,0,-1,0
36208,48311,1,48263,1,0,0,0,0,0,0,0,0,0,0,-1,0,-1,0
36209,48312,1,48233,1,0,0,0,0,0,0,0,0,0,0,-1,0,-1,0
36210,48313,1,48233,1,0,0,0,0,0,0,0,0,0,0,-1,0,-1,0
36211,48314,1,48233,1,0,0,0,0,0,0,0,0,0,0,-1,0,-1,0
36212,48315,1,48233,1,0,0,0,0,0,0,0,0,0,0,-1,0,-1,0
36213,48316,1,48233,1,0,0,0,0,0,0,0,0,0,0,-1,0,-1,0
36214,48317,1,48233,1,0,0,0,0,0,0,0,0,0,0,-1,0,-1,0
36215,48318,1,48233,1,0,0,0,0,0,0,0,0,0,0,-1,0,-1,0
36216,48319,1,48233,1,0,0,0,0,0,0,0,0,0,0,-1,0,-1,0
36217,48320,1,48233,1,0,0,0,0,0,0,0,0,0,0,-1,0,-1,0
36218,48261,1,48233,1,0,0,0,0,0,0,0,0,0,0,-1,0,-1,0
36219,48322,1,48233,1,0,0,0,0,0,0,0,0,0,0,-1,0,-1,0
36220,48323,1,48322,1,0,0,0,0,0,0,0,0,0,0,-1,0,-1,0
36221,0,0,0,0,0,0,0,0,0,0,0,0,0,0,0,0,0,0
36222,48324,1,48233,1,0,0,0,0,0,0,0,0,0,0,-1,0,-1,0
36223,48325,1,48324,1,0,0,0,0,0,0,0,0,0,0,-1,0,-1,0
36224,0,0,0,0,0,0,0,0,0,0,0,0,0,0,0,0,0,0
36225,48236,1,48233,1,0,0,0,0,0,0,0,0,0,0,-1,0,-1,0
36226,0,0,0,0,0,0,0,0,0,0,0,0,0,0,0,0,0,0
36227,48321,1,48236,1,0,0,0,0,0,0,0,0,0,0,-1,0,-1,0
36228,48238,1,48233,1,0,0,0,0,0,0,0,0,0,0,-1,0,-1,0
36229,48239,1,48233,1,0,0,0,0,0,0,0,0,0,0,-1,0,-1,0
36230,48240,1,48233,1,0,0,0,0,0,0,0,0,0,0,-1,0,-1,0
36231,48326,1,48233,1,0,0,0,0,0,0,0,0,0,0,-1,0,-1,0
36232,48327,1,48233,1,0,0,0,0,0,0,0,0,0,0,-1,0,-1,0
36233,48241,1,48233,1,0,0,0,0,0,0,0,0,0,0,-1,0,-1,0
36234,48238,1,48233,1,0,0,0,0,0,0,0,0,0,0,-1,0,-1,0
36235,48242,1,48233,1,0,0,0,0,0,0,0,0,0,0,-1,0,-1,0
36236,48328,1,48233,1,0,0,0,0,0,0,0,0,0,0,-1,0,-1,0
36237,48333,1,48233,1,0,0,0,0,0,0,0,0,0,0,-1,0,-1,0
36238,48329,1,48333,2,0,0,0,0,0,0,0,0,0,0,-1,0,-1,0
36239,48251,1,48233,1,0,0,0,0,0,0,0,0,0,0,-1,0,-1,0
36240,48330,1,48251,1,0,0,0,0,0,0,0,0,0,0,-1,0,-1,0
36241,48252,1,48233,1,0,0,0,0,0,0,0,0,0,0,-1,0,-1,0
36242,48331,1,48252,3,0,0,0,0,0,0,0,0,0,0,-1,0,-1,0
36243,48253,1,48233,1,0,0,0,0,0,0,0,0,0,0,-1,0,-1,0
36244,48332,1,48253,2,0,0,0,0,0,0,0,0,0,0,-1,0,-1,0
36245,48334,1,48233,1,0,0,0,0,0,0,0,0,0,0,-1,0,-1,0
36246,48238,1,48233,1,0,0,0,0,0,0,0,0,0,0,-1,0,-1,0
36247,48335,1,48233,1,0,0,0,0,0,0,0,0,0,0,-1,0,-1,0
36248,48336,1,48233,1,0,0,0,0,0,0,0,0,0,0,-1,0,-1,0
36249,48337,1,48233,1,0,0,0,0,0,0,0,0,0,0,-1,0,-1,0
36250,48338,1,48233,1,0,0,0,0,0,0,0,0,0,0,-1,0,-1,0
36251,48254,1,48233,1,0,0,0,0,0,0,0,0,0,0,-1,0,-1,0
36252,48339,1,48254,2,0,0,0,0,0,0,0,0,0,0,-1,0,-1,0
36253,48255,1,48233,1,0,0,0,0,0,0,0,0,0,0,-1,0,-1,0
36254,48340,1,48255,2,0,0,0,0,0,0,0,0,0,0,-1,0,-1,0
36255,48238,1,48233,1,0,0,0,0,0,0,0,0,0,0,-1,0,-1,0
36256,48243,1,48233,1,0,0,0,0,0,0,0,0,0,0,-1,0,-1,0
36257,48341,1,48233,1,0,0,0,0,0,0,0,0,0,0,-1,0,-1,0
36258,48342,1,48233,1,0,0,0,0,0,0,0,0,0,0,-1,0,-1,0
36259,48244,1,48233,1,0,0,0,0,0,0,0,0,0,0,-1,0,-1,0
36260,48245,1,48233,1,0,0,0,0,0,0,0,0,0,0,-1,0,-1,0
36261,48246,1,48233,1,0,0,0,0,0,0,0,0,0,0,-1,0,-1,0
36262,48343,1,48233,1,0,0,0,0,0,0,0,0,0,0,-1,0,-1,0
36263,48344,1,48233,1,0,0,0,0,0,0,0,0,0,0,-1,0,-1,0
36264,48345,1,48233,1,0,0,0,0,0,0,0,0,0,0,-1,0,-1,0
36265,48346,1,48233,1,0,0,0,0,0,0,0,0,0,0,-1,0,-1,0
36266,48347,1,48233,1,0,0,0,0,0,0,0,0,0,0,-1,0,-1,0
36267,48348,1,48233,1,0,0,0,0,0,0,0,0,0,0,-1,0,-1,0
36268,48256,1,48233,1,0,0,0,0,0,0,0,0,0,0,-1,0,-1,0
36269,48349,1,48256,1,0,0,0,0,0,0,0,0,0,0,-1,0,-1,0
36270,48359,1,48233,1,0,0,0,0,0,0,0,0,0,0,-1,0,-1,0
36271,48350,1,48359,1,0,0,0,0,0,0,0,0,0,0,-1,0,-1,0
36272,48351,1,48233,1,0,0,0,0,0,0,0,0,0,0,-1,0,-1,0
36273,48352,1,48233,1,0,0,0,0,0,0,0,0,0,0,-1,0,-1,0
36274,48353,1,48233,1,0,0,0,0,0,0,0,0,0,0,-1,0,-1,0
36275,48354,1,48233,1,0,0,0,0,0,0,0,0,0,0,-1,0,-1,0
36276,48355,1,48233,1,0,0,0,0,0,0,0,0,0,0,-1,0,-1,0
36277,48247,1,48233,1,0,0,0,0,0,0,0,0,0,0,-1,0,-1,0
36278,48248,1,48233,1,0,0,0,0,0,0,0,0,0,0,-1,0,-1,0
36279,48356,1,48233,1,0,0,0,0,0,0,0,0,0,0,-1,0,-1,0
36280,48357,1,48233,1,0,0,0,0,0,0,0,0,0,0,-1,0,-1,0
36281,48249,1,48233,1,0,0,0,0,0,0,0,0,0,0,-1,0,-1,0
36282,48360,1,48233,1,0,0,0,0,0,0,0,0,0,0,-1,0,-1,0
36283,48361,1,48360,1,0,0,0,0,0,0,0,0,0,0,-1,0,-1,0
36284,0,0,0,0,0,0,0,0,0,0,0,0,0,0,0,0,0,0
36285,48362,1,48233,1,0,0,0,0,0,0,0,0,0,0,-1,0,-1,0
36286,48363,1,48362,1,0,0,0,0,0,0,0,0,0,0,-1,0,-1,0
36287,0,0,0,0,0,0,0,0,0,0,0,0,0,0,0,0,0,0
36288,48236,1,48233,1,0,0,0,0,0,0,0,0,0,0,-1,0,-1,0
36289,0,0,0,0,0,0,0,0,0,0,0,0,0,0,0,0,0,0
36290,48358,1,48236,1,0,0,0,0,0,0,0,0,0,0,-1,0,-1,0
36291,48238,1,48233,1,0,0,0,0,0,0,0,0,0,0,-1,0,-1,0
36292,48239,1,48233,1,0,0,0,0,0,0,0,0,0,0,-1,0,-1,0
36293,48240,1,48233,1,0,0,0,0,0,0,0,0,0,0,-1,0,-1,0
36294,48364,1,48233,1,0,0,0,0,0,0,0,0,0,0,-1,0,-1,0
36295,48250,1,48233,1,0,0,0,0,0,0,0,0,0,0,-1,0,-1,0
36296,48241,1,48233,1,0,0,0,0,0,0,0,0,0,0,-1,0,-1,0
36297,48238,1,48233,1,0,0,0,0,0,0,0,0,0,0,-1,0,-1,0
36298,48242,1,48233,1,0,0,0,0,0,0,0,0,0,0,-1,0,-1,0
36299,48365,1,48233,1,0,0,0,0,0,0,0,0,0,0,-1,0,-1,0
36300,48370,1,48233,1,0,0,0,0,0,0,0,0,0,0,-1,0,-1,0
36301,48366,1,48370,2,0,0,0,0,0,0,0,0,0,0,-1,0,-1,0
36302,48251,1,48233,1,0,0,0,0,0,0,0,0,0,0,-1,0,-1,0
36303,48367,1,48251,1,0,0,0,0,0,0,0,0,0,0,-1,0,-1,0
36304,48252,1,48233,1,0,0,0,0,0,0,0,0,0,0,-1,0,-1,0
36305,48368,1,48252,3,0,0,0,0,0,0,0,0,0,0,-1,0,-1,0
36306,48253,1,48233,1,0,0,0,0,0,0,0,0,0,0,-1,0,-1,0
36307,48369,1,48253,2,0,0,0,0,0,0,0,0,0,0,-1,0,-1,0
36308,48371,1,48233,1,0,0,0,0,0,0,0,0,0,0,-1,0,-1,0
36309,48238,1,48233,1,0,0,0,0,0,0,0,0,0,0,-1,0,-1,0
36310,48372,1,48233,1,0,0,0,0,0,0,0,0,0,0,-1,0,-1,0
36311,48373,1,48233,1,0,0,0,0,0,0,0,0,0,0,-1,0,-1,0
36312,48374,1,48233,1,0,0,0,0,0,0,0,0,0,0,-1,0,-1,0
36313,48375,1,48233,1,0,0,0,0,0,0,0,0,0,0,-1,0,-1,0
36314,48254,1,48233,1,0,0,0,0,0,0,0,0,0,0,-1,0,-1,0
36315,48376,1,48254,2,0,0,0,0,0,0,0,0,0,0,-1,0,-1,0
36316,48255,1,48233,1,0,0,0,0,0,0,0,0,0,0,-1,0,-1,0
36317,48377,1,48255,2,0,0,0,0,0,0,0,0,0,0,-1,0,-1,0
36318,48238,1,48233,1,0,0,0,0,0,0,0,0,0,0,-1,0,-1,0
36319,48243,1,48233,1,0,0,0,0,0,0,0,0,0,0,-1,0,-1,0
36320,48378,1,48233,1,0,0,0,0,0,0,0,0,0,0,-1,0,-1,0
36321,48379,1,48233,1,0,0,0,0,0,0,0,0,0,0,-1,0,-1,0
36322,48244,1,48233,1,0,0,0,0,0,0,0,0,0,0,-1,0,-1,0
36323,48245,1,48233,1,0,0,0,0,0,0,0,0,0,0,-1,0,-1,0
36324,48246,1,48233,1,0,0,0,0,0,0,0,0,0,0,-1,0,-1,0
36325,48380,1,48233,1,0,0,0,0,0,0,0,0,0,0,-1,0,-1,0
36326,48381,1,48233,1,0,0,0,0,0,0,0,0,0,0,-1,0,-1,0
36327,48382,1,48233,1,0,0,0,0,0,0,0,0,0,0,-1,0,-1,0
36328,48383,1,48233,1,0,0,0,0,0,0,0,0,0,0,-1,0,-1,0
36329,48384,1,48233,1,0,0,0,0,0,0,0,0,0,0,-1,0,-1,0
36330,48385,1,48233,1,0,0,0,0,0,0,0,0,0,0,-1,0,-1,0
36331,48256,1,48233,1,0,0,0,0,0,0,0,0,0,0,-1,0,-1,0
36332,48386,1,48256,1,0,0,0,0,0,0,0,0,0,0,-1,0,-1,0
36333,48257,1,48233,1,0,0,0,0,0,0,0,0,0,0,-1,0,-1,0
36334,48387,1,48257,1,0,0,0,0,0,0,0,0,0,0,-1,0,-1,0
36335,48388,1,48233,1,0,0,0,0,0,0,0,0,0,0,-1,0,-1,0
36336,48389,1,48233,1,0,0,0,0,0,0,0,0,0,0,-1,0,-1,0
36337,48390,1,48233,1,0,0,0,0,0,0,0,0,0,0,-1,0,-1,0
36338,48391,1,48233,1,0,0,0,0,0,0,0,0,0,0,-1,0,-1,0
36339,48392,1,48233,1,0,0,0,0,0,0,0,0,0,0,-1,0,-1,0
36340,48247,1,48233,1,0,0,0,0,0,0,0,0,0,0,-1,0,-1,0
36341,48248,1,48233,1,0,0,0,0,0,0,0,0,0,0,-1,0,-1,0
36342,48393,1,48233,1,0,0,0,0,0,0,0,0,0,0,-1,0,-1,0
36343,48394,1,48233,1,0,0,0,0,0,0,0,0,0,0,-1,0,-1,0
36344,48249,1,48233,1,0,0,0,0,0,0,0,0,0,0,-1,0,-1,0
36345,48396,1,48233,1,0,0,0,0,0,0,0,0,0,0,-1,0,-1,0
36346,48397,1,48396,1,0,0,0,0,0,0,0,0,0,0,-1,0,-1,0
36347,0,0,0,0,0,0,0,0,0,0,0,0,0,0,0,0,0,0
36348,48398,1,48233,1,0,0,0,0,0,0,0,0,0,0,-1,0,-1,0
36349,48399,1,48398,1,0,0,0,0,0,0,0,0,0,0,-1,0,-1,0
36350,0,0,0,0,0,0,0,0,0,0,0,0,0,0,0,0,0,0
36351,48236,1,48233,1,0,0,0,0,0,0,0,0,0,0,-1,0,-1,0
36352,0,0,0,0,0,0,0,0,0,0,0,0,0,0,0,0,0,0
36353,48395,1,48236,1,0,0,0,0,0,0,0,0,0,0,-1,0,-1,0
36354,48238,1,48233,1,0,0,0,0,0,0,0,0,0,0,-1,0,-1,0
36355,48239,1,48233,1,0,0,0,0,0,0,0,0,0,0,-1,0,-1,0
36356,48240,1,48233,1,0,0,0,0,0,0,0,0,0,0,-1,0,-1,0
36357,48400,1,48233,1,0,0,0,0,0,0,0,0,0,0,-1,0,-1,0
36358,48250,1,48233,1,0,0,0,0,0,0,0,0,0,0,-1,0,-1,0
36359,48401,1,48233,1,0,0,0,0,0,0,0,0,0,0,-1,0,-1,0
36360,48238,1,48233,1,0,0,0,0,0,0,0,0,0,0,-1,0,-1,0
36361,48242,1,48233,1,0,0,0,0,0,0,0,0,0,0,-1,0,-1,0
36362,48402,1,48233,1,0,0,0,0,0,0,0,0,0,0,-1,0,-1,0
36363,48370,1,48233,1,0,0,0,0,0,0,0,0,0,0,-1,0,-1,0
36364,48403,1,48370,2,0,0,0,0,0,0,0,0,0,0,-1,0,-1,0
36365,48251,1,48233,1,0,0,0,0,0,0,0,0,0,0,-1,0,-1,0
36366,48404,1,48251,1,0,0,0,0,0,0,0,0,0,0,-1,0,-1,0
36367,48252,1,48233,1,0,0,0,0,0,0,0,0,0,0,-1,0,-1,0
36368,48405,1,48252,3,0,0,0,0,0,0,0,0,0,0,-1,0,-1,0
36369,48253,1,48233,1,0,0,0,0,0,0,0,0,0,0,-1,0,-1,0
36370,48406,1,48253,2,0,0,0,0,0,0,0,0,0,0,-1,0,-1,0
36371,48407,1,48233,1,0,0,0,0,0,0,0,0,0,0,-1,0,-1,0
36372,48238,1,48233,1,0,0,0,0,0,0,0,0,0,0,-1,0,-1,0
36373,48408,1,48233,1,0,0,0,0,0,0,0,0,0,0,-1,0,-1,0
36374,48409,1,48233,1,0,0,0,0,0,0,0,0,0,0,-1,0,-1,0
36375,48410,1,48233,1,0,0,0,0,0,0,0,0,0,0,-1,0,-1,0
36376,48411,1,48233,1,0,0,0,0,0,0,0,0,0,0,-1,0,-1,0
36377,48254,1,48233,1,0,0,0,0,0,0,0,0,0,0,-1,0,-1,0
36378,48412,1,48254,2,0,0,0,0,0,0,0,0,0,0,-1,0,-1,0
36379,48255,1,48233,1,0,0,0,0,0,0,0,0,0,0,-1,0,-1,0
36380,48413,1,48255,2,0,0,0,0,0,0,0,0,0,0,-1,0,-1,0
36381,48238,1,48233,1,0,0,0,0,0,0,0,0,0,0,-1,0,-1,0
36382,48243,1,48233,1,0,0,0,0,0,0,0,0,0,0,-1,0,-1,0
36383,48414,1,48233,1,0,0,0,0,0,0,0,0,0,0,-1,0,-1,0
36384,48415,1,48233,1,0,0,0,0,0,0,0,0,0,0,-1,0,-1,0
36385,48244,1,48233,1,0,0,0,0,0,0,0,0,0,0,-1,0,-1,0
36386,48245,1,48233,1,0,0,0,0,0,0,0,0,0,0,-1,0,-1,0
36387,48246,1,48233,1,0,0,0,0,0,0,0,0,0,0,-1,0,-1,0
36388,48416,1,48233,1,0,0,0,0,0,0,0,0,0,0,-1,0,-1,0
36389,48417,1,48233,1,0,0,0,0,0,0,0,0,0,0,-1,0,-1,0
36390,48418,1,48233,1,0,0,0,0,0,0,0,0,0,0,-1,0,-1,0
36391,48419,1,48233,1,0,0,0,0,0,0,0,0,0,0,-1,0,-1,0
36392,48420,1,48233,1,0,0,0,0,0,0,0,0,0,0,-1,0,-1,0
36393,48421,1,48233,1,0,0,0,0,0,0,0,0,0,0,-1,0,-1,0
36394,48432,1,48233,1,0,0,0,0,0,0,0,0,0,0,-1,0,-1,0
36395,48422,1,48432,1,0,0,0,0,0,0,0,0,0,0,-1,0,-1,0
36396,48257,1,48233,1,0,0,0,0,0,0,0,0,0,0,-1,0,-1,0
36397,48423,1,48257,1,0,0,0,0,0,0,0,0,0,0,-1,0,-1,0
36398,48424,1,48233,1,0,0,0,0,0,0,0,0,0,0,-1,0,-1,0
36399,48425,1,48233,1,0,0,0,0,0,0,0,0,0,0,-1,0,-1,0
36400,48426,1,48233,1,0,0,0,0,0,0,0,0,0,0,-1,0,-1,0
36401,48427,1,48233,1,0,0,0,0,0,0,0,0,0,0,-1,0,-1,0
36402,48428,1,48233,1,0,0,0,0,0,0,0,0,0,0,-1,0,-1,0
36403,48247,1,48233,1,0,0,0,0,0,0,0,0,0,0,-1,0,-1,0
36404,48248,1,48233,1,0,0,0,0,0,0,0,0,0,0,-1,0,-1,0
36405,48429,1,48233,1,0,0,0,0,0,0,0,0,0,0,-1,0,-1,0
36406,48430,1,48233,1,0,0,0,0,0,0,0,0,0,0,-1,0,-1,0
36407,48249,1,48233,1,0,0,0,0,0,0,0,0,0,0,-1,0,-1,0
36408,48433,1,48233,1,0,0,0,0,0,0,0,0,0,0,-1,0,-1,0
36409,48434,1,48433,1,0,0,0,0,0,0,0,0,0,0,-1,0,-1,0
36410,0,0,0,0,0,0,0,0,0,0,0,0,0,0,0,0,0,0
36411,48435,1,48233,1,0,0,0,0,0,0,0,0,0,0,-1,0,-1,0
36412,48436,1,48435,1,0,0,0,0,0,0,0,0,0,0,-1,0,-1,0
36413,0,0,0,0,0,0,0,0,0,0,0,0,0,0,0,0,0,0
36414,48236,1,48233,1,0,0,0,0,0,0,0,0,0,0,-1,0,-1,0
36415,0,0,0,0,0,0,0,0,0,0,0,0,0,0,0,0,0,0
36416,48431,1,48236,1,0,0,0,0,0,0,0,0,0,0,-1,0,-1,0
36417,48259,1,48233,1,0,0,0,0,0,0,0,0,0,0,-1,0,-1,0
36418,48437,1,48233,1,0,0,0,0,0,0,0,0,0,0,-1,0,-1,0
36419,48438,1,48233,1,0,0,0,0,0,0,0,0,0,0,-1,0,-1,0
36420,48439,1,48233,1,0,0,0,0,0,0,0,0,0,0,-1,0,-1,0
36421,48440,1,48233,1,0,0,0,0,0,0,0,0,0,0,-1,0,-1,0
36422,48441,1,48233,1,0,0,0,0,0,0,0,0,0,0,-1,0,-1,0
36423,48259,1,48233,1,0,0,0,0,0,0,0,0,0,0,-1,0,-1,0
36424,48442,1,48233,1,0,0,0,0,0,0,0,0,0,0,-1,0,-1,0
36425,48443,1,48233,1,0,0,0,0,0,0,0,0,0,0,-1,0,-1,0
36426,48448,1,48233,1,0,0,0,0,0,0,0,0,0,0,-1,0,-1,0
36427,48444,1,48448,2,0,0,0,0,0,0,0,0,0,0,-1,0,-1,0
36428,48449,1,48233,1,0,0,0,0,0,0,0,0,0,0,-1,0,-1,0
36429,48445,1,48449,1,0,0,0,0,0,0,0,0,0,0,-1,0,-1,0
36430,48450,1,48233,1,0,0,0,0,0,0,0,0,0,0,-1,0,-1,0
36431,48446,1,48450,3,0,0,0,0,0,0,0,0,0,0,-1,0,-1,0
36432,48451,1,48233,1,0,0,0,0,0,0,0,0,0,0,-1,0,-1,0
36433,48447,1,48451,2,0,0,0,0,0,0,0,0,0,0,-1,0,-1,0
36434,48452,1,48233,1,0,0,0,0,0,0,0,0,0,0,-1,0,-1,0
36435,48259,1,48233,1,0,0,0,0,0,0,0,0,0,0,-1,0,-1,0
36436,48453,1,48233,1,0,0,0,0,0,0,0,0,0,0,-1,0,-1,0
36437,48454,1,48233,1,0,0,0,0,0,0,0,0,0,0,-1,0,-1,0
36438,48455,1,48233,1,0,0,0,0,0,0,0,0,0,0,-1,0,-1,0
36439,48456,1,48233,1,0,0,0,0,0,0,0,0,0,0,-1,0,-1,0
36440,48264,1,48233,1,0,0,0,0,0,0,0,0,0,0,-1,0,-1,0
36441,48457,1,48264,2,0,0,0,0,0,0,0,0,0,0,-1,0,-1,0
36442,48264,1,48233,1,0,0,0,0,0,0,0,0,0,0,-1,0,-1,0
36443,48458,1,48264,2,0,0,0,0,0,0,0,0,0,0,-1,0,-1,0
36444,48259,1,48233,1,0,0,0,0,0,0,0,0,0,0,-1,0,-1,0
36445,48459,1,48233,1,0,0,0,0,0,0,0,0,0,0,-1,0,-1,0
36446,48460,1,48233,1,0,0,0,0,0,0,0,0,0,0,-1,0,-1,0
36447,48461,1,48233,1,0,0,0,0,0,0,0,0,0,0,-1,0,-1,0
36448,48462,1,48233,1,0,0,0,0,0,0,0,0,0,0,-1,0,-1,0
36449,48463,1,48233,1,0,0,0,0,0,0,0,0,0,0,-1,0,-1,0
36450,48464,1,48233,1,0,0,0,0,0,0,0,0,0,0,-1,0,-1,0
36451,48465,1,48233,1,0,0,0,0,0,0,0,0,0,0,-1,0,-1,0
36452,48466,1,48233,1,0,0,0,0,0,0,0,0,0,0,-1,0,-1,0
36453,48467,1,48233,1,0,0,0,0,0,0,0,0,0,0,-1,0,-1,0
36454,48468,1,48233,1,0,0,0,0,0,0,0,0,0,0,-1,0,-1,0
36455,48469,1,48233,1,0,0,0,0,0,0,0,0,0,0,-1,0,-1,0
36456,48470,1,48233,1,0,0,0,0,0,0,0,0,0,0,-1,0,-1,0
36457,48265,1,48233,1,0,0,0,0,0,0,0,0,0,0,-1,0,-1,0
36458,48471,1,48265,1,0,0,0,0,0,0,0,0,0,0,-1,0,-1,0
36459,48265,1,48233,1,0,0,0,0,0,0,0,0,0,0,-1,0,-1,0
36460,48472,1,48265,1,0,0,0,0,0,0,0,0,0,0,-1,0,-1,0
36461,48473,1,48233,1,0,0,0,0,0,0,0,0,0,0,-1,0,-1,0
36462,48474,1,48233,1,0,0,0,0,0,0,0,0,0,0,-1,0,-1,0
36463,48475,1,48233,1,0,0,0,0,0,0,0,0,0,0,-1,0,-1,0
36464,48476,1,48233,1,0,0,0,0,0,0,0,0,0,0,-1,0,-1,0
36465,48477,1,48233,1,0,0,0,0,0,0,0,0,0,0,-1,0,-1,0
36466,48478,1,48233,1,0,0,0,0,0,0,0,0,0,0,-1,0,-1,0
36467,48479,1,48233,1,0,0,0,0,0,0,0,0,0,0,-1,0,-1,0
36468,48480,1,48233,1,0,0,0,0,0,0,0,0,0,0,-1,0,-1,0
36469,48481,1,48233,1,0,0,0,0,0,0,0,0,0,0,-1,0,-1,0
36470,48261,1,48233,1,0,0,0,0,0,0,0,0,0,0,-1,0,-1,0
36471,48483,1,48233,1,0,0,0,0,0,0,0,0,0,0,-1,0,-1,0
36472,48484,1,48483,1,0,0,0,0,0,0,0,0,0,0,-1,0,-1,0
36473,0,0,0,0,0,0,0,0,0,0,0,0,0,0,0,0,0,0
36474,48485,1,48233,1,0,0,0,0,0,0,0,0,0,0,-1,0,-1,0
36475,48486,1,48485,1,0,0,0,0,0,0,0,0,0,0,-1,0,-1,0
36476,0,0,0,0,0,0,0,0,0,0,0,0,0,0,0,0,0,0
36477,48236,1,48233,1,0,0,0,0,0,0,0,0,0,0,-1,0,-1,0
36478,0,0,0,0,0,0,0,0,0,0,0,0,0,0,0,0,0,0
36479,48482,1,48236,1,0,0,0,0,0,0,0,0,0,0,-1,0,-1,0
36480,48260,1,48233,1,0,0,0,0,0,0,0,0,0,0,-1,0,-1,0
36481,48487,1,48233,1,0,0,0,0,0,0,0,0,0,0,-1,0,-1,0
36482,48488,1,48233,1,0,0,0,0,0,0,0,0,0,0,-1,0,-1,0
36483,48489,1,48233,1,0,0,0,0,0,0,0,0,0,0,-1,0,-1,0
36484,48490,1,48233,1,0,0,0,0,0,0,0,0,0,0,-1,0,-1,0
36485,48491,1,48233,1,0,0,0,0,0,0,0,0,0,0,-1,0,-1,0
36486,48260,1,48233,1,0,0,0,0,0,0,0,0,0,0,-1,0,-1,0
36487,48492,1,48233,1,0,0,0,0,0,0,0,0,0,0,-1,0,-1,0
36488,48493,1,48233,1,0,0,0,0,0,0,0,0,0,0,-1,0,-1,0
36489,48498,1,48233,1,0,0,0,0,0,0,0,0,0,0,-1,0,-1,0
36490,48494,1,48498,2,0,0,0,0,0,0,0,0,0,0,-1,0,-1,0
36491,48499,1,48233,1,0,0,0,0,0,0,0,0,0,0,-1,0,-1,0
36492,48495,1,48499,1,0,0,0,0,0,0,0,0,0,0,-1,0,-1,0
36493,48500,1,48233,1,0,0,0,0,0,0,0,0,0,0,-1,0,-1,0
36494,48496,1,48500,3,0,0,0,0,0,0,0,0,0,0,-1,0,-1,0
36495,48501,1,48233,1,0,0,0,0,0,0,0,0,0,0,-1,0,-1,0
36496,48497,1,48501,2,0,0,0,0,0,0,0,0,0,0,-1,0,-1,0
36497,48502,1,48233,1,0,0,0,0,0,0,0,0,0,0,-1,0,-1,0
36498,48260,1,48233,1,0,0,0,0,0,0,0,0,0,0,-1,0,-1,0
36499,48503,1,48233,1,0,0,0,0,0,0,0,0,0,0,-1,0,-1,0
36500,48504,1,48233,1,0,0,0,0,0,0,0,0,0,0,-1,0,-1,0
36501,48505,1,48233,1,0,0,0,0,0,0,0,0,0,0,-1,0,-1,0
36502,48506,1,48233,1,0,0,0,0,0,0,0,0,0,0,-1,0,-1,0
36503,48266,1,48233,1,0,0,0,0,0,0,0,0,0,0,-1,0,-1,0
36504,48507,1,48266,2,0,0,0,0,0,0,0,0,0,0,-1,0,-1,0
36505,48266,1,48233,1,0,0,0,0,0,0,0,0,0,0,-1,0,-1,0
36506,48508,1,48266,2,0,0,0,0,0,0,0,0,0,0,-1,0,-1,0
36507,48260,1,48233,1,0,0,0,0,0,0,0,0,0,0,-1,0,-1,0
36508,48509,1,48233,1,0,0,0,0,0,0,0,0,0,0,-1,0,-1,0
36509,48510,1,48233,1,0,0,0,0,0,0,0,0,0,0,-1,0,-1,0
36510,48511,1,48233,1,0,0,0,0,0,0,0,0,0,0,-1,0,-1,0
36511,48512,1,48233,1,0,0,0,0,0,0,0,0,0,0,-1,0,-1,0
36512,48513,1,48233,1,0,0,0,0,0,0,0,0,0,0,-1,0,-1,0
36513,48514,1,48233,1,0,0,0,0,0,0,0,0,0,0,-1,0,-1,0
36514,48515,1,48233,1,0,0,0,0,0,0,0,0,0,0,-1,0,-1,0
36515,48516,1,48233,1,0,0,0,0,0,0,0,0,0,0,-1,0,-1,0
36516,48517,1,48233,1,0,0,0,0,0,0,0,0,0,0,-1,0,-1,0
36517,48518,1,48233,1,0,0,0,0,0,0,0,0,0,0,-1,0,-1,0
36518,48519,1,48233,1,0,0,0,0,0,0,0,0,0,0,-1,0,-1,0
36519,48520,1,48233,1,0,0,0,0,0,0,0,0,0,0,-1,0,-1,0
36520,48267,1,48233,1,0,0,0,0,0,0,0,0,0,0,-1,0,-1,0
36521,48521,1,48267,1,0,0,0,0,0,0,0,0,0,0,-1,0,-1,0
36522,48267,1,48233,1,0,0,0,0,0,0,0,0,0,0,-1,0,-1,0
36523,48522,1,48267,1,0,0,0,0,0,0,0,0,0,0,-1,0,-1,0
36524,48523,1,48233,1,0,0,0,0,0,0,0,0,0,0,-1,0,-1,0
36525,48524,1,48233,1,0,0,0,0,0,0,0,0,0,0,-1,0,-1,0
36526,48525,1,48233,1,0,0,0,0,0,0,0,0,0,0,-1,0,-1,0
36527,48526,1,48233,1,0,0,0,0,0,0,0,0,0,0,-1,0,-1,0
36528,48527,1,48233,1,0,0,0,0,0,0,0,0,0,0,-1,0,-1,0
36529,48528,1,48233,1,0,0,0,0,0,0,0,0,0,0,-1,0,-1,0
36530,48529,1,48233,1,0,0,0,0,0,0,0,0,0,0,-1,0,-1,0
36531,48530,1,48233,1,0,0,0,0,0,0,0,0,0,0,-1,0,-1,0
36532,48531,1,48233,1,0,0,0,0,0,0,0,0,0,0,-1,0,-1,0
36533,48261,1,48233,1,0,0,0,0,0,0,0,0,0,0,-1,0,-1,0
36534,48533,1,48233,1,0,0,0,0,0,0,0,0,0,0,-1,0,-1,0
36535,48534,1,48533,1,0,0,0,0,0,0,0,0,0,0,-1,0,-1,0
36536,0,0,0,0,0,0,0,0,0,0,0,0,0,0,0,0,0,0
36537,48535,1,48233,1,0,0,0,0,0,0,0,0,0,0,-1,0,-1,0
36538,48536,1,48535,1,0,0,0,0,0,0,0,0,0,0,-1,0,-1,0
36539,0,0,0,0,0,0,0,0,0,0,0,0,0,0,0,0,0,0
36540,48236,1,48233,1,0,0,0,0,0,0,0,0,0,0,-1,0,-1,0
36541,0,0,0,0,0,0,0,0,0,0,0,0,0,0,0,0,0,0
36542,48532,1,48236,1,0,0,0,0,0,0,0,0,0,0,-1,0,-1,0
36543,48268,1,48233,1,0,0,0,0,0,0,0,0,0,0,-1,0,-1,0
36544,48269,1,48233,1,0,0,0,0,0,0,0,0,0,0,-1,0,-1,0
36545,48537,1,48233,1,0,0,0,0,0,0,0,0,0,0,-1,0,-1,0
36546,48538,1,48233,1,0,0,0,0,0,0,0,0,0,0,-1,0,-1,0
36547,48539,1,48233,1,0,0,0,0,0,0,0,0,0,0,-1,0,-1,0
36548,48270,1,48233,1,0,0,0,0,0,0,0,0,0,0,-1,0,-1,0
36549,48268,1,48233,1,0,0,0,0,0,0,0,0,0,0,-1,0,-1,0
36550,48540,1,48233,1,0,0,0,0,0,0,0,0,0,0,-1,0,-1,0
36551,48541,1,48233,1,0,0,0,0,0,0,0,0,0,0,-1,0,-1,0
36552,48546,1,48233,1,0,0,0,0,0,0,0,0,0,0,-1,0,-1,0
36553,48542,1,48546,2,0,0,0,0,0,0,0,0,0,0,-1,0,-1,0
36554,48547,1,48233,1,0,0,0,0,0,0,0,0,0,0,-1,0,-1,0
36555,48543,1,48547,1,0,0,0,0,0,0,0,0,0,0,-1,0,-1,0
36556,48548,1,48233,1,0,0,0,0,0,0,0,0,0,0,-1,0,-1,0
36557,48544,1,48548,3,0,0,0,0,0,0,0,0,0,0,-1,0,-1,0
36558,48549,1,48233,1,0,0,0,0,0,0,0,0,0,0,-1,0,-1,0
36559,48545,1,48549,2,0,0,0,0,0,0,0,0,0,0,-1,0,-1,0
36560,48550,1,48233,1,0,0,0,0,0,0,0,0,0,0,-1,0,-1,0
36561,48268,1,48233,1,0,0,0,0,0,0,0,0,0,0,-1,0,-1,0
36562,48551,1,48233,1,0,0,0,0,0,0,0,0,0,0,-1,0,-1,0
36563,48552,1,48233,1,0,0,0,0,0,0,0,0,0,0,-1,0,-1,0
36564,48553,1,48233,1,0,0,0,0,0,0,0,0,0,0,-1,0,-1,0
36565,48554,1,48233,1,0,0,0,0,0,0,0,0,0,0,-1,0,-1,0
36566,48557,1,48233,1,0,0,0,0,0,0,0,0,0,0,-1,0,-1,0
36567,48555,1,48557,2,0,0,0,0,0,0,0,0,0,0,-1,0,-1,0
36568,48558,1,48233,1,0,0,0,0,0,0,0,0,0,0,-1,0,-1,0
36569,48556,1,48558,2,0,0,0,0,0,0,0,0,0,0,-1,0,-1,0
36570,48268,1,48233,1,0,0,0,0,0,0,0,0,0,0,-1,0,-1,0
36571,48559,1,48233,1,0,0,0,0,0,0,0,0,0,0,-1,0,-1,0
36572,48560,1,48233,1,0,0,0,0,0,0,0,0,0,0,-1,0,-1,0
36573,48561,1,48233,1,0,0,0,0,0,0,0,0,0,0,-1,0,-1,0
36574,48562,1,48233,1,0,0,0,0,0,0,0,0,0,0,-1,0,-1,0
36575,48563,1,48233,1,0,0,0,0,0,0,0,0,0,0,-1,0,-1,0
36576,48564,1,48233,1,0,0,0,0,0,0,0,0,0,0,-1,0,-1,0
36577,48565,1,48233,1,0,0,0,0,0,0,0,0,0,0,-1,0,-1,0
36578,48566,1,48233,1,0,0,0,0,0,0,0,0,0,0,-1,0,-1,0
36579,48567,1,48233,1,0,0,0,0,0,0,0,0,0,0,-1,0,-1,0
36580,48568,1,48233,1,0,0,0,0,0,0,0,0,0,0,-1,0,-1,0
36581,48569,1,48233,1,0,0,0,0,0,0,0,0,0,0,-1,0,-1,0
36582,48570,1,48233,1,0,0,0,0,0,0,0,0,0,0,-1,0,-1,0
36583,48274,1,48233,1,0,0,0,0,0,0,0,0,0,0,-1,0,-1,0
36584,48571,1,48274,1,0,0,0,0,0,0,0,0,0,0,-1,0,-1,0
36585,48274,1,48233,1,0,0,0,0,0,0,0,0,0,0,-1,0,-1,0
36586,48572,1,48274,1,0,0,0,0,0,0,0,0,0,0,-1,0,-1,0
36587,48573,1,48233,1,0,0,0,0,0,0,0,0,0,0,-1,0,-1,0
36588,48574,1,48233,1,0,0,0,0,0,0,0,0,0,0,-1,0,-1,0
36589,48575,1,48233,1,0,0,0,0,0,0,0,0,0,0,-1,0,-1,0
36590,48576,1,48233,1,0,0,0,0,0,0,0,0,0,0,-1,0,-1,0
36591,48577,1,48233,1,0,0,0,0,0,0,0,0,0,0,-1,0,-1,0
36592,48271,1,48233,1,0,0,0,0,0,0,0,0,0,0,-1,0,-1,0
36593,48272,1,48233,1,0,0,0,0,0,0,0,0,0,0,-1,0,-1,0
36594,48578,1,48233,1,0,0,0,0,0,0,0,0,0,0,-1,0,-1,0
36595,48579,1,48233,1,0,0,0,0,0,0,0,0,0,0,-1,0,-1,0
36596,48580,1,48233,1,0,0,0,0,0,0,0,0,0,0,-1,0,-1,0
36597,48582,1,48233,1,0,0,0,0,0,0,0,0,0,0,-1,0,-1,0
36598,48583,1,48582,1,0,0,0,0,0,0,0,0,0,0,-1,0,-1,0
36599,0,0,0,0,0,0,0,0,0,0,0,0,0,0,0,0,0,0
36600,48584,1,48233,1,0,0,0,0,0,0,0,0,0,0,-1,0,-1,0
36601,48585,1,48584,1,0,0,0,0,0,0,0,0,0,0,-1,0,-1,0
36602,0,0,0,0,0,0,0,0,0,0,0,0,0,0,0,0,0,0
36603,48236,1,48233,1,0,0,0,0,0,0,0,0,0,0,-1,0,-1,0
36604,0,0,0,0,0,0,0,0,0,0,0,0,0,0,0,0,0,0
36605,48581,1,48236,1,0,0,0,0,0,0,0,0,0,0,-1,0,-1,0
36606,48273,1,48233,1,0,0,0,0,0,0,0,0,0,0,-1,0,-1,0
36607,48269,1,48233,1,0,0,0,0,0,0,0,0,0,0,-1,0,-1,0
36608,48586,1,48233,1,0,0,0,0,0,0,0,0,0,0,-1,0,-1,0
36609,48587,1,48233,1,0,0,0,0,0,0,0,0,0,0,-1,0,-1,0
36610,48588,1,48233,1,0,0,0,0,0,0,0,0,0,0,-1,0,-1,0
36611,48270,1,48233,1,0,0,0,0,0,0,0,0,0,0,-1,0,-1,0
36612,48273,1,48233,1,0,0,0,0,0,0,0,0,0,0,-1,0,-1,0
36613,48589,1,48233,1,0,0,0,0,0,0,0,0,0,0,-1,0,-1,0
36614,48590,1,48233,1,0,0,0,0,0,0,0,0,0,0,-1,0,-1,0
36615,48595,1,48233,1,0,0,0,0,0,0,0,0,0,0,-1,0,-1,0
36616,48591,1,48595,2,0,0,0,0,0,0,0,0,0,0,-1,0,-1,0
36617,48596,1,48233,1,0,0,0,0,0,0,0,0,0,0,-1,0,-1,0
36618,48592,1,48596,1,0,0,0,0,0,0,0,0,0,0,-1,0,-1,0
36619,48597,1,48233,1,0,0,0,0,0,0,0,0,0,0,-1,0,-1,0
36620,48593,1,48597,3,0,0,0,0,0,0,0,0,0,0,-1,0,-1,0
36621,48598,1,48233,1,0,0,0,0,0,0,0,0,0,0,-1,0,-1,0
36622,48594,1,48598,2,0,0,0,0,0,0,0,0,0,0,-1,0,-1,0
36623,48599,1,48233,1,0,0,0,0,0,0,0,0,0,0,-1,0,-1,0
36624,48273,1,48233,1,0,0,0,0,0,0,0,0,0,0,-1,0,-1,0
36625,48600,1,48233,1,0,0,0,0,0,0,0,0,0,0,-1,0,-1,0
36626,48601,1,48233,1,0,0,0,0,0,0,0,0,0,0,-1,0,-1,0
36627,48602,1,48233,1,0,0,0,0,0,0,0,0,0,0,-1,0,-1,0
36628,48603,1,48233,1,0,0,0,0,0,0,0,0,0,0,-1,0,-1,0
36629,48606,1,48233,1,0,0,0,0,0,0,0,0,0,0,-1,0,-1,0
36630,48604,1,48606,2,0,0,0,0,0,0,0,0,0,0,-1,0,-1,0
36631,48607,1,48233,1,0,0,0,0,0,0,0,0,0,0,-1,0,-1,0
36632,48605,1,48607,2,0,0,0,0,0,0,0,0,0,0,-1,0,-1,0
36633,48273,1,48233,1,0,0,0,0,0,0,0,0,0,0,-1,0,-1,0
36634,48608,1,48233,1,0,0,0,0,0,0,0,0,0,0,-1,0,-1,0
36635,48609,1,48233,1,0,0,0,0,0,0,0,0,0,0,-1,0,-1,0
36636,48610,1,48233,1,0,0,0,0,0,0,0,0,0,0,-1,0,-1,0
36637,48611,1,48233,1,0,0,0,0,0,0,0,0,0,0,-1,0,-1,0
36638,48612,1,48233,1,0,0,0,0,0,0,0,0,0,0,-1,0,-1,0
36639,48613,1,48233,1,0,0,0,0,0,0,0,0,0,0,-1,0,-1,0
36640,48614,1,48233,1,0,0,0,0,0,0,0,0,0,0,-1,0,-1,0
36641,48615,1,48233,1,0,0,0,0,0,0,0,0,0,0,-1,0,-1,0
36642,48616,1,48233,1,0,0,0,0,0,0,0,0,0,0,-1,0,-1,0
36643,48617,1,48233,1,0,0,0,0,0,0,0,0,0,0,-1,0,-1,0
36644,48618,1,48233,1,0,0,0,0,0,0,0,0,0,0,-1,0,-1,0
36645,48619,1,48233,1,0,0,0,0,0,0,0,0,0,0,-1,0,-1,0
36646,48275,1,48233,1,0,0,0,0,0,0,0,0,0,0,-1,0,-1,0
36647,48620,1,48275,1,0,0,0,0,0,0,0,0,0,0,-1,0,-1,0
36648,48275,1,48233,1,0,0,0,0,0,0,0,0,0,0,-1,0,-1,0
36649,48621,1,48275,1,0,0,0,0,0,0,0,0,0,0,-1,0,-1,0
36650,48622,1,48233,1,0,0,0,0,0,0,0,0,0,0,-1,0,-1,0
36651,48623,1,48233,1,0,0,0,0,0,0,0,0,0,0,-1,0,-1,0
36652,48624,1,48233,1,0,0,0,0,0,0,0,0,0,0,-1,0,-1,0
36653,48625,1,48233,1,0,0,0,0,0,0,0,0,0,0,-1,0,-1,0
36654,48626,1,48233,1,0,0,0,0,0,0,0,0,0,0,-1,0,-1,0
36655,48271,1,48233,1,0,0,0,0,0,0,0,0,0,0,-1,0,-1,0
36656,48272,1,48233,1,0,0,0,0,0,0,0,0,0,0,-1,0,-1,0
36657,48627,1,48233,1,0,0,0,0,0,0,0,0,0,0,-1,0,-1,0
36658,48628,1,48233,1,0,0,0,0,0,0,0,0,0,0,-1,0,-1,0
36659,48629,1,48233,1,0,0,0,0,0,0,0,0,0,0,-1,0,-1,0
36660,48631,1,48233,1,0,0,0,0,0,0,0,0,0,0,-1,0,-1,0
36661,48632,1,48631,1,0,0,0,0,0,0,0,0,0,0,-1,0,-1,0
36662,0,0,0,0,0,0,0,0,0,0,0,0,0,0,0,0,0,0
36663,48633,1,48233,1,0,0,0,0,0,0,0,0,0,0,-1,0,-1,0
36664,48634,1,48633,1,0,0,0,0,0,0,0,0,0,0,-1,0,-1,0
36665,0,0,0,0,0,0,0,0,0,0,0,0,0,0,0,0,0,0
36666,48236,1,48233,1,0,0,0,0,0,0,0,0,0,0,-1,0,-1,0
36667,0,0,0,0,0,0,0,0,0,0,0,0,0,0,0,0,0,0
36668,48630,1,48236,1,0,0,0,0,0,0,0,0,0,0,-1,0,-1,0
36669,46858,1,48648,9,48233,1,0,0,0,0,0,0,0,0,-1,0,-1,0
36670,46859,1,48691,9,48233,1,0,0,0,0,0,0,0,0,-1,0,-1,0
36671,46972,1,48635,9,48233,1,0,0,0,0,0,0,0,0,-1,0,-1,0
36672,46973,1,45917,7,48233,1,0,0,0,0,0,0,0,0,-1,0,-1,0
36673,47096,1,48641,9,48233,1,0,0,0,0,0,0,0,0,-1,0,-1,0
36674,47097,1,48697,9,48233,1,0,0,0,0,0,0,0,0,-1,0,-1,0
36675,47220,1,48655,9,48233,1,0,0,0,0,0,0,0,0,-1,0,-1,0
36676,47221,1,45928,7,48233,1,0,0,0,0,0,0,0,0,-1,0,-1,0
36677,47344,1,48653,9,48233,1,0,0,0,0,0,0,0,0,-1,0,-1,0
36678,47345,1,48675,9,48233,1,0,0,0,0,0,0,0,0,-1,0,-1,0
36679,47468,1,48725,9,48233,1,0,0,0,0,0,0,0,0,-1,0,-1,0
36680,47469,1,48706,9,48233,1,0,0,0,0,0,0,0,0,-1,0,-1,0
36681,47592,1,48683,9,48233,1,0,0,0,0,0,0,0,0,-1,0,-1,0
36682,47593,1,45922,1,48233,1,0,0,0,0,0,0,0,0,-1,0,-1,0
36683,47716,1,48684,9,48233,1,0,0,0,0,0,0,0,0,-1,0,-1,0
36684,47717,1,45934,1,48233,1,0,0,0,0,0,0,0,0,-1,0,-1,0
36685,46849,1,48233,1,0,0,0,0,0,0,0,0,0,0,-1,0,-1,0
36686,46851,1,48233,1,0,0,0,0,0,0,0,0,0,0,-1,0,-1,0
36687,46853,1,48233,1,0,0,0,0,0,0,0,0,0,0,-1,0,-1,0
36688,0,0,0,0,0,0,0,0,0,0,0,0,0,0,0,0,0,0
36689,0,0,0,0,0,0,0,0,0,0,0,0,0,0,0,0,0,0
36690,46975,1,48233,1,0,0,0,0,0,0,0,0,0,0,-1,0,-1,0
36691,46977,1,48233,1,0,0,0,0,0,0,0,0,0,0,-1,0,-1,0
36692,0,0,0,0,0,0,0,0,0,0,0,0,0,0,0,0,0,0
36693,0,0,0,0,0,0,0,0,0,0,0,0,0,0,0,0,0,0
36694,46983,1,48233,1,0,0,0,0,0,0,0,0,0,0,-1,0,-1,0
36695,47099,1,48233,1,0,0,0,0,0,0,0,0,0,0,-1,0,-1,0
36696,0,0,0,0,0,0,0,0,0,0,0,0,0,0,0,0,0,0
36697,47103,1,48233,1,0,0,0,0,0,0,0,0,0,0,-1,0,-1,0
36698,0,0,0,0,0,0,0,0,0,0,0,0,0,0,0,0,0,0
36699,47107,1,48233,1,0,0,0,0,0,0,0,0,0,0,-1,0,-1,0
36700,47223,1,48233,1,0,0,0,0,0,0,0,0,0,0,-1,0,-1,0
36701,47225,1,48233,1,0,0,0,0,0,0,0,0,0,0,-1,0,-1,0
36702,0,0,0,0,0,0,0,0,0,0,0,0,0,0,0,0,0,0
36703,47229,1,48233,1,0,0,0,0,0,0,0,0,0,0,-1,0,-1,0
36704,0,0,0,0,0,0,0,0,0,0,0,0,0,0,0,0,0,0
36705,47347,1,48233,1,0,0,0,0,0,0,0,0,0,0,-1,0,-1,0
36706,0,0,0,0,0,0,0,0,0,0,0,0,0,0,0,0,0,0
36707,47351,1,48233,1,0,0,0,0,0,0,0,0,0,0,-1,0,-1,0
36708,47353,1,48233,1,0,0,0,0,0,0,0,0,0,0,-1,0,-1,0
36709,0,0,0,0,0,0,0,0,0,0,0,0,0,0,0,0,0,0
36710,47471,1,48233,1,0,0,0,0,0,0,0,0,0,0,-1,0,-1,0
36711,47473,1,48233,1,0,0,0,0,0,0,0,0,0,0,-1,0,-1,0
36712,47475,1,48233,1,0,0,0,0,0,0,0,0,0,0,-1,0,-1,0
36713,0,0,0,0,0,0,0,0,0,0,0,0,0,0,0,0,0,0
36714,0,0,0,0,0,0,0,0,0,0,0,0,0,0,0,0,0,0
36715,47595,1,48233,1,0,0,0,0,0,0,0,0,0,0,-1,0,-1,0
36716,0,0,0,0,0,0,0,0,0,0,0,0,0,0,0,0,0,0
36717,0,0,0,0,0,0,0,0,0,0,0,0,0,0,0,0,0,0
36718,47601,1,48233,1,0,0,0,0,0,0,0,0,0,0,-1,0,-1,0
36719,47603,1,48233,1,0,0,0,0,0,0,0,0,0,0,-1,0,-1,0
36720,47719,1,48233,1,0,0,0,0,0,0,0,0,0,0,-1,0,-1,0
36721,47721,1,48233,1,0,0,0,0,0,0,0,0,0,0,-1,0,-1,0
36722,47723,1,48233,1,0,0,0,0,0,0,0,0,0,0,-1,0,-1,0
36723,0,0,0,0,0,0,0,0,0,0,0,0,0,0,0,0,0,0
36724,0,0,0,0,0,0,0,0,0,0,0,0,0,0,0,0,0,0
36725,47915,1,48228,1,44150,3,0,0,0,0,0,0,0,0,18,3,16,3
36726,47916,1,48228,1,44151,2,44150,1,0,0,0,0,0,0,17,3,16,3
36727,47917,1,48228,1,44150,3,0,0,0,0,0,0,0,0,18,3,16,3
36728,47918,1,48228,1,44151,2,44150,1,0,0,0,0,0,0,17,3,16,3
36729,47920,1,48229,1,44150,2,44151,1,0,0,0,0,0,0,18,3,16,3
36730,47921,1,48229,1,44151,3,0,0,0,0,0,0,0,0,17,3,16,3
36731,47922,1,48229,1,44150,2,44151,1,0,0,0,0,0,0,18,3,16,3
36732,47923,1,48229,1,44151,3,0,0,0,0,0,0,0,0,17,3,16,3
36733,47919,1,48229,1,44150,2,44151,1,0,0,0,0,0,0,18,3,16,3
36734,47928,1,48229,1,44150,2,44151,1,0,0,0,0,0,0,18,3,16,3
36735,48174,1,36173,3,36187,2,36186,1,35792,1,31320,8,0,0,14,3,17,3
36736,48175,1,36173,4,36187,1,36172,1,35792,1,31320,8,0,0,14,3,17,3
36737,48176,1,36173,3,36187,2,36172,1,35792,1,31320,8,0,0,14,3,17,3
36738,48177,1,36173,4,36213,1,36172,1,35792,1,31320,8,0,0,14,3,17,3
36739,48178,1,36173,3,36187,2,36186,1,35792,1,31320,8,0,0,14,3,17,3
36740,48179,1,36173,4,36187,1,36189,1,35792,1,31320,8,0,0,14,3,17,3
36741,48180,1,36173,3,36187,2,36189,1,35792,1,31320,8,0,0,14,3,17,3
36742,48181,1,36187,4,36173,1,36186,1,35792,1,31320,8,0,0,16,3,14,3
36743,48182,1,36187,3,36173,2,36186,1,35792,1,31320,8,0,0,16,3,14,3
36744,48183,1,36238,1,36187,3,36201,2,35792,1,31320,8,0,0,19,3,18,3
36745,48184,1,36238,1,36187,2,36201,3,35792,1,31320,8,0,0,19,3,18,3
36746,48185,1,36187,3,36173,2,36186,1,35792,1,31320,8,0,0,16,3,14,3
36747,48186,1,36173,4,36187,1,36189,1,35792,1,31320,8,0,0,14,3,17,3
36748,48187,1,36187,4,36173,1,36186,1,35792,1,31320,8,0,0,16,3,14,3
36749,48188,1,36173,3,36187,2,36172,1,35792,1,31320,8,0,0,14,3,17,3
36750,48189,1,36173,4,36187,1,36189,1,35792,1,31320,8,0,0,14,3,17,3
36751,48190,1,36187,4,36173,1,36186,1,35792,1,31320,8,0,0,16,3,14,3
36752,48191,1,36173,4,36187,1,36189,1,35792,1,31320,8,0,0,14,3,17,3
36753,48193,1,36173,3,36187,2,36186,1,35792,1,31320,8,0,0,14,3,17,3
36754,48193,1,36173,3,36187,2,36186,1,35792,1,31320,8,0,0,15,3,17,3
36755,48132,1,48145,1,44001,3,44012,2,44000,1,0,0,0,0,15,3,17,3
36756,47981,1,48145,1,44147,2,44148,1,44001,2,0,0,0,0,15,3,17,3
36757,48203,1,14183,1,44050,1,48226,1,0,0,0,0,0,0,19,3,18,3
36758,46856,1,45968,4,45972,4,45971,4,46246,2,0,0,0,0,16,3,15,3
36759,46855,1,45969,8,45970,4,46246,2,0,0,0,0,0,0,14,3,17,3
36760,46855,1,45969,8,45970,4,46246,2,0,0,0,0,0,0,15,3,17,3
36761,46855,1,45969,8,45970,4,46246,2,0,0,0,0,0,0,16,3,14,3
36762,46856,1,45968,4,45972,4,45971,4,46246,2,0,0,0,0,17,3,16,3
36763,46856,1,45968,4,45972,4,45971,4,46246,2,0,0,0,0,18,3,16,3
36764,46857,1,45973,4,45971,4,46246,2,0,0,0,0,0,0,19,3,18,3
36765,46857,1,45973,4,45971,4,46246,2,0,0,0,0,0,0,14,3,19,3
36766,46198,1,46197,1,0,0,0,0,0,0,0,0,0,0,10,8,9,8
36767,46200,1,46199,1,0,0,0,0,0,0,0,0,0,0,10,8,9,8
36768,46202,1,46201,1,0,0,0,0,0,0,0,0,0,0,10,8,9,8
36769,46204,1,46203,1,0,0,0,0,0,0,0,0,0,0,10,8,9,8
36770,46206,1,46205,1,0,0,0,0,0,0,0,0,0,0,10,8,9,8
36771,46208,1,46207,1,0,0,0,0,0,0,0,0,0,0,10,8,9,8
36772,46210,1,46209,1,0,0,0,0,0,0,0,0,0,0,10,8,9,8
36773,46212,1,46211,1,0,0,0,0,0,0,0,0,0,0,10,8,9,8
36774,46214,1,46213,1,0,0,0,0,0,0,0,0,0,0,10,8,9,8
36775,46216,1,46215,1,0,0,0,0,0,0,0,0,0,0,10,8,9,8
36776,46218,1,46217,1,0,0,0,0,0,0,0,0,0,0,10,8,9,8
36777,46220,1,46219,1,0,0,0,0,0,0,0,0,0,0,10,8,9,8
36778,46222,1,46221,1,0,0,0,0,0,0,0,0,0,0,10,8,9,8
36779,46224,1,46223,1,0,0,0,0,0,0,0,0,0,0,10,8,9,8
36780,46226,1,46225,1,0,0,0,0,0,0,0,0,0,0,10,8,9,8
36781,46228,1,46227,1,0,0,0,0,0,0,0,0,0,0,10,8,9,8
36782,46230,1,46229,1,0,0,0,0,0,0,0,0,0,0,10,8,9,8
36783,46232,1,46231,1,0,0,0,0,0,0,0,0,0,0,10,8,9,8
36784,46234,1,46233,1,0,0,0,0,0,0,0,0,0,0,10,8,9,8
36785,46236,1,46235,1,0,0,0,0,0,0,0,0,0,0,10,8,9,8
36786,46238,1,46237,1,0,0,0,0,0,0,0,0,0,0,10,8,9,8
36787,46240,1,46239,1,0,0,0,0,0,0,0,0,0,0,10,8,9,8
36788,46242,1,46241,1,0,0,0,0,0,0,0,0,0,0,10,8,9,8
36789,46198,1,46197,1,0,0,0,0,0,0,0,0,0,0,8,8,11,8
36790,46200,1,46199,1,0,0,0,0,0,0,0,0,0,0,8,8,11,8
36791,46202,1,46201,1,0,0,0,0,0,0,0,0,0,0,8,8,11,8
36792,46204,1,46203,1,0,0,0,0,0,0,0,0,0,0,8,8,11,8
36793,46206,1,46205,1,0,0,0,0,0,0,0,0,0,0,8,8,11,8
36794,46208,1,46207,1,0,0,0,0,0,0,0,0,0,0,8,8,11,8
36795,46210,1,46209,1,0,0,0,0,0,0,0,0,0,0,8,8,11,8
36796,46212,1,46211,1,0,0,0,0,0,0,0,0,0,0,8,8,11,8
36797,46214,1,46213,1,0,0,0,0,0,0,0,0,0,0,8,8,11,8
36798,46216,1,46215,1,0,0,0,0,0,0,0,0,0,0,8,8,11,8
36799,46218,1,46217,1,0,0,0,0,0,0,0,0,0,0,8,8,11,8
36800,46220,1,46219,1,0,0,0,0,0,0,0,0,0,0,8,8,11,8
36801,46222,1,46221,1,0,0,0,0,0,0,0,0,0,0,8,8,11,8
36802,46224,1,46223,1,0,0,0,0,0,0,0,0,0,0,8,8,11,8
36803,46226,1,46225,1,0,0,0,0,0,0,0,0,0,0,8,8,11,8
36804,46228,1,46227,1,0,0,0,0,0,0,0,0,0,0,8,8,11,8
36805,46230,1,46229,1,0,0,0,0,0,0,0,0,0,0,8,8,11,8
36806,46232,1,46231,1,0,0,0,0,0,0,0,0,0,0,8,8,11,8
36807,46234,1,46233,1,0,0,0,0,0,0,0,0,0,0,8,8,11,8
36808,46236,1,46235,1,0,0,0,0,0,0,0,0,0,0,8,8,11,8
36809,46238,1,46237,1,0,0,0,0,0,0,0,0,0,0,8,8,11,8
36810,46240,1,46239,1,0,0,0,0,0,0,0,0,0,0,8,8,11,8
36811,46242,1,46241,1,0,0,0,0,0,0,0,0,0,0,8,8,11,8
36812,46198,1,46197,1,0,0,0,0,0,0,0,0,0,0,9,8,11,8
36813,46200,1,46199,1,0,0,0,0,0,0,0,0,0,0,9,8,11,8
36814,46202,1,46201,1,0,0,0,0,0,0,0,0,0,0,9,8,11,8
36815,46204,1,46203,1,0,0,0,0,0,0,0,0,0,0,9,8,11,8
36816,46206,1,46205,1,0,0,0,0,0,0,0,0,0,0,9,8,11,8
36817,46208,1,46207,1,0,0,0,0,0,0,0,0,0,0,9,8,11,8
36818,46210,1,46209,1,0,0,0,0,0,0,0,0,0,0,9,8,11,8
36819,46212,1,46211,1,0,0,0,0,0,0,0,0,0,0,9,8,11,8
36820,46214,1,46213,1,0,0,0,0,0,0,0,0,0,0,9,8,11,8
36821,46216,1,46215,1,0,0,0,0,0,0,0,0,0,0,9,8,11,8
36822,46218,1,46217,1,0,0,0,0,0,0,0,0,0,0,9,8,11,8
36823,46220,1,46219,1,0,0,0,0,0,0,0,0,0,0,9,8,11,8
36824,46222,1,46221,1,0,0,0,0,0,0,0,0,0,0,9,8,11,8
36825,46224,1,46223,1,0,0,0,0,0,0,0,0,0,0,9,8,11,8
36826,46226,1,46225,1,0,0,0,0,0,0,0,0,0,0,9,8,11,8
36827,46228,1,46227,1,0,0,0,0,0,0,0,0,0,0,9,8,11,8
36828,46230,1,46229,1,0,0,0,0,0,0,0,0,0,0,9,8,11,8
36829,46232,1,46231,1,0,0,0,0,0,0,0,0,0,0,9,8,11,8
36830,46234,1,46233,1,0,0,0,0,0,0,0,0,0,0,9,8,11,8
36831,46236,1,46235,1,0,0,0,0,0,0,0,0,0,0,9,8,11,8
36832,46238,1,46237,1,0,0,0,0,0,0,0,0,0,0,9,8,11,8
36833,46240,1,46239,1,0,0,0,0,0,0,0,0,0,0,9,8,11,8
36834,46242,1,46241,1,0,0,0,0,0,0,0,0,0,0,9,8,11,8
36835,46198,1,46197,1,0,0,0,0,0,0,0,0,0,0,10,8,8,8
36836,46200,1,46199,1,0,0,0,0,0,0,0,0,0,0,10,8,8,8
36837,46202,1,46201,1,0,0,0,0,0,0,0,0,0,0,10,8,8,8
36838,46204,1,46203,1,0,0,0,0,0,0,0,0,0,0,10,8,8,8
36839,46206,1,46205,1,0,0,0,0,0,0,0,0,0,0,10,8,8,8
36840,46208,1,46207,1,0,0,0,0,0,0,0,0,0,0,10,8,8,8
36841,46210,1,46209,1,0,0,0,0,0,0,0,0,0,0,10,8,8,8
36842,46212,1,46211,1,0,0,0,0,0,0,0,0,0,0,10,8,8,8
36843,46214,1,46213,1,0,0,0,0,0,0,0,0,0,0,10,8,8,8
36844,46216,1,46215,1,0,0,0,0,0,0,0,0,0,0,10,8,8,8
36845,46218,1,46217,1,0,0,0,0,0,0,0,0,0,0,10,8,8,8
36846,46220,1,46219,1,0,0,0,0,0,0,0,0,0,0,10,8,8,8
36847,46222,1,46221,1,0,0,0,0,0,0,0,0,0,0,10,8,8,8
36848,46224,1,46223,1,0,0,0,0,0,0,0,0,0,0,10,8,8,8
36849,46226,1,46225,1,0,0,0,0,0,0,0,0,0,0,10,8,8,8
36850,46228,1,46227,1,0,0,0,0,0,0,0,0,0,0,10,8,8,8
36851,46230,1,46229,1,0,0,0,0,0,0,0,0,0,0,10,8,8,8
36852,46232,1,46231,1,0,0,0,0,0,0,0,0,0,0,10,8,8,8
36853,46234,1,46233,1,0,0,0,0,0,0,0,0,0,0,10,8,8,8
36854,46236,1,46235,1,0,0,0,0,0,0,0,0,0,0,10,8,8,8
36855,46238,1,46237,1,0,0,0,0,0,0,0,0,0,0,10,8,8,8
36856,46240,1,46239,1,0,0,0,0,0,0,0,0,0,0,10,8,8,8
36857,46242,1,46241,1,0,0,0,0,0,0,0,0,0,0,10,8,8,8
36858,46198,1,46197,1,0,0,0,0,0,0,0,0,0,0,11,8,10,8
36859,46200,1,46199,1,0,0,0,0,0,0,0,0,0,0,11,8,10,8
36860,46202,1,46201,1,0,0,0,0,0,0,0,0,0,0,11,8,10,8
36861,46204,1,46203,1,0,0,0,0,0,0,0,0,0,0,11,8,10,8
36862,46206,1,46205,1,0,0,0,0,0,0,0,0,0,0,11,8,10,8
36863,46208,1,46207,1,0,0,0,0,0,0,0,0,0,0,11,8,10,8
36864,46210,1,46209,1,0,0,0,0,0,0,0,0,0,0,11,8,10,8
36865,46212,1,46211,1,0,0,0,0,0,0,0,0,0,0,11,8,10,8
36866,46214,1,46213,1,0,0,0,0,0,0,0,0,0,0,11,8,10,8
36867,46216,1,46215,1,0,0,0,0,0,0,0,0,0,0,11,8,10,8
36868,46218,1,46217,1,0,0,0,0,0,0,0,0,0,0,11,8,10,8
36869,46220,1,46219,1,0,0,0,0,0,0,0,0,0,0,11,8,10,8
36870,46222,1,46221,1,0,0,0,0,0,0,0,0,0,0,11,8,10,8
36871,46224,1,46223,1,0,0,0,0,0,0,0,0,0,0,11,8,10,8
36872,46226,1,46225,1,0,0,0,0,0,0,0,0,0,0,11,8,10,8
36873,46228,1,46227,1,0,0,0,0,0,0,0,0,0,0,11,8,10,8
36874,46230,1,46229,1,0,0,0,0,0,0,0,0,0,0,11,8,10,8
36875,46232,1,46231,1,0,0,0,0,0,0,0,0,0,0,11,8,10,8
36876,46234,1,46233,1,0,0,0,0,0,0,0,0,0,0,11,8,10,8
36877,46236,1,46235,1,0,0,0,0,0,0,0,0,0,0,11,8,10,8
36878,46238,1,46237,1,0,0,0,0,0,0,0,0,0,0,11,8,10,8
36879,46240,1,46239,1,0,0,0,0,0,0,0,0,0,0,11,8,10,8
36880,46242,1,46241,1,0,0,0,0,0,0,0,0,0,0,11,8,10,8
36881,46198,1,46197,1,0,0,0,0,0,0,0,0,0,0,12,8,10,8
36882,46200,1,46199,1,0,0,0,0,0,0,0,0,0,0,12,8,10,8
36883,46202,1,46201,1,0,0,0,0,0,0,0,0,0,0,12,8,10,8
36884,46204,1,46203,1,0,0,0,0,0,0,0,0,0,0,12,8,10,8
36885,46206,1,46205,1,0,0,0,0,0,0,0,0,0,0,12,8,10,8
36886,46208,1,46207,1,0,0,0,0,0,0,0,0,0,0,12,8,10,8
36887,46210,1,46209,1,0,0,0,0,0,0,0,0,0,0,12,8,10,8
36888,46212,1,46211,1,0,0,0,0,0,0,0,0,0,0,12,8,10,8
36889,46214,1,46213,1,0,0,0,0,0,0,0,0,0,0,12,8,10,8
36890,46216,1,46215,1,0,0,0,0,0,0,0,0,0,0,12,8,10,8
36891,46218,1,46217,1,0,0,0,0,0,0,0,0,0,0,12,8,10,8
36892,46220,1,46219,1,0,0,0,0,0,0,0,0,0,0,12,8,10,8
36893,46222,1,46221,1,0,0,0,0,0,0,0,0,0,0,12,8,10,8
36894,46224,1,46223,1,0,0,0,0,0,0,0,0,0,0,12,8,10,8
36895,46226,1,46225,1,0,0,0,0,0,0,0,0,0,0,12,8,10,8
36896,46228,1,46227,1,0,0,0,0,0,0,0,0,0,0,12,8,10,8
36897,46230,1,46229,1,0,0,0,0,0,0,0,0,0,0,12,8,10,8
36898,46232,1,46231,1,0,0,0,0,0,0,0,0,0,0,12,8,10,8
36899,46234,1,46233,1,0,0,0,0,0,0,0,0,0,0,12,8,10,8
36900,46236,1,46235,1,0,0,0,0,0,0,0,0,0,0,12,8,10,8
36901,46238,1,46237,1,0,0,0,0,0,0,0,0,0,0,12,8,10,8
36902,46240,1,46239,1,0,0,0,0,0,0,0,0,0,0,12,8,10,8
36903,46242,1,46241,1,0,0,0,0,0,0,0,0,0,0,12,8,10,8
36904,46198,1,46197,1,0,0,0,0,0,0,0,0,0,0,13,8,12,8
36905,46200,1,46199,1,0,0,0,0,0,0,0,0,0,0,13,8,12,8
36906,46202,1,46201,1,0,0,0,0,0,0,0,0,0,0,13,8,12,8
36907,46204,1,46203,1,0,0,0,0,0,0,0,0,0,0,13,8,12,8
36908,46206,1,46205,1,0,0,0,0,0,0,0,0,0,0,13,8,12,8
36909,46208,1,46207,1,0,0,0,0,0,0,0,0,0,0,13,8,12,8
36910,46210,1,46209,1,0,0,0,0,0,0,0,0,0,0,13,8,12,8
36911,46212,1,46211,1,0,0,0,0,0,0,0,0,0,0,13,8,12,8
36912,46214,1,46213,1,0,0,0,0,0,0,0,0,0,0,13,8,12,8
36913,46216,1,46215,1,0,0,0,0,0,0,0,0,0,0,13,8,12,8
36914,46218,1,46217,1,0,0,0,0,0,0,0,0,0,0,13,8,12,8
36915,46220,1,46219,1,0,0,0,0,0,0,0,0,0,0,13,8,12,8
36916,46222,1,46221,1,0,0,0,0,0,0,0,0,0,0,13,8,12,8
36917,46224,1,46223,1,0,0,0,0,0,0,0,0,0,0,13,8,12,8
36918,46226,1,46225,1,0,0,0,0,0,0,0,0,0,0,13,8,12,8
36919,46228,1,46227,1,0,0,0,0,0,0,0,0,0,0,13,8,12,8
36920,46230,1,46229,1,0,0,0,0,0,0,0,0,0,0,13,8,12,8
36921,46232,1,46231,1,0,0,0,0,0,0,0,0,0,0,13,8,12,8
36922,46234,1,46233,1,0,0,0,0,0,0,0,0,0,0,13,8,12,8
36923,46236,1,46235,1,0,0,0,0,0,0,0,0,0,0,13,8,12,8
36924,46238,1,46237,1,0,0,0,0,0,0,0,0,0,0,13,8,12,8
36925,46240,1,46239,1,0,0,0,0,0,0,0,0,0,0,13,8,12,8
36926,46242,1,46241,1,0,0,0,0,0,0,0,0,0,0,13,8,12,8
36927,46198,1,46197,1,0,0,0,0,0,0,0,0,0,0,8,8,13,8
36928,46200,1,46199,1,0,0,0,0,0,0,0,0,0,0,8,8,13,8
36929,46202,1,46201,1,0,0,0,0,0,0,0,0,0,0,8,8,13,8
36930,46204,1,46203,1,0,0,0,0,0,0,0,0,0,0,8,8,13,8
36931,46206,1,46205,1,0,0,0,0,0,0,0,0,0,0,8,8,13,8
36932,46208,1,46207,1,0,0,0,0,0,0,0,0,0,0,8,8,13,8
36933,46210,1,46209,1,0,0,0,0,0,0,0,0,0,0,8,8,13,8
36934,46212,1,46211,1,0,0,0,0,0,0,0,0,0,0,8,8,13,8
36935,46214,1,46213,1,0,0,0,0,0,0,0,0,0,0,8,8,13,8
36936,46216,1,46215,1,0,0,0,0,0,0,0,0,0,0,8,8,13,8
36937,46218,1,46217,1,0,0,0,0,0,0,0,0,0,0,8,8,13,8
36938,46220,1,46219,1,0,0,0,0,0,0,0,0,0,0,8,8,13,8
36939,46222,1,46221,1,0,0,0,0,0,0,0,0,0,0,8,8,13,8
36940,46224,1,46223,1,0,0,0,0,0,0,0,0,0,0,8,8,13,8
36941,46226,1,46225,1,0,0,0,0,0,0,0,0,0,0,8,8,13,8
36942,46228,1,46227,1,0,0,0,0,0,0,0,0,0,0,8,8,13,8
36943,46230,1,46229,1,0,0,0,0,0,0,0,0,0,0,8,8,13,8
36944,46232,1,46231,1,0,0,0,0,0,0,0,0,0,0,8,8,13,8
36945,46234,1,46233,1,0,0,0,0,0,0,0,0,0,0,8,8,13,8
36946,46236,1,46235,1,0,0,0,0,0,0,0,0,0,0,8,8,13,8
36947,46238,1,46237,1,0,0,0,0,0,0,0,0,0,0,8,8,13,8
36948,46240,1,46239,1,0,0,0,0,0,0,0,0,0,0,8,8,13,8
36949,46242,1,46241,1,0,0,0,0,0,0,0,0,0,0,8,8,13,8
36950,48797,1,48233,1,0,0,0,0,0,0,0,0,0,0,-1,0,-1,0
36951,48798,1,48233,1,0,0,0,0,0,0,0,0,0,0,-1,0,-1,0
36952,48826,1,48233,1,0,0,0,0,0,0,0,0,0,0,-1,0,-1,0
36953,48827,1,48233,1,0,0,0,0,0,0,0,0,0,0,-1,0,-1,0
36954,48799,1,48233,1,0,0,0,0,0,0,0,0,0,0,-1,0,-1,0
36955,48828,1,48233,1,0,0,0,0,0,0,0,0,0,0,-1,0,-1,0
36956,48797,1,48233,1,0,0,0,0,0,0,0,0,0,0,-1,0,-1,0
36957,48798,1,48233,1,0,0,0,0,0,0,0,0,0,0,-1,0,-1,0
36958,48829,1,48233,1,0,0,0,0,0,0,0,0,0,0,-1,0,-1,0
36959,48833,1,48233,1,0,0,0,0,0,0,0,0,0,0,-1,0,-1,0
36960,48830,1,48833,2,0,0,0,0,0,0,0,0,0,0,-1,0,-1,0
36961,48833,1,48233,1,0,0,0,0,0,0,0,0,0,0,-1,0,-1,0
36962,48801,1,48833,1,0,0,0,0,0,0,0,0,0,0,-1,0,-1,0
36963,48834,1,48233,1,0,0,0,0,0,0,0,0,0,0,-1,0,-1,0
36964,48831,1,48834,1,0,0,0,0,0,0,0,0,0,0,-1,0,-1,0
36965,48834,1,48233,1,0,0,0,0,0,0,0,0,0,0,-1,0,-1,0
36966,48832,1,48834,2,0,0,0,0,0,0,0,0,0,0,-1,0,-1,0
36967,48826,1,48233,1,0,0,0,0,0,0,0,0,0,0,-1,0,-1,0
36968,48797,1,48233,1,0,0,0,0,0,0,0,0,0,0,-1,0,-1,0
36969,48798,1,48233,1,0,0,0,0,0,0,0,0,0,0,-1,0,-1,0
36970,48836,1,48233,1,0,0,0,0,0,0,0,0,0,0,-1,0,-1,0
36971,48799,1,48233,1,0,0,0,0,0,0,0,0,0,0,-1,0,-1,0
36972,48837,1,48233,1,0,0,0,0,0,0,0,0,0,0,-1,0,-1,0
36973,48838,1,48233,1,0,0,0,0,0,0,0,0,0,0,-1,0,-1,0
36974,48835,1,48838,2,0,0,0,0,0,0,0,0,0,0,-1,0,-1,0
36975,48838,1,48233,1,0,0,0,0,0,0,0,0,0,0,-1,0,-1,0
36976,48800,1,48838,2,0,0,0,0,0,0,0,0,0,0,-1,0,-1,0
36977,48797,1,48233,1,0,0,0,0,0,0,0,0,0,0,-1,0,-1,0
36978,48826,1,48233,1,0,0,0,0,0,0,0,0,0,0,-1,0,-1,0
36979,48843,1,48233,1,0,0,0,0,0,0,0,0,0,0,-1,0,-1,0
36980,48844,1,48233,1,0,0,0,0,0,0,0,0,0,0,-1,0,-1,0
36981,48845,1,48233,1,0,0,0,0,0,0,0,0,0,0,-1,0,-1,0
36982,48846,1,48233,1,0,0,0,0,0,0,0,0,0,0,-1,0,-1,0
36983,48847,1,48233,1,0,0,0,0,0,0,0,0,0,0,-1,0,-1,0
36984,48848,1,48233,1,0,0,0,0,0,0,0,0,0,0,-1,0,-1,0
36985,48849,1,48233,1,0,0,0,0,0,0,0,0,0,0,-1,0,-1,0
36986,48850,1,48233,1,0,0,0,0,0,0,0,0,0,0,-1,0,-1,0
36987,48851,1,48233,1,0,0,0,0,0,0,0,0,0,0,-1,0,-1,0
36988,48808,1,48233,1,0,0,0,0,0,0,0,0,0,0,-1,0,-1,0
36989,48802,1,48808,1,0,0,0,0,0,0,0,0,0,0,-1,0,-1,0
36990,48809,1,48233,1,0,0,0,0,0,0,0,0,0,0,-1,0,-1,0
36991,48803,1,48809,1,0,0,0,0,0,0,0,0,0,0,-1,0,-1,0
36992,48804,1,48233,1,0,0,0,0,0,0,0,0,0,0,-1,0,-1,0
36993,48852,1,48233,1,0,0,0,0,0,0,0,0,0,0,-1,0,-1,0
36994,48853,1,48233,1,0,0,0,0,0,0,0,0,0,0,-1,0,-1,0
36995,48839,1,48233,1,0,0,0,0,0,0,0,0,0,0,-1,0,-1,0
36996,48840,1,48233,1,0,0,0,0,0,0,0,0,0,0,-1,0,-1,0
36997,48841,1,48233,1,0,0,0,0,0,0,0,0,0,0,-1,0,-1,0
36998,48805,1,48233,1,0,0,0,0,0,0,0,0,0,0,-1,0,-1,0
36999,48806,1,48233,1,0,0,0,0,0,0,0,0,0,0,-1,0,-1,0
37000,48807,1,48233,1,0,0,0,0,0,0,0,0,0,0,-1,0,-1,0
37001,48751,1,48233,1,0,0,0,0,0,0,0,0,0,0,-1,0,-1,0
37002,48854,1,48751,1,0,0,0,0,0,0,0,0,0,0,-1,0,-1,0
37003,48752,1,48233,1,0,0,0,0,0,0,0,0,0,0,-1,0,-1,0
37004,48855,1,48752,1,0,0,0,0,0,0,0,0,0,0,-1,0,-1,0
37005,48753,1,48233,1,0,0,0,0,0,0,0,0,0,0,-1,0,-1,0
37006,48842,1,48753,1,0,0,0,0,0,0,0,0,0,0,-1,0,-1,0
37007,48754,1,48233,1,0,0,0,0,0,0,0,0,0,0,-1,0,-1,0
37008,48755,1,48233,1,0,0,0,0,0,0,0,0,0,0,-1,0,-1,0
37009,48756,1,48233,1,0,0,0,0,0,0,0,0,0,0,-1,0,-1,0
37010,48757,1,48233,1,0,0,0,0,0,0,0,0,0,0,-1,0,-1,0
37011,48758,1,48233,1,0,0,0,0,0,0,0,0,0,0,-1,0,-1,0
37012,48759,1,48233,1,0,0,0,0,0,0,0,0,0,0,-1,0,-1,0
37013,48754,1,48233,1,0,0,0,0,0,0,0,0,0,0,-1,0,-1,0
37014,48760,1,48233,1,0,0,0,0,0,0,0,0,0,0,-1,0,-1,0
37015,48770,1,48233,1,0,0,0,0,0,0,0,0,0,0,-1,0,-1,0
37016,48789,1,48233,1,0,0,0,0,0,0,0,0,0,0,-1,0,-1,0
37017,48771,1,48789,2,0,0,0,0,0,0,0,0,0,0,-1,0,-1,0
37018,48790,1,48233,1,0,0,0,0,0,0,0,0,0,0,-1,0,-1,0
37019,48772,1,48790,1,0,0,0,0,0,0,0,0,0,0,-1,0,-1,0
37020,48791,1,48233,1,0,0,0,0,0,0,0,0,0,0,-1,0,-1,0
37021,48773,1,48791,1,0,0,0,0,0,0,0,0,0,0,-1,0,-1,0
37022,48792,1,48233,1,0,0,0,0,0,0,0,0,0,0,-1,0,-1,0
37023,48774,1,48792,2,0,0,0,0,0,0,0,0,0,0,-1,0,-1,0
37024,48761,1,48233,1,0,0,0,0,0,0,0,0,0,0,-1,0,-1,0
37025,48754,1,48233,1,0,0,0,0,0,0,0,0,0,0,-1,0,-1,0
37026,48762,1,48233,1,0,0,0,0,0,0,0,0,0,0,-1,0,-1,0
37027,48775,1,48233,1,0,0,0,0,0,0,0,0,0,0,-1,0,-1,0
37028,48763,1,48233,1,0,0,0,0,0,0,0,0,0,0,-1,0,-1,0
37029,48776,1,48233,1,0,0,0,0,0,0,0,0,0,0,-1,0,-1,0
37030,48793,1,48233,1,0,0,0,0,0,0,0,0,0,0,-1,0,-1,0
37031,48764,1,48793,2,0,0,0,0,0,0,0,0,0,0,-1,0,-1,0
37032,48794,1,48233,1,0,0,0,0,0,0,0,0,0,0,-1,0,-1,0
37033,48765,1,48794,2,0,0,0,0,0,0,0,0,0,0,-1,0,-1,0
37034,48754,1,48233,1,0,0,0,0,0,0,0,0,0,0,-1,0,-1,0
37035,48766,1,48233,1,0,0,0,0,0,0,0,0,0,0,-1,0,-1,0
37036,48857,1,48233,1,0,0,0,0,0,0,0,0,0,0,-1,0,-1,0
37037,48858,1,48233,1,0,0,0,0,0,0,0,0,0,0,-1,0,-1,0
37038,48777,1,48233,1,0,0,0,0,0,0,0,0,0,0,-1,0,-1,0
37039,48778,1,48233,1,0,0,0,0,0,0,0,0,0,0,-1,0,-1,0
37040,48779,1,48233,1,0,0,0,0,0,0,0,0,0,0,-1,0,-1,0
37041,48780,1,48233,1,0,0,0,0,0,0,0,0,0,0,-1,0,-1,0
37042,48781,1,48233,1,0,0,0,0,0,0,0,0,0,0,-1,0,-1,0
37043,48782,1,48233,1,0,0,0,0,0,0,0,0,0,0,-1,0,-1,0
37044,48783,1,48233,1,0,0,0,0,0,0,0,0,0,0,-1,0,-1,0
37045,48795,1,48233,1,0,0,0,0,0,0,0,0,0,0,-1,0,-1,0
37046,48859,1,48795,1,0,0,0,0,0,0,0,0,0,0,-1,0,-1,0
37047,48796,1,48233,1,0,0,0,0,0,0,0,0,0,0,-1,0,-1,0
37048,48860,1,48796,1,0,0,0,0,0,0,0,0,0,0,-1,0,-1,0
37049,48784,1,48233,1,0,0,0,0,0,0,0,0,0,0,-1,0,-1,0
37050,48861,1,48233,1,0,0,0,0,0,0,0,0,0,0,-1,0,-1,0
37051,48862,1,48233,1,0,0,0,0,0,0,0,0,0,0,-1,0,-1,0
37052,48767,1,48233,1,0,0,0,0,0,0,0,0,0,0,-1,0,-1,0
37053,48768,1,48233,1,0,0,0,0,0,0,0,0,0,0,-1,0,-1,0
37054,48769,1,48233,1,0,0,0,0,0,0,0,0,0,0,-1,0,-1,0
37055,48785,1,48233,1,0,0,0,0,0,0,0,0,0,0,-1,0,-1,0
37056,48786,1,48233,1,0,0,0,0,0,0,0,0,0,0,-1,0,-1,0
37057,48787,1,48233,1,0,0,0,0,0,0,0,0,0,0,-1,0,-1,0
37058,48751,1,48233,1,0,0,0,0,0,0,0,0,0,0,-1,0,-1,0
37059,48788,1,48751,1,0,0,0,0,0,0,0,0,0,0,-1,0,-1,0
37060,48752,1,48233,1,0,0,0,0,0,0,0,0,0,0,-1,0,-1,0
37061,48863,1,48752,1,0,0,0,0,0,0,0,0,0,0,-1,0,-1,0
37062,48753,1,48233,1,0,0,0,0,0,0,0,0,0,0,-1,0,-1,0
37063,48856,1,48753,1,0,0,0,0,0,0,0,0,0,0,-1,0,-1,0
37064,48754,1,48233,1,0,0,0,0,0,0,0,0,0,0,-1,0,-1,0
37065,48755,1,48233,1,0,0,0,0,0,0,0,0,0,0,-1,0,-1,0
37066,48756,1,48233,1,0,0,0,0,0,0,0,0,0,0,-1,0,-1,0
37067,48757,1,48233,1,0,0,0,0,0,0,0,0,0,0,-1,0,-1,0
37068,48758,1,48233,1,0,0,0,0,0,0,0,0,0,0,-1,0,-1,0
37069,48759,1,48233,1,0,0,0,0,0,0,0,0,0,0,-1,0,-1,0
37070,48754,1,48233,1,0,0,0,0,0,0,0,0,0,0,-1,0,-1,0
37071,48760,1,48233,1,0,0,0,0,0,0,0,0,0,0,-1,0,-1,0
37072,48770,1,48233,1,0,0,0,0,0,0,0,0,0,0,-1,0,-1,0
37073,48789,1,48233,1,0,0,0,0,0,0,0,0,0,0,-1,0,-1,0
37074,48771,1,48789,2,0,0,0,0,0,0,0,0,0,0,-1,0,-1,0
37075,48790,1,48233,1,0,0,0,0,0,0,0,0,0,0,-1,0,-1,0
37076,48772,1,48790,1,0,0,0,0,0,0,0,0,0,0,-1,0,-1,0
37077,48791,1,48233,1,0,0,0,0,0,0,0,0,0,0,-1,0,-1,0
37078,48773,1,48791,1,0,0,0,0,0,0,0,0,0,0,-1,0,-1,0
37079,48792,1,48233,1,0,0,0,0,0,0,0,0,0,0,-1,0,-1,0
37080,48774,1,48792,2,0,0,0,0,0,0,0,0,0,0,-1,0,-1,0
37081,48761,1,48233,1,0,0,0,0,0,0,0,0,0,0,-1,0,-1,0
37082,48754,1,48233,1,0,0,0,0,0,0,0,0,0,0,-1,0,-1,0
37083,48762,1,48233,1,0,0,0,0,0,0,0,0,0,0,-1,0,-1,0
37084,48775,1,48233,1,0,0,0,0,0,0,0,0,0,0,-1,0,-1,0
37085,48763,1,48233,1,0,0,0,0,0,0,0,0,0,0,-1,0,-1,0
37086,48776,1,48233,1,0,0,0,0,0,0,0,0,0,0,-1,0,-1,0
37087,48793,1,48233,1,0,0,0,0,0,0,0,0,0,0,-1,0,-1,0
37088,48764,1,48793,2,0,0,0,0,0,0,0,0,0,0,-1,0,-1,0
37089,48794,1,48233,1,0,0,0,0,0,0,0,0,0,0,-1,0,-1,0
37090,48765,1,48794,2,0,0,0,0,0,0,0,0,0,0,-1,0,-1,0
37091,48754,1,48233,1,0,0,0,0,0,0,0,0,0,0,-1,0,-1,0
37092,48766,1,48233,1,0,0,0,0,0,0,0,0,0,0,-1,0,-1,0
37093,48865,1,48233,1,0,0,0,0,0,0,0,0,0,0,-1,0,-1,0
37094,48866,1,48233,1,0,0,0,0,0,0,0,0,0,0,-1,0,-1,0
37095,48777,1,48233,1,0,0,0,0,0,0,0,0,0,0,-1,0,-1,0
37096,48778,1,48233,1,0,0,0,0,0,0,0,0,0,0,-1,0,-1,0
37097,48779,1,48233,1,0,0,0,0,0,0,0,0,0,0,-1,0,-1,0
37098,48780,1,48233,1,0,0,0,0,0,0,0,0,0,0,-1,0,-1,0
37099,48781,1,48233,1,0,0,0,0,0,0,0,0,0,0,-1,0,-1,0
37100,48782,1,48233,1,0,0,0,0,0,0,0,0,0,0,-1,0,-1,0
37101,48783,1,48233,1,0,0,0,0,0,0,0,0,0,0,-1,0,-1,0
37102,48795,1,48233,1,0,0,0,0,0,0,0,0,0,0,-1,0,-1,0
37103,48867,1,48795,1,0,0,0,0,0,0,0,0,0,0,-1,0,-1,0
37104,48796,1,48233,1,0,0,0,0,0,0,0,0,0,0,-1,0,-1,0
37105,48868,1,48796,1,0,0,0,0,0,0,0,0,0,0,-1,0,-1,0
37106,48784,1,48233,1,0,0,0,0,0,0,0,0,0,0,-1,0,-1,0
37107,48869,1,48233,1,0,0,0,0,0,0,0,0,0,0,-1,0,-1,0
37108,48870,1,48233,1,0,0,0,0,0,0,0,0,0,0,-1,0,-1,0
37109,48767,1,48233,1,0,0,0,0,0,0,0,0,0,0,-1,0,-1,0
37110,48768,1,48233,1,0,0,0,0,0,0,0,0,0,0,-1,0,-1,0
37111,48769,1,48233,1,0,0,0,0,0,0,0,0,0,0,-1,0,-1,0
37112,48785,1,48233,1,0,0,0,0,0,0,0,0,0,0,-1,0,-1,0
37113,48786,1,48233,1,0,0,0,0,0,0,0,0,0,0,-1,0,-1,0
37114,48787,1,48233,1,0,0,0,0,0,0,0,0,0,0,-1,0,-1,0
37115,48751,1,48233,1,0,0,0,0,0,0,0,0,0,0,-1,0,-1,0
37116,48788,1,48751,1,0,0,0,0,0,0,0,0,0,0,-1,0,-1,0
37117,48752,1,48233,1,0,0,0,0,0,0,0,0,0,0,-1,0,-1,0
37118,48871,1,48752,1,0,0,0,0,0,0,0,0,0,0,-1,0,-1,0
37119,48753,1,48233,1,0,0,0,0,0,0,0,0,0,0,-1,0,-1,0
37120,48864,1,48753,1,0,0,0,0,0,0,0,0,0,0,-1,0,-1,0
37121,48754,1,48233,1,0,0,0,0,0,0,0,0,0,0,-1,0,-1,0
37122,48755,1,48233,1,0,0,0,0,0,0,0,0,0,0,-1,0,-1,0
37123,48756,1,48233,1,0,0,0,0,0,0,0,0,0,0,-1,0,-1,0
37124,48757,1,48233,1,0,0,0,0,0,0,0,0,0,0,-1,0,-1,0
37125,48758,1,48233,1,0,0,0,0,0,0,0,0,0,0,-1,0,-1,0
37126,48759,1,48233,1,0,0,0,0,0,0,0,0,0,0,-1,0,-1,0
37127,48754,1,48233,1,0,0,0,0,0,0,0,0,0,0,-1,0,-1,0
37128,48760,1,48233,1,0,0,0,0,0,0,0,0,0,0,-1,0,-1,0
37129,48770,1,48233,1,0,0,0,0,0,0,0,0,0,0,-1,0,-1,0
37130,48789,1,48233,1,0,0,0,0,0,0,0,0,0,0,-1,0,-1,0
37131,48771,1,48789,2,0,0,0,0,0,0,0,0,0,0,-1,0,-1,0
37132,48790,1,48233,1,0,0,0,0,0,0,0,0,0,0,-1,0,-1,0
37133,48772,1,48790,1,0,0,0,0,0,0,0,0,0,0,-1,0,-1,0
37134,48791,1,48233,1,0,0,0,0,0,0,0,0,0,0,-1,0,-1,0
37135,48773,1,48791,1,0,0,0,0,0,0,0,0,0,0,-1,0,-1,0
37136,48792,1,48233,1,0,0,0,0,0,0,0,0,0,0,-1,0,-1,0
37137,48774,1,48792,2,0,0,0,0,0,0,0,0,0,0,-1,0,-1,0
37138,48761,1,48233,1,0,0,0,0,0,0,0,0,0,0,-1,0,-1,0
37139,48754,1,48233,1,0,0,0,0,0,0,0,0,0,0,-1,0,-1,0
37140,48762,1,48233,1,0,0,0,0,0,0,0,0,0,0,-1,0,-1,0
37141,48775,1,48233,1,0,0,0,0,0,0,0,0,0,0,-1,0,-1,0
37142,48763,1,48233,1,0,0,0,0,0,0,0,0,0,0,-1,0,-1,0
37143,48776,1,48233,1,0,0,0,0,0,0,0,0,0,0,-1,0,-1,0
37144,48793,1,48233,1,0,0,0,0,0,0,0,0,0,0,-1,0,-1,0
37145,48764,1,48793,2,0,0,0,0,0,0,0,0,0,0,-1,0,-1,0
37146,48794,1,48233,1,0,0,0,0,0,0,0,0,0,0,-1,0,-1,0
37147,48765,1,48794,2,0,0,0,0,0,0,0,0,0,0,-1,0,-1,0
37148,48754,1,48233,1,0,0,0,0,0,0,0,0,0,0,-1,0,-1,0
37149,48766,1,48233,1,0,0,0,0,0,0,0,0,0,0,-1,0,-1,0
37150,48873,1,48233,1,0,0,0,0,0,0,0,0,0,0,-1,0,-1,0
37151,48874,1,48233,1,0,0,0,0,0,0,0,0,0,0,-1,0,-1,0
37152,48777,1,48233,1,0,0,0,0,0,0,0,0,0,0,-1,0,-1,0
37153,48778,1,48233,1,0,0,0,0,0,0,0,0,0,0,-1,0,-1,0
37154,48779,1,48233,1,0,0,0,0,0,0,0,0,0,0,-1,0,-1,0
37155,48780,1,48233,1,0,0,0,0,0,0,0,0,0,0,-1,0,-1,0
37156,48781,1,48233,1,0,0,0,0,0,0,0,0,0,0,-1,0,-1,0
37157,48782,1,48233,1,0,0,0,0,0,0,0,0,0,0,-1,0,-1,0
37158,48783,1,48233,1,0,0,0,0,0,0,0,0,0,0,-1,0,-1,0
37159,48795,1,48233,1,0,0,0,0,0,0,0,0,0,0,-1,0,-1,0
37160,48875,1,48795,1,0,0,0,0,0,0,0,0,0,0,-1,0,-1,0
37161,48796,1,48233,1,0,0,0,0,0,0,0,0,0,0,-1,0,-1,0
37162,48876,1,48796,1,0,0,0,0,0,0,0,0,0,0,-1,0,-1,0
37163,48784,1,48233,1,0,0,0,0,0,0,0,0,0,0,-1,0,-1,0
37164,48877,1,48233,1,0,0,0,0,0,0,0,0,0,0,-1,0,-1,0
37165,48878,1,48233,1,0,0,0,0,0,0,0,0,0,0,-1,0,-1,0
37166,48767,1,48233,1,0,0,0,0,0,0,0,0,0,0,-1,0,-1,0
37167,48768,1,48233,1,0,0,0,0,0,0,0,0,0,0,-1,0,-1,0
37168,48769,1,48233,1,0,0,0,0,0,0,0,0,0,0,-1,0,-1,0
37169,48785,1,48233,1,0,0,0,0,0,0,0,0,0,0,-1,0,-1,0
37170,48786,1,48233,1,0,0,0,0,0,0,0,0,0,0,-1,0,-1,0
37171,48787,1,48233,1,0,0,0,0,0,0,0,0,0,0,-1,0,-1,0
37172,48751,1,48233,1,0,0,0,0,0,0,0,0,0,0,-1,0,-1,0
37173,48788,1,48751,1,0,0,0,0,0,0,0,0,0,0,-1,0,-1,0
37174,48752,1,48233,1,0,0,0,0,0,0,0,0,0,0,-1,0,-1,0
37175,48879,1,48752,1,0,0,0,0,0,0,0,0,0,0,-1,0,-1,0
37176,48753,1,48233,1,0,0,0,0,0,0,0,0,0,0,-1,0,-1,0
37177,48872,1,48753,1,0,0,0,0,0,0,0,0,0,0,-1,0,-1,0
37178,48797,1,48233,1,0,0,0,0,0,0,0,0,0,0,-1,0,-1,0
37179,48798,1,48233,1,0,0,0,0,0,0,0,0,0,0,-1,0,-1,0
37180,48880,1,48233,1,0,0,0,0,0,0,0,0,0,0,-1,0,-1,0
37181,48881,1,48233,1,0,0,0,0,0,0,0,0,0,0,-1,0,-1,0
37182,48799,1,48233,1,0,0,0,0,0,0,0,0,0,0,-1,0,-1,0
37183,48882,1,48233,1,0,0,0,0,0,0,0,0,0,0,-1,0,-1,0
37184,48797,1,48233,1,0,0,0,0,0,0,0,0,0,0,-1,0,-1,0
37185,48798,1,48233,1,0,0,0,0,0,0,0,0,0,0,-1,0,-1,0
37186,48883,1,48233,1,0,0,0,0,0,0,0,0,0,0,-1,0,-1,0
37187,48887,1,48233,1,0,0,0,0,0,0,0,0,0,0,-1,0,-1,0
37188,48884,1,48887,2,0,0,0,0,0,0,0,0,0,0,-1,0,-1,0
37189,48887,1,48233,1,0,0,0,0,0,0,0,0,0,0,-1,0,-1,0
37190,48801,1,48887,1,0,0,0,0,0,0,0,0,0,0,-1,0,-1,0
37191,48888,1,48233,1,0,0,0,0,0,0,0,0,0,0,-1,0,-1,0
37192,48885,1,48888,1,0,0,0,0,0,0,0,0,0,0,-1,0,-1,0
37193,48888,1,48233,1,0,0,0,0,0,0,0,0,0,0,-1,0,-1,0
37194,48886,1,48888,2,0,0,0,0,0,0,0,0,0,0,-1,0,-1,0
37195,48880,1,48233,1,0,0,0,0,0,0,0,0,0,0,-1,0,-1,0
37196,48797,1,48233,1,0,0,0,0,0,0,0,0,0,0,-1,0,-1,0
37197,48798,1,48233,1,0,0,0,0,0,0,0,0,0,0,-1,0,-1,0
37198,48890,1,48233,1,0,0,0,0,0,0,0,0,0,0,-1,0,-1,0
37199,48799,1,48233,1,0,0,0,0,0,0,0,0,0,0,-1,0,-1,0
37200,48891,1,48233,1,0,0,0,0,0,0,0,0,0,0,-1,0,-1,0
37201,48892,1,48233,1,0,0,0,0,0,0,0,0,0,0,-1,0,-1,0
37202,48889,1,48892,2,0,0,0,0,0,0,0,0,0,0,-1,0,-1,0
37203,48892,1,48233,1,0,0,0,0,0,0,0,0,0,0,-1,0,-1,0
37204,48800,1,48892,2,0,0,0,0,0,0,0,0,0,0,-1,0,-1,0
37205,48797,1,48233,1,0,0,0,0,0,0,0,0,0,0,-1,0,-1,0
37206,48880,1,48233,1,0,0,0,0,0,0,0,0,0,0,-1,0,-1,0
37207,48897,1,48233,1,0,0,0,0,0,0,0,0,0,0,-1,0,-1,0
37208,48898,1,48233,1,0,0,0,0,0,0,0,0,0,0,-1,0,-1,0
37209,48899,1,48233,1,0,0,0,0,0,0,0,0,0,0,-1,0,-1,0
37210,48900,1,48233,1,0,0,0,0,0,0,0,0,0,0,-1,0,-1,0
37211,48901,1,48233,1,0,0,0,0,0,0,0,0,0,0,-1,0,-1,0
37212,48902,1,48233,1,0,0,0,0,0,0,0,0,0,0,-1,0,-1,0
37213,48903,1,48233,1,0,0,0,0,0,0,0,0,0,0,-1,0,-1,0
37214,48904,1,48233,1,0,0,0,0,0,0,0,0,0,0,-1,0,-1,0
37215,48905,1,48233,1,0,0,0,0,0,0,0,0,0,0,-1,0,-1,0
37216,48808,1,48233,1,0,0,0,0,0,0,0,0,0,0,-1,0,-1,0
37217,48802,1,48808,1,0,0,0,0,0,0,0,0,0,0,-1,0,-1,0
37218,48809,1,48233,1,0,0,0,0,0,0,0,0,0,0,-1,0,-1,0
37219,48803,1,48809,1,0,0,0,0,0,0,0,0,0,0,-1,0,-1,0
37220,48804,1,48233,1,0,0,0,0,0,0,0,0,0,0,-1,0,-1,0
37221,48906,1,48233,1,0,0,0,0,0,0,0,0,0,0,-1,0,-1,0
37222,48907,1,48233,1,0,0,0,0,0,0,0,0,0,0,-1,0,-1,0
37223,48893,1,48233,1,0,0,0,0,0,0,0,0,0,0,-1,0,-1,0
37224,48894,1,48233,1,0,0,0,0,0,0,0,0,0,0,-1,0,-1,0
37225,48895,1,48233,1,0,0,0,0,0,0,0,0,0,0,-1,0,-1,0
37226,48805,1,48233,1,0,0,0,0,0,0,0,0,0,0,-1,0,-1,0
37227,48806,1,48233,1,0,0,0,0,0,0,0,0,0,0,-1,0,-1,0
37228,48807,1,48233,1,0,0,0,0,0,0,0,0,0,0,-1,0,-1,0
37229,48751,1,48233,1,0,0,0,0,0,0,0,0,0,0,-1,0,-1,0
37230,48908,1,48751,1,0,0,0,0,0,0,0,0,0,0,-1,0,-1,0
37231,48752,1,48233,1,0,0,0,0,0,0,0,0,0,0,-1,0,-1,0
37232,48909,1,48752,1,0,0,0,0,0,0,0,0,0,0,-1,0,-1,0
37233,48753,1,48233,1,0,0,0,0,0,0,0,0,0,0,-1,0,-1,0
37234,48896,1,48753,1,0,0,0,0,0,0,0,0,0,0,-1,0,-1,0
37235,48797,1,48233,1,0,0,0,0,0,0,0,0,0,0,-1,0,-1,0
37236,48798,1,48233,1,0,0,0,0,0,0,0,0,0,0,-1,0,-1,0
37237,48910,1,48233,1,0,0,0,0,0,0,0,0,0,0,-1,0,-1,0
37238,48911,1,48233,1,0,0,0,0,0,0,0,0,0,0,-1,0,-1,0
37239,48799,1,48233,1,0,0,0,0,0,0,0,0,0,0,-1,0,-1,0
37240,48912,1,48233,1,0,0,0,0,0,0,0,0,0,0,-1,0,-1,0
37241,48797,1,48233,1,0,0,0,0,0,0,0,0,0,0,-1,0,-1,0
37242,48798,1,48233,1,0,0,0,0,0,0,0,0,0,0,-1,0,-1,0
37243,48913,1,48233,1,0,0,0,0,0,0,0,0,0,0,-1,0,-1,0
37244,48917,1,48233,1,0,0,0,0,0,0,0,0,0,0,-1,0,-1,0
37245,48914,1,48917,2,0,0,0,0,0,0,0,0,0,0,-1,0,-1,0
37246,48917,1,48233,1,0,0,0,0,0,0,0,0,0,0,-1,0,-1,0
37247,48801,1,48917,1,0,0,0,0,0,0,0,0,0,0,-1,0,-1,0
37248,48918,1,48233,1,0,0,0,0,0,0,0,0,0,0,-1,0,-1,0
37249,48915,1,48918,1,0,0,0,0,0,0,0,0,0,0,-1,0,-1,0
37250,48918,1,48233,1,0,0,0,0,0,0,0,0,0,0,-1,0,-1,0
37251,48916,1,48918,2,0,0,0,0,0,0,0,0,0,0,-1,0,-1,0
37252,48910,1,48233,1,0,0,0,0,0,0,0,0,0,0,-1,0,-1,0
37253,48797,1,48233,1,0,0,0,0,0,0,0,0,0,0,-1,0,-1,0
37254,48798,1,48233,1,0,0,0,0,0,0,0,0,0,0,-1,0,-1,0
37255,48920,1,48233,1,0,0,0,0,0,0,0,0,0,0,-1,0,-1,0
37256,48799,1,48233,1,0,0,0,0,0,0,0,0,0,0,-1,0,-1,0
37257,48921,1,48233,1,0,0,0,0,0,0,0,0,0,0,-1,0,-1,0
37258,48922,1,48233,1,0,0,0,0,0,0,0,0,0,0,-1,0,-1,0
37259,48919,1,48922,2,0,0,0,0,0,0,0,0,0,0,-1,0,-1,0
37260,48922,1,48233,1,0,0,0,0,0,0,0,0,0,0,-1,0,-1,0
37261,48800,1,48922,2,0,0,0,0,0,0,0,0,0,0,-1,0,-1,0
37262,48797,1,48233,1,0,0,0,0,0,0,0,0,0,0,-1,0,-1,0
37263,48910,1,48233,1,0,0,0,0,0,0,0,0,0,0,-1,0,-1,0
37264,48928,1,48233,1,0,0,0,0,0,0,0,0,0,0,-1,0,-1,0
37265,48929,1,48233,1,0,0,0,0,0,0,0,0,0,0,-1,0,-1,0
37266,48930,1,48233,1,0,0,0,0,0,0,0,0,0,0,-1,0,-1,0
37267,48931,1,48233,1,0,0,0,0,0,0,0,0,0,0,-1,0,-1,0
37268,48932,1,48233,1,0,0,0,0,0,0,0,0,0,0,-1,0,-1,0
37269,48933,1,48233,1,0,0,0,0,0,0,0,0,0,0,-1,0,-1,0
37270,48934,1,48233,1,0,0,0,0,0,0,0,0,0,0,-1,0,-1,0
37271,48935,1,48233,1,0,0,0,0,0,0,0,0,0,0,-1,0,-1,0
37272,48936,1,48233,1,0,0,0,0,0,0,0,0,0,0,-1,0,-1,0
37273,48808,1,48233,1,0,0,0,0,0,0,0,0,0,0,-1,0,-1,0
37274,48802,1,48808,1,0,0,0,0,0,0,0,0,0,0,-1,0,-1,0
37275,48809,1,48233,1,0,0,0,0,0,0,0,0,0,0,-1,0,-1,0
37276,48803,1,48809,1,0,0,0,0,0,0,0,0,0,0,-1,0,-1,0
37277,48804,1,48233,1,0,0,0,0,0,0,0,0,0,0,-1,0,-1,0
37278,48937,1,48233,1,0,0,0,0,0,0,0,0,0,0,-1,0,-1,0
37279,48938,1,48233,1,0,0,0,0,0,0,0,0,0,0,-1,0,-1,0
37280,48924,1,48233,1,0,0,0,0,0,0,0,0,0,0,-1,0,-1,0
37281,48925,1,48233,1,0,0,0,0,0,0,0,0,0,0,-1,0,-1,0
37282,48926,1,48233,1,0,0,0,0,0,0,0,0,0,0,-1,0,-1,0
37283,48805,1,48233,1,0,0,0,0,0,0,0,0,0,0,-1,0,-1,0
37284,48806,1,48233,1,0,0,0,0,0,0,0,0,0,0,-1,0,-1,0
37285,48807,1,48233,1,0,0,0,0,0,0,0,0,0,0,-1,0,-1,0
37286,48751,1,48233,1,0,0,0,0,0,0,0,0,0,0,-1,0,-1,0
37287,48939,1,48751,1,0,0,0,0,0,0,0,0,0,0,-1,0,-1,0
37288,48752,1,48233,1,0,0,0,0,0,0,0,0,0,0,-1,0,-1,0
37289,48940,1,48752,1,0,0,0,0,0,0,0,0,0,0,-1,0,-1,0
37290,48753,1,48233,1,0,0,0,0,0,0,0,0,0,0,-1,0,-1,0
37291,48927,1,48753,1,0,0,0,0,0,0,0,0,0,0,-1,0,-1,0
37292,48941,1,48233,1,0,0,0,0,0,0,0,0,0,0,-1,0,-1,0
37293,48810,1,48233,1,0,0,0,0,0,0,0,0,0,0,-1,0,-1,0
37294,48942,1,48233,1,0,0,0,0,0,0,0,0,0,0,-1,0,-1,0
37295,48811,1,48233,1,0,0,0,0,0,0,0,0,0,0,-1,0,-1,0
37296,48943,1,48233,1,0,0,0,0,0,0,0,0,0,0,-1,0,-1,0
37297,48812,1,48233,1,0,0,0,0,0,0,0,0,0,0,-1,0,-1,0
37298,48941,1,48233,1,0,0,0,0,0,0,0,0,0,0,-1,0,-1,0
37299,48810,1,48233,1,0,0,0,0,0,0,0,0,0,0,-1,0,-1,0
37300,48813,1,48233,1,0,0,0,0,0,0,0,0,0,0,-1,0,-1,0
37301,48947,1,48233,1,0,0,0,0,0,0,0,0,0,0,-1,0,-1,0
37302,48944,1,48947,2,0,0,0,0,0,0,0,0,0,0,-1,0,-1,0
37303,48948,1,48233,1,0,0,0,0,0,0,0,0,0,0,-1,0,-1,0
37304,48945,1,48948,1,0,0,0,0,0,0,0,0,0,0,-1,0,-1,0
37305,48823,1,48233,1,0,0,0,0,0,0,0,0,0,0,-1,0,-1,0
37306,48814,1,48823,1,0,0,0,0,0,0,0,0,0,0,-1,0,-1,0
37307,48824,1,48233,1,0,0,0,0,0,0,0,0,0,0,-1,0,-1,0
37308,48946,1,48824,2,0,0,0,0,0,0,0,0,0,0,-1,0,-1,0
37309,48810,1,48233,1,0,0,0,0,0,0,0,0,0,0,-1,0,-1,0
37310,48941,1,48233,1,0,0,0,0,0,0,0,0,0,0,-1,0,-1,0
37311,48942,1,48233,1,0,0,0,0,0,0,0,0,0,0,-1,0,-1,0
37312,48815,1,48233,1,0,0,0,0,0,0,0,0,0,0,-1,0,-1,0
37313,48943,1,48233,1,0,0,0,0,0,0,0,0,0,0,-1,0,-1,0
37314,48816,1,48233,1,0,0,0,0,0,0,0,0,0,0,-1,0,-1,0
37315,48823,1,48233,1,0,0,0,0,0,0,0,0,0,0,-1,0,-1,0
37316,48812,1,48823,2,0,0,0,0,0,0,0,0,0,0,-1,0,-1,0
37317,48824,1,48233,1,0,0,0,0,0,0,0,0,0,0,-1,0,-1,0
37318,48923,1,48824,2,0,0,0,0,0,0,0,0,0,0,-1,0,-1,0
37319,48810,1,48233,1,0,0,0,0,0,0,0,0,0,0,-1,0,-1,0
37320,48941,1,48233,1,0,0,0,0,0,0,0,0,0,0,-1,0,-1,0
37321,48954,1,48233,1,0,0,0,0,0,0,0,0,0,0,-1,0,-1,0
37322,48817,1,48233,1,0,0,0,0,0,0,0,0,0,0,-1,0,-1,0
37323,48818,1,48233,1,0,0,0,0,0,0,0,0,0,0,-1,0,-1,0
37324,48819,1,48233,1,0,0,0,0,0,0,0,0,0,0,-1,0,-1,0
37325,48820,1,48233,1,0,0,0,0,0,0,0,0,0,0,-1,0,-1,0
37326,48821,1,48233,1,0,0,0,0,0,0,0,0,0,0,-1,0,-1,0
37327,48955,1,48233,1,0,0,0,0,0,0,0,0,0,0,-1,0,-1,0
37328,48956,1,48233,1,0,0,0,0,0,0,0,0,0,0,-1,0,-1,0
37329,48957,1,48233,1,0,0,0,0,0,0,0,0,0,0,-1,0,-1,0
37330,48967,1,48233,1,0,0,0,0,0,0,0,0,0,0,-1,0,-1,0
37331,48958,1,48967,1,0,0,0,0,0,0,0,0,0,0,-1,0,-1,0
37332,48825,1,48233,1,0,0,0,0,0,0,0,0,0,0,-1,0,-1,0
37333,48822,1,48825,1,0,0,0,0,0,0,0,0,0,0,-1,0,-1,0
37334,48959,1,48233,1,0,0,0,0,0,0,0,0,0,0,-1,0,-1,0
37335,48960,1,48233,1,0,0,0,0,0,0,0,0,0,0,-1,0,-1,0
37336,48961,1,48233,1,0,0,0,0,0,0,0,0,0,0,-1,0,-1,0
37337,48950,1,48233,1,0,0,0,0,0,0,0,0,0,0,-1,0,-1,0
37338,48951,1,48233,1,0,0,0,0,0,0,0,0,0,0,-1,0,-1,0
37339,48952,1,48233,1,0,0,0,0,0,0,0,0,0,0,-1,0,-1,0
37340,48962,1,48233,1,0,0,0,0,0,0,0,0,0,0,-1,0,-1,0
37341,48963,1,48233,1,0,0,0,0,0,0,0,0,0,0,-1,0,-1,0
37342,48964,1,48233,1,0,0,0,0,0,0,0,0,0,0,-1,0,-1,0
37343,48751,1,48233,1,0,0,0,0,0,0,0,0,0,0,-1,0,-1,0
37344,48965,1,48751,1,0,0,0,0,0,0,0,0,0,0,-1,0,-1,0
37345,48752,1,48233,1,0,0,0,0,0,0,0,0,0,0,-1,0,-1,0
37346,48966,1,48752,1,0,0,0,0,0,0,0,0,0,0,-1,0,-1,0
37347,48753,1,48233,1,0,0,0,0,0,0,0,0,0,0,-1,0,-1,0
37348,48953,1,48753,1,0,0,0,0,0,0,0,0,0,0,-1,0,-1,0
37349,48968,1,48233,1,0,0,0,0,0,0,0,0,0,0,-1,0,-1,0
37350,48810,1,48233,1,0,0,0,0,0,0,0,0,0,0,-1,0,-1,0
37351,48969,1,48233,1,0,0,0,0,0,0,0,0,0,0,-1,0,-1,0
37352,48811,1,48233,1,0,0,0,0,0,0,0,0,0,0,-1,0,-1,0
37353,48970,1,48233,1,0,0,0,0,0,0,0,0,0,0,-1,0,-1,0
37354,48812,1,48233,1,0,0,0,0,0,0,0,0,0,0,-1,0,-1,0
37355,48968,1,48233,1,0,0,0,0,0,0,0,0,0,0,-1,0,-1,0
37356,48810,1,48233,1,0,0,0,0,0,0,0,0,0,0,-1,0,-1,0
37357,48813,1,48233,1,0,0,0,0,0,0,0,0,0,0,-1,0,-1,0
37358,48974,1,48233,1,0,0,0,0,0,0,0,0,0,0,-1,0,-1,0
37359,48971,1,48974,2,0,0,0,0,0,0,0,0,0,0,-1,0,-1,0
37360,48975,1,48233,1,0,0,0,0,0,0,0,0,0,0,-1,0,-1,0
37361,48972,1,48975,1,0,0,0,0,0,0,0,0,0,0,-1,0,-1,0
37362,48823,1,48233,1,0,0,0,0,0,0,0,0,0,0,-1,0,-1,0
37363,48814,1,48823,1,0,0,0,0,0,0,0,0,0,0,-1,0,-1,0
37364,48824,1,48233,1,0,0,0,0,0,0,0,0,0,0,-1,0,-1,0
37365,48973,1,48824,2,0,0,0,0,0,0,0,0,0,0,-1,0,-1,0
37366,48810,1,48233,1,0,0,0,0,0,0,0,0,0,0,-1,0,-1,0
37367,48968,1,48233,1,0,0,0,0,0,0,0,0,0,0,-1,0,-1,0
37368,48969,1,48233,1,0,0,0,0,0,0,0,0,0,0,-1,0,-1,0
37369,48815,1,48233,1,0,0,0,0,0,0,0,0,0,0,-1,0,-1,0
37370,48970,1,48233,1,0,0,0,0,0,0,0,0,0,0,-1,0,-1,0
37371,48816,1,48233,1,0,0,0,0,0,0,0,0,0,0,-1,0,-1,0
37372,48823,1,48233,1,0,0,0,0,0,0,0,0,0,0,-1,0,-1,0
37373,48812,1,48823,2,0,0,0,0,0,0,0,0,0,0,-1,0,-1,0
37374,48824,1,48233,1,0,0,0,0,0,0,0,0,0,0,-1,0,-1,0
37375,48949,1,48824,2,0,0,0,0,0,0,0,0,0,0,-1,0,-1,0
37376,48810,1,48233,1,0,0,0,0,0,0,0,0,0,0,-1,0,-1,0
37377,48968,1,48233,1,0,0,0,0,0,0,0,0,0,0,-1,0,-1,0
37378,48980,1,48233,1,0,0,0,0,0,0,0,0,0,0,-1,0,-1,0
37379,48817,1,48233,1,0,0,0,0,0,0,0,0,0,0,-1,0,-1,0
37380,48818,1,48233,1,0,0,0,0,0,0,0,0,0,0,-1,0,-1,0
37381,48819,1,48233,1,0,0,0,0,0,0,0,0,0,0,-1,0,-1,0
37382,48820,1,48233,1,0,0,0,0,0,0,0,0,0,0,-1,0,-1,0
37383,48821,1,48233,1,0,0,0,0,0,0,0,0,0,0,-1,0,-1,0
37384,48981,1,48233,1,0,0,0,0,0,0,0,0,0,0,-1,0,-1,0
37385,48982,1,48233,1,0,0,0,0,0,0,0,0,0,0,-1,0,-1,0
37386,48983,1,48233,1,0,0,0,0,0,0,0,0,0,0,-1,0,-1,0
37387,48993,1,48233,1,0,0,0,0,0,0,0,0,0,0,-1,0,-1,0
37388,48984,1,48993,1,0,0,0,0,0,0,0,0,0,0,-1,0,-1,0
37389,48825,1,48233,1,0,0,0,0,0,0,0,0,0,0,-1,0,-1,0
37390,48822,1,48825,1,0,0,0,0,0,0,0,0,0,0,-1,0,-1,0
37391,48985,1,48233,1,0,0,0,0,0,0,0,0,0,0,-1,0,-1,0
37392,48986,1,48233,1,0,0,0,0,0,0,0,0,0,0,-1,0,-1,0
37393,48987,1,48233,1,0,0,0,0,0,0,0,0,0,0,-1,0,-1,0
37394,48976,1,48233,1,0,0,0,0,0,0,0,0,0,0,-1,0,-1,0
37395,48977,1,48233,1,0,0,0,0,0,0,0,0,0,0,-1,0,-1,0
37396,48978,1,48233,1,0,0,0,0,0,0,0,0,0,0,-1,0,-1,0
37397,48988,1,48233,1,0,0,0,0,0,0,0,0,0,0,-1,0,-1,0
37398,48989,1,48233,1,0,0,0,0,0,0,0,0,0,0,-1,0,-1,0
37399,48990,1,48233,1,0,0,0,0,0,0,0,0,0,0,-1,0,-1,0
37400,48751,1,48233,1,0,0,0,0,0,0,0,0,0,0,-1,0,-1,0
37401,48991,1,48751,1,0,0,0,0,0,0,0,0,0,0,-1,0,-1,0
37402,48752,1,48233,1,0,0,0,0,0,0,0,0,0,0,-1,0,-1,0
37403,48992,1,48752,1,0,0,0,0,0,0,0,0,0,0,-1,0,-1,0
37404,48753,1,48233,1,0,0,0,0,0,0,0,0,0,0,-1,0,-1,0
37405,48979,1,48753,1,0,0,0,0,0,0,0,0,0,0,-1,0,-1,0
37406,49064,1,48233,1,0,0,0,0,0,0,0,0,0,0,-1,0,-1,0
37407,49065,1,48233,1,0,0,0,0,0,0,0,0,0,0,-1,0,-1,0
37408,49066,1,48233,1,0,0,0,0,0,0,0,0,0,0,-1,0,-1,0
37409,49067,1,48233,1,0,0,0,0,0,0,0,0,0,0,-1,0,-1,0
37410,49068,1,48233,1,0,0,0,0,0,0,0,0,0,0,-1,0,-1,0
37411,49069,1,48233,1,0,0,0,0,0,0,0,0,0,0,-1,0,-1,0
37412,49070,1,48233,1,0,0,0,0,0,0,0,0,0,0,-1,0,-1,0
37413,49071,1,48233,1,0,0,0,0,0,0,0,0,0,0,-1,0,-1,0
37414,49072,1,48233,1,0,0,0,0,0,0,0,0,0,0,-1,0,-1,0
37415,49073,1,48233,1,0,0,0,0,0,0,0,0,0,0,-1,0,-1,0
37416,49074,1,48233,1,0,0,0,0,0,0,0,0,0,0,-1,0,-1,0
37417,49075,1,48233,1,0,0,0,0,0,0,0,0,0,0,-1,0,-1,0
37418,49076,1,48233,1,0,0,0,0,0,0,0,0,0,0,-1,0,-1,0
37419,49077,1,48233,1,0,0,0,0,0,0,0,0,0,0,-1,0,-1,0
37420,49078,1,48233,1,0,0,0,0,0,0,0,0,0,0,-1,0,-1,0
37421,49079,1,48233,1,0,0,0,0,0,0,0,0,0,0,-1,0,-1,0
37422,49080,1,48233,1,0,0,0,0,0,0,0,0,0,0,-1,0,-1,0
37423,49081,1,48233,1,0,0,0,0,0,0,0,0,0,0,-1,0,-1,0
37424,49082,1,48233,1,0,0,0,0,0,0,0,0,0,0,-1,0,-1,0
37425,49083,1,48233,1,0,0,0,0,0,0,0,0,0,0,-1,0,-1,0
37426,49084,1,48233,1,0,0,0,0,0,0,0,0,0,0,-1,0,-1,0
37427,49085,1,48233,1,0,0,0,0,0,0,0,0,0,0,-1,0,-1,0
37428,49086,1,48233,1,0,0,0,0,0,0,0,0,0,0,-1,0,-1,0
37429,49087,1,48233,1,0,0,0,0,0,0,0,0,0,0,-1,0,-1,0
37430,47163,1,46251,3,45975,3,45974,2,46252,3,0,0,0,0,14,3,17,3
37431,47164,1,46251,3,45975,3,45974,2,46252,3,0,0,0,0,14,3,17,3
37432,47165,1,46251,3,45975,3,45977,2,46252,3,0,0,0,0,14,3,17,3
37433,47166,1,46251,3,45975,3,45976,2,46252,3,0,0,0,0,14,3,17,3
37434,47167,1,46251,3,45975,4,45974,1,46252,3,0,0,0,0,14,3,17,3
37435,47168,1,46251,3,45976,3,45975,2,46252,3,0,0,0,0,16,3,14,3
37436,47169,1,46251,3,45975,3,45976,2,46252,3,0,0,0,0,15,3,17,3
37437,47170,1,46251,3,45975,3,45976,2,46252,3,0,0,0,0,15,3,17,3
37438,47171,1,46251,3,45975,4,45977,1,46252,3,0,0,0,0,14,3,17,3
37439,47172,1,46251,3,45975,3,45974,2,46252,3,0,0,0,0,14,3,17,3
37440,47173,1,46251,3,45974,3,45975,2,46252,3,0,0,0,0,16,3,15,3
37441,47174,1,46250,3,45975,3,45974,2,46252,3,0,0,0,0,14,3,17,3
37442,47175,1,46250,3,45975,3,45977,2,46252,3,0,0,0,0,14,3,17,3
37443,47176,1,46250,3,45975,4,45976,1,46252,3,0,0,0,0,14,3,17,3
37444,47177,1,46250,3,45974,3,45976,2,46252,3,0,0,0,0,16,3,15,3
37445,47178,1,46250,3,45975,3,45977,2,46252,3,0,0,0,0,14,3,17,3
37446,47179,1,46250,3,45974,3,45975,2,46252,3,0,0,0,0,16,3,15,3
37447,47180,1,46250,3,45975,3,45974,2,46252,3,0,0,0,0,14,3,17,3
37448,47181,1,46250,3,45975,3,45974,2,46252,3,0,0,0,0,14,3,17,3
37449,47182,1,46250,3,45975,3,45974,2,46252,3,0,0,0,0,14,3,17,3
37450,47183,1,46250,3,45975,3,45977,2,46252,3,0,0,0,0,14,3,17,3
37451,47184,1,46251,3,45978,2,45976,3,46252,3,0,0,0,0,18,3,16,3
37452,47185,1,46251,4,45978,5,45976,2,46252,4,0,0,0,0,18,3,16,3
37453,47186,1,46251,3,45978,3,45977,2,46252,3,0,0,0,0,18,3,16,3
37454,47187,1,46251,4,45978,4,45977,3,46252,4,0,0,0,0,18,3,16,3
37455,47188,1,46251,3,45977,3,45978,2,46252,3,0,0,0,0,17,3,16,3
37456,47189,1,46251,3,45978,4,45977,1,46252,3,0,0,0,0,18,3,16,3
37457,47190,1,46251,4,45978,4,45976,3,46252,4,0,0,0,0,18,3,16,3
37458,47191,1,46251,3,45977,3,45978,2,46252,3,0,0,0,0,17,3,16,3
37459,47192,1,46251,4,45978,4,45977,3,46252,4,0,0,0,0,18,3,16,3
37460,47193,1,46251,3,45977,4,45978,1,46252,3,0,0,0,0,17,3,16,3
37461,47194,1,46250,2,45974,2,45975,2,46252,2,0,0,0,0,16,3,15,3
37462,47195,1,46250,2,45975,2,45974,2,46252,2,0,0,0,0,16,3,14,3
37463,47196,1,46250,2,45974,2,45975,2,46252,2,0,0,0,0,16,3,15,3
37464,47197,1,46250,2,45974,2,45976,1,46252,2,0,0,0,0,16,3,15,3
37465,47198,1,46250,2,45974,2,45975,2,46252,2,0,0,0,0,16,3,15,3
37466,47199,1,46250,2,45975,2,45974,2,46252,2,0,0,0,0,16,3,14,3
37467,47200,1,46250,2,45974,2,45975,2,46252,2,0,0,0,0,16,3,15,3
37468,47201,1,46250,2,45974,2,45976,1,46252,2,0,0,0,0,16,3,15,3
37469,46253,3,46188,1,43977,2,36079,1,36098,2,36089,1,46246,1,14,3,19,3
37470,46254,3,46188,1,43973,2,27841,1,43986,2,36089,1,46246,1,14,3,19,3
37471,46250,1,46244,4,44848,1,46246,1,0,0,0,0,0,0,16,3,14,3
37472,46251,1,46243,4,44848,1,46246,1,0,0,0,0,0,0,19,3,18,3
37473,46116,1,46260,1,44012,3,44001,2,44023,1,0,0,0,0,16,3,14,3
37474,46789,1,46260,1,45975,2,45978,1,44001,2,0,0,0,0,15,3,17,3
37475,47258,1,46261,1,45978,3,44033,1,0,0,0,0,0,0,18,3,16,3
37476,47259,1,46261,1,45978,3,44033,1,0,0,0,0,0,0,18,3,16,3
37477,47260,1,46261,1,45977,2,44062,1,0,0,0,0,0,0,17,3,16,3
37478,47261,1,46261,1,45978,3,44033,1,0,0,0,0,0,0,18,3,16,3
37479,47262,1,46261,1,45977,2,44062,1,0,0,0,0,0,0,17,3,16,3
37480,0,0,0,0,0,0,0,0,0,0,0,0,0,0,0,0,0,0
37481,0,0,0,0,0,0,0,0,0,0,0,0,0,0,0,0,0,0
37482,0,0,0,0,0,0,0,0,0,0,0,0,0,0,0,0,0,0
37483,0,0,0,0,0,0,0,0,0,0,0,0,0,0,0,0,0,0
37484,0,0,0,0,0,0,0,0,0,0,0,0,0,0,0,0,0,0
37485,0,0,0,0,0,0,0,0,0,0,0,0,0,0,0,0,0,0
37486,0,0,0,0,0,0,0,0,0,0,0,0,0,0,0,0,0,0
37487,0,0,0,0,0,0,0,0,0,0,0,0,0,0,0,0,0,0
37488,0,0,0,0,0,0,0,0,0,0,0,0,0,0,0,0,0,0
37489,0,0,0,0,0,0,0,0,0,0,0,0,0,0,0,0,0,0
37490,0,0,0,0,0,0,0,0,0,0,0,0,0,0,0,0,0,0
37491,0,0,0,0,0,0,0,0,0,0,0,0,0,0,0,0,0,0
37492,0,0,0,0,0,0,0,0,0,0,0,0,0,0,0,0,0,0
37493,0,0,0,0,0,0,0,0,0,0,0,0,0,0,0,0,0,0
37494,0,0,0,0,0,0,0,0,0,0,0,0,0,0,0,0,0,0
37495,0,0,0,0,0,0,0,0,0,0,0,0,0,0,0,0,0,0
37496,0,0,0,0,0,0,0,0,0,0,0,0,0,0,0,0,0,0
37497,0,0,0,0,0,0,0,0,0,0,0,0,0,0,0,0,0,0
37498,0,0,0,0,0,0,0,0,0,0,0,0,0,0,0,0,0,0
37499,0,0,0,0,0,0,0,0,0,0,0,0,0,0,0,0,0,0
37500,0,0,0,0,0,0,0,0,0,0,0,0,0,0,0,0,0,0
37501,0,0,0,0,0,0,0,0,0,0,0,0,0,0,0,0,0,0
37502,0,0,0,0,0,0,0,0,0,0,0,0,0,0,0,0,0,0
37503,0,0,0,0,0,0,0,0,0,0,0,0,0,0,0,0,0,0
37504,0,0,0,0,0,0,0,0,0,0,0,0,0,0,0,0,0,0
37505,0,0,0,0,0,0,0,0,0,0,0,0,0,0,0,0,0,0
37506,0,0,0,0,0,0,0,0,0,0,0,0,0,0,0,0,0,0
37507,0,0,0,0,0,0,0,0,0,0,0,0,0,0,0,0,0,0
37508,0,0,0,0,0,0,0,0,0,0,0,0,0,0,0,0,0,0
37509,0,0,0,0,0,0,0,0,0,0,0,0,0,0,0,0,0,0
37510,0,0,0,0,0,0,0,0,0,0,0,0,0,0,0,0,0,0
37511,0,0,0,0,0,0,0,0,0,0,0,0,0,0,0,0,0,0
37512,0,0,0,0,0,0,0,0,0,0,0,0,0,0,0,0,0,0
37513,0,0,0,0,0,0,0,0,0,0,0,0,0,0,0,0,0,0
37514,0,0,0,0,0,0,0,0,0,0,0,0,0,0,0,0,0,0
37515,0,0,0,0,0,0,0,0,0,0,0,0,0,0,0,0,0,0
37516,0,0,0,0,0,0,0,0,0,0,0,0,0,0,0,0,0,0
37517,0,0,0,0,0,0,0,0,0,0,0,0,0,0,0,0,0,0
37518,0,0,0,0,0,0,0,0,0,0,0,0,0,0,0,0,0,0
37519,0,0,0,0,0,0,0,0,0,0,0,0,0,0,0,0,0,0
37520,0,0,0,0,0,0,0,0,0,0,0,0,0,0,0,0,0,0
37521,0,0,0,0,0,0,0,0,0,0,0,0,0,0,0,0,0,0
37522,0,0,0,0,0,0,0,0,0,0,0,0,0,0,0,0,0,0
37523,0,0,0,0,0,0,0,0,0,0,0,0,0,0,0,0,0,0
37524,0,0,0,0,0,0,0,0,0,0,0,0,0,0,0,0,0,0
37525,0,0,0,0,0,0,0,0,0,0,0,0,0,0,0,0,0,0
37526,0,0,0,0,0,0,0,0,0,0,0,0,0,0,0,0,0,0
37527,0,0,0,0,0,0,0,0,0,0,0,0,0,0,0,0,0,0
37528,0,0,0,0,0,0,0,0,0,0,0,0,0,0,0,0,0,0
37529,0,0,0,0,0,0,0,0,0,0,0,0,0,0,0,0,0,0
37530,0,0,0,0,0,0,0,0,0,0,0,0,0,0,0,0,0,0
37531,0,0,0,0,0,0,0,0,0,0,0,0,0,0,0,0,0,0
37532,0,0,0,0,0,0,0,0,0,0,0,0,0,0,0,0,0,0
37533,0,0,0,0,0,0,0,0,0,0,0,0,0,0,0,0,0,0
37534,0,0,0,0,0,0,0,0,0,0,0,0,0,0,0,0,0,0
37535,0,0,0,0,0,0,0,0,0,0,0,0,0,0,0,0,0,0
37536,0,0,0,0,0,0,0,0,0,0,0,0,0,0,0,0,0,0
37537,0,0,0,0,0,0,0,0,0,0,0,0,0,0,0,0,0,0
37538,0,0,0,0,0,0,0,0,0,0,0,0,0,0,0,0,0,0
37539,0,0,0,0,0,0,0,0,0,0,0,0,0,0,0,0,0,0
37540,0,0,0,0,0,0,0,0,0,0,0,0,0,0,0,0,0,0
37541,0,0,0,0,0,0,0,0,0,0,0,0,0,0,0,0,0,0
37542,0,0,0,0,0,0,0,0,0,0,0,0,0,0,0,0,0,0
37543,0,0,0,0,0,0,0,0,0,0,0,0,0,0,0,0,0,0
37544,0,0,0,0,0,0,0,0,0,0,0,0,0,0,0,0,0,0
37545,0,0,0,0,0,0,0,0,0,0,0,0,0,0,0,0,0,0
37546,0,0,0,0,0,0,0,0,0,0,0,0,0,0,0,0,0,0
37547,0,0,0,0,0,0,0,0,0,0,0,0,0,0,0,0,0,0
37548,0,0,0,0,0,0,0,0,0,0,0,0,0,0,0,0,0,0
37549,0,0,0,0,0,0,0,0,0,0,0,0,0,0,0,0,0,0
37550,0,0,0,0,0,0,0,0,0,0,0,0,0,0,0,0,0,0
37551,0,0,0,0,0,0,0,0,0,0,0,0,0,0,0,0,0,0
37552,0,0,0,0,0,0,0,0,0,0,0,0,0,0,0,0,0,0
37553,0,0,0,0,0,0,0,0,0,0,0,0,0,0,0,0,0,0
37554,0,0,0,0,0,0,0,0,0,0,0,0,0,0,0,0,0,0
37555,0,0,0,0,0,0,0,0,0,0,0,0,0,0,0,0,0,0
37556,0,0,0,0,0,0,0,0,0,0,0,0,0,0,0,0,0,0
37557,0,0,0,0,0,0,0,0,0,0,0,0,0,0,0,0,0,0
37558,0,0,0,0,0,0,0,0,0,0,0,0,0,0,0,0,0,0
37559,0,0,0,0,0,0,0,0,0,0,0,0,0,0,0,0,0,0
37560,0,0,0,0,0,0,0,0,0,0,0,0,0,0,0,0,0,0
37561,0,0,0,0,0,0,0,0,0,0,0,0,0,0,0,0,0,0
37562,0,0,0,0,0,0,0,0,0,0,0,0,0,0,0,0,0,0
37563,0,0,0,0,0,0,0,0,0,0,0,0,0,0,0,0,0,0
37564,0,0,0,0,0,0,0,0,0,0,0,0,0,0,0,0,0,0
37565,0,0,0,0,0,0,0,0,0,0,0,0,0,0,0,0,0,0
37566,0,0,0,0,0,0,0,0,0,0,0,0,0,0,0,0,0,0
37567,0,0,0,0,0,0,0,0,0,0,0,0,0,0,0,0,0,0
37568,0,0,0,0,0,0,0,0,0,0,0,0,0,0,0,0,0,0
37569,0,0,0,0,0,0,0,0,0,0,0,0,0,0,0,0,0,0
37570,0,0,0,0,0,0,0,0,0,0,0,0,0,0,0,0,0,0
37571,0,0,0,0,0,0,0,0,0,0,0,0,0,0,0,0,0,0
37572,0,0,0,0,0,0,0,0,0,0,0,0,0,0,0,0,0,0
37573,0,0,0,0,0,0,0,0,0,0,0,0,0,0,0,0,0,0
37574,0,0,0,0,0,0,0,0,0,0,0,0,0,0,0,0,0,0
37575,0,0,0,0,0,0,0,0,0,0,0,0,0,0,0,0,0,0
37576,0,0,0,0,0,0,0,0,0,0,0,0,0,0,0,0,0,0
37577,0,0,0,0,0,0,0,0,0,0,0,0,0,0,0,0,0,0
37578,0,0,0,0,0,0,0,0,0,0,0,0,0,0,0,0,0,0
37579,0,0,0,0,0,0,0,0,0,0,0,0,0,0,0,0,0,0
37580,0,0,0,0,0,0,0,0,0,0,0,0,0,0,0,0,0,0
37581,0,0,0,0,0,0,0,0,0,0,0,0,0,0,0,0,0,0
37582,0,0,0,0,0,0,0,0,0,0,0,0,0,0,0,0,0,0
37583,0,0,0,0,0,0,0,0,0,0,0,0,0,0,0,0,0,0
37584,0,0,0,0,0,0,0,0,0,0,0,0,0,0,0,0,0,0
37585,0,0,0,0,0,0,0,0,0,0,0,0,0,0,0,0,0,0
37586,0,0,0,0,0,0,0,0,0,0,0,0,0,0,0,0,0,0
37587,0,0,0,0,0,0,0,0,0,0,0,0,0,0,0,0,0,0
37588,0,0,0,0,0,0,0,0,0,0,0,0,0,0,0,0,0,0
37589,0,0,0,0,0,0,0,0,0,0,0,0,0,0,0,0,0,0
37590,0,0,0,0,0,0,0,0,0,0,0,0,0,0,0,0,0,0
37591,0,0,0,0,0,0,0,0,0,0,0,0,0,0,0,0,0,0
37592,0,0,0,0,0,0,0,0,0,0,0,0,0,0,0,0,0,0
37593,0,0,0,0,0,0,0,0,0,0,0,0,0,0,0,0,0,0
37594,0,0,0,0,0,0,0,0,0,0,0,0,0,0,0,0,0,0
37595,0,0,0,0,0,0,0,0,0,0,0,0,0,0,0,0,0,0
37596,0,0,0,0,0,0,0,0,0,0,0,0,0,0,0,0,0,0
37597,0,0,0,0,0,0,0,0,0,0,0,0,0,0,0,0,0,0
37598,0,0,0,0,0,0,0,0,0,0,0,0,0,0,0,0,0,0
37599,0,0,0,0,0,0,0,0,0,0,0,0,0,0,0,0,0,0
37600,0,0,0,0,0,0,0,0,0,0,0,0,0,0,0,0,0,0
37601,0,0,0,0,0,0,0,0,0,0,0,0,0,0,0,0,0,0
37602,0,0,0,0,0,0,0,0,0,0,0,0,0,0,0,0,0,0
37603,0,0,0,0,0,0,0,0,0,0,0,0,0,0,0,0,0,0
37604,0,0,0,0,0,0,0,0,0,0,0,0,0,0,0,0,0,0
37605,0,0,0,0,0,0,0,0,0,0,0,0,0,0,0,0,0,0
37606,0,0,0,0,0,0,0,0,0,0,0,0,0,0,0,0,0,0
37607,0,0,0,0,0,0,0,0,0,0,0,0,0,0,0,0,0,0
37608,0,0,0,0,0,0,0,0,0,0,0,0,0,0,0,0,0,0
37609,0,0,0,0,0,0,0,0,0,0,0,0,0,0,0,0,0,0
37610,0,0,0,0,0,0,0,0,0,0,0,0,0,0,0,0,0,0
37611,0,0,0,0,0,0,0,0,0,0,0,0,0,0,0,0,0,0
37612,0,0,0,0,0,0,0,0,0,0,0,0,0,0,0,0,0,0
37613,0,0,0,0,0,0,0,0,0,0,0,0,0,0,0,0,0,0
37614,0,0,0,0,0,0,0,0,0,0,0,0,0,0,0,0,0,0
37615,0,0,0,0,0,0,0,0,0,0,0,0,0,0,0,0,0,0
37616,0,0,0,0,0,0,0,0,0,0,0,0,0,0,0,0,0,0
37617,0,0,0,0,0,0,0,0,0,0,0,0,0,0,0,0,0,0
37618,0,0,0,0,0,0,0,0,0,0,0,0,0,0,0,0,0,0
37619,0,0,0,0,0,0,0,0,0,0,0,0,0,0,0,0,0,0
37620,0,0,0,0,0,0,0,0,0,0,0,0,0,0,0,0,0,0
37621,0,0,0,0,0,0,0,0,0,0,0,0,0,0,0,0,0,0
37622,0,0,0,0,0,0,0,0,0,0,0,0,0,0,0,0,0,0
37623,0,0,0,0,0,0,0,0,0,0,0,0,0,0,0,0,0,0
37624,0,0,0,0,0,0,0,0,0,0,0,0,0,0,0,0,0,0
37625,0,0,0,0,0,0,0,0,0,0,0,0,0,0,0,0,0,0
37626,0,0,0,0,0,0,0,0,0,0,0,0,0,0,0,0,0,0
37627,0,0,0,0,0,0,0,0,0,0,0,0,0,0,0,0,0,0
37628,0,0,0,0,0,0,0,0,0,0,0,0,0,0,0,0,0,0
37629,0,0,0,0,0,0,0,0,0,0,0,0,0,0,0,0,0,0
37630,0,0,0,0,0,0,0,0,0,0,0,0,0,0,0,0,0,0
37631,0,0,0,0,0,0,0,0,0,0,0,0,0,0,0,0,0,0
37632,0,0,0,0,0,0,0,0,0,0,0,0,0,0,0,0,0,0
37633,0,0,0,0,0,0,0,0,0,0,0,0,0,0,0,0,0,0
37634,0,0,0,0,0,0,0,0,0,0,0,0,0,0,0,0,0,0
37635,0,0,0,0,0,0,0,0,0,0,0,0,0,0,0,0,0,0
37636,0,0,0,0,0,0,0,0,0,0,0,0,0,0,0,0,0,0
37637,0,0,0,0,0,0,0,0,0,0,0,0,0,0,0,0,0,0
37638,0,0,0,0,0,0,0,0,0,0,0,0,0,0,0,0,0,0
37639,0,0,0,0,0,0,0,0,0,0,0,0,0,0,0,0,0,0
37640,0,0,0,0,0,0,0,0,0,0,0,0,0,0,0,0,0,0
37641,0,0,0,0,0,0,0,0,0,0,0,0,0,0,0,0,0,0
37642,0,0,0,0,0,0,0,0,0,0,0,0,0,0,0,0,0,0
37643,0,0,0,0,0,0,0,0,0,0,0,0,0,0,0,0,0,0
37644,0,0,0,0,0,0,0,0,0,0,0,0,0,0,0,0,0,0
37645,0,0,0,0,0,0,0,0,0,0,0,0,0,0,0,0,0,0
37646,0,0,0,0,0,0,0,0,0,0,0,0,0,0,0,0,0,0
37647,0,0,0,0,0,0,0,0,0,0,0,0,0,0,0,0,0,0
37648,0,0,0,0,0,0,0,0,0,0,0,0,0,0,0,0,0,0
37649,0,0,0,0,0,0,0,0,0,0,0,0,0,0,0,0,0,0
37650,0,0,0,0,0,0,0,0,0,0,0,0,0,0,0,0,0,0
37651,0,0,0,0,0,0,0,0,0,0,0,0,0,0,0,0,0,0
37652,0,0,0,0,0,0,0,0,0,0,0,0,0,0,0,0,0,0
37653,0,0,0,0,0,0,0,0,0,0,0,0,0,0,0,0,0,0
37654,0,0,0,0,0,0,0,0,0,0,0,0,0,0,0,0,0,0
37655,0,0,0,0,0,0,0,0,0,0,0,0,0,0,0,0,0,0
37656,0,0,0,0,0,0,0,0,0,0,0,0,0,0,0,0,0,0
37657,0,0,0,0,0,0,0,0,0,0,0,0,0,0,0,0,0,0
37658,0,0,0,0,0,0,0,0,0,0,0,0,0,0,0,0,0,0
37659,0,0,0,0,0,0,0,0,0,0,0,0,0,0,0,0,0,0
37660,0,0,0,0,0,0,0,0,0,0,0,0,0,0,0,0,0,0
37661,0,0,0,0,0,0,0,0,0,0,0,0,0,0,0,0,0,0
37662,0,0,0,0,0,0,0,0,0,0,0,0,0,0,0,0,0,0
37663,0,0,0,0,0,0,0,0,0,0,0,0,0,0,0,0,0,0
37664,0,0,0,0,0,0,0,0,0,0,0,0,0,0,0,0,0,0
37665,0,0,0,0,0,0,0,0,0,0,0,0,0,0,0,0,0,0
37666,0,0,0,0,0,0,0,0,0,0,0,0,0,0,0,0,0,0
37667,0,0,0,0,0,0,0,0,0,0,0,0,0,0,0,0,0,0
37668,0,0,0,0,0,0,0,0,0,0,0,0,0,0,0,0,0,0
37669,0,0,0,0,0,0,0,0,0,0,0,0,0,0,0,0,0,0
37670,0,0,0,0,0,0,0,0,0,0,0,0,0,0,0,0,0,0
37671,0,0,0,0,0,0,0,0,0,0,0,0,0,0,0,0,0,0
37672,0,0,0,0,0,0,0,0,0,0,0,0,0,0,0,0,0,0
37673,0,0,0,0,0,0,0,0,0,0,0,0,0,0,0,0,0,0
37674,0,0,0,0,0,0,0,0,0,0,0,0,0,0,0,0,0,0
37675,0,0,0,0,0,0,0,0,0,0,0,0,0,0,0,0,0,0
37676,0,0,0,0,0,0,0,0,0,0,0,0,0,0,0,0,0,0
37677,0,0,0,0,0,0,0,0,0,0,0,0,0,0,0,0,0,0
37678,0,0,0,0,0,0,0,0,0,0,0,0,0,0,0,0,0,0
37679,0,0,0,0,0,0,0,0,0,0,0,0,0,0,0,0,0,0
37680,0,0,0,0,0,0,0,0,0,0,0,0,0,0,0,0,0,0
37681,0,0,0,0,0,0,0,0,0,0,0,0,0,0,0,0,0,0
37682,0,0,0,0,0,0,0,0,0,0,0,0,0,0,0,0,0,0
37683,0,0,0,0,0,0,0,0,0,0,0,0,0,0,0,0,0,0
37684,0,0,0,0,0,0,0,0,0,0,0,0,0,0,0,0,0,0
37685,0,0,0,0,0,0,0,0,0,0,0,0,0,0,0,0,0,0
37686,0,0,0,0,0,0,0,0,0,0,0,0,0,0,0,0,0,0
37687,0,0,0,0,0,0,0,0,0,0,0,0,0,0,0,0,0,0
37688,0,0,0,0,0,0,0,0,0,0,0,0,0,0,0,0,0,0
37689,0,0,0,0,0,0,0,0,0,0,0,0,0,0,0,0,0,0
37690,0,0,0,0,0,0,0,0,0,0,0,0,0,0,0,0,0,0
37691,0,0,0,0,0,0,0,0,0,0,0,0,0,0,0,0,0,0
37692,0,0,0,0,0,0,0,0,0,0,0,0,0,0,0,0,0,0
37693,0,0,0,0,0,0,0,0,0,0,0,0,0,0,0,0,0,0
37694,0,0,0,0,0,0,0,0,0,0,0,0,0,0,0,0,0,0
37695,0,0,0,0,0,0,0,0,0,0,0,0,0,0,0,0,0,0
37696,0,0,0,0,0,0,0,0,0,0,0,0,0,0,0,0,0,0
37697,0,0,0,0,0,0,0,0,0,0,0,0,0,0,0,0,0,0
37698,0,0,0,0,0,0,0,0,0,0,0,0,0,0,0,0,0,0
37699,0,0,0,0,0,0,0,0,0,0,0,0,0,0,0,0,0,0
37700,0,0,0,0,0,0,0,0,0,0,0,0,0,0,0,0,0,0
37701,0,0,0,0,0,0,0,0,0,0,0,0,0,0,0,0,0,0
37702,0,0,0,0,0,0,0,0,0,0,0,0,0,0,0,0,0,0
37703,0,0,0,0,0,0,0,0,0,0,0,0,0,0,0,0,0,0
37704,0,0,0,0,0,0,0,0,0,0,0,0,0,0,0,0,0,0
37705,0,0,0,0,0,0,0,0,0,0,0,0,0,0,0,0,0,0
37706,0,0,0,0,0,0,0,0,0,0,0,0,0,0,0,0,0,0
37707,0,0,0,0,0,0,0,0,0,0,0,0,0,0,0,0,0,0
37708,0,0,0,0,0,0,0,0,0,0,0,0,0,0,0,0,0,0
37709,0,0,0,0,0,0,0,0,0,0,0,0,0,0,0,0,0,0
37710,0,0,0,0,0,0,0,0,0,0,0,0,0,0,0,0,0,0
37711,0,0,0,0,0,0,0,0,0,0,0,0,0,0,0,0,0,0
37712,0,0,0,0,0,0,0,0,0,0,0,0,0,0,0,0,0,0
37713,0,0,0,0,0,0,0,0,0,0,0,0,0,0,0,0,0,0
37714,0,0,0,0,0,0,0,0,0,0,0,0,0,0,0,0,0,0
37715,0,0,0,0,0,0,0,0,0,0,0,0,0,0,0,0,0,0
37716,0,0,0,0,0,0,0,0,0,0,0,0,0,0,0,0,0,0
37717,0,0,0,0,0,0,0,0,0,0,0,0,0,0,0,0,0,0
37718,0,0,0,0,0,0,0,0,0,0,0,0,0,0,0,0,0,0
37719,0,0,0,0,0,0,0,0,0,0,0,0,0,0,0,0,0,0
37720,0,0,0,0,0,0,0,0,0,0,0,0,0,0,0,0,0,0
37721,0,0,0,0,0,0,0,0,0,0,0,0,0,0,0,0,0,0
37722,0,0,0,0,0,0,0,0,0,0,0,0,0,0,0,0,0,0
37723,0,0,0,0,0,0,0,0,0,0,0,0,0,0,0,0,0,0
37724,0,0,0,0,0,0,0,0,0,0,0,0,0,0,0,0,0,0
37725,0,0,0,0,0,0,0,0,0,0,0,0,0,0,0,0,0,0
37726,0,0,0,0,0,0,0,0,0,0,0,0,0,0,0,0,0,0
37727,0,0,0,0,0,0,0,0,0,0,0,0,0,0,0,0,0,0
37728,0,0,0,0,0,0,0,0,0,0,0,0,0,0,0,0,0,0
37729,0,0,0,0,0,0,0,0,0,0,0,0,0,0,0,0,0,0
37730,0,0,0,0,0,0,0,0,0,0,0,0,0,0,0,0,0,0
37731,0,0,0,0,0,0,0,0,0,0,0,0,0,0,0,0,0,0
37732,0,0,0,0,0,0,0,0,0,0,0,0,0,0,0,0,0,0
37733,0,0,0,0,0,0,0,0,0,0,0,0,0,0,0,0,0,0
37734,0,0,0,0,0,0,0,0,0,0,0,0,0,0,0,0,0,0
37735,0,0,0,0,0,0,0,0,0,0,0,0,0,0,0,0,0,0
37736,0,0,0,0,0,0,0,0,0,0,0,0,0,0,0,0,0,0
37737,0,0,0,0,0,0,0,0,0,0,0,0,0,0,0,0,0,0
37738,0,0,0,0,0,0,0,0,0,0,0,0,0,0,0,0,0,0
37739,0,0,0,0,0,0,0,0,0,0,0,0,0,0,0,0,0,0
37740,0,0,0,0,0,0,0,0,0,0,0,0,0,0,0,0,0,0
37741,0,0,0,0,0,0,0,0,0,0,0,0,0,0,0,0,0,0
37742,0,0,0,0,0,0,0,0,0,0,0,0,0,0,0,0,0,0
37743,0,0,0,0,0,0,0,0,0,0,0,0,0,0,0,0,0,0
37744,0,0,0,0,0,0,0,0,0,0,0,0,0,0,0,0,0,0
37745,0,0,0,0,0,0,0,0,0,0,0,0,0,0,0,0,0,0
37746,0,0,0,0,0,0,0,0,0,0,0,0,0,0,0,0,0,0
37747,0,0,0,0,0,0,0,0,0,0,0,0,0,0,0,0,0,0
37748,0,0,0,0,0,0,0,0,0,0,0,0,0,0,0,0,0,0
37749,0,0,0,0,0,0,0,0,0,0,0,0,0,0,0,0,0,0
37750,0,0,0,0,0,0,0,0,0,0,0,0,0,0,0,0,0,0
37751,0,0,0,0,0,0,0,0,0,0,0,0,0,0,0,0,0,0
37752,0,0,0,0,0,0,0,0,0,0,0,0,0,0,0,0,0,0
37753,0,0,0,0,0,0,0,0,0,0,0,0,0,0,0,0,0,0
37754,0,0,0,0,0,0,0,0,0,0,0,0,0,0,0,0,0,0
37755,0,0,0,0,0,0,0,0,0,0,0,0,0,0,0,0,0,0
37756,0,0,0,0,0,0,0,0,0,0,0,0,0,0,0,0,0,0
37757,0,0,0,0,0,0,0,0,0,0,0,0,0,0,0,0,0,0
37758,0,0,0,0,0,0,0,0,0,0,0,0,0,0,0,0,0,0
37759,0,0,0,0,0,0,0,0,0,0,0,0,0,0,0,0,0,0
37760,0,0,0,0,0,0,0,0,0,0,0,0,0,0,0,0,0,0
37761,0,0,0,0,0,0,0,0,0,0,0,0,0,0,0,0,0,0
37762,0,0,0,0,0,0,0,0,0,0,0,0,0,0,0,0,0,0
37763,0,0,0,0,0,0,0,0,0,0,0,0,0,0,0,0,0,0
37764,0,0,0,0,0,0,0,0,0,0,0,0,0,0,0,0,0,0
37765,0,0,0,0,0,0,0,0,0,0,0,0,0,0,0,0,0,0
37766,0,0,0,0,0,0,0,0,0,0,0,0,0,0,0,0,0,0
37767,0,0,0,0,0,0,0,0,0,0,0,0,0,0,0,0,0,0
37768,0,0,0,0,0,0,0,0,0,0,0,0,0,0,0,0,0,0
37769,0,0,0,0,0,0,0,0,0,0,0,0,0,0,0,0,0,0
37770,0,0,0,0,0,0,0,0,0,0,0,0,0,0,0,0,0,0
37771,0,0,0,0,0,0,0,0,0,0,0,0,0,0,0,0,0,0
37772,0,0,0,0,0,0,0,0,0,0,0,0,0,0,0,0,0,0
37773,0,0,0,0,0,0,0,0,0,0,0,0,0,0,0,0,0,0
37774,0,0,0,0,0,0,0,0,0,0,0,0,0,0,0,0,0,0
37775,0,0,0,0,0,0,0,0,0,0,0,0,0,0,0,0,0,0
37776,0,0,0,0,0,0,0,0,0,0,0,0,0,0,0,0,0,0
37777,0,0,0,0,0,0,0,0,0,0,0,0,0,0,0,0,0,0
37778,0,0,0,0,0,0,0,0,0,0,0,0,0,0,0,0,0,0
37779,0,0,0,0,0,0,0,0,0,0,0,0,0,0,0,0,0,0
37780,0,0,0,0,0,0,0,0,0,0,0,0,0,0,0,0,0,0
37781,0,0,0,0,0,0,0,0,0,0,0,0,0,0,0,0,0,0
37782,0,0,0,0,0,0,0,0,0,0,0,0,0,0,0,0,0,0
37783,0,0,0,0,0,0,0,0,0,0,0,0,0,0,0,0,0,0
37784,0,0,0,0,0,0,0,0,0,0,0,0,0,0,0,0,0,0
37785,0,0,0,0,0,0,0,0,0,0,0,0,0,0,0,0,0,0
37786,0,0,0,0,0,0,0,0,0,0,0,0,0,0,0,0,0,0
37787,0,0,0,0,0,0,0,0,0,0,0,0,0,0,0,0,0,0
37788,0,0,0,0,0,0,0,0,0,0,0,0,0,0,0,0,0,0
37789,0,0,0,0,0,0,0,0,0,0,0,0,0,0,0,0,0,0
37790,0,0,0,0,0,0,0,0,0,0,0,0,0,0,0,0,0,0
37791,0,0,0,0,0,0,0,0,0,0,0,0,0,0,0,0,0,0
37792,0,0,0,0,0,0,0,0,0,0,0,0,0,0,0,0,0,0
37793,0,0,0,0,0,0,0,0,0,0,0,0,0,0,0,0,0,0
37794,0,0,0,0,0,0,0,0,0,0,0,0,0,0,0,0,0,0
37795,0,0,0,0,0,0,0,0,0,0,0,0,0,0,0,0,0,0
37796,0,0,0,0,0,0,0,0,0,0,0,0,0,0,0,0,0,0
37797,0,0,0,0,0,0,0,0,0,0,0,0,0,0,0,0,0,0
37798,0,0,0,0,0,0,0,0,0,0,0,0,0,0,0,0,0,0
37799,0,0,0,0,0,0,0,0,0,0,0,0,0,0,0,0,0,0
37800,0,0,0,0,0,0,0,0,0,0,0,0,0,0,0,0,0,0
37801,0,0,0,0,0,0,0,0,0,0,0,0,0,0,0,0,0,0
37802,0,0,0,0,0,0,0,0,0,0,0,0,0,0,0,0,0,0
37803,0,0,0,0,0,0,0,0,0,0,0,0,0,0,0,0,0,0
37804,0,0,0,0,0,0,0,0,0,0,0,0,0,0,0,0,0,0
37805,0,0,0,0,0,0,0,0,0,0,0,0,0,0,0,0,0,0
37806,0,0,0,0,0,0,0,0,0,0,0,0,0,0,0,0,0,0
37807,0,0,0,0,0,0,0,0,0,0,0,0,0,0,0,0,0,0
37808,49213,1,49207,4,49223,2,0,0,0,0,0,0,0,0,16,3,15,3
37809,49214,1,49208,4,49224,2,0,0,0,0,0,0,0,0,14,3,17,3
37810,49214,1,49208,4,49224,2,0,0,0,0,0,0,0,0,15,3,17,3
37811,49215,1,49209,4,49225,2,0,0,0,0,0,0,0,0,16,3,14,3
37812,49216,1,49210,4,49226,2,0,0,0,0,0,0,0,0,17,3,16,3
37813,49217,1,49211,4,49227,2,0,0,0,0,0,0,0,0,18,3,16,3
37814,49218,3,49212,3,44034,1,44039,1,46246,1,0,0,0,0,19,3,18,3
37815,49219,3,49212,3,44034,1,44040,1,46246,1,0,0,0,0,19,3,18,3
37816,49220,3,49212,3,44034,1,44041,1,46246,1,0,0,0,0,19,3,18,3
37817,49221,3,49212,3,44034,1,44042,1,46246,1,0,0,0,0,19,3,18,3
37818,49222,3,49212,3,44034,1,44043,1,46246,1,0,0,0,0,19,3,18,3
37819,49234,3,49228,1,44051,1,44039,1,46246,1,0,0,0,0,19,3,18,3
37820,49235,3,49228,1,44051,1,44040,1,46246,1,0,0,0,0,19,3,18,3
37821,49236,3,49228,1,44051,1,44041,1,46246,1,0,0,0,0,19,3,18,3
37822,49237,3,49228,1,44051,1,44042,1,46246,1,0,0,0,0,19,3,18,3
37823,49238,3,49228,1,44051,1,44043,1,46246,1,0,0,0,0,19,3,18,3
37824,49239,3,49229,1,43973,2,36081,1,43978,1,36097,1,46246,1,14,3,19,3
37825,49240,3,49229,1,43976,2,36080,1,36255,1,12895,1,46246,1,14,3,19,3
37826,49241,3,49230,1,43974,2,27841,1,36256,1,12895,1,46246,1,14,3,19,3
37827,49242,3,49230,1,43972,2,36077,1,36256,1,36255,1,46246,1,14,3,19,3
37828,49243,3,49231,1,43977,2,27841,1,43985,1,36097,1,46246,1,14,3,19,3
37829,49244,3,49231,1,43977,2,27838,1,36097,1,36089,1,46246,1,14,3,19,3
37830,49245,3,49232,1,43977,2,27841,1,36263,1,4779,1,46246,1,14,3,19,3
37831,49246,3,49232,1,43976,2,27843,1,43986,1,36090,1,46246,1,14,3,19,3
37832,49247,3,49233,1,43976,2,27841,1,36097,1,36256,1,46246,1,14,3,19,3
37833,49248,3,49233,1,43977,2,27841,1,36255,1,36089,1,46246,1,14,3,19,3
37834,49249,1,49214,2,49215,1,44001,1,49220,1,46246,1,0,0,14,3,17,3
37835,49250,1,49214,4,49215,1,44062,1,49218,2,46246,2,0,0,14,3,17,3
37836,49251,1,49214,3,49215,2,44001,1,49220,2,46246,2,0,0,14,3,17,3
37837,49252,1,49213,4,49215,1,44001,1,49218,2,46246,2,0,0,16,3,15,3
37838,49253,1,49215,2,49214,3,44023,1,49219,2,46246,2,0,0,16,3,14,3
37839,49254,1,49213,3,49215,2,44001,1,49222,2,46246,2,0,0,16,3,15,3
37840,49255,1,49213,2,49215,3,44001,1,49221,2,46246,2,0,0,16,3,15,3
37841,49256,1,44050,1,49214,2,49213,3,49221,2,46246,2,0,0,19,3,18,3
37842,49257,1,44050,1,49215,2,49213,3,49222,2,46246,2,0,0,19,3,18,3
37843,49258,1,49214,4,49215,1,44001,1,49219,2,46246,2,0,0,14,3,17,3
37844,49259,1,49214,3,49215,2,44033,1,49220,2,46246,2,0,0,14,3,17,3
37845,49260,1,49214,3,49215,2,44012,1,49219,2,46246,2,0,0,14,3,17,3
37846,49261,1,49215,4,49217,1,44001,1,49222,2,46246,2,0,0,16,3,14,3
37847,49262,1,49214,4,49213,1,44001,1,49218,2,46246,2,0,0,14,3,17,3
37848,49263,1,49215,3,49214,2,44001,1,49221,2,46246,2,0,0,16,3,14,3
37849,49264,1,49214,4,49215,1,44033,1,49220,2,46246,2,0,0,14,3,17,3
37850,49265,1,49215,3,49214,2,44012,1,49219,2,46246,2,0,0,16,3,14,3
37851,49266,1,49214,4,49213,1,44012,1,49218,2,46246,2,0,0,14,3,17,3
37852,49267,1,49215,4,49214,1,44001,1,49222,2,46246,2,0,0,16,3,14,3
37853,49268,1,49214,3,49215,2,44012,1,49219,2,46246,2,0,0,14,3,17,3
37854,49269,1,44050,1,49214,3,49217,2,49221,2,46246,2,0,0,19,3,18,3
37855,49270,1,49214,1,49215,1,49220,1,46246,1,0,0,0,0,15,3,17,3
37856,49271,1,49215,1,49217,2,44001,1,49220,2,46246,1,0,0,16,3,14,3
37857,49272,1,49214,2,49217,3,44033,1,49220,2,46246,2,0,0,15,3,17,3
37858,49273,1,49214,2,49216,1,44033,1,49220,2,46246,1,0,0,15,3,17,3
37859,49274,1,49216,4,49217,1,44062,1,49220,2,46246,2,0,0,17,3,16,3
37860,49275,1,49216,2,49217,1,44023,1,49220,2,46246,1,0,0,17,3,16,3
37861,49276,1,49215,1,49217,2,44001,1,49218,2,46246,1,0,0,16,3,14,3
37862,49277,1,49214,2,49217,3,44033,1,49218,2,46246,2,0,0,15,3,17,3
37863,49278,1,49214,2,49216,1,44033,1,49218,2,46246,1,0,0,15,3,17,3
37864,49279,1,49216,4,49217,1,44062,1,49218,2,46246,2,0,0,17,3,16,3
37865,49280,1,49216,2,49217,1,44023,1,49218,2,46246,1,0,0,17,3,16,3
37866,49281,1,49215,2,49217,1,44001,1,49218,2,46246,1,0,0,16,3,14,3
37867,49282,1,49217,4,49216,1,44033,1,49218,2,46246,2,0,0,18,3,16,3
37868,49283,1,49216,2,49217,1,44062,1,49218,2,46246,1,0,0,17,3,16,3
37869,49284,1,49217,3,49216,2,44062,1,49218,2,46246,2,0,0,18,3,16,3
37870,49285,1,49216,2,49213,1,44033,1,49218,2,46246,1,0,0,17,3,16,3
37871,49286,1,49215,2,49217,1,44001,1,49219,2,46246,1,0,0,16,3,14,3
37872,49287,1,49217,4,49215,1,44033,1,49219,2,46246,2,0,0,18,3,16,3
37873,49288,1,49217,2,49215,1,44001,1,49219,2,46246,1,0,0,18,3,16,3
37874,49289,1,49216,4,49217,1,44062,1,49219,2,46246,2,0,0,17,3,16,3
37875,49290,1,49216,2,49213,1,44033,1,49219,2,46246,1,0,0,17,3,16,3
37876,49291,1,49215,2,49217,1,44001,1,49219,2,46246,1,0,0,16,3,14,3
37877,49292,1,49217,4,49215,1,44033,1,49219,2,46246,2,0,0,18,3,16,3
37878,49293,1,49217,2,49215,1,44001,1,49219,2,46246,1,0,0,18,3,16,3
37879,49294,1,49216,4,49217,1,44062,1,49219,2,46246,2,0,0,17,3,16,3
37880,49295,1,49216,2,49213,1,44033,1,49219,2,46246,1,0,0,17,3,16,3
37881,49296,1,49217,2,49216,1,44033,1,49222,2,46246,1,0,0,18,3,16,3
37882,49297,1,49217,4,49214,1,44033,1,49222,2,46246,2,0,0,18,3,16,3
37883,49298,1,49216,2,49215,1,44001,1,49222,2,46246,1,0,0,17,3,16,3
37884,49299,1,49217,3,49216,2,44033,1,49222,2,46246,2,0,0,18,3,16,3
37885,49300,1,49216,2,49213,1,44033,1,49222,2,46246,1,0,0,17,3,16,3
37886,49301,1,49217,2,49216,1,44033,1,49221,2,46246,1,0,0,18,3,16,3
37887,49302,1,49217,4,49214,1,44033,1,49221,2,46246,2,0,0,18,3,16,3
37888,49303,1,49216,2,49215,1,44001,1,49221,2,46246,1,0,0,17,3,16,3
37889,49304,1,49217,3,49216,2,44033,1,49221,2,46246,2,0,0,18,3,16,3
37890,49305,1,49216,2,49213,1,44033,1,49221,2,46246,1,0,0,17,3,16,3
37891,49306,1,49215,1,49214,1,44012,1,49220,1,46246,1,0,0,16,3,14,3
37892,49307,1,49215,1,49214,1,44012,1,49218,1,46246,1,0,0,16,3,14,3
37893,49308,1,49215,1,49214,1,44012,1,49219,1,46246,1,0,0,16,3,14,3
37894,49309,1,49215,1,49214,1,44012,1,49222,1,46246,1,0,0,16,3,14,3
37895,49310,1,49215,1,49214,1,44012,1,49221,1,46246,1,0,0,16,3,14,3
37896,49311,1,49217,1,49216,1,44012,1,49220,1,46246,1,0,0,18,3,16,3
37897,49312,1,49217,1,49216,1,44012,1,49218,1,46246,1,0,0,18,3,16,3
37898,49313,1,49217,1,49216,1,44012,1,49219,1,46246,1,0,0,18,3,16,3
37899,49314,1,49217,1,49216,1,44012,1,49222,1,46246,1,0,0,18,3,16,3
37900,49315,1,49217,1,49216,1,44012,1,49221,1,46246,1,0,0,18,3,16,3
37901,49316,1,49215,1,49214,1,44012,1,49220,1,46246,1,0,0,16,3,14,3
37902,49317,1,49215,1,49214,1,44012,1,49218,1,46246,1,0,0,16,3,14,3
37903,49318,1,49215,1,49214,1,44012,1,49219,1,46246,1,0,0,16,3,14,3
37904,49319,1,49215,1,49214,1,44012,1,49222,1,46246,1,0,0,16,3,14,3
37905,49320,1,49215,1,49214,1,44012,1,49221,1,46246,1,0,0,16,3,14,3
37906,49321,1,49215,1,49214,1,44012,1,49220,1,46246,1,0,0,16,3,14,3
37907,49322,1,49215,1,49214,1,44012,1,49218,1,46246,1,0,0,16,3,14,3
37908,49323,1,49215,1,49214,1,44012,1,49219,1,46246,1,0,0,16,3,14,3
37909,49324,1,49215,1,49214,1,44012,1,49222,1,46246,1,0,0,16,3,14,3
37910,49325,1,49215,1,49214,1,44012,1,49221,1,46246,1,0,0,16,3,14,3
37911,49843,1,49783,1,45975,2,45976,2,44012,2,0,0,0,0,15,3,17,3
37912,50449,1,49783,1,45975,2,45977,2,45976,1,0,0,0,0,15,3,17,3
37913,50252,1,50830,1,45976,1,45975,2,0,0,0,0,0,0,16,3,14,3
37914,50253,1,50830,1,45978,3,45975,1,0,0,0,0,0,0,18,3,16,3
37915,50254,1,50830,1,45977,2,45975,1,0,0,0,0,0,0,17,3,16,3
37916,50255,1,50830,1,45978,3,45975,1,0,0,0,0,0,0,18,3,16,3
37917,50256,1,50830,1,45977,2,45975,1,0,0,0,0,0,0,17,3,16,3
37918,0,0,0,0,0,0,0,0,0,0,0,0,0,0,0,0,0,0
37919,0,0,0,0,0,0,0,0,0,0,0,0,0,0,0,0,0,0
37920,0,0,0,0,0,0,0,0,0,0,0,0,0,0,0,0,0,0
37921,0,0,0,0,0,0,0,0,0,0,0,0,0,0,0,0,0,0
37922,0,0,0,0,0,0,0,0,0,0,0,0,0,0,0,0,0,0
37923,0,0,0,0,0,0,0,0,0,0,0,0,0,0,0,0,0,0
37924,0,0,0,0,0,0,0,0,0,0,0,0,0,0,0,0,0,0
37925,0,0,0,0,0,0,0,0,0,0,0,0,0,0,0,0,0,0
37926,0,0,0,0,0,0,0,0,0,0,0,0,0,0,0,0,0,0
37927,0,0,0,0,0,0,0,0,0,0,0,0,0,0,0,0,0,0
37928,0,0,0,0,0,0,0,0,0,0,0,0,0,0,0,0,0,0
37929,0,0,0,0,0,0,0,0,0,0,0,0,0,0,0,0,0,0
37930,0,0,0,0,0,0,0,0,0,0,0,0,0,0,0,0,0,0
37931,0,0,0,0,0,0,0,0,0,0,0,0,0,0,0,0,0,0
37932,0,0,0,0,0,0,0,0,0,0,0,0,0,0,0,0,0,0
37933,0,0,0,0,0,0,0,0,0,0,0,0,0,0,0,0,0,0
37934,0,0,0,0,0,0,0,0,0,0,0,0,0,0,0,0,0,0
37935,0,0,0,0,0,0,0,0,0,0,0,0,0,0,0,0,0,0
37936,0,0,0,0,0,0,0,0,0,0,0,0,0,0,0,0,0,0
37937,0,0,0,0,0,0,0,0,0,0,0,0,0,0,0,0,0,0
37938,0,0,0,0,0,0,0,0,0,0,0,0,0,0,0,0,0,0
37939,0,0,0,0,0,0,0,0,0,0,0,0,0,0,0,0,0,0
37940,0,0,0,0,0,0,0,0,0,0,0,0,0,0,0,0,0,0
37941,0,0,0,0,0,0,0,0,0,0,0,0,0,0,0,0,0,0
37942,0,0,0,0,0,0,0,0,0,0,0,0,0,0,0,0,0,0
37943,0,0,0,0,0,0,0,0,0,0,0,0,0,0,0,0,0,0
37944,0,0,0,0,0,0,0,0,0,0,0,0,0,0,0,0,0,0
37945,0,0,0,0,0,0,0,0,0,0,0,0,0,0,0,0,0,0
37946,0,0,0,0,0,0,0,0,0,0,0,0,0,0,0,0,0,0
37947,0,0,0,0,0,0,0,0,0,0,0,0,0,0,0,0,0,0
37948,0,0,0,0,0,0,0,0,0,0,0,0,0,0,0,0,0,0
37949,0,0,0,0,0,0,0,0,0,0,0,0,0,0,0,0,0,0
37950,0,0,0,0,0,0,0,0,0,0,0,0,0,0,0,0,0,0
37951,0,0,0,0,0,0,0,0,0,0,0,0,0,0,0,0,0,0
37952,0,0,0,0,0,0,0,0,0,0,0,0,0,0,0,0,0,0
37953,0,0,0,0,0,0,0,0,0,0,0,0,0,0,0,0,0,0
37954,0,0,0,0,0,0,0,0,0,0,0,0,0,0,0,0,0,0
37955,0,0,0,0,0,0,0,0,0,0,0,0,0,0,0,0,0,0
37956,0,0,0,0,0,0,0,0,0,0,0,0,0,0,0,0,0,0
37957,0,0,0,0,0,0,0,0,0,0,0,0,0,0,0,0,0,0
37958,0,0,0,0,0,0,0,0,0,0,0,0,0,0,0,0,0,0
37959,0,0,0,0,0,0,0,0,0,0,0,0,0,0,0,0,0,0
37960,0,0,0,0,0,0,0,0,0,0,0,0,0,0,0,0,0,0
37961,0,0,0,0,0,0,0,0,0,0,0,0,0,0,0,0,0,0
37962,0,0,0,0,0,0,0,0,0,0,0,0,0,0,0,0,0,0
37963,0,0,0,0,0,0,0,0,0,0,0,0,0,0,0,0,0,0
37964,0,0,0,0,0,0,0,0,0,0,0,0,0,0,0,0,0,0
37965,0,0,0,0,0,0,0,0,0,0,0,0,0,0,0,0,0,0
37966,0,0,0,0,0,0,0,0,0,0,0,0,0,0,0,0,0,0
37967,0,0,0,0,0,0,0,0,0,0,0,0,0,0,0,0,0,0
37968,0,0,0,0,0,0,0,0,0,0,0,0,0,0,0,0,0,0
37969,0,0,0,0,0,0,0,0,0,0,0,0,0,0,0,0,0,0
37970,0,0,0,0,0,0,0,0,0,0,0,0,0,0,0,0,0,0
37971,0,0,0,0,0,0,0,0,0,0,0,0,0,0,0,0,0,0
37972,0,0,0,0,0,0,0,0,0,0,0,0,0,0,0,0,0,0
37973,0,0,0,0,0,0,0,0,0,0,0,0,0,0,0,0,0,0
37974,0,0,0,0,0,0,0,0,0,0,0,0,0,0,0,0,0,0
37975,0,0,0,0,0,0,0,0,0,0,0,0,0,0,0,0,0,0
37976,0,0,0,0,0,0,0,0,0,0,0,0,0,0,0,0,0,0
37977,0,0,0,0,0,0,0,0,0,0,0,0,0,0,0,0,0,0
37978,0,0,0,0,0,0,0,0,0,0,0,0,0,0,0,0,0,0
37979,0,0,0,0,0,0,0,0,0,0,0,0,0,0,0,0,0,0
37980,0,0,0,0,0,0,0,0,0,0,0,0,0,0,0,0,0,0
37981,0,0,0,0,0,0,0,0,0,0,0,0,0,0,0,0,0,0
37982,0,0,0,0,0,0,0,0,0,0,0,0,0,0,0,0,0,0
37983,0,0,0,0,0,0,0,0,0,0,0,0,0,0,0,0,0,0
37984,0,0,0,0,0,0,0,0,0,0,0,0,0,0,0,0,0,0
37985,0,0,0,0,0,0,0,0,0,0,0,0,0,0,0,0,0,0
37986,0,0,0,0,0,0,0,0,0,0,0,0,0,0,0,0,0,0
37987,0,0,0,0,0,0,0,0,0,0,0,0,0,0,0,0,0,0
37988,0,0,0,0,0,0,0,0,0,0,0,0,0,0,0,0,0,0
37989,0,0,0,0,0,0,0,0,0,0,0,0,0,0,0,0,0,0
37990,0,0,0,0,0,0,0,0,0,0,0,0,0,0,0,0,0,0
37991,0,0,0,0,0,0,0,0,0,0,0,0,0,0,0,0,0,0
37992,0,0,0,0,0,0,0,0,0,0,0,0,0,0,0,0,0,0
37993,0,0,0,0,0,0,0,0,0,0,0,0,0,0,0,0,0,0
37994,0,0,0,0,0,0,0,0,0,0,0,0,0,0,0,0,0,0
37995,0,0,0,0,0,0,0,0,0,0,0,0,0,0,0,0,0,0
37996,0,0,0,0,0,0,0,0,0,0,0,0,0,0,0,0,0,0
37997,0,0,0,0,0,0,0,0,0,0,0,0,0,0,0,0,0,0
37998,0,0,0,0,0,0,0,0,0,0,0,0,0,0,0,0,0,0
37999,0,0,0,0,0,0,0,0,0,0,0,0,0,0,0,0,0,0
38000,0,0,0,0,0,0,0,0,0,0,0,0,0,0,0,0,0,0