id,name
0,
1,Gil
2,火之碎晶
3,冰之碎晶
4,風之碎晶
5,土之碎晶
6,雷之碎晶
7,水之碎晶
8,火之水晶
9,冰之水晶
10,風之水晶
11,土之水晶
12,雷之水晶
13,水之水晶
14,火之晶簇
15,冰之晶簇
16,風之晶簇
17,土之晶簇
18,雷之晶簇
19,水之晶簇
20,黑渦團軍票
21,雙蛇黨軍票
22,不滅隊軍票
23,亞拉戈哲學神典石
24,亞拉戈神話神典石
25,狼印戰績
26,亞拉戈戰記神典石
27,同盟徽章
28,亞拉戈詩學神典石
29,金碟幣
30,亞拉戈法典神典石
31,亞拉戈禁書神典石
32,亞拉戈傳承神典石
33,亞拉戈聖典神典石
34,亞拉戈真理神典石
35,亞拉戈萬物神典石
36,亞拉戈虛構神典石
37,亞拉戈創世神典石
38,亞拉戈魔典神典石
39,亞拉戈幻想神典石
40,亞拉戈奇譚神典石
41,亞拉戈默示神典石
42,亞拉戈經典神典石
43,亞拉戈天文神典石
44,亞拉戈因果神典石
45,亞拉戈神曲神典石
46,亞拉戈美學神典石
47,
48,
49,
50,
51,
52,
53,
54,
55,
56,
57,
58,
59,
60,
61,
62,
63,
64,
65,
66,
67,
68,
69,
70,
71,
72,
73,
74,
75,
76,
77,
78,
79,
80,
81,
82,
83,
84,
85,
86,
87,
88,
89,
90,
91,
92,
93,
94,
95,
96,
97,
98,
99,
100,過期青銅步兵劍
101,過期青銅小刀
102,過期青銅騎兵劍
103,過期失明小刀
104,過期寂靜小刀
105,過期黃銅步兵劍
106,過期黃銅小刀
107,過期麻痺小刀
108,過期昏睡小刀
109,過期梣木石刃棒
110,過期黑鐵步兵劍
111,過期黑鐵小刀
112,過期黑鐵騎兵劍
113,過期狂熱小刀
114,過期出血小刀
115,過期榆木石刃棒
116,過期蜂蠟騎兵劍
117,過期黑鐵彎刃刀
118,過期黑鐵短劍
119,過期胡桃石刃棒
120,過期黑鐵長劍
121,過期鋸齒彎刃刀
122,過期白羽橡木石刃棒
123,過期橡木石刃棒
124,過期獸骨骨拳
125,過期水牛護拳
126,過期金屬指虎
127,過期渡渡鳥鋼拳
128,過期黃銅指虎
129,過期龜甲骨拳
130,過期蟾蜍鋼拳
131,過期鐵甲指虎
132,過期野豬護拳
133,過期黑鐵虎爪
134,過期蟹甲骨拳
135,過期窒息虎爪
136,過期停心虎爪
137,過期毒蜥蜴革鋼拳
138,過期翡翠護拳
139,過期青銅戰斧
140,過期青銅雙刃斧
141,過期青銅刺柄雙刃斧
142,過期風暴戰斧
143,過期黑鐵戰斧
144,過期黑鐵雙刃斧
145,過期黑鐵刺柄雙刃斧
146,過期業火戰斧
147,過期黑鐵長刃斧
148,過期青銅巨斧
149,過期黑鐵鉤斧
150,過期雷暴戰斧
151,過期雕紋長刃斧
152,過期青銅長槍
153,過期獸骨漁槍
154,過期犬牙漁槍
155,過期黃銅長槍
156,過期黑鐵長槍
157,過期黑鐵騎槍
158,過期龜甲漁槍
159,過期黑鐵戰戈
160,過期黑鐵戰叉
161,過期黑鐵重騎槍
162,過期蟹甲漁槍
163,過期貴族戰戈
164,過期方旗騎槍
165,過期黑鐵戰戟
166,過期柳木短弓
167,過期楓木長弓
168,過期榆木短弓
169,過期雪松騎兵弓
170,過期革裝楓木長弓
171,過期白羽柳木短弓
172,過期柳木複合弓
173,過期黑鐵騎兵弓
174,過期梣木長弓
175,過期高速榆木短弓
176,過期甲蟲複合弓
177,過期裝甲騎兵弓
178,過期革裝梣木長弓
179,過期橡木複合弓
180,過期紫杉長弓
181,過期蟹甲複合弓
182,過期楓木幻杖
183,過期綠葉楓木幻杖
184,過期火華楓木幻杖
185,過期風華楓木幻杖
186,過期雷華楓木幻杖
187,過期土華楓木幻杖
188,過期水華楓木幻杖
189,過期冰華楓木幻杖
190,過期柳木幻杖
191,過期綠葉柳木幻杖
192,過期火華柳木幻杖
193,過期風華柳木幻杖
194,過期雷華柳木幻杖
195,過期土華柳木幻杖
196,過期水華柳木幻杖
197,過期冰華柳木幻杖
198,過期胡桃幻杖
199,過期綠葉胡桃幻杖
200,過期火華胡桃幻杖
201,過期風華胡桃幻杖
202,過期雷華胡桃幻杖
203,過期土華胡桃幻杖
204,過期水華胡桃幻杖
205,過期冰華胡桃幻杖
206,過期梣木牧杖
207,過期榆木牧杖
208,過期松木手杖
209,過期銅鈴榆木牧杖
210,過期白羽手杖
211,過期紅木根杖
212,過期橡木牧杖
213,過期明燈根杖
214,過期紫杉手杖
215,過期妖花根杖
216,過期銅鈴橡木牧杖
217,過期黑羽手杖
218,過期翡翠手杖
219,過期紅銅咒杖
220,過期黃銅咒杖
221,過期黃銅咒錘
222,過期白銀咒杖
223,過期條紋咒角
224,過期熏銀咒杖
225,過期黑鐵咒錘
226,過期綠金咒杖
227,過期風華咒角
228,過期土華咒角
229,過期雷華咒角
230,過期寒冰烙印
231,過期火華咒角
232,過期水華咒角
233,過期獸骨長杖
234,過期蟹甲獸骨長杖
235,過期獸角長杖
236,過期蟹甲獸角長杖
237,過期楓木方盾
238,過期青銅重盾
239,過期栗木圓盾
240,過期青銅小圓盾
241,過期梣木方盾
242,過期綿羊皮盾
243,過期青銅輕盾
244,過期漩渦圓盾
245,過期鑲鐵小圓盾
246,過期青銅步兵盾
247,過期黑鐵重盾
248,過期橡木圓盾
249,過期水牛皮盾
250,過期鑲銀小圓盾
251,過期機關盾
252,過期黑鐵步兵盾
253,過期黑鐵輕盾
254,過期海蛇圓盾
255,過期佩劍機關盾
256,過期盜龍皮盾
257,過期鑲銀步兵盾
258,過期公牛重盾
259,過期青銅手鋸
260,過期陸行鳥手鋸
261,過期魚腥手鋸
262,過期黑鐵手鋸
263,過期黑鐵雕紋手鋸
264,過期橫切手鋸
265,過期黑鐵陸行鳥手鋸
266,過期青銅羊角錘
267,過期黑鐵羊角錘
268,過期白鋼羊角錘
269,過期青銅橫頭錘
270,過期青銅鳥嘴錘
271,過期加強鳥嘴錘
272,過期黑鐵橫頭錘
273,過期黑鐵鳥嘴錘
274,過期革柄鳥嘴錘
275,過期加重鳥嘴錘
276,過期青銅銼刀
277,過期黑鐵銼刀
278,過期拋光黑鐵銼刀
279,過期青銅甲冑錘
280,過期青銅圓頭錘
281,過期錫銅圓頭錘
282,過期黑鐵甲冑錘
283,過期黑鐵圓頭錘
284,過期革柄圓頭錘
285,過期加重圓頭錘
286,過期青銅手鉗
287,過期黑鐵手鉗
288,過期白鋼手鉗
289,過期青銅金工錘
290,過期青銅裝飾錘
291,過期錫銅裝飾錘
292,過期黑鐵金工錘
293,過期加強裝飾錘
294,過期黑鐵裝飾錘
295,過期白鋼金工錘
296,過期泥岩砂輪機
297,過期砂岩砂輪機
298,過期粉岩砂輪機
299,過期青銅裁皮刀
300,過期黃銅裁皮刀
301,過期加重裁皮刀
302,過期黑鐵圓革刀
303,過期黑鐵裁皮刀
304,過期熏銀裁皮刀
305,過期白鋼圓革刀
306,過期青銅平斬
307,過期黑鐵平斬
308,過期白鋼平斬
309,過期青銅縫針
310,過期針鼴針
311,過期黑鐵縫針
312,過期白銀縫針
313,過期白鋼縫針
314,過期仙人針
315,過期楓木紡車
316,過期榆木紡車
317,過期胡桃紡車
318,過期橡木紡車
319,過期紅銅蒸餾器
320,過期黃銅蒸餾器
321,過期錫製蒸餾器
322,過期黑鐵蒸餾器
323,過期特製蒸餾器
324,過期白銀蒸餾器
325,過期熱能蒸餾器
326,過期青銅研缽
327,過期黑鐵研缽
328,過期白鋼研缽
329,過期青銅平底鍋
330,過期黑鐵平底鍋
331,過期純白平底鍋
332,過期皇家平底鍋
333,過期黑鐵煎鍋
334,過期白鋼平底鍋
335,過期炸彈煎鍋
336,過期青銅廚刀
337,過期黑鐵廚刀
338,過期秘銀廚刀
339,過期青銅十字鎬
340,過期白羽十字鎬
341,過期灰羽十字鎬
342,過期鐵十字鎬
343,過期拋光十字鎬
344,過期渡渡十字鎬
345,過期黑鐵十字鎬
346,過期青銅碎石錘
347,過期黑鐵碎石錘
348,過期秘銀碎石錘
349,過期青銅手斧
350,過期陸行鳥手斧
351,過期灰羽手斧
352,過期黃銅手斧
353,過期黑鐵手斧
354,過期白鋼手斧
355,過期兀鷲手斧
356,過期青銅鐮刀
357,過期黑鐵鐮刀
358,過期白鋼鐮刀
359,過期梣木釣竿
360,過期柳木釣竿
361,過期松木釣竿
362,過期竹製釣竿
363,過期藤製釣竿
364,過期紫杉釣竿
365,過期獸角釣竿
366,風化兜帽
367,風化貝雷帽
368,風化眼鏡
369,風化頭巾
370,風化遮陽帽
371,風化沙灘帽
372,過期草布兜帽
373,過期草布兜帽（棕褐）
374,過期草布兜帽（鉛灰）
375,過期草布兜帽（土黃）
376,過期草帽
377,過期草布頭巾
378,過期草布頭巾（土黃）
379,過期草布頭巾（棕褐）
380,過期草布頭巾（鉛灰）
381,過期草布圍巾
382,過期草布圍巾（鉛灰）
383,過期草布圍巾（土黃）
384,過期草布圍巾（棕褐）
385,過期草布貝雷帽
386,過期草布貝雷帽（棕褐）
387,過期草布貝雷帽（鉛灰）
388,過期草布貝雷帽（土黃）
389,過期草布寬邊帽
390,過期草布寬邊帽（棕褐）
391,過期草布寬邊帽（鉛灰）
392,過期草布寬邊帽（土黃）
393,過期柳桉半假面
394,過期牛皮草帽
395,過期草布包頭巾
396,過期草布包頭巾（棕褐）
397,過期草布包頭巾（鉛灰）
398,過期草布包頭巾（土黃）
399,過期羊皮突騎帽
400,過期羊皮突騎帽（灰褐）
401,過期羊皮突騎帽（灰黑）
402,過期草布狩獵帽（棕褐）
403,過期草布狩獵帽（鉛灰）
404,過期草布狩獵帽（土黃）
405,過期羊皮盔帽
406,過期草布圓錐帽
407,過期草布圓錐帽（鉛灰）
408,過期草布圓錐帽（棕褐）
409,過期棉布兜帽
410,過期棉布兜帽（朱紅）
411,過期草布兜帽（淡黃）
412,過期草布兜帽（橄欖綠）
413,過期草布兜帽（天藍）
414,過期紅銅眼鏡
415,過期風化眼鏡（黑色）
416,過期風化眼鏡（綠色）
417,過期紅銅頭冠（日長石）
418,過期紅銅頭冠（天青石）
419,過期紅銅頭冠（榍石）
420,過期紅銅頭冠（孔雀石）
421,過期紅銅頭冠（螢石）
422,過期紅銅頭冠（賽黃晶）
423,過期棉布頭巾
424,過期棉布頭巾（朱紅）
425,過期棉布頭巾（淡黃）
426,過期棉布頭巾（橄欖綠）
427,過期棉布頭巾（天藍）
428,過期紅銅開面盔
429,過期棉布圍巾
430,過期棉布圍巾（朱紅）
431,過期棉布圍巾（淡黃）
432,過期棉布圍巾（橄欖綠）
433,過期棉布圍巾（天藍）
434,過期棉布貝雷帽
435,過期棉布貝雷帽（橄欖綠）
436,過期棉布貝雷帽（朱紅）
437,過期棉布貝雷帽（淡黃）
438,過期棉布貝雷帽（天藍）
439,過期青銅角盔
440,過期青銅護目鏡
441,過期青銅護目鏡（黃色）
442,過期青銅護目鏡（黑色）
443,過期青銅作業眼鏡
444,過期柳木半假面
445,過期焦油草帽
446,過期棉布包頭巾
447,過期棉布包頭巾（朱紅）
448,過期棉布包頭巾（淡黃）
449,過期棉布包頭巾（橄欖綠）
450,過期棉布包頭巾（天藍）
451,過期渡渡鳥皮突騎帽
452,過期渡渡鳥皮突騎帽（深黑）
453,過期棉布狩獵帽
454,過期棉布狩獵帽（朱紅）
455,過期棉布狩獵帽（淡黃）
456,過期棉布狩獵帽（橄欖綠）
457,過期棉布狩獵帽（天藍）
458,過期青銅騎兵頭盔
459,過期渡渡鳥皮盔帽
460,過期渡渡鳥皮盔帽（深黑）
461,過期棉布圓錐帽（朱紅）
462,過期棉布圓錐帽（橄欖綠）
463,過期棉布圓錐帽（天藍）
464,過期帆布兜帽
465,過期帆布兜帽（枯黃）
466,過期帆布兜帽（粉紅）
467,過期帆布兜帽（赭石）
468,過期帆布兜帽（靛藍）
469,過期黃銅眼鏡
470,過期黃銅眼鏡（黃色）
471,過期黃銅頭冠（日長石）
472,過期黃銅頭冠（天青石）
473,過期黃銅頭冠（榍石）
474,過期黃銅頭冠（孔雀石）
475,過期黃銅頭冠（螢石）
476,過期黃銅頭冠（賽黃晶）
477,過期帆布頭巾
478,過期帆布頭巾（枯黃）
479,過期帆布頭巾（粉紅）
480,過期帆布頭巾（赭石）
481,過期帆布頭巾（靛藍）
482,過期青銅開面盔
483,過期帆布貝雷帽
484,過期帆布貝雷帽（枯黃）
485,過期帆布貝雷帽（粉紅）
486,過期帆布貝雷帽（赭石）
487,過期帆布貝雷帽（靛藍）
488,過期黃銅護目鏡（紅色）
489,過期黃銅護目鏡（綠色）
490,過期衝鋒角盔
491,過期帆布寬邊帽
492,過期帆布寬邊帽（枯黃）
493,過期帆布寬邊帽（粉紅）
494,過期帆布寬邊帽（赭石）
495,過期帆布寬邊帽（靛藍）
496,過期黑鐵作業眼鏡
497,過期橡木半假面
498,過期青銅鎖甲頭罩
499,過期釣魚帽
500,過期釣魚帽（朱紅）
501,過期釣魚帽（淡黃）
502,過期釣魚帽（橄欖綠）
503,過期釣魚帽（天藍）
504,過期牛皮突騎帽（漆黑）
505,過期牛皮突騎帽（赭紅）
506,過期牛皮突騎帽（苔綠）
507,過期牛皮突騎帽（深紅）
508,過期帆布狩獵帽
509,過期帆布狩獵帽（枯黃）
510,過期帆布狩獵帽（粉紅）
511,過期帆布狩獵帽（赭石）
512,過期帆布狩獵帽（靛藍）
513,過期黃銅騎兵頭盔
514,過期牛皮盔帽（深黑）
515,過期牛皮盔帽（赭紅）
516,過期牛皮盔帽（苔綠）
517,過期牛皮盔帽（深紅）
518,過期帆布無簷帽
519,過期帆布無簷帽（枯黃）
520,過期帆布無簷帽（粉紅）
521,過期帆布無簷帽（赭石）
522,過期帆布無簷帽（靛藍）
523,過期棉絨兜帽
524,過期棉絨兜帽（烏黑）
525,過期棉絨兜帽（酒紅）
526,過期棉絨兜帽（藤黃）
527,過期棉絨兜帽（深綠）
528,過期白銀眼鏡
529,過期白銀眼鏡（黃色）
530,過期白銀頭冠（石榴石）
531,過期白銀頭冠（海藍石）
532,過期白銀頭冠（金綠柱石）
533,過期白銀頭冠（橄欖石）
534,過期白銀頭冠（紫水晶）
535,過期白銀頭冠（透綠柱石）
536,過期黑鐵開面盔
537,過期棉絨圍巾
538,過期棉絨圍巾（烏黑）
539,過期棉絨圍巾（酒紅）
540,過期棉絨圍巾（藤黃）
541,過期棉絨圍巾（深綠）
542,過期棉絨貝雷帽
543,過期棉絨貝雷帽（烏黑）
544,過期棉絨貝雷帽（酒紅）
545,過期棉絨貝雷帽（藤黃）
546,過期棉絨貝雷帽（深綠）
547,過期黑鐵護目鏡（紅色）
548,過期黑鐵護目鏡（綠色）
549,過期黑鐵角盔
550,過期棉絨寬邊帽
551,過期棉絨寬邊帽（烏黑）
552,過期棉絨寬邊帽（酒紅）
553,過期棉絨寬邊帽（藤黃）
554,過期棉絨寬邊帽（深綠）
555,過期白銀作業眼鏡
556,過期紫杉半假面
557,過期黑鐵鎖甲頭罩
558,過期青銅頭盔
559,過期棉絨包頭巾
560,過期棉絨包頭巾（烏黑）
561,過期棉絨包頭巾（酒紅）
562,過期棉絨包頭巾（藤黃）
563,過期棉絨包頭巾（深綠）
564,過期棉絨狩獵帽
565,過期棉絨狩獵帽（烏黑）
566,過期棉絨狩獵帽（酒紅）
567,過期棉絨狩獵帽（藤黃）
568,過期棉絨狩獵帽（深綠）
569,過期巨蟾蜍皮盔帽（日長石）
570,過期巨蟾蜍皮盔帽（天青石）
571,過期巨蟾蜍皮盔帽（榍石）
572,過期巨蟾蜍皮盔帽（孔雀石）
573,過期巨蟾蜍皮盔帽（螢石）
574,過期巨蟾蜍皮盔帽（賽黃晶）
575,過期棉絨圓錐帽（烏黑）
576,過期棉絨圓錐帽（酒紅）
577,過期棉絨圓錐帽（深綠）
578,過期棉絨無簷帽
579,過期棉絨無簷帽（烏黑）
580,過期棉絨無簷帽（酒紅）
581,過期棉絨無簷帽（藤黃）
582,過期棉絨無簷帽（深綠）
583,過期熏銀頭冠（石榴石）
584,過期熏銀頭冠（海藍石）
585,過期熏銀頭冠（金綠柱石）
586,過期熏銀頭冠（橄欖石）
587,過期熏銀頭冠（紫水晶）
588,過期熏銀頭冠（透綠柱石）
589,過期胡桃木假面
590,過期開面罩盔
591,過期廚帽
592,過期廚帽（烏黑）
593,過期廚帽（酒紅）
594,過期廚帽（藤黃）
595,過期廚帽（深綠）
596,過期黑鐵衝鋒角盔
597,過期騎兵鎖甲頭罩
598,過期騎兵鎖甲頭罩（深紅）
599,過期騎兵鎖甲頭罩（漆黑）
600,過期騎兵鎖甲頭罩（赭紅）
601,過期騎兵鎖甲頭罩（苔綠）
602,過期綠金頭冠（紅電氣石）
603,過期綠金頭冠（綠松石）
604,過期綠金頭冠（琥珀）
605,過期綠金頭冠（電氣石）
606,過期綠金頭冠（尖晶石）
607,過期綠金頭冠（鋯石）
608,過期黑鐵頭盔
609,過期黑鐵頭盔（綠色）
610,過期黑鐵頭盔（茶色）
611,過期亞麻無簷帽
612,過期亞麻無簷帽（玫瑰紅）
613,過期亞麻無簷帽（深藍）
614,過期亞麻無簷帽（栗棕）
615,過期亞麻無簷帽（桔黃）
616,風化工作服
617,風化長袍
618,風化厚袍
619,風化厚袍（灰）
620,風化長外衣（灰）
621,風化長外衣（紅）
622,風化束腰獵衣
623,風化襯衫
624,風化棉甲
625,風化皮衣
626,風化短袖罩衣
627,風化工作坎肩
628,風化短袍
629,過期草布厚袍
630,過期草布厚袍（棕褐）
631,過期草布厚袍（鉛灰）
632,過期草布厚袍（土黃）
633,過期草布束腰衣
634,過期草布束腰衣（棕褐）
635,過期草布束腰衣（土黃）
636,過期草布束腰衣（鉛灰）
637,過期草布短袍
638,過期草布短袍（棕褐）
639,過期草布短袍（土黃）
640,過期草布短袍（鉛灰）
641,過期草布長外衣
642,過期草布長外衣（棕褐）
643,過期草布長外衣（鉛灰）
644,過期草布長外衣（土黃）
645,過期草布工作坎肩
646,過期草布工作坎肩（棕褐）
647,過期草布工作坎肩（土黃）
648,過期草布工作坎肩（鉛灰）
649,過期草布短袖罩衣
650,過期草布短袖罩衣（棕褐）
651,過期草布短袖罩衣（土黃）
652,過期草布短袖罩衣（鉛灰）
653,過期草布工作服
654,過期草布工作服（棕褐）
655,過期草布工作服（鉛灰）
656,過期草布工作服（土黃）
657,過期草布長袍
658,過期草布長袍（棕褐）
659,過期草布長袍（鉛灰）
660,過期草布長袍（土黃）
661,過期草布束腰牧衣
662,過期草布束腰牧衣（棕褐）
663,過期草布束腰牧衣（鉛灰）
664,過期草布束腰牧衣（土黃）
665,過期草布襯衫
666,過期草布襯衫（棕褐）
667,過期草布襯衫（鉛灰）
668,過期草布襯衫（土黃）
669,過期草布束腰獵衣（棕褐）
670,過期草布束腰獵衣（鉛灰）
671,過期草布束腰獵衣（土黃）
672,過期草布棉甲（鉛灰）
673,過期草布棉甲（土黃）
674,過期草布棉甲（棕褐）
675,過期棉布厚袍
676,過期棉布厚袍（朱紅）
677,過期棉布厚袍（淡黃）
678,過期棉布厚袍（橄欖綠）
679,過期棉布厚袍（天藍）
680,過期棉布束腰衣
681,過期棉布束腰衣（橄欖綠）
682,過期棉布束腰衣（天藍）
683,過期棉布束腰衣（朱紅）
684,過期棉布束腰衣（淡黃）
685,過期棉布短袍
686,過期棉布短袍（橄欖綠）
687,過期棉布短袍（天藍）
688,過期棉布短袍（朱紅）
689,過期棉布短袍（淡黃）
690,過期青銅鏈甲（草布）
691,過期青銅鏈甲（棕褐）
692,過期青銅鏈甲（鉛灰）
693,過期青銅鏈甲（土黃）
694,過期羊皮格鬥服（灰褐）
695,過期羊皮格鬥服（灰黑）
696,過期棉布長外衣
697,過期棉布長外衣（朱紅）
698,過期棉布長外衣（淡黃）
699,過期棉布長外衣（橄欖綠）
700,過期棉布長外衣（天藍）
701,過期棉布工作坎肩
702,過期棉布工作坎肩（橄欖綠）
703,過期棉布工作坎肩（天藍）
704,過期棉布工作坎肩（朱紅）
705,過期棉布工作坎肩（淡黃）
706,過期獸骨鱗鎧（灰黑）
707,過期獸骨鱗鎧（灰褐）
708,過期草布僧袍
709,過期草布僧袍（土黃）
710,過期草布僧袍（鉛灰）
711,過期草布僧袍（棕褐）
712,過期溝鼠皮甲
713,過期松鼠皮甲
714,過期栗鼠皮甲
715,過期棉布短袖罩衣
716,過期棉布短袖罩衣（橄欖綠）
717,過期棉布短袖罩衣（天藍）
718,過期棉布短袖罩衣（朱紅）
719,過期棉布短袖罩衣（淡黃）
720,過期棉布工作服
721,過期棉布工作服（朱紅）
722,過期棉布工作服（淡黃）
723,過期棉布工作服（橄欖綠）
724,過期棉布工作服（天藍）
725,過期棉布長袍
726,過期棉布長袍（朱紅）
727,過期棉布長袍（淡黃）
728,過期棉布長袍（橄欖綠）
729,過期棉布長袍（天藍）
730,過期羊皮皮衣
731,過期羊皮皮衣（棕褐）
732,過期羊皮皮衣（鉛灰）
733,過期羊皮皮衣（土黃）
734,過期棉布束腰牧衣
735,過期棉布束腰牧衣（朱紅）
736,過期棉布束腰牧衣（淡黃）
737,過期棉布束腰牧衣（橄欖綠）
738,過期棉布束腰牧衣（天藍）
739,過期棉布襯衫
740,過期棉布襯衫（朱紅）
741,過期棉布襯衫（淡黃）
742,過期棉布襯衫（橄欖綠）
743,過期棉布襯衫（天藍）
744,過期棉布束腰獵衣
745,過期棉布束腰獵衣（朱紅）
746,過期棉布束腰獵衣（淡黃）
747,過期棉布束腰獵衣（橄欖綠）
748,過期棉布束腰獵衣（天藍）
749,過期棉布棉甲（朱紅）
750,過期棉布棉甲（天藍）
751,過期棉布棉甲（淡黃）
752,過期棉布棉甲（橄欖綠）
753,過期青銅鱗鎧
754,過期帆布厚袍
755,過期帆布厚袍（枯黃）
756,過期帆布厚袍（粉紅）
757,過期帆布厚袍（赭石）
758,過期帆布厚袍（靛藍）
759,過期帆布束腰衣
760,過期帆布束腰衣（枯黃）
761,過期帆布束腰衣（粉紅）
762,過期帆布束腰衣（赭石）
763,過期帆布束腰衣（靛藍）
764,過期帆布短袍
765,過期帆布短袍（枯黃）
766,過期帆布短袍（粉紅）
767,過期帆布短袍（赭石）
768,過期帆布短袍（靛藍）
769,過期哨兵鏈甲（棉布）
770,過期哨兵鏈甲（朱紅）
771,過期哨兵鏈甲（淡黃）
772,過期哨兵鏈甲（橄欖綠）
773,過期哨兵鏈甲（天藍）
774,過期渡渡鳥皮格鬥服（灰褐）
775,過期渡渡鳥皮格鬥服（灰黑）
776,過期帆布長外衣
777,過期帆布長外衣（枯黃）
778,過期帆布長外衣（粉紅）
779,過期帆布長外衣（赭石）
780,過期帆布長外衣（靛藍）
781,過期帆布工作坎肩
782,過期帆布工作坎肩（枯黃）
783,過期帆布工作坎肩（粉紅）
784,過期帆布工作坎肩（赭石）
785,過期帆布工作坎肩（靛藍）
786,過期棉布僧袍
787,過期棉布僧袍（淡黃）
788,過期棉布僧袍（橄欖綠）
789,過期棉布僧袍（天藍）
790,過期棉布僧袍（朱紅）
791,過期牛皮皮甲（漆黑）
792,過期牛皮皮甲（赭紅）
793,過期牛皮皮甲（苔綠）
794,過期牛皮皮甲（深紅）
795,過期帆布短袖罩衣
796,過期帆布短袖罩衣（枯黃）
797,過期帆布短袖罩衣（粉紅）
798,過期帆布短袖罩衣（赭石）
799,過期帆布短袖罩衣（靛藍）
800,過期帆布工作服
801,過期帆布工作服（枯黃）
802,過期帆布工作服（粉紅）
803,過期帆布工作服（赭石）
804,過期帆布工作服（靛藍）
805,過期帆布長袍
806,過期帆布長袍（枯黃）
807,過期帆布長袍（粉紅）
808,過期帆布長袍（赭石）
809,過期帆布長袍（靛藍）
810,過期渡渡鳥皮衣
811,過期渡渡鳥皮衣（朱紅）
812,過期渡渡鳥皮衣（淡黃）
813,過期渡渡鳥皮衣（橄欖綠）
814,過期渡渡鳥皮衣（天藍）
815,過期青銅鎖子鎧
816,過期青銅鎖子鎧（朱紅）
817,過期青銅鎖子鎧（淡黃）
818,過期青銅鎖子鎧（橄欖綠）
819,過期青銅鎖子鎧（天藍）
820,過期帆布束腰牧衣
821,過期帆布束腰牧衣（枯黃）
822,過期帆布束腰牧衣（粉紅）
823,過期帆布束腰牧衣（赭石）
824,過期帆布束腰牧衣（靛藍）
825,過期帆布束腰獵衣
826,過期帆布束腰獵衣（枯黃）
827,過期帆布束腰獵衣（粉紅）
828,過期帆布束腰獵衣（赭石）
829,過期帆布束腰獵衣（靛藍）
830,過期帆布棉甲（枯黃）
831,過期帆布棉甲（粉紅）
832,過期帆布棉甲（赭石）
833,過期帆布棉甲（靛藍）
834,過期帆布短上衣
835,過期帆布短上衣（枯黃）
836,過期帆布短上衣（粉紅）
837,過期帆布短上衣（赭石）
838,過期帆布短上衣（靛藍）
839,過期傭兵鏈甲（粉紅）
840,過期傭兵鏈甲（赭石）
841,過期傭兵鏈甲（枯黃）
842,過期傭兵鏈甲（帆布）
843,過期傭兵鏈甲（靛藍）
844,過期牛皮格鬥服（漆黑）
845,過期牛皮格鬥服（赭紅）
846,過期牛皮格鬥服（苔綠）
847,過期牛皮格鬥服（深紅）
848,過期棉絨長外衣
849,過期棉絨長外衣（烏黑）
850,過期棉絨長外衣（酒紅）
851,過期棉絨長外衣（藤黃）
852,過期棉絨長外衣（深綠）
853,過期棉絨工作坎肩
854,過期棉絨工作坎肩（深綠）
855,過期棉絨工作坎肩（酒紅）
856,過期棉絨工作坎肩（烏黑）
857,過期棉絨工作坎肩（藤黃）
858,過期帆布僧袍
859,過期帆布僧袍（淡黃）
860,過期帆布僧袍（橄欖綠）
861,過期帆布僧袍（天藍）
862,過期帆布僧袍（朱紅）
863,過期斥候皮甲（漆黑）
864,過期斥候皮甲（赭紅）
865,過期斥候皮甲（苔綠）
866,過期斥候皮甲（深紅）
867,過期棉絨短袖罩衣
868,過期棉絨短袖罩衣（深綠）
869,過期棉絨短袖罩衣（酒紅）
870,過期棉絨短袖罩衣（烏黑）
871,過期棉絨短袖罩衣（藤黃）
872,過期棉絨長袍
873,過期棉絨長袍（烏黑）
874,過期棉絨長袍（酒紅）
875,過期棉絨長袍（藤黃）
876,過期棉絨長袍（深綠）
877,過期牛皮皮衣
878,過期牛皮皮衣（枯黃）
879,過期牛皮皮衣（粉紅）
880,過期牛皮皮衣（赭石）
881,過期牛皮皮衣（靛藍）
882,過期黑鐵鎖子鎧
883,過期黑鐵鎖子鎧（枯黃）
884,過期黑鐵鎖子鎧（粉紅）
885,過期黑鐵鎖子鎧（赭石）
886,過期黑鐵鎖子鎧（靛藍）
887,過期青銅胸甲
888,過期青銅胸甲（枯黃）
889,過期青銅胸甲（粉紅）
890,過期青銅胸甲（赭石）
891,過期青銅胸甲（靛藍）
892,過期棉絨襯衫
893,過期棉絨襯衫（烏黑）
894,過期棉絨襯衫（酒紅）
895,過期棉絨襯衫（藤黃）
896,過期棉絨襯衫（深綠）
897,過期棉絨束腰獵衣
898,過期棉絨束腰獵衣（烏黑）
899,過期棉絨束腰獵衣（酒紅）
900,過期棉絨束腰獵衣（藤黃）
901,過期棉絨束腰獵衣（深綠）
902,過期棉絨棉甲
903,過期棉絨棉甲（深綠）
904,過期棉絨棉甲（藤黃）
905,過期棉絨棉甲（烏黑）
906,過期棉絨短上衣
907,過期棉絨短上衣（烏黑）
908,過期棉絨短上衣（酒紅）
909,過期棉絨短上衣（藤黃）
910,過期棉絨短上衣（深綠）
911,過期騎士鏈甲（深綠）
912,過期騎士鏈甲（烏黑）
913,過期騎士鏈甲（酒紅）
914,過期騎士鏈甲（藤黃）
915,過期騎士鏈甲（棉絨）
916,過期巨蟾蜍皮格鬥服（漆黑）
917,過期巨蟾蜍皮格鬥服（赭紅）
918,過期巨蟾蜍皮格鬥服（苔綠）
919,過期巨蟾蜍皮格鬥服（深紅）
920,過期棉絨圍裙裝
921,過期棉絨圍裙裝（烏黑）
922,過期棉絨圍裙裝（酒紅）
923,過期棉絨圍裙裝（藤黃）
924,過期棉絨圍裙裝（深綠）
925,過期棉絨僧袍
926,過期棉絨僧袍（烏黑）
927,過期棉絨僧袍（深綠）
928,過期棉絨僧袍（酒紅）
929,過期棉絨僧袍（藤黃）
930,過期狩獵皮甲（漆黑）
931,過期狩獵皮甲（赭紅）
932,過期狩獵皮甲（苔綠）
933,過期狩獵皮甲（深紅）
934,過期焦油皮衣
935,過期焦油皮衣（烏黑）
936,過期焦油皮衣（酒紅）
937,過期焦油皮衣（藤黃）
938,過期焦油皮衣（深綠）
939,過期騎兵鎖子鎧
940,過期騎兵鎖子鎧（烏黑）
941,過期騎兵鎖子鎧（酒紅）
942,過期騎兵鎖子鎧（藤黃）
943,過期騎兵鎖子鎧（深綠）
944,過期黑鐵胸甲
945,過期黑鐵胸甲（綠色）
946,過期黑鐵胸甲（茶色）
947,過期亞麻短上衣
948,過期亞麻短上衣（玫瑰紅）
949,過期亞麻短上衣（深藍）
950,過期亞麻短上衣（栗棕）
951,過期亞麻短上衣（桔黃）
952,風化工作褲（棕）
953,風化工作褲（灰）
954,風化工作褲（紅）
955,風化軟甲褲
956,風化馬褲
957,風化褲襪
958,風化褲襪（灰）
959,風化及膝褲
960,風化腿套（棕）
961,風化腿套（灰）
962,風化垮褲
963,風化緊身褲
964,過期草布馬褲
965,過期草布馬褲（棕褐）
966,過期草布馬褲（鉛灰）
967,過期草布馬褲（土黃）
968,過期草布褲襪
969,過期草布褲襪（棕褐）
970,過期草布褲襪（鉛灰）
971,過期草布褲襪（土黃）
972,過期草布工作褲
973,過期草布工作褲（土黃）
974,過期草布工作褲（棕褐）
975,過期草布工作褲（鉛灰）
976,過期草布緊身褲
977,過期草布緊身褲（土黃）
978,過期草布緊身褲（鉛灰）
979,過期草布緊身褲（棕褐）
980,過期草布牧羊褲
981,過期草布牧羊褲（棕褐）
982,過期草布牧羊褲（鉛灰）
983,過期草布牧羊褲（土黃）
984,過期草布垮褲（棕褐）
985,過期草布垮褲（鉛灰）
986,過期草布垮褲（土黃）
987,過期草布腿套（棕褐）
988,過期草布腿套（鉛灰）
989,過期棉布馬褲
990,過期棉布馬褲（朱紅）
991,過期棉布馬褲（淡黃）
992,過期棉布馬褲（橄欖綠）
993,過期棉布馬褲（天藍）
994,過期羊皮三角褲（棕褐）
995,過期羊皮三角褲（鉛灰）
996,過期棉布褲襪
997,過期棉布褲襪（朱紅）
998,過期棉布褲襪（淡黃）
999,過期棉布褲襪（橄欖綠）
1000,過期棉布褲襪（天藍）
1001,過期棉布工作褲
1002,過期棉布工作褲（淡黃）
1003,過期棉布工作褲（橄欖綠）
1004,過期棉布工作褲（天藍）
1005,過期棉布工作褲（朱紅）
1006,過期棉布緊身褲
1007,過期棉布緊身褲（淡黃）
1008,過期棉布緊身褲（橄欖綠）
1009,過期棉布緊身褲（天藍）
1010,過期棉布緊身褲（朱紅）
1011,過期羊皮及膝褲
1012,過期羊皮及膝褲（鉛灰）
1013,過期羊皮及膝褲（土黃）
1014,過期羊皮及膝褲（棕褐）
1015,過期羊皮短裙
1016,過期棉布牧羊褲
1017,過期棉布牧羊褲（朱紅）
1018,過期棉布牧羊褲（淡黃）
1019,過期棉布牧羊褲（天藍）
1020,過期棉布牧羊褲（橄欖綠）
1021,過期草布軟甲褲
1022,過期草布軟甲褲（土黃）
1023,過期草布軟甲褲（棕褐）
1024,過期草布軟甲褲（鉛灰）
1025,過期棉布垮褲（朱紅）
1026,過期棉布垮褲（淡黃）
1027,過期棉布垮褲（橄欖綠）
1028,過期棉布垮褲（天藍）
1029,過期棉布腿套
1030,過期棉布腿套（天藍）
1031,過期帆布馬褲
1032,過期帆布馬褲（枯黃）
1033,過期帆布馬褲（粉紅）
1034,過期帆布馬褲（赭石）
1035,過期帆布馬褲（靛藍）
1036,過期渡渡鳥皮三角褲（淡黃）
1037,過期渡渡鳥皮三角褲（橄欖綠）
1038,過期帆布褲襪
1039,過期帆布褲襪（枯黃）
1040,過期帆布褲襪（粉紅）
1041,過期帆布褲襪（赭石）
1042,過期帆布褲襪（靛藍）
1043,過期帆布工作褲
1044,過期帆布工作褲（粉紅）
1045,過期帆布工作褲（赭石）
1046,過期帆布工作褲（靛藍）
1047,過期帆布工作褲（枯黃）
1048,過期渡渡鳥皮及膝褲
1049,過期渡渡鳥皮及膝褲（朱紅）
1050,過期渡渡鳥皮及膝褲（淡黃）
1051,過期渡渡鳥皮及膝褲（橄欖綠）
1052,過期渡渡鳥皮及膝褲（天藍）
1053,過期渡渡鳥皮短裙
1054,過期帆布牧羊褲
1055,過期帆布牧羊褲（枯黃）
1056,過期帆布牧羊褲（粉紅）
1057,過期帆布牧羊褲（赭石）
1058,過期帆布牧羊褲（靛藍）
1059,過期棉布軟甲褲
1060,過期棉布軟甲褲（淡黃）
1061,過期棉布軟甲褲（橄欖綠）
1062,過期棉布軟甲褲（天藍）
1063,過期棉布軟甲褲（朱紅）
1064,過期帆布腿套
1065,過期帆布腿套（枯黃）
1066,過期帆布打底褲
1067,過期帆布打底褲（枯黃）
1068,過期帆布打底褲（粉紅）
1069,過期帆布打底褲（赭石）
1070,過期帆布打底褲（靛藍）
1071,過期棉絨馬褲
1072,過期棉絨馬褲（烏黑）
1073,過期棉絨馬褲（酒紅）
1074,過期棉絨馬褲（藤黃）
1075,過期棉絨馬褲（深綠）
1076,過期牛皮三角褲（漆黑）
1077,過期牛皮三角褲（苔綠）
1078,過期棉絨褲襪
1079,過期棉絨褲襪（烏黑）
1080,過期棉絨褲襪（酒紅）
1081,過期棉絨褲襪（藤黃）
1082,過期棉絨褲襪（深綠）
1083,過期棉絨緊身褲
1084,過期棉絨緊身褲（烏黑）
1085,過期棉絨緊身褲（酒紅）
1086,過期棉絨緊身褲（藤黃）
1087,過期棉絨緊身褲（深綠）
1088,過期牛皮及膝褲
1089,過期牛皮及膝褲（枯黃）
1090,過期牛皮及膝褲（粉紅）
1091,過期牛皮及膝褲（赭石）
1092,過期牛皮及膝褲（靛藍）
1093,過期牛皮短裙
1094,過期牛皮短裙（深紅）
1095,過期牛皮短裙（漆黑）
1096,過期牛皮短裙（赭紅）
1097,過期牛皮短裙（苔綠）
1098,過期帆布軟甲褲
1099,過期帆布軟甲褲（粉紅）
1100,過期帆布軟甲褲（赭石）
1101,過期帆布軟甲褲（靛藍）
1102,過期帆布軟甲褲（枯黃）
1103,過期棉絨垮褲（烏黑）
1104,過期棉絨垮褲（酒紅）
1105,過期棉絨垮褲（藤黃）
1106,過期棉絨垮褲（深綠）
1107,過期棉絨腿套
1108,過期棉絨腿套（烏黑）
1109,過期棉絨打底褲
1110,過期棉絨打底褲（烏黑）
1111,過期棉絨打底褲（酒紅）
1112,過期棉絨打底褲（藤黃）
1113,過期棉絨打底褲（深綠）
1114,過期焦油及膝褲
1115,過期焦油及膝褲（烏黑）
1116,過期焦油及膝褲（酒紅）
1117,過期焦油及膝褲（藤黃）
1118,過期焦油及膝褲（深綠）
1119,過期焦油軟甲褲
1120,過期焦油軟甲褲（粉紅）
1121,過期焦油軟甲褲（赭石）
1122,過期焦油軟甲褲（靛藍）
1123,過期焦油軟甲褲（枯黃）
1124,過期亞麻打底褲
1125,過期亞麻打底褲（玫瑰紅）
1126,過期亞麻打底褲（深藍）
1127,過期亞麻打底褲（栗棕）
1128,過期亞麻打底褲（桔黃）
1129,風化耐熱手套
1130,風化半指手套
1131,風化工作手套
1132,風化半指護手
1133,過期羊皮護腕
1134,過期羊皮護腕（灰褐）
1135,過期羊皮護腕（灰黑）
1136,過期草布半指手套
1137,過期草布半指手套（棕褐）
1138,過期草布半指手套（鉛灰）
1139,過期草布半指手套（土黃）
1140,過期羊皮耐熱手套
1141,過期羊皮耐熱手套（灰褐）
1142,過期羊皮耐熱手套（灰黑）
1143,過期草布工作手套
1144,過期草布工作手套（鉛灰）
1145,過期草布工作手套（土黃）
1146,過期草布工作手套（棕褐）
1147,過期羊皮半指護手
1148,過期羊皮連指手套（灰黑）
1149,過期草布弓術手套（棕褐）
1150,過期草布弓術手套（鉛灰）
1151,過期草布弓術手套（土黃）
1152,過期羊皮連指手套（灰褐）
1153,過期羊皮臂甲
1154,過期青銅連指手鎧
1155,過期渡渡鳥皮護腕
1156,過期渡渡鳥皮護腕（深黑）
1157,過期棉布半指手套
1158,過期棉布半指手套（朱紅）
1159,過期棉布半指手套（淡黃）
1160,過期棉布半指手套（橄欖綠）
1161,過期棉布半指手套（天藍）
1162,過期羊皮護臂
1163,過期渡渡鳥皮臂甲
1164,過期棉布工作手套
1165,過期棉布工作手套（朱紅）
1166,過期棉布工作手套（淡黃）
1167,過期棉布工作手套（橄欖綠）
1168,過期棉布工作手套（天藍）
1169,過期渡渡鳥皮半指護手
1170,過期棉布弓術手套
1171,過期棉布弓術手套（朱紅）
1172,過期棉布弓術手套（淡黃）
1173,過期棉布弓術手套（橄欖綠）
1174,過期棉布弓術手套（天藍）
1175,過期渡渡鳥皮連指手套
1176,過期強化青銅連指手鎧
1177,過期牛皮護腕
1178,過期牛皮護腕（漆黑）
1179,過期牛皮護腕（赭紅）
1180,過期牛皮護腕（苔綠）
1181,過期牛皮護腕（深紅）
1182,過期帆布半指手套
1183,過期帆布半指手套（枯黃）
1184,過期帆布半指手套（粉紅）
1185,過期帆布半指手套（赭石）
1186,過期帆布半指手套（靛藍）
1187,過期渡渡鳥皮護臂
1188,過期牛皮耐熱手套
1189,過期牛皮耐熱手套（漆黑）
1190,過期牛皮耐熱手套（赭紅）
1191,過期牛皮耐熱手套（深紅）
1192,過期牛皮耐熱手套（苔綠）
1193,過期帆布工作手套
1194,過期帆布工作手套（枯黃）
1195,過期帆布工作手套（粉紅）
1196,過期帆布工作手套（赭石）
1197,過期帆布工作手套（靛藍）
1198,過期牛皮半指護手（漆黑）
1199,過期牛皮半指護手（赭紅）
1200,過期牛皮半指護手（深紅）
1201,過期牛皮半指護手（苔綠）
1202,過期帆布弓術手套
1203,過期帆布弓術手套（枯黃）
1204,過期帆布弓術手套（粉紅）
1205,過期帆布弓術手套（赭石）
1206,過期帆布弓術手套（靛藍）
1207,過期牛皮連指手套
1208,過期帆布短手套
1209,過期帆布短手套（枯黃）
1210,過期帆布短手套（粉紅）
1211,過期帆布短手套（赭石）
1212,過期帆布短手套（靛藍）
1213,過期牛皮臂甲
1214,過期牛皮臂甲（漆黑）
1215,過期牛皮臂甲（赭紅）
1216,過期牛皮臂甲（深紅）
1217,過期牛皮臂甲（苔綠）
1218,過期黑鐵連指手鎧
1219,過期巨蟾蜍皮釘護腕
1220,過期巨蟾蜍皮釘護腕（深褐）
1221,過期棉絨半指手套
1222,過期棉絨半指手套（烏黑）
1223,過期棉絨半指手套（酒紅）
1224,過期棉絨半指手套（藤黃）
1225,過期棉絨半指手套（深綠）
1226,過期牛皮護臂（漆黑）
1227,過期牛皮護臂（赭紅）
1228,過期牛皮護臂（苔綠）
1229,過期牛皮護臂（深紅）
1230,過期加厚耐熱手套
1231,過期青銅手鎧
1232,過期青銅手鎧（枯黃）
1233,過期青銅手鎧（粉紅）
1234,過期青銅手鎧（赭石）
1235,過期青銅手鎧（靛藍）
1236,過期巨蟾蜍皮半指護手（漆黑）
1237,過期巨蟾蜍皮半指護手（赭紅）
1238,過期巨蟾蜍皮半指護手（深紅）
1239,過期巨蟾蜍皮半指護手（苔綠）
1240,過期箭手弓術手套
1241,過期箭手弓術手套（烏黑）
1242,過期箭手弓術手套（酒紅）
1243,過期箭手弓術手套（藤黃）
1244,過期箭手弓術手套（深綠）
1245,過期巨蟾蜍皮連指手套
1246,過期棉絨短手套
1247,過期棉絨短手套（烏黑）
1248,過期棉絨短手套（酒紅）
1249,過期棉絨短手套（藤黃）
1250,過期棉絨短手套（深綠）
1251,過期黃銅臂甲
1252,過期黃銅臂甲（漆黑）
1253,過期黃銅臂甲（赭紅）
1254,過期黃銅臂甲（深紅）
1255,過期黃銅臂甲（苔綠）
1256,過期強化黑鐵連指手鎧
1257,過期牛皮釘護臂（漆黑）
1258,過期牛皮釘護臂（赭紅）
1259,過期牛皮釘護臂（苔綠）
1260,過期牛皮釘護臂（深紅）
1261,過期黑鐵手鎧
1262,過期黑鐵手鎧（綠色）
1263,過期黑鐵手鎧（茶色）
1264,過期亞麻短手套
1265,過期亞麻短手套（玫瑰紅）
1266,過期亞麻短手套（深藍）
1267,過期亞麻短手套（栗棕）
1268,過期亞麻短手套（桔黃）
1269,風化牛皮長靴（黑）
1270,風化羊皮長靴（灰）
1271,風化鴨嘴靴
1272,風化木鞋
1273,風化木鞋（灰）
1274,風化工作靴（灰黑）
1275,風化工作靴（灰褐）
1276,風化尖頭靴
1277,風化皮靴（灰）
1278,風化皮靴
1279,風化狩獵靴
1280,風化長筒靴
1281,過期羊皮草布鴨嘴靴
1282,過期羊皮草布鴨嘴靴（棕褐）
1283,過期羊皮草布鴨嘴靴（鉛灰）
1284,過期羊皮草布鴨嘴靴（土黃）
1285,過期柳桉木涼鞋
1286,過期柳桉木涼鞋（灰黑）
1287,過期羊皮皮靴
1288,過期羊皮皮靴（灰褐）
1289,過期羊皮皮靴（灰黑）
1290,過期柳桉木鞋
1291,過期柳桉木鞋（棕褐）
1292,過期柳桉木鞋（鉛灰）
1293,過期柳桉木鞋（土黃）
1294,過期羊皮長筒靴
1295,過期羊皮長筒靴（灰褐）
1296,過期羊皮長筒靴（灰黑）
1297,過期羊皮工作靴
1298,過期羊皮工作靴（鉛灰）
1299,過期羊皮工作靴（土黃）
1300,過期羊皮工作靴（棕褐）
1301,過期羊皮便鞋
1302,過期羊皮便鞋（灰褐）
1303,過期羊皮便鞋（灰黑）
1304,過期羊皮尖頭靴
1305,過期柳桉木拖鞋
1306,過期羊皮狩獵靴
1307,過期羊皮護腿（棕褐）
1308,過期羊皮護腿（土黃）
1309,過期羊皮護腿
1310,過期羊皮護腿（鉛灰）
1311,過期羊皮棉布鴨嘴靴
1312,過期羊皮棉布鴨嘴靴（朱紅）
1313,過期羊皮棉布鴨嘴靴（淡黃）
1314,過期羊皮棉布鴨嘴靴（橄欖綠）
1315,過期羊皮棉布鴨嘴靴（天藍）
1316,過期渡渡鳥皮皮靴
1317,過期渡渡鳥皮皮靴（深黑）
1318,過期羊皮戰靴
1319,過期羊皮戰靴（灰褐）
1320,過期羊皮戰靴（灰黑）
1321,過期楓木木鞋
1322,過期楓木木鞋（朱紅）
1323,過期楓木木鞋（淡黃）
1324,過期楓木木鞋（橄欖綠）
1325,過期楓木木鞋（天藍）
1326,過期渡渡鳥皮長筒靴
1327,過期渡渡鳥皮長筒靴（深黑）
1328,過期渡渡鳥皮長靴（深黑）
1329,過期渡渡鳥皮工作靴
1330,過期渡渡鳥皮工作靴（朱紅）
1331,過期渡渡鳥皮工作靴（淡黃）
1332,過期渡渡鳥皮工作靴（橄欖綠）
1333,過期渡渡鳥皮工作靴（天藍）
1334,過期渡渡鳥皮便鞋
1335,過期渡渡鳥皮便鞋（深黑）
1336,過期渡渡鳥皮尖頭靴
1337,過期柳木木拖鞋
1338,過期渡渡鳥皮狩獵靴
1339,過期渡渡鳥皮護腿（棕褐）
1340,過期渡渡鳥皮護腿（土黃）
1341,過期渡渡鳥皮護腿（鉛灰）
1342,過期胡桃木涼鞋（漆黑）
1343,過期胡桃木涼鞋
1344,過期胡桃木涼鞋（苔綠）
1345,過期胡桃木涼鞋（赭紅）
1346,過期胡桃木涼鞋（深紅）
1347,過期牛皮皮靴
1348,過期牛皮皮靴（漆黑）
1349,過期牛皮皮靴（赭紅）
1350,過期牛皮皮靴（苔綠）
1351,過期牛皮皮靴（深紅）
1352,過期渡渡鳥皮戰靴
1353,過期渡渡鳥皮戰靴（深黑）
1354,過期榆木木鞋
1355,過期榆木木鞋（枯黃）
1356,過期榆木木鞋（粉紅）
1357,過期榆木木鞋（赭石）
1358,過期榆木木鞋（靛藍）
1359,過期牛皮長筒靴
1360,過期牛皮長筒靴（漆黑）
1361,過期牛皮長筒靴（赭紅）
1362,過期牛皮長筒靴（苔綠）
1363,過期牛皮長筒靴（深紅）
1364,過期牛皮長靴
1365,過期牛皮長靴（赭紅）
1366,過期牛皮長靴（深紅）
1367,過期牛皮長靴（苔綠）
1368,過期牛皮工作靴
1369,過期牛皮工作靴（朱紅）
1370,過期牛皮工作靴（淡黃）
1371,過期牛皮工作靴（橄欖綠）
1372,過期牛皮工作靴（天藍）
1373,過期青銅鎖甲靴
1374,過期牛皮便鞋
1375,過期牛皮便鞋（漆黑）
1376,過期牛皮便鞋（赭紅）
1377,過期牛皮便鞋（苔綠）
1378,過期牛皮便鞋（深紅）
1379,過期牛皮尖頭靴（漆黑）
1380,過期牛皮尖頭靴（深紅）
1381,過期牛皮尖頭靴（赭紅）
1382,過期牛皮尖頭靴（苔綠）
1383,過期榆木木拖鞋
1384,過期牛皮狩獵靴
1385,過期牛皮護腿
1386,過期牛皮護腿（朱紅）
1387,過期牛皮護腿（淡黃）
1388,過期牛皮護腿（橄欖綠）
1389,過期牛皮護腿（天藍）
1390,過期帆布高跟鞋
1391,過期帆布高跟鞋（枯黃）
1392,過期帆布高跟鞋（粉紅）
1393,過期帆布高跟鞋（赭石）
1394,過期帆布高跟鞋（靛藍）
1395,過期牛皮帆布鴨嘴靴
1396,過期牛皮帆布鴨嘴靴（漆黑）
1397,過期牛皮帆布鴨嘴靴（赭紅）
1398,過期牛皮帆布鴨嘴靴（深紅）
1399,過期牛皮帆布鴨嘴靴（苔綠）
1400,過期巨蟾蜍皮皮靴
1401,過期巨蟾蜍皮皮靴（深褐）
1402,過期牛皮戰靴
1403,過期牛皮戰靴（漆黑）
1404,過期牛皮戰靴（赭紅）
1405,過期牛皮戰靴（苔綠）
1406,過期牛皮戰靴（深紅）
1407,過期梣木木鞋
1408,過期梣木木鞋（烏黑）
1409,過期梣木木鞋（酒紅）
1410,過期梣木木鞋（藤黃）
1411,過期梣木木鞋（深綠）
1412,過期裝甲長筒靴
1413,過期裝甲長筒靴（漆黑）
1414,過期裝甲長筒靴（赭紅）
1415,過期裝甲長筒靴（苔綠）
1416,過期裝甲長筒靴（深紅）
1417,過期焦油長靴
1418,過期襯墊工作靴
1419,過期襯墊工作靴（漆黑）
1420,過期襯墊工作靴（赭紅）
1421,過期襯墊工作靴（苔綠）
1422,過期襯墊工作靴（深紅）
1423,過期黑鐵鎖甲靴
1424,過期青銅鎧靴
1425,過期青銅鎧靴（枯黃）
1426,過期青銅鎧靴（粉紅）
1427,過期青銅鎧靴（赭石）
1428,過期青銅鎧靴（靛藍）
1429,過期巨蟾蜍皮尖頭靴（漆黑）
1430,過期巨蟾蜍皮尖頭靴（深紅）
1431,過期巨蟾蜍皮尖頭靴（赭紅）
1432,過期巨蟾蜍皮尖頭靴（苔綠）
1433,過期巨蟾蜍皮狩獵靴
1434,過期巨蟾蜍皮狩獵靴（深紅）
1435,過期巨蟾蜍皮狩獵靴（赭紅）
1436,過期巨蟾蜍皮狩獵靴（苔綠）
1437,過期巨蟾蜍皮狩獵靴（漆黑）
1438,過期巨蟾蜍皮護腿（枯黃）
1439,過期巨蟾蜍皮護腿（粉紅）
1440,過期巨蟾蜍皮護腿（赭石）
1441,過期巨蟾蜍皮護腿（靛藍）
1442,過期棉絨高跟鞋
1443,過期棉絨高跟鞋（烏黑）
1444,過期棉絨高跟鞋（酒紅）
1445,過期棉絨高跟鞋（藤黃）
1446,過期棉絨高跟鞋（深綠）
1447,過期牛皮棉絨鴨嘴靴
1448,過期牛皮棉絨鴨嘴靴（漆黑）
1449,過期牛皮棉絨鴨嘴靴（赭紅）
1450,過期牛皮棉絨鴨嘴靴（深紅）
1451,過期牛皮棉絨鴨嘴靴（苔綠）
1452,過期裝甲戰靴
1453,過期裝甲戰靴（漆黑）
1454,過期裝甲戰靴（赭紅）
1455,過期裝甲戰靴（苔綠）
1456,過期裝甲戰靴（深紅）
1457,過期巨蟾蜍皮工作靴
1458,過期巨蟾蜍皮工作靴（枯黃）
1459,過期巨蟾蜍皮工作靴（粉紅）
1460,過期巨蟾蜍皮工作靴（赭石）
1461,過期巨蟾蜍皮工作靴（靛藍）
1462,過期騎士鎖甲靴
1463,過期騎士鎖甲靴（深紅）
1464,過期騎士鎖甲靴（漆黑）
1465,過期騎士鎖甲靴（赭紅）
1466,過期騎士鎖甲靴（苔綠）
1467,過期黑鐵鎧靴
1468,過期黑鐵鎧靴（綠色）
1469,過期黑鐵鎧靴（茶色）
1470,過期亞麻高跟鞋
1471,過期亞麻高跟鞋（玫瑰紅）
1472,過期亞麻高跟鞋（深藍）
1473,過期亞麻高跟鞋（栗棕）
1474,過期亞麻高跟鞋（桔黃）
1475,風化工具腰帶
1476,風化結扣腰帶
1477,風化生存腰帶
1478,風化野戰腰帶
1479,過期草繩腰帶
1480,過期牛皮工具腰帶
1481,過期牛皮工具腰帶（深紅）
1482,過期牛皮工具腰帶（苔綠）
1483,過期牛皮生存腰帶
1484,過期牛皮生存腰帶（漆黑）
1485,過期羊皮牧羊腰帶
1486,過期牛皮皮帶（深紅）
1487,過期牛皮皮帶（赭紅）
1488,過期牛皮皮帶（苔綠）
1489,過期牛皮結扣腰帶
1490,過期牛皮結扣腰帶（苔綠）
1491,過期帆布水兵腰帶（枯黃）
1492,過期牛皮狩獵腰帶
1493,過期渡渡鳥皮野戰腰帶
1494,過期焦油生存腰帶
1495,過期渡渡鳥皮牧羊腰帶
1496,過期牛皮牧羊腰帶（漆黑）
1497,過期焦油皮帶
1498,過期帆布圍裙
1499,過期焦油結扣腰帶
1500,過期青銅腰甲
1501,過期焦油水兵腰帶
1502,過期焦油狩獵腰帶
1503,過期牛皮烹飪腰帶
1504,過期旅行腰帶
1505,過期旅行腰帶（苔綠）
1506,過期棉絨腰帶
1507,過期棉絨腰帶（烏黑）
1508,過期遊獵腰帶
1509,過期青銅護腰帶
1510,過期棉絨長腰帶（酒紅）
1511,過期棉絨長腰帶（藤黃）
1512,過期棉絨圍裙（烏黑）
1513,過期黑鐵腰甲
1514,過期焦油旅行腰帶
1515,過期野豬皮工具腰帶（紅色）
1516,過期野豬皮工具腰帶（茶色）
1517,過期黑鐵護腰帶
1518,過期黑鐵護腰帶（綠色）
1519,過期黑鐵護腰帶（茶色）
1520,過期焦油長腰帶
1521,過期紅銅耳環
1522,過期獸牙耳墜
1523,過期黃銅耳環
1524,過期白銀耳環
1525,過期日長石耳墜
1526,過期天青石耳墜
1527,過期榍石耳墜
1528,過期孔雀石耳墜
1529,過期螢石耳墜
1530,過期賽黃晶耳墜
1531,過期白珍珠耳墜
1532,過期黑珍珠耳墜
1533,過期綠金耳環
1534,過期石榴石耳墜
1535,過期海藍石耳墜
1536,過期金綠柱石耳墜
1537,過期橄欖石耳墜
1538,過期紫水晶耳墜
1539,過期透綠柱石耳墜
1540,過期紅銅項環
1541,過期黃銅項環
1542,過期白銀項環
1543,過期日長石項環
1544,過期天青石項環
1545,過期榍石項環
1546,過期孔雀石項環
1547,過期螢石項環
1548,過期賽黃晶項環
1549,過期綠金項環
1550,過期石榴石項環
1551,過期海藍石項環
1552,過期金綠柱石項環
1553,過期橄欖石項環
1554,過期紫水晶項環
1555,過期透綠柱石項環
1556,過期秘銀項環
1557,過期紅銅手鏈
1558,過期獸骨手鐲
1559,過期黃銅手鏈
1560,過期白銀手鏈
1561,過期日長石手鐲
1562,過期天青石手鐲
1563,過期榍石手鐲
1564,過期孔雀石手鐲
1565,過期螢石手鐲
1566,過期賽黃晶手鐲
1567,過期白珍珠手環
1568,過期熏銀手鏈
1569,過期白珊瑚手環
1570,過期白珊瑚手環（漆黑）
1571,過期白珊瑚手環（淡黃）
1572,過期黑珍珠手環
1573,過期綠金手鏈
1574,過期藍珊瑚手環
1575,過期藍珊瑚手環（漆黑）
1576,過期藍珊瑚手環（淡黃）
1577,過期紅珊瑚手環
1578,過期紅珊瑚手環（漆黑）
1579,過期紅珊瑚手環（淡黃）
1580,過期秘銀手鏈
1581,過期獸骨戒指
1582,過期紅銅戒指
1583,過期黃銅戒指
1584,過期白銀戒指
1585,過期日長石戒指
1586,過期天青石戒指
1587,過期榍石戒指
1588,過期孔雀石戒指
1589,過期螢石戒指
1590,過期賽黃晶戒指
1591,過期白珍珠戒指
1592,過期黑珍珠戒指
1593,過期熏銀戒指
1594,過期石榴石戒指
1595,過期海藍石戒指
1596,過期金綠柱石戒指
1597,過期橄欖石戒指
1598,過期紫水晶戒指
1599,過期透綠柱石戒指
1600,過期綠金戒指
1601,風化短劍
1602,變種劍
1603,青銅維京劍
1604,梣木石刃棒
1605,青銅騎兵劍
1606,鈍化手半劍
1607,黃銅手半劍
1608,乙太黃銅手半劍
1609,黃銅維京劍
1610,乙太黃銅維京劍
1611,殘戮劍
1612,乙太殘戮劍
1613,鈍化哥布林彎刀
1614,黑鐵短劍
1615,乙太黑鐵短劍
1616,鈍化維京劍
1617,教練彎刀
1618,牙兵利劍
1619,甲兵利劍
1620,鬥兵利劍
1621,鈍化哥布林長劍
1622,黑鐵騎兵劍
1623,乙太黑鐵騎兵劍
1624,霜咬
1625,白鋼寬刃劍
1626,乙太白鋼寬刃劍
1627,榆木石刃棒
1628,乙太榆木石刃棒
1629,牙兵騎兵劍
1630,甲兵騎兵劍
1631,鬥兵騎兵劍
1632,判官細劍
1633,白鋼彎刃刀
1634,乙太白鋼彎刃刀
1635,古典手半劍
1636,鈍化神風彎刀
1637,胡桃石刃棒
1638,乙太胡桃石刃棒
1639,白鋼長劍
1640,乙太白鋼長劍
1641,火舌
1642,哥布林彎刀
1643,秘銀寬刃劍
1644,乙太秘銀寬刃劍
1645,密林石刃棒
1646,碧海短劍
1647,黃沙彎刃刀
1648,古典維京劍
1649,哥布林長劍
1650,白羽橡木石刃棒
1651,乙太白羽橡木石刃棒
1652,古代劍
1653,密林步兵劍
1654,碧海寬刃劍
1655,黃沙彎刀
1656,黃沙翼劍
1657,鈷鐵鬥劍
1658,乙太鈷鐵鬥劍
1659,鈷鐵賽施爾長刀
1660,乙太鈷鐵賽施爾長刀
1661,聖堂彎刃刀
1662,托爾穆恩的驕傲
1663,鈷鐵翼劍
1664,乙太鈷鐵翼劍
1665,無鋒劍柯塔納半成品
1666,巨膽長劍
1667,准牙士劍
1668,甲士曲刀
1669,鬥士鬥劍
1670,神風彎刀
1671,火神刀
1672,莫古莫古劍
1673,破甲鋒
1674,風神凝
1675,無鋒劍柯塔納
1676,凶惡巨獸匕首
1677,斬鐵劍
1678,亞拉戈劍
1679,石化劍
1680,風化骨拳
1681,獸骨骨拳
1682,鞣革護拳
1683,牡羊角爪
1684,金屬指虎
1685,硬革護拳
1686,黃銅指虎
1687,乙太黃銅指虎
1688,硬革鋼拳
1689,乙太硬革鋼拳
1690,牙兵骨拳
1691,甲兵骨拳
1692,鬥兵骨拳
1693,教練骨拳
1694,鐵甲指虎
1695,乙太鐵甲指虎
1696,咆哮之爪
1697,蟾蜍鋼拳
1698,乙太蟾蜍鋼拳
1699,白鋼爪
1700,乙太白鋼爪
1701,舊化骨拳
1702,牙兵鋼拳
1703,甲兵鋼拳
1704,鬥兵鋼拳
1705,不破指虎
1706,蟹甲骨拳
1707,乙太蟹甲骨拳
1708,野豬護拳
1709,乙太野豬護拳
1710,六度烈陽
1711,秘銀爪
1712,乙太秘銀爪
1713,密林指虎
1714,碧海虎爪
1715,黃沙骨拳
1716,龜甲骨拳
1717,乙太龜甲骨拳
1718,拳鋒
1719,密林虎爪
1720,密林骨拳
1721,碧海指虎
1722,黃沙護拳
1723,鈷鐵指虎
1724,乙太鈷鐵指虎
1725,牙曹拳劍
1726,甲曹鉤拳
1727,鬥曹拳劍
1728,毒蜥蜴革鋼拳
1729,乙太毒蜥蜴革鋼拳
1730,青翠護拳
1731,西蒙的愛爪
1732,古典骨拳
1733,鈷鐵爪
1734,乙太鈷鐵爪
1735,釋法來半成品
1736,巨膽利爪
1737,牙士利爪
1738,甲士鉤拳
1739,鬥士拳鋒
1740,野性鋼拳
1741,火神爪
1742,莫古莫古拳
1743,復仇烈拳
1744,風神抓
1745,土神重拳
1746,釋法來
1747,亞拉戈虎爪
1748,地獄爪
1749,風化戰斧
1750,青銅戰斧
1751,青銅雙刃斧
1752,陰雲戰斧
1753,青銅刺柄雙刃斧
1754,黑鐵戰斧
1755,乙太黑鐵戰斧
1756,黑鐵雙刃斧
1757,乙太黑鐵雙刃斧
1758,業火戰斧
1759,乙太業火戰斧
1760,牙兵戰斧
1761,甲兵戰斧
1762,鬥兵戰斧
1763,教練鉤斧
1764,黑鐵鉤斧
1765,乙太黑鐵鉤斧
1766,雷暴戰斧
1767,乙太雷暴戰斧
1768,榆王牙
1769,白鋼刺柄雙刃斧
1770,乙太白鋼刺柄雙刃斧
1771,舊化鉤斧
1772,牙兵雙刃斧
1773,甲兵雙刃斧
1774,鬥兵雙刃斧
1775,焦黑戰斧
1776,白鋼巨斧
1777,乙太白鋼巨斧
1778,白鋼長刃斧
1779,乙太白鋼長刃斧
1780,野豬之禍
1781,秘銀刺柄雙刃斧
1782,乙太秘銀刺柄雙刃斧
1783,密林鉤斧
1784,碧海戰斧
1785,黃沙長刃斧
1786,秘銀長刃斧
1787,乙太秘銀長刃斧
1788,鐵舞
1789,密林雙刃斧
1790,碧海長刃斧
1791,碧海鉤斧
1792,黃沙巨斧
1793,牙曹戰斧
1794,甲曹戰斧
1795,鬥曹戰斧
1796,海盜巨斧
1797,乙太海盜巨斧
1798,引航鉤斧
1799,西博爾德的所及
1800,古典鉤斧
1801,半月長刃斧
1802,乙太半月長刃斧
1803,鈷鐵刺柄雙刃斧
1804,乙太鈷鐵刺柄雙刃斧
1805,勇悍斧半成品
1806,巨膽戰斧
1807,牙士巨斧
1808,甲士雙刃斧
1809,鬥士戰斧
1810,野蠻巨斧
1811,火神斧
1812,莫古莫古斧
1813,暴怒震斧
1814,風神嚎
1815,土神大斧
1816,勇悍斧
1817,亞拉戈戰斧
1818,雙釘
1819,風化長槍
1820,獸骨漁槍
1821,青銅長槍
1822,牡羊角漁槍
1823,犬牙漁槍
1824,黃銅長槍
1825,黑鐵長槍
1826,乙太黑鐵長槍
1827,黑鐵騎槍
1828,乙太黑鐵騎槍
1829,牙兵漁槍
1830,甲兵漁槍
1831,鬥兵漁槍
1832,教練戰叉
1833,黑鐵戰戈
1834,乙太黑鐵戰戈
1835,赤潮
1836,白銀戰叉
1837,乙太白銀戰叉
1838,黑鐵戰戟
1839,乙太白鋼戰戟
1840,舊化戰戈
1841,牙兵長槍
1842,甲兵長槍
1843,鬥兵長槍
1844,破浪
1845,白鋼長槍
1846,乙太白鋼長槍
1847,白鋼重騎槍
1848,乙太白鋼重騎槍
1849,破甲戰戟
1850,蟹甲漁槍
1851,乙太蟹甲漁槍
1852,密林戰叉
1853,碧海戰戈
1854,黃沙戰戟
1855,祕銀長槍
1856,乙太祕銀長槍
1857,飛龍之槍
1858,密林漁槍
1859,碧海戰戟
1860,碧海騎槍
1861,黃沙戰戈
1862,鈷鐵戰戟
1863,乙太鈷鐵戰戟
1864,牙曹長槍
1865,甲曹長槍
1866,鬥曹長槍
1867,三尖槍
1868,乙太三尖槍
1869,引航戰戈
1870,蓋爾巴爾德的朱刺
1871,古典戰戈
1872,雄鹿戰戈
1873,乙太雄鹿戰戈
1874,穿心槍蓋博爾格半成品
1875,巨膽三尖槍
1876,准牙士槍
1877,甲士三尖槍
1878,鬥士長槍
1879,冠軍騎槍
1880,火神槍
1881,莫古莫古叉
1882,方尖槍
1883,風神喙
1884,土神長槍
1885,穿心槍蓋博爾格
1886,雷雲
1887,亞拉戈長槍
1888,聖槍
1889,風化短弓
1890,審判弓
1891,楓木短弓
1892,楓木長弓
1893,白羽楓木短弓
1894,革裝楓木長弓
1895,梣木短弓
1896,乙太梣木短弓
1897,榆木長弓
1898,乙太榆木長弓
1899,高速榆木短弓
1900,乙太高速榆木短弓
1901,教練裝甲弓
1902,牙兵短弓
1903,甲兵短弓
1904,鬥兵短弓
1905,革裝榆木長弓
1906,乙太革裝榆木長弓
1907,夜梟之弓
1908,梣木複合弓
1909,乙太梣木複合弓
1910,舊化戰弓
1911,牙兵戰弓
1912,甲兵戰弓
1913,鬥兵戰弓
1914,奸詐尤奇爾
1915,梣木騎兵弓
1916,乙太梣木騎兵弓
1917,橡木長弓
1918,乙太橡木長弓
1919,摘巢弓
1920,秘銀騎兵弓
1921,乙太秘銀騎兵弓
1922,密林長弓
1923,碧海複合弓
1924,黃沙短弓
1925,橡木複合弓
1926,乙太橡木複合弓
1927,暗影戰弓
1928,密林短弓
1929,碧海騎兵弓
1930,黃沙長弓
1931,黃沙複合弓
1932,鈷鐵騎兵弓
1933,乙太鈷鐵騎兵弓
1934,牙曹戰弓
1935,甲曹戰弓
1936,鬥曹戰弓
1937,紫杉長弓
1938,乙太紫杉長弓
1939,青翠短弓
1940,阿蕾索妮的歌弓
1941,古典戰弓
1942,蟹甲戰弓
1943,乙太蟹甲戰弓
1944,月神之弓半成品
1945,巨膽長弓
1946,牙士戰弓
1947,甲士戰弓
1948,鬥士戰弓
1949,長臂複合弓
1950,火神弓
1951,莫古莫古弓
1952,風神刺
1953,薩倫伽光弓
1954,土神戰弓
1955,月神之弓
1956,亞拉戈複合弓
1957,精靈之弓
1958,楓木幻杖
1959,低語楓木幻杖
1960,綠葉楓木幻杖
1961,梣木幻杖
1962,乙太梣木幻杖
1963,綠葉梣木幻杖
1964,乙太綠葉梣木幻杖
1965,低語梣木幻杖
1966,乙太低語梣木幻杖
1967,紫杉幻杖
1968,乙太紫杉幻杖
1969,綠葉紫杉幻杖
1970,乙太綠葉紫杉幻杖
1971,綠葉橡木幻杖
1972,乙太綠葉橡木幻杖
1973,黃沙幻杖
1974,冰華幻杖
1975,乙太冰華幻杖
1976,土華幻杖
1977,乙太土華幻杖
1978,水華幻杖
1979,乙太水華幻杖
1980,密林幻杖
1981,火華幻杖
1982,乙太火華幻杖
1983,風華幻杖
1984,乙太風華幻杖
1985,雷華幻杖
1986,乙太雷華幻杖
1987,綠葉紫檀幻杖
1988,乙太綠葉紫檀幻杖
1989,牙士幻杖
1990,甲士幻杖
1991,鬥士幻杖
1992,莫古莫古幻杖
1993,風神詐
1994,土神牧杖
1995,風化牧杖
1996,楓木牧杖
1997,楓木手杖
1998,梣木根杖
1999,乙太梣木根杖
2000,榆木牧杖
2001,乙太榆木牧杖
2002,榆木手杖
2003,乙太榆木手杖
2004,紫杉根杖
2005,乙太紫杉根杖
2006,教練手杖
2007,牙兵牧杖
2008,甲兵牧杖
2009,鬥兵牧杖
2010,銅鈴紫杉牧杖
2011,紫杉手杖
2012,乙太紫杉手杖
2013,假面太陽
2014,舊化牧杖
2015,胡桃木牧杖
2016,乙太胡桃木牧杖
2017,牙兵手杖
2018,甲兵手杖
2019,鬥兵手杖
2020,達蘭朵爾之心
2021,黑羽手杖
2022,乙太黑羽手杖
2023,橡木根杖
2024,乙太橡木根杖
2025,血泣
2026,銅鈴橡木牧杖
2027,乙太銅鈴橡木牧杖
2028,密林牧杖
2029,碧海根杖
2030,萌芽紫檀根杖
2031,乙太萌芽紫檀根杖
2032,靈木之杖
2033,密林根杖
2034,碧海牧杖
2035,黃沙手杖
2036,牙曹根杖
2037,甲曹根杖
2038,鬥曹根杖
2039,翡翠手杖
2040,乙太翡翠手杖
2041,古典牧杖
2042,獄王牧杖
2043,札布蘭的風暴
2044,銅鈴紅木牧杖
2045,乙太銅鈴紅木牧杖
2046,酒神杖半成品
2047,樹靈神
2048,巨膽牧杖
2049,狂人低語
2050,火神杖
2051,七公六杖
2052,酒神杖
2053,亞拉戈牧杖
2054,萬全棒
2055,風化咒杖
2056,獸骨咒角
2057,紅銅咒杖
2058,青銅咒杖
2059,黃銅咒錘
2060,乙太黃銅咒錘
2061,黃銅咒杖
2062,乙太裝飾紅銅咒杖
2063,風華咒角
2064,乙太風華咒角
2065,教練咒錘
2066,寒冰烙印
2067,乙太寒冰烙印
2068,舊化咒錘
2069,白銀咒杖
2070,乙太白銀咒杖
2071,土華咒角
2072,乙太土華咒角
2073,牙兵咒角
2074,甲兵咒角
2075,鬥兵咒角
2076,熏銀咒杖
2077,乙太裝飾白銀咒杖
2078,火華咒角
2079,乙太火華咒角
2080,憎惡
2081,密林咒杖
2082,黃沙咒角
2083,雷華咒角
2084,乙太雷華咒角
2085,碧海咒錘
2086,碧海咒杖
2087,黃沙咒錘
2088,綠金咒杖
2089,乙太綠金咒杖
2090,牙曹咒錘
2091,甲曹咒錘
2092,鬥曹咒錘
2093,古典咒錘
2094,水華咒角
2095,乙太水華咒角
2096,青翠咒杖
2097,翡翠咒杖
2098,乙太翡翠咒杖
2099,牙士咒杖
2100,甲士咒杖
2101,鬥士咒錘
2102,染血咒杖
2103,火神錘
2104,土神咒錘
2105,亞拉戈咒杖
2106,獸骨長杖
2107,牡羊角長杖
2108,蟹甲獸骨長杖
2109,獸齒牡羊角長杖
2110,乙太獸齒牡羊角長杖
2111,羚羊角長杖
2112,乙太羚羊角長杖
2113,牙兵長杖
2114,甲兵長杖
2115,鬥兵長杖
2116,血角長杖
2117,金羊長杖
2118,獸齒羚羊角長杖
2119,乙太獸齒羚羊角長杖
2120,十指長杖
2121,山羊角長杖
2122,乙太山羊角長杖
2123,獸齒山羊角長杖
2124,乙太獸齒山羊角長杖
2125,獸角長杖
2126,乙太獸角長杖
2127,碧海長杖
2128,聖持杖
2129,密林長杖
2130,黑角長杖
2131,乙太黑角長杖
2132,奧布里耶的低語
2133,白牙長杖
2134,乙太白牙長杖
2135,星塵杖半成品
2136,巨膽長杖
2137,莫古莫古長杖
2138,風神導
2139,星盤杖
2140,星塵杖
2141,長老之杖
2142,風化魔導書
2143,鞣革魔導書
2144,楓木巫書
2145,雕花鞣革魔導書
2146,梣木巫書
2147,硬革魔導書
2148,乙太硬革魔導書
2149,雕花硬革魔導書
2150,乙太雕花硬革魔導書
2151,紫杉巫書
2152,教練魔導書
2153,牙兵魔導書
2154,甲兵魔導書
2155,鬥兵魔導書
2156,山羊革魔導書
2157,乙太山羊革魔導書
2158,舊化巫書
2159,學生用黃銅之書
2160,雕花山羊革魔導書
2161,乙太雕花山羊革魔導書
2162,牙兵巫書
2163,甲兵巫書
2164,鬥兵巫書
2165,學生用鞣革魔導書
2166,白銀之書
2167,乙太白銀之書
2168,學生用白銀之書
2169,雕花白銀之書
2170,乙太雕花白銀之書
2171,密林魔導書
2172,碧海魔導書
2173,黃沙魔導書
2174,秘銀之書
2175,乙太秘銀之書
2176,魔喚藝書
2177,禱文藝書
2178,密林巫書
2179,碧海巫書
2180,黃沙巫書
2181,牙兵青銅之書
2182,甲兵黑鐵之書
2183,鬥兵黃銅之書
2184,古典巫書
2185,綠金之書
2186,乙太綠金之書
2187,學生用秘銀之書
2188,暗耀魔導書
2189,雕花綠金之書
2190,乙太雕花綠金之書
2191,綠瞳列傳半成品
2192,萬辭全書半成品
2193,薩維奈魔咒書
2194,薩維奈癒咒書
2195,牙士詠咒魔導書
2196,牙士治癒魔導書
2197,甲士詠咒魔導書
2198,甲士治癒魔導書
2199,鬥士詠咒魔導書
2200,鬥士治癒魔導書
2201,博學治癒巫書
2202,博學詠咒巫書
2203,火神書
2204,火神典
2205,風神願
2206,風神懷
2207,莫古莫古書·莫古
2208,莫古莫古書·咕波
2209,土神巨鑰
2210,土神聖鑰
2211,神言集
2212,神恩集
2213,綠瞳列傳
2214,萬辭全書
2215,亞拉戈詠咒魔導書
2216,亞拉戈治癒魔導書
2217,萬全之書
2218,知識之書
2219,楓木方盾
2220,公會紋章盾
2221,雙蛇紋章盾
2222,黑渦紋章盾
2223,不滅紋章盾
2224,舊化方盾
2225,舊化重盾
2226,青銅重盾
2227,舊化小圓盾
2228,圓盾
2229,鞣革皮盾
2230,青銅步兵盾
2231,青銅小圓盾
2232,舊化步兵盾
2233,梣木方盾
2234,監護圓盾
2235,夜伏者皮盾
2236,黑鐵重盾
2237,舊化圓盾
2238,古典方盾
2239,鑲鐵小圓盾
2240,乙太鑲鐵小圓盾
2241,黑鐵機關盾
2242,黑鐵步兵盾
2243,乙太黑鐵步兵盾
2244,古典重盾
2245,淺海皮盾
2246,蛇紋圓盾
2247,乙太蛇紋圓盾
2248,黑鐵鳶盾
2249,乙太黑鐵鳶盾
2250,山羊革皮盾
2251,乙太山羊革皮盾
2252,牙兵皮盾
2253,甲兵步兵盾
2254,鬥兵機關盾
2255,蠻勇方盾
2256,殘陽輕盾
2257,公牛重盾
2258,乙太公牛重盾
2259,舊化鳶盾
2260,鑲銀小圓盾
2261,乙太鑲銀小圓盾
2262,鑲銀步兵盾
2263,乙太鑲銀步兵盾
2264,古典小圓盾
2265,密林方盾
2266,碧海鳶盾
2267,黃沙圓盾
2268,雙劍機關盾
2269,乙太雙劍機關盾
2270,盜龍革皮盾
2271,托爾穆恩的意志
2272,乙太盜龍革皮盾
2273,密林圓盾
2274,密林小圓盾
2275,碧海機關盾
2276,黃沙步兵盾
2277,黃沙重盾
2278,古典步兵盾
2279,鈷鐵步兵盾
2280,乙太鈷鐵步兵盾
2281,牙曹皮盾
2282,牙曹重盾
2283,甲曹皮盾
2284,甲曹重盾
2285,鬥曹皮盾
2286,鬥曹機關盾
2287,鷹紋圓盾
2288,乙太鷹紋圓盾
2289,古典圓盾
2290,奧布里耶的寄寓
2291,毒蠍盾
2292,引航鳶盾
2293,邪術小圓盾
2294,鳶盾
2295,乙太鳶盾
2296,鈷鐵雙劍機關盾
2297,乙太鈷鐵雙劍機關盾
2298,牛血皮盾
2299,乙太牛血皮盾
2300,古典鳶盾
2301,恐狼步兵盾
2302,玄鋼步兵盾
2303,玄鋼小圓盾
2304,雲杉圓盾
2305,土神壁盾
2306,神聖盾
2307,奧汀神盾
2308,亞拉戈圓盾
2309,古代小圓盾
2310,
2311,洋蔥之盾
2312,
2313,
2314,風化手鋸
2315,青銅手鋸
2316,業餘手鋸
2317,陸行鳥手鋸
2318,新來者手鋸
2319,黑鐵雕紋手鋸
2320,黑鐵陸行鳥手鋸
2321,白鋼雕紋手鋸
2322,橫切手鋸
2323,秘銀手鋸
2324,秘銀陸行鳥手鋸
2325,鈷鐵雕紋手鋸
2326,流光手鋸
2327,烏利庫梅手鋸
2328,業餘羊角錘
2329,青銅羊角錘
2330,新兵羊角錘
2331,黑鐵羊角錘
2332,新來者羊角錘
2333,初學者羊角錘
2334,白鋼羊角錘
2335,革柄白鋼羊角錘
2336,學徒羊角錘
2337,秘銀羊角錘
2338,鈷鐵羊角錘
2339,民兵羊角錘
2340,風化橫頭錘
2341,青銅橫頭錘
2342,業餘橫頭錘
2343,青銅鳥嘴錘
2344,黑鐵橫頭錘
2345,新來者橫頭錘
2346,黑鐵鳥嘴錘
2347,加重鳥嘴錘
2348,白鋼橫頭錘
2349,白鋼鳥嘴錘
2350,革柄白鋼鳥嘴錘
2351,鈷鐵橫頭錘
2352,革柄鳥嘴錘
2353,流光鳥嘴錘
2354,伏爾甘神錘
2355,業餘銼刀
2356,青銅銼刀
2357,新兵銼刀
2358,黑鐵銼刀
2359,新來者銼刀
2360,初學者銼刀
2361,白鋼銼刀
2362,學徒銼刀
2363,秘銀銼刀
2364,鈷鐵銼刀
2365,民兵銼刀
2366,風化甲冑錘
2367,青銅甲冑錘
2368,業餘甲冑錘
2369,青銅圓頭錘
2370,黑鐵甲冑錘
2371,新來者甲冑錘
2372,黑鐵圓頭錘
2373,革柄圓頭錘
2374,白鋼甲冑錘
2375,白鋼圓頭錘
2376,鈷鐵甲冑錘
2377,鈷鐵圓頭錘
2378,流光圓頭錘
2379,庫爾達雷貢神錘
2380,業餘手鉗
2381,青銅手鉗
2382,新兵手鉗
2383,黑鐵手鉗
2384,新來者手鉗
2385,初學者手鉗
2386,白鋼手鉗
2387,學徒手鉗
2388,秘銀手鉗
2389,鈷鐵手鉗
2390,民兵手鉗
2391,風化金工錘
2392,青銅金工錘
2393,業餘金工錘
2394,青銅裝飾錘
2395,黑鐵金工錘
2396,新來者金工錘
2397,黑鐵裝飾錘
2398,白鋼金工錘
2399,白鋼裝飾錘
2400,秘銀裝飾錘
2401,秘銀工藝錘
2402,綠金工藝錘
2403,流光金工錘
2404,烏爾卡卦利神錘
2405,業餘砂輪機
2406,砂岩砂輪機
2407,新兵砂輪機
2408,泥岩砂輪機
2409,新來者砂輪機
2410,初學者砂輪機
2411,粉岩砂輪機
2412,學徒砂輪機
2413,寶石砂輪機
2414,石蜥蜴砂輪機
2415,民兵砂輪機
2416,風化裁皮刀
2417,青銅裁皮刀
2418,業餘裁皮刀
2419,黃銅裁皮刀
2420,新來者裁皮刀
2421,黑鐵圓革刀
2422,黑鐵裁皮刀
2423,白銀裁皮刀
2424,白鋼圓革刀
2425,秘銀裁皮刀
2426,秘銀圓革刀
2427,綠金裁皮刀
2428,流光裁皮刀
2429,萍嘉神刀
2430,業餘平斬
2431,青銅平斬
2432,新兵平斬
2433,黑鐵平斬
2434,新來者平斬
2435,初學者平斬
2436,白鋼平斬
2437,革柄白鋼平斬
2438,學徒平斬
2439,秘銀平斬
2440,鈷鐵平斬
2441,民兵平斬
2442,風化縫針
2443,紅銅縫針
2444,蝠牙縫針
2445,業餘縫針
2446,黃銅縫針
2447,新來者縫針
2448,白銀縫針
2449,蟲牙針
2450,秘銀縫針
2451,狼牙縫針
2452,仙人針
2453,綠金縫針
2454,流光縫針
2455,克洛托縫針
2456,業餘紡車
2457,梣木紡車
2458,新兵紡車
2459,新來者紡車
2460,榆木紡車
2461,初學者紡車
2462,胡桃紡車
2463,學徒紡車
2464,紅木紡車
2465,紫檀紡車
2466,民兵紡車
2467,風化蒸餾器
2468,青銅蒸餾器
2469,業餘蒸餾器
2470,黃銅蒸餾器
2471,新來者蒸餾器
2472,黑鐵蒸餾器
2473,特製蒸餾器
2474,白鋼蒸餾器
2475,白銀蒸餾器
2476,秘銀蒸餾器
2477,綠金蒸餾器
2478,熱能蒸餾器
2479,流光蒸餾器
2480,帕拉塞爾蘇斯蒸餾器
2481,業餘研缽
2482,青銅研缽
2483,新兵研缽
2484,黑鐵研缽
2485,新來者研缽
2486,初學者研缽
2487,白鋼研缽
2488,重鋼研缽
2489,學徒研缽
2490,秘銀研缽
2491,鈷鐵研缽
2492,民兵研缽
2493,風化平底鍋
2494,青銅平底鍋
2495,業餘平底鍋
2496,黑鐵平底鍋
2497,新來者平底鍋
2498,黑鐵煎鍋
2499,炸彈煎鍋
2500,白鋼平底鍋
2501,純白平底鍋
2502,白鋼煎鍋
2503,鈷鐵平底鍋
2504,地獄廚鍋
2505,流光平底鍋
2506,薔提可神鍋
2507,業餘廚刀
2508,青銅廚刀
2509,新兵廚刀
2510,黑鐵廚刀
2511,新來者廚刀
2512,初學者廚刀
2513,白鋼廚刀
2514,革柄白鋼廚刀
2515,學徒廚刀
2516,秘銀廚刀
2517,鈷鐵廚刀
2518,民兵廚刀
2519,風化十字鎬
2520,青銅十字鎬
2521,業餘十字鎬
2522,白羽十字鎬
2523,鐵十字鎬
2524,新來者十字鎬
2525,黑鐵十字鎬
2526,白鋼十字鋤
2527,白鋼十字鎬
2528,秘銀十字鎬
2529,鈷鐵十字鎬
2530,小鷹十字鎬
2531,流光十字鎬
2532,瑪門魔鋤
2533,風化碎石錘
2534,青銅碎石錘
2535,新兵碎石錘
2536,新來者碎石錘
2537,黑鐵碎石錘
2538,初學者碎石錘
2539,白鋼碎石錘
2540,革柄白鋼碎石錘
2541,學徒碎石錘
2542,秘銀碎石錘
2543,鈷鐵碎石錘
2544,民兵碎石錘
2545,風化手斧
2546,青銅手斧
2547,業餘手斧
2548,黑鐵手斧
2549,新來者手斧
2550,黃銅手斧
2551,黑鐵陸行鳥手斧
2552,白鋼手斧
2553,白鋼陸行鳥手斧
2554,秘銀手斧
2555,鈷鐵手斧
2556,獸角手斧
2557,流光手斧
2558,勞尼神斧
2559,風化鐮刀
2560,青銅鐮刀
2561,新兵鐮刀
2562,黑鐵鐮刀
2563,新來者鐮刀
2564,初學者鐮刀
2565,白鋼鐮刀
2566,革柄白鋼鐮刀
2567,學徒鐮刀
2568,秘銀鐮刀
2569,鈷鐵鐮刀
2570,民兵鐮刀
2571,風化釣竿
2572,柳木釣竿
2573,業餘釣竿
2574,榆木釣竿
2575,新來者釣竿
2576,紫杉釣竿
2577,羚羊角釣竿
2578,胡桃釣竿
2579,獸角釣竿
2580,紅木釣竿
2581,紫檀釣竿
2582,鍍金紫檀釣竿
2583,流光釣竿
2584,阿耳刻悠妮神竿
2585,沙蠶
2586,蛾蛹
2587,潮蟲
2588,小龍蝦丸子
2589,鰕虎丸子
2590,血蚯蚓
2591,溝鼠尾巴
2592,搖蚊
2593,螃蟹丸子
2594,奶油蟲
2595,鱸魚丸子
2596,匙蟲
2597,花蠅
2598,鯡魚丸子
2599,蜜蟲
2600,沙蛭
2601,蛀蟲
2602,沙壁虎
2603,火螢
2604,滾石
2605,浮游蟲
2606,極地磷蝦
2607,石蠶
2608,沙毛蟲
2609,氣球蟲
2610,陸行鳥擬餌
2611,漂浮誘餌魚
2612,黃銅勺形魚餌
2613,小蝦肉籠
2614,烏鴉擬餌
2615,白銀勺形魚餌
2616,鐵板鉤
2617,下沉誘餌魚
2618,毛球擬餌
2619,重鐵板鉤
2620,旋轉亮片
2621,磷蝦肉籠
2622,秘銀勺形魚餌
2623,雉雞擬餌
2624,漂浮誘餌蛙
2625,彩虹勺形魚餌
2626,複合亮片
2627,羽毛擬餌
2628,弓角
2629,草布兜帽
2630,草布大地兜帽
2631,鞣革突騎帽
2632,加隆德護目鏡
2633,莫古莫古帽
2634,光之頭盔
2635,審判鎖甲頭罩
2636,審判護目鏡
2637,洋蔥頭盔
2638,南瓜頭
2639,青嫩南瓜頭
2640,白南瓜頭
2641,成熟南瓜頭
2642,夢幻帽
2643,馴鹿角
2644,玉兔武士盔
2645,天龍武士盔
2646,朱漆天龍武士盔
2647,金箔天龍武士盔
2648,黑漆天龍武士盔
2649,奇智圍巾
2650,公會帽
2651,默諾阿面具
2652,草布頭巾
2653,鞣革眼罩
2654,硬革盔帽
2655,草布寬邊帽
2656,青銅鎖甲頭罩
2657,舊化廚帽
2658,草帽
2659,質樸蛋殼帽
2660,業餘頭甲
2661,業餘兜帽
2662,青銅角盔
2663,馬僕草帽
2664,紅銅開面盔
2665,棉布包頭巾
2666,馬倌草帽
2667,舊化頭盔
2668,黃銅眼鏡
2669,硬革眼罩
2670,棉布圍巾
2671,陸行鳥蛋殼帽
2672,硬革小帽
2673,青銅頭盔
2674,乙太青銅頭盔
2675,梣木假面
2676,乙太梣木假面
2677,狩獵帽
2678,乙太狩獵帽
2679,掠奪騎士帽
2680,黃銅開面盔
2681,乙太裝飾開面盔
2682,海盜頭巾
2683,掠奪護目鏡
2684,掠奪頭盔
2685,黃銅頭冠（日長石）
2686,乙太黃銅頭冠（日長石）
2687,黃銅頭冠（賽黃晶）
2688,乙太黃銅頭冠（賽黃晶）
2689,黃銅頭冠（孔雀石）
2690,乙太黃銅頭冠（孔雀石）
2691,黃銅頭冠（榍石）
2692,乙太黃銅頭冠（榍石）
2693,黃銅頭冠（螢石）
2694,乙太黃銅頭冠（螢石）
2695,黃銅頭冠（天青石）
2696,乙太黃銅頭冠（天青石）
2697,山羊革盔帽
2698,乙太山羊革盔帽
2699,棉布兜帽
2700,棉布大地兜帽
2701,乙太棉布兜帽
2702,舊化小丑帽
2703,梣木假面（天青石）
2704,乙太梣木假面（天青石）
2705,黑漆玉兔武士盔
2706,銀箔玉兔武士盔
2707,迷彩蛋殼帽
2708,黑鐵角盔
2709,乙太黑鐵角盔
2710,山羊革眼罩
2711,乙太山羊革眼罩
2712,黑鐵頭盔
2713,乙太黑鐵頭盔
2714,新來者頭甲
2715,密林士兵帽
2716,碧海士兵帽
2717,黃沙士兵帽
2718,夸爾眼罩
2719,棉布圓錐帽
2720,乙太棉布圓錐帽
2721,教練鎖甲頭罩
2722,教練寬邊帽
2723,黑鐵騎兵頭盔
2724,乙太黑鐵騎兵頭盔
2725,加固角盔
2726,乙太加固角盔
2727,棉絨頭巾
2728,白銀眼鏡
2729,棉絨包頭巾
2730,乙太棉絨包頭巾
2731,白銀作業眼鏡
2732,乙太白銀眼鏡
2733,棉絨巧匠無簷帽
2734,棉絨大地無簷帽
2735,白銀頭冠（石榴石）
2736,乙太白銀頭冠（石榴石）
2737,白銀頭冠（透綠柱石）
2738,乙太白銀頭冠（透綠柱石）
2739,白銀頭冠（橄欖石）
2740,乙太白銀頭冠（橄欖石）
2741,白銀頭冠（金綠柱石）
2742,乙太白銀頭冠（金綠柱石）
2743,白銀頭冠（紫水晶）
2744,乙太白銀頭冠（紫水晶）
2745,白銀頭冠（海藍石）
2746,乙太白銀頭冠（海藍石）
2747,夜鷹面罩
2748,酷刑單片眼鏡
2749,獄卒開面盔
2750,棉絨貝雷帽
2751,三色蛋殼帽
2752,遊隼頭盔
2753,白鋼角盔
2754,乙太白鋼角盔
2755,白鋼頭盔
2756,乙太白鋼頭盔
2757,古典頭盔
2758,白鋼護目鏡
2759,舊化兜帽
2760,牙兵兜帽
2761,甲兵角盔
2762,鬥兵兜帽
2763,棉絨圓錐帽
2764,乙太棉絨圓錐帽
2765,白鋼騎兵頭盔
2766,乙太白鋼騎兵頭盔
2767,骷髏眼罩
2768,乙太骷髏眼罩
2769,秘銀作業眼鏡
2770,步兵頭巾
2771,戰鬥法師帽
2772,騎兵面具
2773,深紅圓錐帽
2774,秘銀眼鏡
2775,乙太秘銀眼鏡
2776,亞麻包頭巾
2777,乙太亞麻包頭巾
2778,鮟鱇草帽
2779,亞麻寬邊帽
2780,乙太亞麻寬邊帽
2781,占卜帽
2782,偷獵者狩獵帽
2783,征服者頭盔
2784,陸行鳥面具
2785,古典廚帽
2786,白鋼開面盔
2787,乙太白鋼開面盔
2788,野豬革盔帽
2789,乙太野豬革盔帽
2790,秘銀頭冠（紅電氣石）
2791,乙太秘銀頭冠（紅電氣石）
2792,秘銀頭冠（鋯石）
2793,乙太秘銀頭冠（鋯石）
2794,秘銀頭冠（電氣石）
2795,乙太秘銀頭冠（電氣石）
2796,秘銀頭冠（琥珀）
2797,乙太秘銀頭冠（琥珀）
2798,秘銀頭冠（尖晶石）
2799,乙太秘銀頭冠（尖晶石）
2800,秘銀頭冠（綠松石）
2801,乙太秘銀頭冠（綠松石）
2802,秘銀騎兵頭盔
2803,乙太秘銀騎兵頭盔
2804,亞麻巧匠無簷帽
2805,亞麻大地無簷帽
2806,呢絨兜帽
2807,乙太呢絨兜帽
2808,呢絨大地兜帽
2809,暗黑蛋殼帽
2810,呢絨包頭巾
2811,乙太呢絨包頭巾
2812,秘銀頭盔
2813,乙太秘銀頭盔
2814,呢絨寬邊帽
2815,乙太呢絨寬邊帽
2816,亞麻獵鹿帽
2817,秘銀開面盔
2818,乙太秘銀開面盔
2819,秘銀口罩
2820,紅洋蔥頭盔
2821,探險者突騎帽
2822,探險者頭巾
2823,老兵盔帽
2824,煽動者假面
2825,呢絨狩獵帽
2826,乙太呢絨狩獵帽
2827,秘銀鎖甲頭罩
2828,乙太秘銀鎖甲頭罩
2829,呢絨貝雷帽
2830,加固騎兵頭盔
2831,乙太加固騎兵頭盔
2832,呢絨騎士帽
2833,乙太呢絨騎士帽
2834,鈷鐵護目鏡
2835,纖維兜帽
2836,乙太纖維兜帽
2837,纖維大地兜帽
2838,牙曹兜帽
2839,牙曹頭冠
2840,牙曹假面
2841,牙曹貝雷帽
2842,甲曹角盔
2843,甲曹頭冠
2844,甲曹假面
2845,甲曹貝雷帽
2846,鬥曹兜帽
2847,鬥曹頭冠
2848,鬥曹假面
2849,鬥曹貝雷帽
2850,鈷鐵騎兵頭盔
2851,乙太鈷鐵騎兵頭盔
2852,纖維寬邊帽
2853,乙太纖維寬邊帽
2854,呢絨獵鹿帽
2855,古典小丑帽
2856,鼻眼鏡
2857,綠金單片眼鏡
2858,乙太綠金單片眼鏡
2859,鈷鐵開面盔
2860,乙太鈷鐵開面盔
2861,鈷鐵口罩
2862,盜龍革盔帽
2863,乙太盜龍革盔帽
2864,將領兜帽
2865,輕步兵盔帽
2866,邪術帽
2867,西帕希包頭巾
2868,傭兵盔帽
2869,朱紅盔帽
2870,綠金頭冠（紅電氣石）
2871,乙太綠金頭冠（紅電氣石）
2872,綠金頭冠（鋯石）
2873,乙太綠金頭冠（鋯石）
2874,綠金頭冠（電氣石）
2875,乙太綠金頭冠（電氣石）
2876,綠金頭冠（琥珀）
2877,乙太綠金頭冠（琥珀）
2878,綠金頭冠（尖晶石）
2879,乙太綠金頭冠（尖晶石）
2880,綠金頭冠（綠松石）
2881,乙太綠金頭冠（綠松石）
2882,纖維狩獵帽
2883,乙太纖維狩獵帽
2884,鈷鐵鎖甲頭罩
2885,乙太鈷鐵鎖甲頭罩
2886,纖維貝雷帽
2887,海盜三角帽
2888,古典兜帽
2889,鈷鐵頭盔
2890,乙太鈷鐵頭盔
2891,纖維騎士帽
2892,乙太纖維騎士帽
2893,鈷鐵角盔
2894,乙太鈷鐵角盔
2895,顯貴無簷帽
2896,聖堂鎖甲頭罩
2897,英騎戰冠
2898,昭武頭冠
2899,勇戰輕盔
2900,騰龍戰盔
2901,詠詩禮帽
2902,白癒頭冠
2903,黑術闊邊帽
2904,喚靈長角
2905,學士方帽
2906,滑稽帽
2907,殘戮者之冠
2908,記錄者之冠
2909,探究者之冠
2910,賭博者之冠
2911,民兵開面盔
2912,民兵戰盔
2913,民兵寬邊帽
2914,衛月獨角
2915,白銀三角帽
2916,密林軍官帽
2917,碧海軍官帽
2918,黃沙軍官帽
2919,哨兵頭盔
2920,木匠頭巾帽
2921,鐵匠護鏡帽
2922,甲匠遮面罩
2923,金匠包頭巾
2924,革匠工作帽
2925,衣匠高禮帽
2926,鍊金單片眼鏡
2927,烹調高廚帽
2928,礦工頭燈帽
2929,樵夫尖角帽
2930,漁人休閒帽
2931,軍團面罩
2932,玫瑰金頭冠
2933,特務三角帽
2934,特務小丑帽
2935,暗耀頭盔
2936,暗耀強襲眼罩
2937,暗耀精準眼罩
2938,駿鷹革頭巾
2939,駿鷹革狩獵帽
2940,玄鋼鎖甲頭罩
2941,絹布詠咒寬邊帽
2942,絹布治癒寬邊帽
2943,凶惡巨獸重頭盔
2944,凶惡巨獸頭盔
2945,凶惡巨獸假面
2946,亞拉戈頭盔
2947,亞拉戈強襲面罩
2948,亞拉戈詠咒頭冠
2949,亞拉戈精準面罩
2950,亞拉戈治癒頭冠
2951,奧汀神盔
2952,風魔眼帶
2953,民謠王冠
2954,皇室王冠
2955,光之王冠
2956,洋蔥面具
2957,深紅帽子
2958,草布厚袍
2959,草布大地厚袍
2960,草布束腰衣
2961,草布無領襯衫
2962,洋蔥工作服
2963,審判鎖子鎧
2964,審判襯衫
2965,夢幻裝
2966,馴鹿裝
2967,青藍君子浴衣
2968,碧綠君子浴衣
2969,墨黑君子浴衣
2970,丹紅淑女浴衣
2971,青藍淑女浴衣
2972,墨黑淑女浴衣
2973,火紅男式夏衣
2974,翠綠男式夏衣
2975,蔚藍男式夏衣
2976,金陽男式夏衣
2977,銀月男式夏衣
2978,火紅女式夏衣
2979,翠綠女式夏衣
2980,蔚藍女式夏衣
2981,金陽女式夏衣
2982,銀月女式夏衣
2983,人族束腰衣
2984,人族緊胸衣
2985,精靈外套
2986,精靈束身衣
2987,拉拉菲爾束腰衣
2988,拉拉菲爾長衫
2989,貓魅坎肩
2990,貓魅單衣
2991,魯加格鬥服
2992,魯加緊身胸衣
2993,公會罩衣
2994,陸行鳥套裝
2995,風化束腰牧衣
2996,貼身背心
2997,緊身小背心
2998,舊化工作坎肩
2999,草布短袖罩衣
3000,草布僧袍
3001,草布束腰牧衣
3002,訂製襯衫
3003,訂製束腰衣
3004,訂製治癒長袍
3005,訂製胸甲
3006,訂製鱗鎧
3007,訂製詠魔長袍
3008,草布棉甲
3009,舊化短上衣
3010,草布短袍
3011,青銅鎖子鎧
3012,舊化圍裙裝
3013,業餘工作坎肩
3014,業餘無領襯衫
3015,業餘厚袍
3016,鞣革皮甲
3017,硬革格鬥服
3018,草布長袍
3019,草布巧匠工作坎肩
3020,草布大地工作坎肩
3021,舊化鱗鎧
3022,棉布襯衫
3023,棉布束腰牧衣
3024,棉布僧袍
3025,乙太棉布僧袍
3026,青銅胸甲
3027,乙太青銅胸甲
3028,棉布短袖罩衣
3029,乙太棉布短袖罩衣
3030,掠奪皮甲
3031,掠奪鎖子鎧
3032,掠奪外袍
3033,掠奪胸甲
3034,強打罩衣
3035,助手短袍
3036,棉布厚袍
3037,乙太棉布厚袍
3038,棉布大地厚袍
3039,棉布棉甲
3040,乙太棉布棉甲
3041,棉布無領襯衫
3042,森林呼嘯皮甲
3043,山羊革皮甲
3044,乙太山羊革皮甲
3045,黑鐵胸甲
3046,乙太黑鐵胸甲
3047,密林士兵服
3048,碧海士兵服
3049,黃沙士兵服
3050,棉布短袍
3051,乙太棉布短袍
3052,棉布巧匠工作坎肩
3053,棉布大地工作坎肩
3054,教練鏈甲
3055,教練格鬥服
3056,教練長袍
3057,黑鐵鱗鎧
3058,乙太黑鐵鱗鎧
3059,舊化鎖子鎧
3060,棉布束腰獵衣
3061,乙太棉布束腰獵衣
3062,棉布長袍
3063,乙太棉布長袍
3064,新來者工作坎肩
3065,新來者長外衣
3066,棉絨襯衫
3067,乙太棉絨襯衫
3068,黑鐵重甲
3069,乙太黑鐵重甲
3070,牙兵工作服
3071,牙兵短上衣
3072,甲兵工作坎肩
3073,甲兵圍裙裝
3074,鬥兵長外衣
3075,鬥兵皮衣
3076,古典短上衣
3077,棉絨巧匠短上衣
3078,牙兵皮甲
3079,牙兵僧袍
3080,牙兵胸甲
3081,牙兵鏈甲
3082,甲兵鏈甲
3083,甲兵厚袍
3084,甲兵胸甲
3085,甲兵棉甲
3086,鬥兵長袍
3087,鬥兵格鬥服
3088,鬥兵胸甲
3089,鬥兵鏈甲
3090,棉絨僧袍
3091,乙太棉絨僧袍
3092,棉絨大地短上衣
3093,永暗
3094,劫道棉甲
3095,苦行者短袍
3096,白鋼鏈甲
3097,乙太白鋼鏈甲
3098,舊化總管短上衣
3099,巨蟾蜍革皮衣
3100,巨蟾蜍革皮甲
3101,乙太巨蟾蜍革皮甲
3102,白鋼胸甲
3103,乙太白鋼胸甲
3104,棉絨長外衣
3105,古典工作坎肩
3106,棉絨短袍
3107,乙太棉絨短袍
3108,舊化長袍
3109,牙兵束腰獵衣
3110,牙兵鎖子鎧
3111,牙兵外袍
3112,甲兵外袍
3113,甲兵鎖子鎧
3114,甲兵皮甲
3115,鬥兵襯衫
3116,鬥兵鎖子鎧
3117,鬥兵外袍
3118,白鋼鱗鎧
3119,乙太白鋼鱗鎧
3120,棉絨巧匠工作坎肩
3121,棉絨大地工作坎肩
3122,騎兵胸甲
3123,步兵襯衫
3124,戰鬥法師袍
3125,亞麻襯衫
3126,乙太亞麻襯衫
3127,白鋼重甲
3128,乙太白鋼重甲
3129,學徒工作服
3130,學徒圍裙裝
3131,亞麻長袍
3132,乙太亞麻長袍
3133,忠臣外袍
3134,偷獵者束腰獵衣
3135,柯柯盧恩暗甲鎧
3136,先知僧袍
3137,古典圍裙裝
3138,野豬革格鬥服
3139,乙太野豬革格鬥服
3140,亞麻僧袍
3141,乙太亞麻僧袍
3142,獸骨鱗鎧
3143,乙太獸骨鱗鎧
3144,亞麻巧匠短上衣
3145,亞麻大地短上衣
3146,亞麻外袍
3147,呢絨襯衫
3148,乙太呢絨襯衫
3149,秘銀胸甲
3150,乙太秘銀胸甲
3151,牙曹束腰獵衣
3152,牙曹短袖罩衣
3153,牙曹圍裙裝
3154,甲曹外袍
3155,甲曹短袖罩衣
3156,甲曹圍裙裝
3157,鬥曹襯衫
3158,鬥曹短袖罩衣
3159,鬥曹圍裙裝
3160,呢絨長袍
3161,乙太呢絨長袍
3162,亞麻圍裙裝
3163,亞麻工作服
3164,古典鱗鎧
3165,毒蜥蜴革格鬥服
3166,乙太毒蜥蜴革格鬥服
3167,探險者束腰獵衣
3168,老兵棉甲
3169,高山戰鬥皮甲
3170,探險者短袖罩衣
3171,法師短袍
3172,呢絨束腰獵衣
3173,乙太呢絨束腰獵衣
3174,秘銀鎖子鎧
3175,乙太秘銀鎖子鎧
3176,呢絨長外衣
3177,野豬革皮衣
3178,呢絨外袍
3179,乙太呢絨外袍
3180,秘銀重甲
3181,乙太秘銀重甲
3182,古典總管短上衣
3183,龜甲鱗鎧
3184,乙太龜甲鱗鎧
3185,纖維長袍
3186,乙太纖維長袍
3187,呢絨圍裙裝
3188,呢絨工作服
3189,鬥技場肩甲
3190,鬥技場披肩
3191,盜龍革格鬥服
3192,乙太盜龍革格鬥服
3193,呢絨僧袍
3194,乙太呢絨僧袍
3195,夥友騎兵鱗鎧
3196,將領外袍
3197,邪術長袍
3198,西帕希襯衫
3199,傭兵棉甲
3200,朱紅鎖子鎧
3201,纖維束腰獵衣
3202,乙太纖維束腰獵衣
3203,鈷鐵鎖子鎧
3204,乙太鈷鐵鎖子鎧
3205,纖維長外衣
3206,盜龍革皮衣
3207,海盜戰裝
3208,古典長袍
3209,鈷鐵胸甲
3210,乙太鈷鐵胸甲
3211,纖維外袍
3212,乙太纖維外袍
3213,盜龍革皮甲
3214,乙太盜龍革皮甲
3215,顯貴短上衣
3216,
3217,聖堂鎖子鎧
3218,古典鎖子鎧
3219,滑稽棉甲
3220,英騎戰甲
3221,昭武鬥服
3222,勇戰胸甲
3223,騰龍戰鎧
3224,詠詩襯衫
3225,白癒長袍
3226,黑術長衣
3227,喚靈長衫
3228,學士外衣
3229,木匠長外衣
3230,鐵匠圍裙裝
3231,甲匠長外衣
3232,金匠工作服
3233,革匠工作衫
3234,衣匠燕尾服
3235,鍊金大衣
3236,烹調圍裙裝
3237,礦工工作衫
3238,樵夫工作服
3239,漁人休閒衫
3240,民兵長袍
3241,民兵胸甲
3242,民兵格鬥服
3243,苔角鱗鎧
3244,邪鬼工作服
3245,密林軍官服
3246,碧海軍官服
3247,黃沙軍官服
3248,哨兵胸甲
3249,特務厚袍
3250,暗耀重甲
3251,暗耀胸甲
3252,暗耀強襲護甲
3253,暗耀精準護甲
3254,暗耀詠咒長袍
3255,暗耀治癒長袍
3256,玄鋼重甲
3257,玄鋼鎖子鎧
3258,駿鷹革皮衣
3259,駿鷹革束腰衣
3260,絹布詠咒長袍
3261,絹布治癒長袍
3262,奧汀神鎧
3263,亞拉戈強襲胸甲
3264,亞拉戈精準胸甲
3265,亞拉戈治癒束腰衣
3266,亞拉戈重甲
3267,亞拉戈詠咒束腰衣
3268,風魔之衣
3269,民謠護甲
3270,皇室背心
3271,光之鎧甲
3272,洋蔥之鎧
3273,深紅背心
3274,草布馬褲
3275,草布巧匠馬褲
3276,草布牧羊褲
3277,審判短裙
3278,審判工作褲
3279,洋蔥束膝褲
3280,墨黑君子束褲
3281,粉白君子束褲
3282,金黃君子束褲
3283,墨黑淑女束褲
3284,粉白淑女束褲
3285,金黃淑女束褲
3286,火紅男式夏褲
3287,翠綠男式夏褲
3288,蔚藍男式夏褲
3289,金陽男式夏褲
3290,銀月男式夏褲
3291,火紅女式夏褲
3292,翠綠女式夏褲
3293,蔚藍女式夏褲
3294,金陽女式夏褲
3295,銀月女式夏褲
3296,人族馬褲
3297,人族短裙
3298,精靈長褲
3299,精靈緊身褲
3300,拉拉菲爾束膝褲
3301,拉拉菲爾蓬鬆褲
3302,貓魅輕戰褲
3303,貓魅腰布裙
3304,魯加馬褲
3305,魯加束腿褲
3306,風化牧羊褲
3307,草布內褲
3308,草布熱褲
3309,草布褲襪
3310,鞣革及膝褲
3311,草布垮褲
3312,草布緊身褲
3313,草布腿套
3314,草布束膝褲
3315,業餘工作褲
3316,業餘馬褲
3317,草布打底褲
3318,草布軟甲褲
3319,硬革三角褲
3320,棉布條紋工作褲
3321,棉布垮褲
3322,棉布牧羊褲
3323,星輝三角褲
3324,棉布褲襪
3325,內襯草布軟甲褲
3326,乙太內襯草布軟甲褲
3327,棉布緊身褲
3328,乙太棉布緊身褲
3329,強打短裙
3330,助手短裙
3331,掠奪軟甲褲
3332,棉布軟甲褲
3333,乙太棉布軟甲褲
3334,棉布馬褲
3335,乙太棉布馬褲
3336,棉布巧匠馬褲
3337,山羊革襯褲
3338,乙太山羊革襯褲
3339,內襯棉布軟甲褲
3340,乙太內襯棉布軟甲褲
3341,新來者工作褲
3342,舊化騎兵褲
3343,棉布束膝褲
3344,乙太棉布束膝褲
3345,棉布腿套
3346,乙太棉布腿套
3347,山羊革馬褲
3348,棉絨褲襪
3349,棉絨垮褲
3350,乙太棉絨垮褲
3351,棉絨大地垮褲
3352,黑鐵重足鎧
3353,乙太黑鐵重足鎧
3354,棉絨條紋工作褲
3355,棉絨緊身褲
3356,乙太棉絨褲襪
3357,牙兵工作褲
3358,牙兵打底褲
3359,甲兵工作褲
3360,甲兵褲襪
3361,鬥兵褲襪
3362,鬥兵及膝褲
3363,棉絨打底褲
3364,苦行者緊身褲
3365,棉絨軟甲褲
3366,乙太棉絨軟甲褲
3367,巨蟾蜍革襯褲
3368,乙太巨蟾蜍革襯褲
3369,巨蟾蜍革及膝褲
3370,內襯棉絨軟甲褲
3371,乙太內襯棉絨軟甲褲
3372,棉絨束膝褲
3373,乙太棉絨束膝褲
3374,牙兵腿套
3375,甲兵軟甲褲
3376,鬥兵垮褲
3377,巨蟾蜍革馬褲
3378,乙太巨蟾蜍革馬褲
3379,亞麻褲襪
3380,步兵短裙
3381,戰鬥法師褲
3382,騎兵軟甲褲
3383,亞麻垮褲
3384,乙太亞麻垮褲
3385,亞麻大地垮褲
3386,白鋼重足鎧
3387,乙太白鋼重足鎧
3388,牙兵軟甲褲
3389,牙兵馬褲
3390,牙兵短裙
3391,甲兵馬褲
3392,甲兵腿套
3393,甲兵短裙
3394,鬥兵三角褲
3395,鬥兵緊身褲
3396,鬥兵軟甲褲
3397,亞麻緊身褲
3398,乙太亞麻緊身褲
3399,亞麻軟甲褲
3400,乙太亞麻軟甲褲
3401,聖騎士軟甲褲
3402,野豬革三角褲
3403,乙太野豬革三角褲
3404,亞麻打底褲
3405,野豬革馬褲
3406,古典騎兵褲
3407,亞麻束膝褲
3408,呢絨垮褲
3409,乙太呢絨垮褲
3410,呢絨大地垮褲
3411,內襯亞麻軟甲褲
3412,乙太內襯亞麻軟甲褲
3413,呢絨緊身褲
3414,乙太呢絨緊身褲
3415,亞麻工作褲
3416,毒蜥蜴革三角褲
3417,乙太毒蜥蜴革三角褲
3418,托爾穆恩三角褲
3419,法師褲襪
3420,探險者馬褲
3421,呢絨腿套
3422,乙太呢絨腿套
3423,野豬革短裙
3424,乙太野豬革短裙
3425,呢絨褲襪
3426,野豬革及膝褲
3427,呢絨軟甲褲
3428,乙太呢絨軟甲褲
3429,呢絨束膝褲
3430,乙太呢絨束膝褲
3431,秘銀重足鎧
3432,乙太秘銀重足鎧
3433,牙曹腿套
3434,牙曹垮褲
3435,牙曹工作褲
3436,甲曹軟甲褲
3437,甲曹垮褲
3438,甲曹騎兵褲
3439,鬥曹垮褲
3440,鬥曹短裙
3441,鬥曹騎兵褲
3442,呢絨工作褲
3443,盜龍革馬褲
3444,乙太盜龍革馬褲
3445,鬥技場三角褲
3446,鬥技場腰布裙
3447,盜龍革三角褲
3448,將領馬褲
3449,西帕希垮褲
3450,邪術緊身褲
3451,傭兵牧羊褲
3452,朱紅短裙
3453,夥友騎兵馬褲
3454,纖維腿套
3455,乙太纖維腿套
3456,纖維褲襪
3457,盜龍革及膝褲
3458,英騎短褲
3459,昭武鬥褲
3460,勇戰馬褲
3461,騰龍馬褲
3462,詠詩緊身褲
3463,白癒裙褲
3464,黑術燈籠褲
3465,喚靈腰裙
3466,學士裙褲
3467,纖維束膝褲
3468,乙太纖維束膝褲
3469,內襯呢絨軟甲褲
3470,乙太內襯呢絨軟甲褲
3471,盜龍革襯褲
3472,乙太盜龍革襯褲
3473,纖維軟甲褲
3474,乙太纖維軟甲褲
3475,顯貴打底褲
3476,滑稽緊身褲
3477,民兵軟甲褲
3478,民兵緊身褲
3479,民兵三角褲
3480,哨兵軟甲褲
3481,木匠工作褲
3482,鐵匠工作褲
3483,甲匠工作褲
3484,金匠軟甲褲
3485,革匠軟甲褲
3486,衣匠軟甲褲
3487,鍊金軟褲
3488,烹調工作褲
3489,礦工工作褲
3490,樵夫工作褲
3491,漁人休閒褲
3492,暗耀重足鎧
3493,暗耀軟甲褲
3494,暗耀三角褲
3495,暗耀腿套
3496,暗耀馬褲
3497,暗耀治癒馬褲
3498,玄鋼重足鎧
3499,駿鷹革軟甲褲
3500,駿鷹革腿套
3501,絹布軟甲褲
3502,絹布馬褲
3503,絹布治癒馬褲
3504,亞拉戈強襲軟甲褲
3505,亞拉戈精準軟甲褲
3506,亞拉戈治癒軟甲褲
3507,亞拉戈重腿甲
3508,亞拉戈詠咒軟甲褲
3509,風魔之袴
3510,民謠垮褲
3511,皇室馬褲
3512,光之褲甲
3513,洋蔥垮褲
3514,深紅馬褲
3515,草布半指手套
3516,鞣革護腕
3517,審判臂甲
3518,審判手箍
3519,阿修羅護臂
3520,人族手套
3521,人族半指手套
3522,精靈手套
3523,精靈半手套
3524,拉拉菲爾護腕
3525,拉拉菲爾手環
3526,貓魅手鎧
3527,貓魅手套
3528,魯加臂甲
3529,魯加護臂
3530,鞣革半指護手
3531,鞣革連指輕手套
3532,草布工作手套
3533,草布短手套
3534,鞣革連指手套
3535,鞣革手箍
3536,業餘耐熱手套
3537,硬革護腕
3538,草布禮服手套
3539,草布弓術手套
3540,青銅連指手鎧
3541,硬革護臂
3542,硬革連指輕手套
3543,棉布半指手套
3544,青銅手鎧
3545,乙太青銅手鎧
3546,硬革半指護手
3547,硬革手箍
3548,乙太硬革手箍
3549,山羊革護腕
3550,強化連指手鎧
3551,乙太強化連指手鎧
3552,山羊革連指手套
3553,乙太山羊革連指手套
3554,強打手套
3555,助手臂套
3556,掠奪手鎧
3557,黑鐵臂甲
3558,乙太黑鐵臂甲
3559,山羊革護臂
3560,乙太山羊革護臂
3561,棉布工作手套
3562,新來者手套
3563,黑鐵手鎧
3564,乙太黑鐵手鎧
3565,密林士兵手套
3566,碧海士兵手套
3567,黃沙士兵手套
3568,棉布禮服手套
3569,乙太棉布禮服手套
3570,棉布弓術手套
3571,乙太棉布弓術手套
3572,山羊革連指輕手套
3573,乙太山羊革連指輕手套
3574,黑鐵鱗指套
3575,棉絨半指手套
3576,山羊革半指護手
3577,乙太山羊革半指護手
3578,山羊革大地半指護手
3579,黑鐵重手鎧
3580,乙太黑鐵重手鎧
3581,山羊革手箍
3582,乙太山羊革手箍
3583,棉絨短手套
3584,劫道護手
3585,獄卒連指手鎧
3586,白鋼臂甲
3587,乙太白鋼臂甲
3588,牙兵弓術手套
3589,牙兵手鎧
3590,牙兵手箍
3591,甲兵護腕
3592,甲兵手鎧
3593,甲兵手箍
3594,鬥兵半指手套
3595,鬥兵手鎧
3596,鬥兵手箍
3597,巨蟾蜍革護臂
3598,乙太蟾蜍護臂
3599,白鋼手鎧
3600,乙太白鋼手鎧
3601,棉絨工作手套
3602,舊化耐熱手套
3603,棉絨禮服手套
3604,乙太棉絨禮服手套
3605,白鋼鱗指套
3606,乙太白鋼鱗指套
3607,亞麻半指手套
3608,步兵手套
3609,戰鬥法師手套
3610,騎兵手鎧
3611,野豬革半指護手
3612,乙太野豬革半指護手
3613,野豬革大地半指護手
3614,白鋼重手鎧
3615,乙太白鋼重手鎧
3616,野豬革手箍
3617,乙太野豬革手箍
3618,獵戶弓術手套
3619,白鋼連指手鎧
3620,乙太白鋼連指手鎧
3621,亞麻短手套
3622,獸角鱗指套
3623,秘銀臂甲
3624,乙太秘銀臂甲
3625,毒蜥蜴革半指護手
3626,乙太毒蜥蜴革半指護手
3627,毒蜥蜴革大地半指護手
3628,秘銀手鎧
3629,乙太秘銀手鎧
3630,牙曹弓術手套
3631,牙曹連指手套
3632,牙曹短手套
3633,甲曹護腕
3634,甲曹連指手套
3635,甲曹短手套
3636,鬥曹半指手套
3637,鬥曹連指手套
3638,鬥曹短手套
3639,野豬革耐熱手套
3640,呢絨禮服手套
3641,乙太呢絨禮服手套
3642,秘銀連指手鎧
3643,乙太秘銀連指手鎧
3644,法師半指手套
3645,呢絨弓術手套
3646,乙太呢絨弓術手套
3647,呢絨半指手套
3648,呢絨工作手套
3649,秘銀重手鎧
3650,乙太秘銀重手鎧
3651,盜龍革半指護手
3652,乙太盜龍革半指護手
3653,盜龍革大地半指護手
3654,鈷鐵臂甲
3655,乙太鈷鐵臂甲
3656,野豬革火華手箍
3657,乙太野豬革火華手箍
3658,野豬革冰華手箍
3659,乙太野豬革冰華手箍
3660,野豬革風華手箍
3661,乙太野豬革風華手箍
3662,野豬革土華手箍
3663,乙太野豬革土華手箍
3664,野豬革雷華手箍
3665,乙太野豬革雷華手箍
3666,野豬革水華手箍
3667,乙太野豬革水華手箍
3668,盜龍革耐熱手套
3669,龜甲鱗指套
3670,鈷鐵連指手鎧
3671,乙太鈷鐵連指手鎧
3672,輕步兵連指手套
3673,西帕希半指護手
3674,傭兵連指手套
3675,邪術手箍
3676,釘刺護臂
3677,將領手套
3678,纖維弓術手套
3679,乙太纖維弓術手套
3680,纖維半指手套
3681,纖維工作手套
3682,英騎手鎧
3683,昭武手套
3684,勇戰手鎧
3685,騰龍手鎧
3686,詠詩手箍
3687,白癒腕套
3688,喚靈手箍
3689,學士手套
3690,黑術手套
3691,古典耐熱手套
3692,鈷鐵手鎧
3693,乙太鈷鐵手鎧
3694,盜龍革護臂
3695,乙太盜龍革護臂
3696,纖維禮服手套
3697,乙太纖維禮服手套
3698,顯貴手套
3699,民兵手箍
3700,民兵手鎧
3701,民兵連指手鎧
3702,密林軍官手套
3703,碧海軍官手套
3704,黃沙軍官手套
3705,哨兵手鎧
3706,木匠手套
3707,鐵匠手套
3708,甲匠手套
3709,金匠手套
3710,革匠手套
3711,衣匠手套
3712,鍊金手套
3713,烹調連指手套
3714,礦工手套
3715,樵夫手套
3716,漁人手套
3717,暗耀重手鎧
3718,暗耀手鎧
3719,暗耀強襲手套
3720,暗耀精準手套
3721,暗耀詠咒手套
3722,暗耀治癒手套
3723,玄鋼重手鎧
3724,玄鋼連指手鎧
3725,駿鷹革弓術手套
3726,駿鷹革手套
3727,絹布手套
3728,絹布治癒手套
3729,亞拉戈強襲手鎧
3730,亞拉戈精準手鎧
3731,亞拉戈治癒手套
3732,亞拉戈重手鎧
3733,亞拉戈詠咒手套
3734,風魔手甲
3735,民謠手鎧
3736,皇室天光拳套
3737,光之手鎧
3738,洋蔥手鎧
3739,深紅天光拳套
3740,鞣革鴨嘴靴
3741,鞣革大地鴨嘴靴
3742,楓木木拖鞋
3743,洋蔥木鞋
3744,赫密士之靴
3745,審判鎖甲靴
3746,審判長靴
3747,夢幻靴
3748,二齒木屐
3749,舟形木屐
3750,人族長靴
3751,人族高靴
3752,精靈騎靴
3753,精靈皮靴
3754,拉拉菲爾矮靴
3755,拉拉菲爾毛線靴
3756,貓魅長靴
3757,貓魅皮靴
3758,魯加筒靴
3759,魯加涼鞋
3760,飄羽靴
3761,鞣革皮靴
3762,鞣革尖頭靴
3763,楓木木鞋
3764,鞣革涼鞋
3765,鞣革護腿
3766,鞣革筒靴
3767,青銅鎖甲靴
3768,業餘長靴
3769,業餘鴨嘴靴
3770,鞣革長筒靴
3771,硬革皮靴
3772,硬革戰靴
3773,硬革涼鞋
3774,硬革便鞋
3775,青銅鎧靴
3776,乙太青銅鎧靴
3777,硬革筒靴
3778,乙太硬革筒靴
3779,梣木木鞋
3780,硬革尖頭靴
3781,掠奪鎧靴
3782,掠奪鴨嘴靴
3783,掠奪狩獵靴
3784,山羊革護腿
3785,乙太山羊革護腿
3786,強打筒靴
3787,助手長靴
3788,內襯鞣革鴨嘴靴
3789,乙太內襯鞣革鴨嘴靴
3790,內襯鞣革大地鴨嘴靴
3791,山羊革腿甲靴
3792,乙太山羊革腿甲靴
3793,黑鐵鎧靴
3794,乙太黑鐵鎧靴
3795,新來者長靴
3796,密林士兵靴
3797,碧海士兵靴
3798,黃沙士兵靴
3799,山羊革便鞋
3800,棉布禮鞋
3801,乙太棉布禮鞋
3802,黑鐵長筒靴
3803,乙太黑鐵長筒靴
3804,黑鐵鱗脛甲
3805,榆木木鞋
3806,山羊革鴨嘴靴
3807,乙太山羊革鴨嘴靴
3808,山羊革尖頭靴
3809,乙太山羊革尖頭靴
3810,山羊革大地尖頭靴
3811,牙兵狩獵靴
3812,牙兵鎧靴
3813,牙兵筒靴
3814,甲兵護腿
3815,甲兵鎧靴
3816,甲兵筒靴
3817,鬥兵尖頭靴
3818,鬥兵鎧靴
3819,鬥兵長筒靴
3820,鬥兵筒靴
3821,山羊革筒靴
3822,乙太山羊革筒靴
3823,棉絨高跟鞋
3824,酷刑官鴨嘴靴
3825,白鋼鎧靴
3826,乙太白鋼鎧靴
3827,巨蟾蜍革腿甲靴
3828,乙太巨蟾蜍革腿甲靴
3829,巨蟾蜍革工作靴
3830,舊化長靴
3831,棉絨禮鞋
3832,乙太棉絨禮鞋
3833,白鋼長筒靴
3834,乙太白鋼長筒靴
3835,白鋼鱗脛甲
3836,乙太白鋼鱗脛甲
3837,胡桃木鞋
3838,步兵長靴
3839,戰鬥法師尖頭靴
3840,騎兵鎧靴
3841,野豬革尖頭靴
3842,乙太野豬革尖頭靴
3843,野豬革大地尖頭靴
3844,巨蟾蜍革鴨嘴靴
3845,乙太巨蟾蜍革鴨嘴靴
3846,工程師護腿
3847,白鋼戰靴
3848,乙太白鋼戰靴
3849,亞麻高跟鞋
3850,獸角鱗脛甲
3851,毒蜥蜴革尖頭靴
3852,乙太毒蜥蜴革尖頭靴
3853,毒蜥蜴革大地尖頭靴
3854,秘銀鎧靴
3855,乙太秘銀鎧靴
3856,野豬革鴨嘴靴
3857,乙太野豬革鴨嘴靴
3858,秘銀長筒靴
3859,乙太秘銀長筒靴
3860,野豬革長靴
3861,秘銀戰靴
3862,乙太秘銀戰靴
3863,法師木鞋
3864,探險者鎧靴
3865,探險者狩獵靴
3866,野豬革狩獵靴
3867,乙太野豬革狩獵靴
3868,秘銀鎖甲靴
3869,乙太秘銀鎖甲靴
3870,橡木木鞋
3871,野豬革工作靴
3872,牙曹狩獵靴
3873,牙曹尖頭靴
3874,牙曹長筒靴
3875,甲曹護腿
3876,甲曹尖頭靴
3877,甲曹長筒靴
3878,鬥曹尖頭靴
3879,鬥曹長靴
3880,鬥曹長筒靴
3881,呢絨禮鞋
3882,乙太呢絨禮鞋
3883,鈷鐵長筒靴
3884,乙太鈷鐵長筒靴
3885,盜龍革長靴
3886,龜甲鱗脛甲
3887,鈷鐵戰靴
3888,乙太鈷鐵戰靴
3889,英騎鎖甲靴
3890,昭武鬥靴
3891,勇戰騎靴
3892,騰龍脛甲
3893,詠詩涼鞋
3894,白癒長靴
3895,黑術尖頭鞋
3896,喚靈長靴
3897,學士高靴
3898,邪術木鞋
3899,夥友騎兵長筒靴
3900,西帕希尖頭靴
3901,傭兵護腿
3902,朱紅鎖甲靴
3903,將領鴨嘴靴
3904,狩獵靴
3905,乙太狩獵靴
3906,鈷鐵鎖甲靴
3907,乙太鈷鐵鎖甲靴
3908,紅木木鞋
3909,盜龍革工作靴
3910,海盜長靴
3911,古典長靴
3912,鈷鐵鎧靴
3913,乙太鈷鐵鎧靴
3914,纖維禮鞋
3915,乙太纖維禮鞋
3916,盜龍革腿甲靴
3917,乙太盜龍革腿甲靴
3918,顯貴高跟鞋
3919,聖堂鎖甲靴
3920,民兵鴨嘴靴
3921,民兵鎧靴
3922,民兵戰靴
3923,密林軍官靴
3924,碧海軍官靴
3925,黃沙軍官靴
3926,哨兵鎧靴
3927,木匠工作靴
3928,鐵匠工作靴
3929,甲匠工作靴
3930,金匠工作靴
3931,革匠工作靴
3932,衣匠長靴
3933,鍊金長靴
3934,烹調高跟鞋
3935,礦工工作靴
3936,樵夫工作靴
3937,漁人休閒靴
3938,暗耀鎖甲靴
3939,暗耀強襲戰靴
3940,暗耀精準戰靴
3941,暗耀詠咒長靴
3942,暗耀治癒長靴
3943,玄鋼鎖甲靴
3944,駿鷹革長靴
3945,駿鷹革狩獵靴
3946,絹布尖頭靴
3947,雲杉木鞋
3948,亞拉戈強襲鎖甲靴
3949,亞拉戈精準鎖甲靴
3950,亞拉戈治癒法靴
3951,亞拉戈重鎖甲靴
3952,亞拉戈詠咒法靴
3953,風魔纏足
3954,民謠長靴
3955,皇室皮靴
3956,光之鎧靴
3957,洋蔥長靴
3958,深紅皮靴
3959,商人腰包
3960,鞣革牧羊腰帶
3961,舊化圍裙
3962,鞣革皮帶
3963,草布腰圍
3964,舊化烹飪腰帶
3965,鞣革生存腰帶
3966,硬革商人腰包
3967,硬革狩獵腰帶
3968,硬革結扣腰帶
3969,棉布長腰圍
3970,硬革便攜腰包
3971,舊化牧羊腰帶
3972,青銅護腰帶
3973,乙太青銅護腰帶
3974,草繩腰帶
3975,乙太草繩腰帶
3976,掠奪護腰帶
3977,掠奪腰帶
3978,掠奪皮帶
3979,硬革牧羊腰帶
3980,硬革皮帶
3981,乙太硬革皮帶
3982,山羊革工具腰帶
3983,旅行腰帶
3984,乙太旅行腰帶
3985,黑鐵護腰帶
3986,乙太黑鐵護腰帶
3987,棉布腰圍
3988,乙太棉布腰圍
3989,山羊革皮帶
3990,乙太山羊革皮帶
3991,山羊革結扣腰帶
3992,乙太山羊革結扣腰帶
3993,牙兵腰圍
3994,甲兵腰圍
3995,鬥兵腰圍
3996,棉絨長腰圍
3997,乙太棉絨長腰圍
3998,強化黑鐵護腰帶
3999,乙太強化黑鐵護腰帶
4000,古典圍裙
4001,棉絨腰帶
4002,乙太棉絨腰帶
4003,巨蟾蜍革狩獵腰帶
4004,乙太巨蟾蜍革狩獵腰帶
4005,巨蟾蜍革生存腰帶
4006,棉絨圍裙
4007,白鋼腰甲
4008,乙太白鋼腰甲
4009,白鋼護腰帶
4010,乙太白鋼護腰帶
4011,巨蟾蜍革旅行腰帶
4012,乙太巨蟾蜍革旅行腰帶
4013,棉絨腰圍
4014,乙太棉絨腰圍
4015,古典牧羊腰帶
4016,巨蟾蜍革皮帶
4017,乙太巨蟾蜍革皮帶
4018,古典烹飪腰帶
4019,步兵腰帶
4020,騎兵腰甲
4021,戰鬥法師腰帶
4022,野豬革結扣腰帶
4023,乙太野豬革結扣腰帶
4024,強化白鋼護腰帶
4025,乙太強化白鋼護腰帶
4026,牙曹腰帶
4027,鬥曹皮帶
4028,甲曹腰圍
4029,苦行皮帶
4030,亞麻長腰圍
4031,乙太亞麻長腰圍
4032,野豬革牧羊腰帶
4033,亞麻圍裙
4034,秘銀護腰帶
4035,乙太秘銀護腰帶
4036,呢絨腰圍
4037,乙太呢絨腰圍
4038,野豬革工具腰帶
4039,野豬革狩獵腰帶
4040,乙太野豬革狩獵腰帶
4041,法師腰帶
4042,老兵腰帶
4043,探險者腰帶
4044,野豬革生存腰帶
4045,野豬革皮帶
4046,乙太野豬革皮帶
4047,秘銀重腰帶
4048,乙太秘銀重腰帶
4049,盜龍革結扣腰帶
4050,乙太盜龍革結扣腰帶
4051,盜龍烹飪腰帶
4052,毒蜥蜴革皮帶
4053,乙太毒蜥蜴革皮帶
4054,緋紅腰圍
4055,邪術結扣腰帶
4056,盜龍革生存腰帶
4057,盜龍革商人腰包
4058,海盜腰圍
4059,鈷鐵護腰帶
4060,乙太鈷鐵護腰帶
4061,盜龍革旅行腰帶
4062,乙太盜龍革旅行腰帶
4063,纖維腰圍
4064,乙太纖維腰圍
4065,聖堂腰甲
4066,滑稽腰帶
4067,民兵腰帶
4068,哨兵護腰帶
4069,暗耀重腰帶
4070,暗耀腰甲
4071,暗耀纏腰帶
4072,暗耀狩獵腰帶
4073,暗耀腰圍
4074,暗耀治癒腰圍
4075,玄鋼腰甲
4076,駿鷹革旅行腰帶
4077,駿鷹革皮帶
4078,絹布腰圍
4079,絹布治癒腰圍
4080,亞拉戈強襲腰甲
4081,亞拉戈精準腰甲
4082,亞拉戈治癒腰帶
4083,亞拉戈護腰帶
4084,亞拉戈詠咒腰帶
4085,風魔之帶
4086,民謠腰圍
4087,皇室腰圍
4088,光之護帶
4089,洋蔥腰甲
4090,深紅腰圍
4091,紅銅手鏈
4092,鞣革手環
4093,獸骨腕環
4094,黃銅手鏈
4095,黃銅巧匠手鏈
4096,乙太黃銅手鏈
4097,硬革手環
4098,乙太硬革手環
4099,硬革大地手環
4100,白珊瑚腕環
4101,乙太白珊瑚腕環
4102,拂曉手環
4103,白銀手鏈
4104,乙太白銀手鏈
4105,白銀巧匠手鏈
4106,山羊革手環
4107,乙太山羊革手環
4108,山羊革大地手環
4109,日長石手鐲
4110,乙太日長石手鐲
4111,賽黃晶手鐲
4112,乙太賽黃晶手鐲
4113,孔雀石手鐲
4114,乙太孔雀石手鐲
4115,榍石手鐲
4116,乙太榍石手鐲
4117,螢石手鐲
4118,乙太螢石手鐲
4119,天青石手鐲
4120,乙太天青石手鐲
4121,獸角腕環
4122,乙太獸骨腕環
4123,愛國者手鐲
4124,秘銀手鏈
4125,乙太秘銀手鏈
4126,秘銀巧匠手鏈
4127,牙曹手鐲
4128,甲曹手鐲
4129,鬥曹手鐲
4130,野豬革手環
4131,乙太野豬革手環
4132,野豬革大地手環
4133,石榴石手鐲
4134,乙太石榴石手鐲
4135,透綠柱石手鐲
4136,乙太透綠柱石手鐲
4137,橄欖石手鐲
4138,乙太橄欖石手鐲
4139,金綠柱石手鐲
4140,乙太金綠柱石手鐲
4141,紫水晶手鐲
4142,乙太紫水晶手鐲
4143,海藍石手鐲
4144,乙太海藍石手鐲
4145,白珍珠手鐲
4146,乙太白珍珠手鐲
4147,紅珊瑚腕環
4148,乙太紅珊瑚腕環
4149,
4150,綠金手鏈
4151,乙太綠金手鏈
4152,綠金巧匠手鏈
4153,盜龍革手環
4154,乙太盜龍革手環
4155,盜龍革大地手環
4156,紅電氣石手鐲
4157,乙太紅電氣石手鐲
4158,鋯石手鐲
4159,乙太鋯石手鐲
4160,電氣石手鐲
4161,乙太電氣石手鐲
4162,琥珀手鐲
4163,乙太琥珀手鐲
4164,尖晶石手鐲
4165,乙太尖晶石手鐲
4166,綠松石手鐲
4167,乙太綠松石手鐲
4168,黑珍珠手鐲
4169,乙太黑珍珠手鐲
4170,龜甲腕環
4171,乙太龜甲腕環
4172,民兵腕環
4173,民兵手鏈
4174,特務手鏈
4175,暗耀強襲手鐲
4176,暗耀精準手鐲
4177,暗耀治癒手鐲
4178,暗耀禦敵手鐲
4179,暗耀制敵手鐲
4180,暗耀詠咒手鐲
4181,駿鷹革手環
4182,星極手鐲
4183,玫瑰金手鏈
4184,亞拉戈強襲手鐲
4185,亞拉戈精準手鐲
4186,亞拉戈治癒手鐲
4187,亞拉戈禦敵手鐲
4188,亞拉戈制敵手鐲
4189,亞拉戈詠咒手鐲
4190,獄火禦敵手鐲
4191,獄火強攻手鐲
4192,獄火精準手鐲
4193,獄火詠咒手鐲
4194,獄火治癒手鐲
4195,厚土禦敵耳墜
4196,義士的耳飾
4197,紅銅耳環
4198,紅銅耳夾
4199,明月耳環
4200,桃香
4201,莫古莫古耳墜
4202,仙人掌耳墜
4203,炸彈怪耳墜
4204,獸牙耳墜
4205,黃銅耳環
4206,掠奪耳夾
4207,掠奪耳環
4208,曼德維爾耳環
4209,黃銅耳夾
4210,乙太黃銅耳夾
4211,獸角耳墜
4212,
4213,白銀耳環
4214,日長石耳墜
4215,乙太日長石耳墜
4216,賽黃晶耳墜
4217,乙太賽黃晶耳墜
4218,孔雀石耳墜
4219,乙太孔雀石耳墜
4220,榍石耳墜
4221,乙太榍石耳墜
4222,螢石耳墜
4223,乙太螢石耳墜
4224,天青石耳墜
4225,乙太天青石耳墜
4226,白銀耳夾
4227,乙太白銀耳夾
4228,牙士耳夾
4229,甲士耳夾
4230,鬥士耳夾
4231,狼牙耳墜
4232,秘銀耳環
4233,石榴石耳墜
4234,乙太石榴石耳墜
4235,透綠柱石耳墜
4236,乙太透綠柱石耳墜
4237,橄欖石耳墜
4238,乙太橄欖石耳墜
4239,金綠柱石耳墜
4240,乙太金綠柱石耳墜
4241,紫水晶耳墜
4242,乙太紫水晶耳墜
4243,海藍石耳墜
4244,乙太海藍石耳墜
4245,白珍珠耳墜
4246,乙太白珍珠耳墜
4247,秘銀耳夾
4248,乙太秘銀耳夾
4249,探險者耳環
4250,法師耳墜
4251,牙曹耳墜
4252,甲曹耳墜
4253,鬥曹耳墜
4254,紅珊瑚耳墜
4255,綠金耳環
4256,石壁耳墜
4257,祝福耳墜
4258,紅電氣石耳墜
4259,乙太紅電氣石耳墜
4260,鋯石耳墜
4261,乙太鋯石耳墜
4262,電氣石耳墜
4263,乙太電氣石耳墜
4264,琥珀耳墜
4265,乙太琥珀耳墜
4266,尖晶石耳墜
4267,乙太尖晶石耳墜
4268,綠松石耳墜
4269,乙太綠松石耳墜
4270,黑珍珠耳墜
4271,乙太黑珍珠耳墜
4272,綠金耳夾
4273,乙太綠金耳夾
4274,深紅龍船耳章
4275,金邊天平耳章
4276,雙蛇百合耳章
4277,民兵耳環
4278,暗耀強襲耳墜
4279,暗耀精準耳墜
4280,暗耀治癒耳墜
4281,暗耀禦敵耳墜
4282,暗耀制敵耳墜
4283,暗耀詠咒耳墜
4284,玫瑰金耳墜
4285,玫瑰金耳夾
4286,玫瑰金耳環
4287,白鴉
4288,仙子耳
4289,亞拉戈強襲耳墜
4290,亞拉戈精準耳墜
4291,亞拉戈治癒耳墜
4292,亞拉戈禦敵耳墜
4293,亞拉戈制敵耳墜
4294,亞拉戈詠咒耳墜
4295,厚土強攻耳墜
4296,厚土精準耳墜
4297,厚土詠咒耳墜
4298,厚土治癒耳墜
4299,旋風禦敵指環
4300,旋風強攻指環
4301,情人墜飾
4302,白金情人墜飾
4303,永戀之羈絆
4304,鞣革項環
4305,紅銅衝鋒項環
4306,獸骨項鍊
4307,紅銅工藝項環
4308,硬革項環
4309,黃銅衝鋒項環
4310,乙太黃銅衝鋒項環
4311,獸牙項鍊
4312,乙太獸牙項鍊
4313,黃銅工藝項環
4314,山羊革項環
4315,白銀衝鋒項環
4316,乙太白銀衝鋒項環
4317,獸角項鍊
4318,乙太獸角項鍊
4319,愛國者項環
4320,日長石項環
4321,乙太日長石項環
4322,賽黃晶項環
4323,乙太賽黃晶項環
4324,孔雀石項環
4325,乙太孔雀石項環
4326,榍石項環
4327,乙太榍石項環
4328,螢石項環
4329,乙太螢石項環
4330,天青石項環
4331,乙太天青石項環
4332,白銀工藝項環
4333,野豬革項環
4334,
4335,秘銀衝鋒項環
4336,乙太秘銀衝鋒項環
4337,狼牙項鍊
4338,乙太狼牙項鍊
4339,石榴石項環
4340,乙太石榴石項環
4341,透綠柱石項環
4342,乙太透綠柱石項環
4343,橄欖石項環
4344,乙太橄欖石項環
4345,金綠柱石項環
4346,乙太金綠柱石項環
4347,紫水晶項環
4348,乙太紫水晶項環
4349,海藍石項環
4350,乙太海藍石項環
4351,白珍珠項環
4352,乙太白珍珠項環
4353,秘銀工藝項環
4354,牙曹項環
4355,甲曹項環
4356,鬥曹項環
4357,探險者項環
4358,法師項環
4359,石壁項鍊
4360,盜龍革項環
4361,綠金衝鋒項環
4362,乙太綠金衝鋒項環
4363,紅珊瑚項鍊
4364,乙太紅珊瑚項鍊
4365,紅電氣石項環
4366,乙太紅電氣石項環
4367,鋯石項環
4368,乙太鋯石項環
4369,電氣石項環
4370,乙太電氣石項環
4371,琥珀項環
4372,乙太琥珀項環
4373,尖晶石項環
4374,乙太尖晶石項環
4375,綠松石項環
4376,乙太綠松石項環
4377,黑珍珠項環
4378,乙太黑珍珠項環
4379,綠金工藝項環
4380,民兵項環
4381,特務項環
4382,暗耀強襲項環
4383,暗耀精準項環
4384,暗耀治癒項環
4385,暗耀禦敵項環
4386,暗耀制敵項環
4387,暗耀詠咒項環
4388,駿鷹革項環
4389,星極項環
4390,玫瑰金衝鋒項環
4391,亞拉戈強襲項環
4392,亞拉戈精準項環
4393,亞拉戈治癒項環
4394,亞拉戈禦敵項環
4395,亞拉戈制敵項環
4396,亞拉戈詠咒項環
4397,旋風精準指環
4398,旋風詠咒指環
4399,旋風治癒指環
4400,究極禦敵項環
4401,究極強攻項環
4402,究極精準項環
4403,究極詠咒項環
4404,質樸蛋戒指
4405,暗黑蛋戒指
4406,三色蛋戒指
4407,迷彩蛋戒指
4408,陸行鳥蛋戒指
4409,工藝神戒指
4410,破壞神戒指
4411,航海神戒指
4412,真理神戒指
4413,光陰神戒指
4414,慈愛神戒指
4415,豐饒神戒指
4416,商貿神戒指
4417,命運神戒指
4418,放浪神戒指
4419,知識神戒指
4420,戰爭神戒指
4421,獸骨戒指
4422,紅銅戒指
4423,堅韌指環
4424,忠誠指環
4425,幸運指環
4426,自由指環
4427,碧海指環
4428,密林指環
4429,黃沙指環
4430,黃銅戒指
4431,黃銅巧匠戒指
4432,乙太黃銅戒指
4433,白珊瑚戒指
4434,乙太白珊瑚戒指
4435,山羊革戒指
4436,牙兵指環
4437,甲兵指環
4438,鬥兵指環
4439,白銀戒指
4440,白銀巧匠戒指
4441,乙太白銀戒指
4442,日長石戒指
4443,乙太日長石戒指
4444,賽黃晶戒指
4445,乙太賽黃晶戒指
4446,孔雀石戒指
4447,乙太孔雀石戒指
4448,榍石戒指
4449,乙太榍石戒指
4450,螢石戒指
4451,乙太螢石戒指
4452,天青石戒指
4453,乙太天青石戒指
4454,獸角戒指
4455,乙太獸角戒指
4456,巨蟾蜍戒指
4457,劍術士指環
4458,斧術士指環
4459,槍術士指環
4460,格鬥士指環
4461,幻術士指環
4462,咒術士指環
4463,弓術士指環
4464,巴術士指環
4465,秘銀戒指
4466,乙太秘銀戒指
4467,秘銀巧匠戒指
4468,石榴石戒指
4469,乙太石榴石戒指
4470,透綠柱石戒指
4471,乙太透綠柱石戒指
4472,橄欖石戒指
4473,乙太橄欖石戒指
4474,金綠柱石戒指
4475,乙太金綠柱石戒指
4476,紫水晶戒指
4477,乙太紫水晶戒指
4478,海藍石戒指
4479,乙太海藍石戒指
4480,白珍珠戒指
4481,乙太白珍珠戒指
4482,野豬革指環
4483,探險者戒指
4484,法師戒指
4485,紅珊瑚戒指
4486,乙太紅珊瑚戒指
4487,
4488,密林工匠戒指
4489,密林使者戒指
4490,碧海工匠戒指
4491,碧海使者戒指
4492,黃沙工匠戒指
4493,黃沙使者戒指
4494,牙曹戒指
4495,甲曹戒指
4496,鬥曹戒指
4497,綠金戒指
4498,石壁戒指
4499,祝福戒指
4500,乙太綠金戒指
4501,綠金巧匠戒指
4502,紅電氣石戒指
4503,乙太紅電氣石戒指
4504,鋯石戒指
4505,乙太鋯石戒指
4506,電氣石戒指
4507,乙太電氣石戒指
4508,琥珀戒指
4509,乙太琥珀戒指
4510,尖晶石戒指
4511,乙太尖晶石戒指
4512,綠松石戒指
4513,乙太綠松石戒指
4514,黑珍珠戒指
4515,乙太黑珍珠戒指
4516,盜龍革指環
4517,深紅龍船戒指
4518,金邊天平戒指
4519,雙蛇百合戒指
4520,暗耀強襲指環
4521,暗耀精準指環
4522,暗耀治癒指環
4523,暗耀禦敵指環
4524,暗耀制敵指環
4525,暗耀詠咒指環
4526,駿鷹革指環
4527,星極指環
4528,玫瑰金戒指
4529,守護指環
4530,亞拉戈強襲指環
4531,亞拉戈精準指環
4532,亞拉戈治癒指環
4533,亞拉戈禦敵指環
4534,亞拉戈制敵指環
4535,亞拉戈詠咒指環
4536,究極治癒項環
4537,究極禦敵指環
4538,究極強攻指環
4539,究極精準指環
4540,究極詠咒指環
4541,究極治癒指環
4542,騎士之證
4543,武僧之證
4544,戰士之證
4545,龍騎士之證
4546,吟遊詩人之證
4547,白魔道士之證
4548,黑魔道士之證
4549,召喚士之證
4550,學者之證
4551,治療劑
4552,高級治療劑
4553,超級治療劑
4554,特級治療劑
4555,乙太藥
4556,高級乙太藥
4557,超級乙太藥
4558,特級乙太藥
4559,聖靈藥
4560,高級聖靈藥
4561,黃昏之盞
4562,晨草之吻
4563,瑪瑙之淚
4564,解毒藥
4565,眼藥
4566,山彥草藥
4567,甦醒藥
4568,律動藥
4569,金針
4570,鳳凰之尾
4571,軍用甦醒藥
4572,軍用復活藥
4573,過屬性晶簇
4574,損血毒藥
4575,失明毒藥
4576,沉默毒藥
4577,睡眠毒藥
4578,麻痺毒藥
4579,損血猛毒藥
4580,失明猛毒藥
4581,沉默猛毒藥
4582,睡眠猛毒藥
4583,麻痺猛毒藥
4584,損血劇毒藥
4585,失明劇毒藥
4586,沉默劇毒藥
4587,睡眠劇毒藥
4588,麻痺劇毒藥
4589,
4590,
4591,
4592,
4593,
4594,剛力之藥
4595,巧力之藥
4596,耐力之藥
4597,智力之藥
4598,意力之藥
4599,剛力之妙藥
4600,巧力之妙藥
4601,耐力之妙藥
4602,智力之妙藥
4603,意力之妙藥
4604,剛力之秘藥
4605,巧力之秘藥
4606,耐力之秘藥
4607,智力之秘藥
4608,意力之秘藥
4609,剛力之靈藥
4610,巧力之靈藥
4611,耐力之靈藥
4612,智力之靈藥
4613,意力之靈藥
4614,禦火藥
4615,禦冰藥
4616,禦風藥
4617,禦土藥
4618,禦雷藥
4619,禦水藥
4620,禦火妙藥
4621,禦冰妙藥
4622,禦風妙藥
4623,禦土妙藥
4624,禦雷妙藥
4625,禦水妙藥
4626,禦火秘藥
4627,禦冰秘藥
4628,禦風秘藥
4629,禦土秘藥
4630,禦雷秘藥
4631,禦水秘藥
4632,軍用工程學指南
4633,軍用生存學指南
4634,軍用工程學指南第二卷
4635,軍用生存學指南第二卷
4636,神應卷軸
4637,月之幕簾
4638,過屬性水晶
4639,栗鼠肉排
4640,渡渡鳥烤肉
4641,鼴鼠肉糕
4642,貓魅風味山珍烤串
4643,羚羊肉排
4644,山羊肉排
4645,盜龍燻肉
4646,牛肉乾
4647,水蜥肉排
4648,葡萄酒煎夸爾肉
4649,烤全渡渡鳥
4650,水煮蛋
4651,渡渡鳥蛋煎蛋捲
4652,芥末蛋
4653,煎跳蜥蛋
4654,炒跳蜥蛋
4655,辛辣蛋
4656,碧企鵝蛋捲
4657,紅燜皮皮拉魚
4658,綠樹蟾蜍腿
4659,水煮螯蝦
4660,鹽烤公主鱒
4661,鹽烤鯉魚
4662,鮭魚排
4663,艾蒿烤鯉魚
4664,包心甘藍
4665,熔岩蟾蜍腿
4666,鹽漬鱈魚
4667,生鮮牡蠣
4668,水煮鯛魚
4669,烤黑鰨
4670,貓魅風味海產烤串
4671,油炸鹽漬鱈魚丸
4672,油炸鯕鰍塊
4673,清燉羊肉
4674,小扁豆煮山栗
4675,清燉羚羊肉
4676,清燉歐羅彭
4677,香燴時蔬
4678,清燉牛肉
4679,澤梅爾家風味焗菜
4680,雜煮
4681,傑克南瓜燈
4682,高山蘿蔔沙拉
4683,烤仙人掌葉
4684,煎菠菜
4685,鱷梨沙拉
4686,酸泡菜
4687,包心球薊
4688,陷阱草沙拉
4689,煎雞油菇
4690,金錢蘑炒雞肉
4691,貓魅風味森鮮烤串
4692,清燉盜龍肉
4693,蒜炒草菇
4694,草菇甘藍卷
4695,黑松露燴飯
4696,煎餅
4697,胡桃麵包
4698,蜂蜜瑪芬
4699,心形卷餅
4700,玉米麵包
4701,橡果餅乾
4702,騎士麵包
4703,拉諾西亞吐司
4704,俾斯麥雞蛋三明治
4705,後桅餅乾
4706,棲木餅乾
4707,沙鐘餅乾
4708,兔形派
4709,蘋果塔
4710,牧羊人派
4711,鰻魚派
4712,血紅奇異果塔
4713,王冠蛋糕
4714,番茄派
4715,獵人風味水蜥餅
4716,羊奶麥粥
4717,石子湯
4718,翡翠豆湯
4719,鹽韭洋蔥湯
4720,白魚湯
4721,五海雜燴湯
4722,新薯泥
4723,乳酪燴飯
4724,乳酪蛋奶酥
4725,羅蘭莓乳酪蛋糕
4726,薄荷優酪奶昔
4727,羅蘭莓優酪奶昔
4728,葡萄乾
4729,雪峰蛋糕
4730,梅乾
4731,生薑餅乾
4732,小圓餅
4733,魚糕
4734,鳳梨蛋糕
4735,巧克力球
4736,巧克力珠
4737,愛心白巧克力
4738,愛心巧克力
4739,祝福巧克力
4740,公主布丁
4741,靈礦蛋糕
4742,星材蛋糕
4743,南瓜餅乾2014
4744,菱餅
4745,柳橙汁
4746,葡萄汁
4747,蘋果汁
4748,鳳梨汁
4749,甘菊茶
4750,香草茶
4751,礦泉水
4752,山羊奶
4753,水牛奶
4754,農家乳酪
4755,藍霉乳酪
4756,奶油乳酪
4757,羅蘭莓乳酪
4758,栗鼠肉
4759,羊後腰肉
4760,渡渡鳥胸肉
4761,鼴鼠肉
4762,火焰蜥蜴尾肉
4763,渡渡鳥雛肉
4764,雞胸肉
4765,羚羊脛肉
4766,山羊肩肉
4767,盜龍腿肉
4768,水牛里肌
4769,水蜥尾肉
4770,歐羅彭肝臟
4771,陸蟹蟹腳
4772,雞蛋
4773,渡渡鳥蛋
4774,跳蜥蛋
4775,碧企鵝蛋
4776,星里海帶
4777,野洋蔥
4778,庫爾札斯胡蘿蔔
4779,食人魔南瓜
4780,紅寶石番茄
4781,高山蘿蔔
4782,拉諾西亞萵苣
4783,謝爾達萊菠菜
4784,高原芹
4785,紅彩椒
4786,仙人掌葉
4787,新薯
4788,巫茄
4789,中原甘藍
4790,蘆薈
4791,鹽韭
4792,櫛瓜
4793,球薊
4794,尖叫菇
4795,雞油菇
4796,金錢蘑
4797,草菇
4798,白松露
4799,毒性菇
4800,黑松露
4801,衛月堅果
4802,明月堅果
4803,可可豆
4804,橄欖
4805,山栗
4806,胡桃
4807,鐵帽橡果
4808,低地葡萄
4809,拉諾西亞香橙
4810,仙女蘋果
4811,太陽檸檬
4812,仙子梅
4813,鱷梨
4814,血紅奇異果
4815,羅蘭莓
4816,多刺鳳梨
4817,葵花籽
4818,水牛豆
4819,糯米
4820,小扁豆
4821,多實玉米
4822,翡翠豆
4823,黑麥
4824,小麥
4825,黑麥粉
4826,小麥粉
4827,玉米粉
4828,桂皮
4829,大蒜
4830,黑胡椒
4831,丁香花
4832,馬郁蘭
4833,香草豆
4834,嬰猴薄荷
4835,阿拉米格芥子
4836,生薑
4837,中原羅勒草
4838,龍息椒
4839,月桂
4840,艾蒿
4841,百里香
4842,扁桃
4843,沙漠番紅花
4844,肉豆蔻
4845,撒溝厲鼠尾草
4846,薩納蘭茶葉
4847,食鹽
4848,楓糖
4849,楓糖漿
4850,蜂蜜
4851,星塵砂糖
4852,鮮奶油
4853,奶油
4854,可可油
4855,可可粉
4856,丁香油
4857,橄欖油
4858,薰衣草油
4859,蘋果醋
4860,黑果醋
4861,餡餅坯
4862,料酒
4863,明膠
4864,魚高湯
4865,番茄汁
4866,渡渡鳥填料
4867,雞高湯
4868,基沙爾野菜
4869,梅爾托爾鰕虎
4870,羅敏薩鯷魚
4871,手指蝦
4872,海雲水母
4873,藤皮海參
4874,海港鯡
4875,比阿納可蛤蜊
4876,珊瑚蝶
4877,莫拉比鰈魚
4878,石軟蟹
4879,虎紋鱈
4880,鋼盔鱟
4881,羅斯利特牡蠣
4882,海神刀
4883,神仙魚
4884,折刀貝
4885,藍章魚
4886,海毒魨
4887,刀鰭沙丁魚
4888,魔梭魚
4889,釣鮟鱇
4890,海馬
4891,比阿納可鯛魚
4892,黑鰨
4893,錘頭鯊
4894,蒼皮海參
4895,蒼茫鯡
4896,灰海金槍魚
4897,葉海龍
4898,滿月沙丁魚
4899,哈拉爾黑線鱈
4900,白蝶貝
4901,薰衣草印魚
4902,氣泡魚
4903,銀鯊
4904,梭子鰆
4905,求雨魚
4906,鸚鵡螺
4907,刺鰻
4908,隆頭魚
4909,平魚
4910,海魔魚
4911,海岩龍蝦
4912,擬鮟鱇
4913,小撒拉奧斯
4914,願貝
4915,麻希鯕鰍
4916,大比目魚
4917,馬茲拉雅槍魚
4918,腔棘魚
4919,巨型烏賊
4920,基迦章魚
4921,翻車魚
4922,恐魚
4923,巨齒鯊
4924,鋸鮫
4925,小龍蝦
4926,鰱魚
4927,斑紋鰕虎
4928,小鯰魚
4929,骨小龍蝦
4930,公主鱒
4931,幽暗鰕虎
4932,皮皮拉魚
4933,紅小龍蝦
4934,潛沙魚
4935,黃銅泥鰍
4936,白妙鯉
4937,阿巴拉提亞公魚
4938,盲魚
4939,彈塗魚
4940,虹鱒魚
4941,河蟹
4942,鬥魚
4943,仙女鱸
4944,橡果蝸牛
4945,暗塘鱧
4946,拉諾西亞刺魚
4947,溝鯽魚
4948,銅魚
4949,藍鈴鮭
4950,泥軟蟹
4951,三色鯉
4952,深紅螯蝦
4953,翡翠鰻
4954,圓蚌
4955,暖水鱒
4956,玻璃刺魚
4957,四眼魚
4958,黑鰻
4959,暗鱸
4960,聖盾蝦
4961,清道琵琶魚
4962,上爬刺魚
4963,黑鯰魚
4964,黑鬼魚
4965,八目鰻
4966,披骨魚
4967,宇格拉姆鮭魚
4968,斑紋琵琶魚
4969,帶魚
4970,神握鯧
4971,淨骨蝸牛
4972,蔓根跳魚
4973,骨舌魚
4974,硬毛蟹
4975,蒙凱恩凱魚
4976,櫻鱒
4977,沙魚
4978,銀魚
4979,小丑鰍
4980,鎧甲琵琶魚
4981,巨鱸
4982,威羅迪納鯉魚
4983,斑點魨
4984,黃金鰍
4985,納爾札爾鰻魚
4986,緋紅鱒
4987,盤麗魚
4988,石綠湖鱒魚
4989,火獄蝸牛
4990,王家琵琶魚
4991,雷紋魚
4992,龍門魚
4993,刀背魚
4994,橡根魚
4995,杜父魚
4996,南方狗魚
4997,北方狗魚
4998,地靈魨
4999,射水魚
5000,哥布林刺魚
5001,永恆鯉
5002,暗鬥魚
5003,淤泥跳魚
5004,震雷魚
5005,雀鱔
5006,北洲鱸
5007,帕戈爾贊盤麗魚
5008,爭鬥琵琶魚
5009,繁星鱒魚
5010,戰爭神狗魚
5011,金魚
5012,吸血八目鰻
5013,山岳神杜父魚
5014,洞穴螯蝦
5015,豹魚
5016,大鈍甲魚
5017,日輪
5018,長吻鱷鱔
5019,烏茲刀背魚
5020,巨鯰魚
5021,腐魚
5022,蘑菇蟹
5023,雷神魚
5024,斑點雀鱔
5025,煌魚
5026,弓鰭魚
5027,環棘魚
5028,瀧太郎
5029,巨骨舌魚
5030,龐魚
5031,叢林鯰魚
5032,沙鯛魚
5033,沙鯰魚
5034,土遁魚
5035,飛沙魚
5036,蟻獅蛞蝓
5037,沙丘蝠鱝
5038,雲水母
5039,天魚
5040,破雲飛魚
5041,飛蝠鱝
5042,揚帆魚
5043,撒溝厲釣鮟鱇
5044,浮雲碟
5045,旅沙鰻
5046,喙嘴龍
5047,三角獸
5048,醃製用蒼茫鯡
5049,海神耳
5050,亞拉戈蝸牛
5051,綠樹蟾蜍
5052,箱龜
5053,低地蠑螈
5054,毒鏢蛙
5055,熔岩蟾蜍
5056,青銅錠
5057,黑鐵錠
5058,白鋼錠
5059,鈷鐵錠
5060,玄鋼錠
5061,玄鋼塊
5062,紅銅錠
5063,黃銅錠
5064,白銀錠
5065,秘銀錠
5066,綠金錠
5067,玫瑰金錠
5068,玫瑰金塊
5069,黃金錠
5070,黃金塊
5071,青銅板
5072,黑鐵板
5073,白鋼板
5074,鈷鐵板
5075,玄鋼板
5076,紅銅板
5077,黃銅板
5078,白銀板
5079,秘銀板
5080,綠金板
5081,青銅環
5082,黑鐵環
5083,白鋼環
5084,鈷鐵環
5085,玄鋼環
5086,紅銅環
5087,黃銅環
5088,白銀環
5089,秘銀環
5090,綠金環
5091,青銅鉚釘
5092,黑鐵鉚釘
5093,白鋼鉚釘
5094,鈷鐵鉚釘
5095,玄鋼鉚釘
5096,紅銅鉚釘
5097,黃銅鉚釘
5098,白銀鉚釘
5099,秘銀鉚釘
5100,銅粉
5101,銀粉
5102,金粉
5103,銀箔
5104,帝國製輕金屬片
5105,帝國製輕金屬板
5106,銅礦
5107,錫礦
5108,黃銅礦
5109,黃鐵礦
5110,鋅礦
5111,鐵礦
5112,褐鐵礦
5113,銀礦
5114,秘銀礦
5115,綠金礦
5116,鈷鐵礦
5117,赤鐵礦
5118,金礦
5119,斑銅礦
5120,白金礦
5121,玄鐵礦
5122,純秘銀礦
5123,燧石
5124,黑曜石
5125,飛龍黑曜石
5126,巨龍黑曜石
5127,真龍黑曜石
5128,日長石原石
5129,賽黃晶原石
5130,孔雀石原石
5131,榍石原石
5132,螢石原石
5133,天青石原石
5134,石榴石原石
5135,透綠柱石原石
5136,橄欖石原石
5137,金綠柱石原石
5138,紫水晶原石
5139,海藍石原石
5140,紅電氣石原石
5141,鋯石原石
5142,電氣石原石
5143,琥珀原石
5144,尖晶石原石
5145,綠松石原石
5146,紅寶石原石
5147,鑽石原石
5148,綠寶石原石
5149,黃玉原石
5150,堇青石原石
5151,藍寶石原石
5152,火性岩
5153,冰性岩
5154,風性岩
5155,土性岩
5156,雷性岩
5157,水性岩
5158,星性岩
5159,深緋石英
5160,紺碧石英
5161,翠綠石英
5162,土黃石英
5163,青紫石英
5164,蒼天石英
5165,雪白石英
5166,烏黑石英
5167,天然珍珠
5168,翡翠原石
5169,日長石
5170,賽黃晶
5171,孔雀石
5172,榍石
5173,螢石
5174,天青石
5175,石榴石
5176,透綠柱石
5177,橄欖石
5178,金綠柱石
5179,紫水晶
5180,海藍石
5181,紅電氣石
5182,鋯石
5183,電氣石
5184,琥珀
5185,尖晶石
5186,綠松石
5187,紅寶石
5188,鑽石
5189,綠寶石
5190,黃玉
5191,堇青石
5192,藍寶石
5193,白珍珠
5194,黑珍珠
5195,翡翠軟玉
5196,翡翠硬玉
5197,花紋眼
5198,火眼石
5199,冰眼石
5200,風眼石
5201,土眼石
5202,雷眼石
5203,水眼石
5204,星眼石
5205,靈眼石
5206,血卵石
5207,火光石
5208,冰光石
5209,風光石
5210,土光石
5211,雷光石
5212,水光石
5213,星光石
5214,火砂礫
5215,冰砂礫
5216,風砂礫
5217,土砂礫
5218,雷砂礫
5219,水砂礫
5220,火光礫
5221,冰光礫
5222,風光礫
5223,土光礫
5224,雷光礫
5225,水光礫
5226,星砂礫
5227,靈砂礫
5228,砂岩
5229,泥岩
5230,石灰岩
5231,粉砂岩
5232,矽岩
5233,歐·葛莫羅紅礦渣
5234,歐·葛莫羅褐礦渣
5235,歐·葛莫羅黃礦渣
5236,歐·葛莫羅灰礦渣
5237,歐·葛莫羅黑礦渣
5238,撒溝厲紫礦渣
5239,撒溝厲褐礦渣
5240,撒溝厲黃礦渣
5241,撒溝厲灰礦渣
5242,撒溝厲黑礦渣
5243,提諾爾卡綠礦渣
5244,提諾爾卡褐礦渣
5245,提諾爾卡黃礦渣
5246,提諾爾卡灰礦渣
5247,提諾爾卡黑礦渣
5248,阿巴拉提亞紅礦渣
5249,阿巴拉提亞褐礦渣
5250,阿巴拉提亞青礦渣
5251,阿巴拉提亞灰礦渣
5252,阿巴拉提亞白礦渣
5253,摩杜納紅礦渣
5254,摩杜納黑礦渣
5255,摩杜納黃礦渣
5256,摩杜納灰礦渣
5257,摩杜納白礦渣
5258,砂岩磨刀石
5259,泥岩磨刀石
5260,粉砂岩磨刀石
5261,沉積岩磨刀石
5262,蛋殼磨刀石
5263,石蜥蜴的蛋
5264,礬土晶粒
5265,河沙
5266,海沙
5267,細沙
5268,銅沙
5269,鐵沙
5270,銀沙
5271,秘銀沙
5272,綠金沙
5273,金沙
5274,鉛丹
5275,鞣革
5276,硬革
5277,山羊革
5278,水牛革
5279,狼革
5280,巨蟾蜍革
5281,魔蟾蜍革
5282,野豬革
5283,石蜥蜴革
5284,毒蜥蜴革
5285,盜龍革
5286,邪鬼革
5287,聖蜥蜴革
5288,駿鷹革
5289,駿鷹軟革
5290,夸爾裘皮
5291,柔軟的粗皮
5292,不光滑的粗皮
5293,溝鼠的粗皮
5294,黑豺的粗皮
5295,松鼠的粗皮
5296,山羊的粗皮
5297,栗鼠的粗皮
5298,水牛的粗皮
5299,山鼠的粗皮
5300,巨蟾蜍的粗皮
5301,魔蟾蜍的粗皮
5302,野豬的粗皮
5303,疣豬的粗皮
5304,煉獄獵犬的粗皮
5305,狼的粗皮
5306,毒蜥蜴的粗皮
5307,石蜥蜴的粗皮
5308,黑羊的粗皮
5309,林德布魯姆的粗皮
5310,盜龍的粗皮
5311,火蛟的粗皮
5312,古卜的粗皮
5313,邪鬼的翅膀
5314,聖蜥蜴的粗皮
5315,雷蛟的粗皮
5316,駿鷹的粗皮
5317,夸爾的粗皮
5318,結實的筋腱
5319,柔韌的筋腱
5320,蜘蛛筋腱
5321,駿鷹筋腱
5322,盜龍筋腱
5323,夢幻靴革料
5324,草布
5325,棉布
5326,棉絨
5327,亞麻布
5328,呢絨
5329,纖維布
5330,天蠶絹布
5331,夢幻帽布料
5332,夢幻裝布料
5333,草線
5334,棉線
5335,露線
5336,亞麻線
5337,羊毛線
5338,天蠶絲
5339,碳纖維
5340,帝國製強化纖維
5341,莫柯草
5342,麥稈
5343,草棉
5344,木棉
5345,蛛網
5346,亞麻
5347,綿羊毛
5348,碧企鵝綿毛
5349,白鬃毛
5350,蠶繭
5351,白雞之羽
5352,烏鴉之羽
5353,石化雞蛇之羽
5354,禿鷲之羽
5355,渡渡鳥之羽
5356,禿鷹之羽
5357,天鵝之羽
5358,雄鷹之羽
5359,陸行鳥之羽
5360,野雞之羽
5361,楓木木材
5362,柳桉木材
5363,柳木木材
5364,梣木木材
5365,竹材
5366,雪松木材
5367,榆木木材
5368,紫杉木材
5369,藤材
5370,栗木木材
5371,胡桃木材
5372,松木木材
5373,橡木木材
5374,紅木木材
5375,柚木木材
5376,紫檀木材
5377,黑檀木材
5378,雲杉木材
5379,硬化雲杉木材
5380,楓木原木
5381,柳桉原木
5382,柳木原木
5383,梣木原木
5384,雪松原木
5385,榆木原木
5386,紫杉原木
5387,栗木原木
5388,胡桃原木
5389,松木原木
5390,橡木原木
5391,紅木原木
5392,柚木原木
5393,紫檀原木
5394,黑檀原木
5395,雲杉原木
5396,楓樹枝
5397,箭木枝
5398,柳桉枝
5399,柳樹枝
5400,桃樹枝
5401,櫻桃枝
5402,梣樹枝
5403,雪松枝
5404,榆樹枝
5405,紫杉枝
5406,栗樹枝
5407,胡桃枝
5408,松樹枝
5409,橡樹枝
5410,雲杉枝
5411,優質雲杉枝
5412,紅木枝
5413,柚木枝
5414,紫檀枝
5415,黑檀枝
5416,柳桉板材
5417,楓木板材
5418,柳木板材
5419,雪松板材
5420,梣木板材
5421,榆木板材
5422,紫杉板材
5423,栗木板材
5424,胡桃板材
5425,松木板材
5426,橡木板材
5427,雲杉板材
5428,紅木板材
5429,柚木板材
5430,紫檀板材
5431,黑檀板材
5432,骨片
5433,枯骨
5434,牡羊角
5435,羚羊角
5436,山羊角
5437,苔角
5438,水牛角
5439,食人魔角
5440,駿鷹鉤爪
5441,盜龍鉤爪
5442,蝙蝠牙
5443,煉獄獵犬之牙
5444,狼之牙
5445,黑豺之牙
5446,古卜之牙
5447,沙蠕蟲之牙
5448,雷蛟鱗
5449,火蛟鱗
5450,巨蠅之羽
5451,圓甲蟲翅鞘
5452,花甲蟲翅鞘
5453,螢火蟲翅鞘
5454,黃盲頭蟹腿
5455,青盲頭蟹腿
5456,綠陸蟹甲殼
5457,紅陸蟹甲殼
5458,陸龜殼
5459,玳瑁
5460,白珊瑚
5461,藍珊瑚
5462,紅珊瑚
5463,扇貝
5464,蓑蟲螺
5465,櫻貝
5466,黑蝶貝
5467,針鼴鼠的刺
5468,仙人掌的針
5469,骨灰
5470,植物成長劑1型
5471,植物成長劑2型
5472,植物成長劑3型
5473,植物成長劑4型
5474,植物成長劑4型濃縮液
5475,紅銅附魔墨水
5476,黑鐵附魔墨水
5477,白銀附魔墨水
5478,秘銀附魔墨水
5479,綠金附魔墨水
5480,黃金附魔墨水
5481,玫瑰金附魔墨水
5482,魚油
5483,水母油
5484,蟹油
5485,亞麻油
5486,鯊油
5487,蒸餾水
5488,渾水
5489,水銀
5490,硫酸
5491,氣泡水
5492,百獸之血
5493,甲鱗之血
5494,六識之血
5495,蛞蝓的黏液
5496,兔蝓的酸液
5497,蟻酸
5498,楓樹樹汁
5499,樹妖的樹汁
5500,煤焦油
5501,灰汁
5502,石灰硫磺合劑
5503,黏膠
5504,魚膠
5505,鬼膠
5506,黑膠
5507,翼膠
5508,鱗膠
5509,乳膠
5510,橡膠
5511,橡膠帶
5512,玻璃板
5513,黏土
5514,腐殖質
5515,蜂蠟
5516,蜂巢
5517,羊毛脂
5518,岩鹽
5519,朱砂
5520,白堊
5521,硝石
5522,泡鹼
5523,矽砂
5524,明礬
5525,黑明礬
5526,榴彈怪的灰
5527,硫磺
5528,炸彈的灰
5529,天然樹脂
5530,焦炭
5531,獸脂
5532,樹汁塊
5533,帝國製橡膠材
5534,提諾爾卡槲寄生
5535,諾菲卡槲寄生
5536,槲寄生
5537,薩維奈槲寄生
5538,人參
5539,薰衣草
5540,康乃馨
5541,顛茄
5542,甘菊
5543,風茄
5544,綠燈球藻
5545,延齡花
5546,延齡草的球根
5547,吸血枝
5548,妖紅花的葉子
5549,陷阱草的葉子
5550,跳蜥的翅膀
5551,蝙蝠的翅膀
5552,小頑童的翅膀
5553,惡精靈的翅膀
5554,毛爾波爾的卷鬚
5555,食腐獸的卷鬚
5556,水母的刺絲囊
5557,水母傘帽
5558,布丁的肉
5559,螞蟥
5560,毒蛇
5561,蜜蜂
5562,狼蛛
5563,白蠍
5564,黑蠍
5565,染血騎槍尖
5566,染血巨斧頭
5567,染血鋼拳皮套
5568,染血弓背
5569,染血魔導書封面
5570,破甲鋒劍身
5571,復仇烈拳握柄
5572,暴怒震斧斧頭
5573,方尖槍槍尖
5574,薩倫伽光弓弓背
5575,七公六杖延齡花
5576,星盤杖量表
5577,帽子絹布
5578,外套絹布
5579,手套絹布
5580,絹布襪
5581,駿鷹革護肩
5582,駿鷹革護脛
5583,駿鷹革護肘
5584,駿鷹革護膝
5585,玄鋼胸甲組件
5586,玄鋼手鎧組件
5587,玄鋼足鎧組件
5588,玫瑰金耳飾
5589,橡膠底
5590,小王冠
5591,黑色威風結
5592,藍色威風結
5593,武士盔面具
5594,1級黑暗物質
5595,2級黑暗物質
5596,3級黑暗物質
5597,4級黑暗物質
5598,5級黑暗物質
5599,1級碳化黑暗物質
5600,2級碳化黑暗物質
5601,3級碳化黑暗物質
5602,4級碳化黑暗物質
5603,5級碳化黑暗物質
5604,剛力魔晶石壹型
5605,剛力魔晶石貳型
5606,剛力魔晶石參型
5607,剛力魔晶石肆型
5608,剛力魔晶石伍型
5609,耐力魔晶石壹型
5610,耐力魔晶石貳型
5611,耐力魔晶石參型
5612,耐力魔晶石肆型
5613,耐力魔晶石伍型
5614,巧力魔晶石壹型
5615,巧力魔晶石貳型
5616,巧力魔晶石參型
5617,巧力魔晶石肆型
5618,巧力魔晶石伍型
5619,智力魔晶石壹型
5620,智力魔晶石貳型
5621,智力魔晶石參型
5622,智力魔晶石肆型
5623,智力魔晶石伍型
5624,意力魔晶石壹型
5625,意力魔晶石貳型
5626,意力魔晶石參型
5627,意力魔晶石肆型
5628,意力魔晶石伍型
5629,信力魔晶石壹型
5630,信力魔晶石貳型
5631,信力魔晶石參型
5632,信力魔晶石肆型
5633,信力魔晶石伍型
5634,創火魔晶石壹型
5635,創火魔晶石貳型
5636,創火魔晶石參型
5637,創火魔晶石肆型
5638,創火魔晶石伍型
5639,創冰魔晶石壹型
5640,創冰魔晶石貳型
5641,創冰魔晶石參型
5642,創冰魔晶石肆型
5643,創冰魔晶石伍型
5644,創風魔晶石壹型
5645,創風魔晶石貳型
5646,創風魔晶石參型
5647,創風魔晶石肆型
5648,創風魔晶石伍型
5649,創土魔晶石壹型
5650,創土魔晶石貳型
5651,創土魔晶石參型
5652,創土魔晶石肆型
5653,創土魔晶石伍型
5654,創雷魔晶石壹型
5655,創雷魔晶石貳型
5656,創雷魔晶石參型
5657,創雷魔晶石肆型
5658,創雷魔晶石伍型
5659,創水魔晶石壹型
5660,創水魔晶石貳型
5661,創水魔晶石參型
5662,創水魔晶石肆型
5663,創水魔晶石伍型
5664,神眼魔晶石壹型
5665,神眼魔晶石貳型
5666,神眼魔晶石參型
5667,神眼魔晶石肆型
5668,神眼魔晶石伍型
5669,武略魔晶石壹型
5670,武略魔晶石貳型
5671,武略魔晶石參型
5672,武略魔晶石肆型
5673,武略魔晶石伍型
5674,雄略魔晶石壹型
5675,雄略魔晶石貳型
5676,雄略魔晶石參型
5677,雄略魔晶石肆型
5678,雄略魔晶石伍型
5679,剛柔魔晶石壹型
5680,剛柔魔晶石貳型
5681,剛柔魔晶石參型
5682,剛柔魔晶石肆型
5683,剛柔魔晶石伍型
5684,達識魔晶石壹型
5685,達識魔晶石貳型
5686,達識魔晶石參型
5687,達識魔晶石肆型
5688,達識魔晶石伍型
5689,博識魔晶石壹型
5690,博識魔晶石貳型
5691,博識魔晶石參型
5692,博識魔晶石肆型
5693,博識魔晶石伍型
5694,器識魔晶石壹型
5695,器識魔晶石貳型
5696,器識魔晶石參型
5697,器識魔晶石肆型
5698,器識魔晶石伍型
5699,名匠魔晶石壹型
5700,名匠魔晶石貳型
5701,名匠魔晶石參型
5702,名匠魔晶石肆型
5703,名匠魔晶石伍型
5704,魔匠魔晶石壹型
5705,魔匠魔晶石貳型
5706,魔匠魔晶石參型
5707,魔匠魔晶石肆型
5708,魔匠魔晶石伍型
5709,巨匠魔晶石壹型
5710,巨匠魔晶石貳型
5711,巨匠魔晶石參型
5712,巨匠魔晶石肆型
5713,巨匠魔晶石伍型
5714,戰技魔晶石壹型
5715,戰技魔晶石貳型
5716,戰技魔晶石參型
5717,戰技魔晶石肆型
5718,戰技魔晶石伍型
5719,詠唱魔晶石壹型
5720,詠唱魔晶石貳型
5721,詠唱魔晶石參型
5722,詠唱魔晶石肆型
5723,詠唱魔晶石伍型
5724,惰性魔晶石壹型
5725,惰性魔晶石貳型
5726,惰性魔晶石參型
5727,惰性魔晶石肆型
5728,松節油
5729,素雪白染劑
5730,蒼白灰染劑
5731,古卜灰染劑
5732,石板灰染劑
5733,木炭灰染劑
5734,煤煙黑染劑
5735,玫瑰粉染劑
5736,丁香紫染劑
5737,羅蘭莓染劑
5738,衛月紅染劑
5739,鐵鏽紅染劑
5740,果酒紅染劑
5741,珊瑚粉染劑
5742,鮮血紅染劑
5743,鮭魚粉染劑
5744,日落橙染劑
5745,台地紅染劑
5746,樹皮棕染劑
5747,巧克力染劑
5748,鐵鏽棕染劑
5749,鈷鐵棕染劑
5750,軟木棕染劑
5751,盧恩棕染劑
5752,奧猴棕染劑
5753,山羊棕染劑
5754,南瓜橙染劑
5755,橡果棕染劑
5756,果園棕染劑
5757,山栗棕染劑
5758,哥布林染劑
5759,葉岩棕染劑
5760,鼴鼠棕染劑
5761,沃土棕染劑
5762,骸骨白染劑
5763,黃沙棕染劑
5764,沙漠黃染劑
5765,蜂蜜黃染劑
5766,玉米黃染劑
5767,猛豹黃染劑
5768,奶油黃染劑
5769,日影黃染劑
5770,萄乾棕染劑
5771,泥沼綠染劑
5772,風精靈綠染劑
5773,青檸綠染劑
5774,苔蘚綠染劑
5775,牧草綠染劑
5776,橄欖綠染劑
5777,沼澤綠染劑
5778,蘋果綠染劑
5779,仙人掌染劑
5780,獵人綠染劑
5781,腐獸綠染劑
5782,金龜綠染劑
5783,地神綠染劑
5784,深林綠染劑
5785,天上藍染劑
5786,綠松藍染劑
5787,魔花綠染劑
5788,寒冰藍染劑
5789,天空藍染劑
5790,海霧藍染劑
5791,孔雀藍染劑
5792,羅海藍染劑
5793,腐屍藍染劑
5794,青磷藍染劑
5795,靛青藍染劑
5796,油墨藍染劑
5797,盜龍藍染劑
5798,東洲藍染劑
5799,風暴藍染劑
5800,虛空藍染劑
5801,皇室藍染劑
5802,午夜藍染劑
5803,陰影藍染劑
5804,深淵藍染劑
5805,薰衣草染劑
5806,憂鬱紫染劑
5807,醋栗紫染劑
5808,鳶尾紫染劑
5809,葡萄紫染劑
5810,蓮花粉染劑
5811,蜂鳥粉染劑
5812,仙子梅染劑
5813,帝王紫染劑
5814,藍色色素
5815,紅色色素
5816,黃色色素
5817,灰色色素
5818,棕色色素
5819,綠色色素
5820,紫色色素
5821,生漆
5822,黑漆
5823,亞拉戈錫幣
5824,亞拉戈銅幣
5825,亞拉戈銀貨
5826,亞拉戈金貨
5827,亞拉戈白金貨
5828,柳木幣
5829,楓木幣
5830,黑檀木幣
5831,褐葉幣
5832,黃葉幣
5833,紅葉幣
5834,紅銅錘幣
5835,秘銀錘幣
5836,綠金錘幣
5837,綠貝殼幣
5838,紅貝殼幣
5839,金貝殼幣
5840,青銅刀幣
5841,黑鐵刀幣
5842,玄鋼刀幣
5843,凶骰幣
5844,吉骰幣
5845,運骰幣
5846,黃銅輪幣
5847,白銀輪幣
5848,玫瑰金輪幣
5849,質樸預言蛋
5850,迷彩預言蛋
5851,三色預言蛋
5852,暗黑預言蛋
5853,火元預言蛋
5854,冰元預言蛋
5855,風元預言蛋
5856,土元預言蛋
5857,雷元預言蛋
5858,水元預言蛋
5859,星極預言蛋
5860,靈極預言蛋
5861,紅色預言蛋
5862,綠色預言蛋
5863,黃色預言蛋
5864,紫色預言蛋
5865,藍色預言蛋
5866,神秘蛋
5867,小丑預言蛋2014
5868,褪色水晶
5869,褪色晶簇
5870,轟擊怪的灰
5871,轟擊怪的灰（紅）
5872,轟擊怪的灰（綠）
5873,轟擊怪的灰（藍）
5874,轟擊怪的灰（黑）
5875,禮花“火紅獅子”
5876,禮花“翠綠彗星”
5877,禮花“蔚藍蜘蛛”
5878,禮花“太陽神的蠟燭”
5879,星光禮盒
5880,褪色的紙片
5881,光陰神護符
5882,通緝令：賈維因
5883,伊修加爾德聖典
5884,亞拉戈古戒
5885,放浪神護身符
5886,城邦同盟紀念硬幣
5887,希爾迪布蘭德的筆記
5888,桃源鄉
5889,櫻吹雪
5890,漩渦焰火
5891,耀輝焰火
5892,牙蛇焰火
5893,碧海煙花棒
5894,密林煙花棒
5895,黃沙煙花棒
5896,魔法棱晶（海港新聞）
5897,魔法棱晶（秘銀之眼）
5898,魔法棱晶（渡鴉週刊）
5899,魔法棱晶（緋紅之星）
5900,魔法棱晶（翠綠之星）
5901,魔法棱晶（靛藍之星）
5902,轟擊花
5903,魔法棱晶（黑渦團）
5904,魔法棱晶（雙蛇黨）
5905,魔法棱晶（不滅隊）
5906,火獄的火種
5907,風獄的羽飾
5908,無印楔石
5909,火神圖騰
5910,風神圖騰
5911,咕波果護身符
5912,火神刻印
5913,風神刻印
5914,土神刻印
5915,靈窟黃金之鍵
5916,靈窟綠金之鍵
5917,靈窟玫瑰金之鍵
5918,靈窟白銀之鍵
5919,靈窟秘銀之鍵
5920,靈窟白鋼之鍵
5921,靈窟紅銅之鍵
5922,靈窟黃銅之鍵
5923,靈窟青銅之鍵
5924,不悔黃銅之鍵
5925,不悔紅銅之鍵
5926,不悔白銀之鍵
5927,不悔黃金之鍵
5928,武伽瑪羅黃銅之鍵
5929,武伽瑪羅白銀之鍵
5930,武伽瑪羅紅銅之鍵
5931,武伽瑪羅青銅之鍵
5932,武伽瑪羅黃金之鍵
5933,風揚黃銅之鍵
5934,風揚紅銅之鍵
5935,風揚白銀之鍵
5936,風揚白鋼之鍵
5937,風揚秘銀之鍵
5938,風揚黃金之鍵
5939,新堡紅銅之鍵
5940,新堡白銀之鍵
5941,新堡黃金之鍵
5942,異國樣式的包裹
5943,異國樣式的神秘包裹
5944,異國樣式的樸素包裹
5945,異國樣式的迷人包裹
5946,轟擊怪的死灰
5947,耐熱裝備配給票
5948,民兵用長弓
5949,民兵用佩劍
5950,民兵用頭盔
5951,民兵用項環
5952,民兵用長靴
5953,民兵用軟褲
5954,民兵用軍藥
5955,民兵用軍糧
5956,多血質鍊金藥
5957,黏液質鍊金藥
5958,膽汁質鍊金藥
5959,防禦大盾
5960,攻擊大盾
5961,挑釁大盾
5962,治癒大盾
5963,防禦替身
5964,攻擊替身
5965,挑釁替身
5966,治癒替身
5967,防禦軍藥
5968,攻擊軍藥
5969,挑釁軍藥
5970,治癒軍藥
5971,防禦大盾組件
5972,攻擊大盾組件
5973,挑釁大盾組件
5974,治癒大盾組件
5975,防禦替身組件
5976,攻擊替身組件
5977,挑釁替身組件
5978,治癒替身組件
5979,防禦藥材
5980,攻擊藥材
5981,挑釁藥材
5982,治癒藥材
5983,亞拉戈神符石·比爾格
5984,亞拉戈神符石·拉爾戈
5985,亞拉戈神符石·利姆萊茵
5986,亞拉戈神符石·阿澤瑪
5987,亞拉戈神符石·阿爾基克
5988,亞拉戈神符石·梅茵菲娜
5989,亞拉戈神符石·諾菲卡
5990,亞拉戈神符石·納爾札爾
5991,亞拉戈神符石·妮美雅
5992,亞拉戈神符石·奧修昂
5993,亞拉戈神符石·沙利亞克
5994,亞拉戈神符石·哈羅妮
5995,草繩
5996,黃銅餐盤
5997,白銀酒杯
5998,獸脂蠟燭
5999,蜂蠟蠟燭
6000,哥布林面具
6001,陸行鳥笛
6002,古卜角笛
6003,微炸彈
6004,自走人偶001號
6005,巧兒陸行鳥
6006,遺產鳥笛
6007,夸爾鈴鐺
6008,魔導裝甲認證金鑰
6009,虛無共鳴器
6010,甲兵十字槳章
6011,甲下士十字槳章
6012,牙兵翠綠葉章
6013,牙下士翠綠枝章
6014,鬥兵金天平章
6015,鬥下士金天平章
6016,敵性民族教科書
6017,黑渦團陸行鳥券
6018,雙蛇黨陸行鳥券
6019,不滅隊陸行鳥券
6020,碧海陸行鳥半裝甲
6021,碧海陸行鳥裝甲
6022,碧海陸行鳥武裝甲
6023,密林陸行鳥半裝甲
6024,密林陸行鳥裝甲
6025,密林陸行鳥武裝甲
6026,黃沙陸行鳥半裝甲
6027,黃沙陸行鳥裝甲
6028,黃沙陸行鳥武裝甲
6029,陸行鳥黑魔裝甲
6030,斯雷普尼爾裝甲
6031,凶惡巨獸裝甲
6032,航空兜帽
6033,怒火劍
6034,路希巨斧
6035,織女星指虎
6036,刃狀長矛
6037,逐星者
6038,鑲邊杖
6039,莫古利手杖
6040,魔導翼書
6041,聖府軍外套
6042,聖府軍手套
6043,聖府軍短裙
6044,聖府軍長靴
6045,諾拉長袍
6046,諾拉手套
6047,諾拉長褲
6048,諾拉短靴
6049,精騎戰冠
6050,精騎戰甲
6051,精騎手鎧
6052,精騎短褲
6053,精騎鎖甲靴
6054,猛戰輕盔
6055,猛戰胸甲
6056,猛戰手鎧
6057,猛戰馬褲
6058,猛戰騎靴
6059,泰武頭冠
6060,泰武鬥服
6061,泰武手套
6062,泰武鬥褲
6063,泰武鬥靴
6064,真龍戰盔
6065,真龍戰鎧
6066,真龍手鎧
6067,真龍馬褲
6068,真龍脛甲
6069,賦詩禮帽
6070,賦詩襯衫
6071,賦詩手箍
6072,賦詩緊身褲
6073,賦詩涼鞋
6074,白宗頭冠
6075,白宗長袍
6076,白宗腕套
6077,白宗裙褲
6078,白宗長靴
6079,黑巫闊邊帽
6080,黑巫長衣
6081,黑巫手套
6082,黑巫燈籠褲
6083,黑巫尖頭鞋
6084,喚心長角
6085,喚心長衫
6086,喚心手箍
6087,喚心腰裙
6088,喚心長靴
6089,學苑方帽
6090,學苑外衣
6091,學苑手套
6092,學苑裙褲
6093,學苑高靴
6094,夜暮男式夏衣
6095,夜暮男式夏褲
6096,條紋男式夏衣
6097,條紋男式夏褲
6098,晨曦女式夏衣
6099,晨曦女式夏褲
6100,條紋女式夏衣
6101,條紋女式夏褲
6102,純黑男式夏衣
6103,純黑男式夏褲
6104,純黑女式夏衣
6105,純黑女式夏褲
6106,銀箔靈蛇武士盔
6107,尖嘯幽靈套裝
6108,哭泣幽靈套裝
6109,軍閥王冠
6110,游擊王冠
6111,探究者外衣
6112,莽漢面具
6113,史萊姆耳墜
6114,曼德拉草項環
6115,惡精靈項環
6116,深紅龍船手鐲
6117,雙蛇百合手鐲
6118,金邊天平手鐲
6119,劍術大師戒指
6120,拳術大師戒指
6121,斧術大師戒指
6122,槍術大師戒指
6123,弓術大師戒指
6124,幻術大師戒指
6125,咒術大師戒指
6126,巴術大師戒指
6127,木工大師戒指
6128,鍛造大師戒指
6129,甲冑大師戒指
6130,金工大師戒指
6131,皮革大師戒指
6132,裁縫大師戒指
6133,鍊金大師戒指
6134,烹調大師戒指
6135,採掘大師戒指
6136,園藝大師戒指
6137,捕魚大師戒指
6138,隕石倖存者指環
6139,乙太指環
6140,基沙爾指環
6141,強心劑
6142,鹽烤暖水鱒
6143,鹽烤求雨魚
6144,海神湯
6145,貴族葡萄
6146,晶亮蘋果
6147,蜜檸檬
6148,澤梅爾番茄
6149,野牛奶
6150,夸爾肉
6151,高級料酒
6152,拉諾西亞岩鹽
6153,純淨水
6154,妖異之血
6155,凶惡巨獸之角
6156,
6157,
6158,伊弗利特之角
6159,伊弗利特魔角
6160,迦樓羅之羽
6161,迦樓羅魔羽
6162,泰坦之岩
6163,泰坦魔岩
6164,奧汀披風
6165,凱特西娃娃
6166,凶惡巨獸寶寶
6167,碧海人偶003號
6168,密林人偶003號
6169,黃沙人偶003號
6170,黑渦團巧兒陸行鳥
6171,雙蛇黨巧兒陸行鳥
6172,不滅隊巧兒陸行鳥
6173,毛爾波爾骨朵
6174,小松鼠
6175,魔菇寶
6176,沙蚤蟲蟲
6177,青鳥
6178,幼羚羊
6179,小小頑童
6180,小夸爾
6181,小黑夸爾
6182,
6183,砂礫小魔像
6184,提燈怪玩偶
6185,堅鋼幼龜
6186,盜龍小寶
6187,小蝙蝠
6188,樹苗精
6189,灰塵兔
6190,無頭騎士模型
6191,巨蝌蚪
6192,胖嘟嘟跳蜥
6193,小牛犢
6194,幼小仙人掌
6195,小殼蟹
6196,小狼
6197,小惡精靈
6198,渡渡鳥雛
6199,礦爬蟲蟲
6200,小山羊玩偶
6201,幼碧企鵝
6202,發芽小古卜
6203,一口小布丁
6204,魔導先鋒追蹤型
6205,惡魔磚塊
6206,大頭小鼴鼠
6207,睡羊羊
6208,小小史萊姆
6209,小小曼德拉草
6210,哥布林玩偶
6211,風精靈娃娃
6212,手指圖標
6213,無敵號模型
6214,盧恩族玩偶
6215,巧兒黑陸行鳥
6216,發條衛月
6217,香托托人偶
6218,自衛系統外殼
6219,自衛系統內構
6220,自衛系統光源
6221,幻想藥
6222,風精靈絹布腰圍
6223,修好的帝國盔帽
6224,修好的帝國短袍
6225,亞拉戈制敵面罩
6226,亞拉戈制敵胸甲
6227,亞拉戈制敵軟甲褲
6228,亞拉戈制敵手鎧
6229,亞拉戈制敵鎖甲靴
6230,亞拉戈制敵腰甲
6231,禦敵英雄腰帶
6232,制敵英雄腰帶
6233,強襲英雄腰帶
6234,精準英雄腰帶
6235,詠咒英雄腰帶
6236,治癒英雄腰帶
6237,禦敵英雄耳墜
6238,制敵英雄耳墜
6239,精準英雄耳墜
6240,詠咒英雄耳墜
6241,治癒英雄耳墜
6242,禦敵英雄項環
6243,制敵英雄項環
6244,精準英雄項環
6245,詠咒英雄項環
6246,治癒英雄項環
6247,禦敵英雄手鐲
6248,制敵英雄手鐲
6249,精準英雄手鐲
6250,詠咒英雄手鐲
6251,治癒英雄手鐲
6252,禦敵英雄指環
6253,制敵英雄指環
6254,精準英雄指環
6255,詠咒英雄指環
6256,治癒英雄指環
6257,無鋒劍柯塔納·天極
6258,釋法來·天極
6259,勇悍斧·天極
6260,穿心槍蓋博爾格·天極
6261,月神之弓·天極
6262,酒神杖·天極
6263,星塵杖·天極
6264,綠瞳列傳·天極
6265,萬辭全書·天極
6266,神聖盾·天極
6267,拉札漢淬火油
6268,薩維奈靈藥
6269,獨角獸笛
6270,暗耀石刃棒
6271,暗耀虎爪
6272,暗耀鉤斧
6273,暗耀漁槍
6274,暗耀複合弓
6275,暗耀假面太陽
6276,暗耀長杖
6277,暗耀鳶盾
6278,暗耀方盾
6279,盲女腰圍
6280,重步兵頭冠
6281,重步兵短袖罩衣
6282,重步兵軟甲褲
6283,重步兵手鎧
6284,重步兵鎧靴
6285,重步兵腰帶
6286,重步兵耳墜
6287,重步兵項環
6288,重步兵戒指
6289,夥友騎兵頭盔
6290,夥友騎兵護臂
6291,夥友騎兵腰帶
6292,輕步兵棉甲
6293,輕步兵馬褲
6294,輕步兵護腿
6295,輕步兵腰帶
6296,輕步兵耳環
6297,輕步兵項環
6298,輕步兵戒指
6299,射兵頭巾
6300,射兵束腰獵衣
6301,射兵弓術手套
6302,射兵腿套
6303,射兵狩獵靴
6304,射兵腰帶
6305,射兵耳環
6306,射兵項環
6307,射兵戒指
6308,煽動者短袍
6309,煽動者褲襪
6310,煽動者半指手套
6311,煽動者木鞋
6312,煽動者腰帶
6313,煽動者耳墜
6314,煽動者項環
6315,煽動者戒指
6316,將領腰帶
6317,將領耳墜
6318,將領項環
6319,將領戒指
6320,木製海濱小屋房產證書
6321,混合製海濱小屋房產證書
6322,石製海濱小屋房產證書
6323,木製海濱公館房產證書
6324,混合製海濱公館房產證書
6325,石製海濱公館房產證書
6326,木製海濱別墅房產證書
6327,混合製海濱別墅房產證書
6328,石製海濱別墅房產證書
6329,木製林間小屋房產證書
6330,混合製林間小屋房產證書
6331,石製林間小屋房產證書
6332,木製林間公館房產證書
6333,混合製林間公館房產證書
6334,石製林間公館房產證書
6335,木製林間別墅房產證書
6336,混合製林間別墅房產證書
6337,石製林間別墅房產證書
6338,木製綠洲小屋房產證書
6339,混合製綠洲小屋房產證書
6340,石製綠洲小屋房產證書
6341,木製綠洲公館房產證書
6342,混合製綠洲公館房產證書
6343,石製綠洲公館房產證書
6344,木製綠洲別墅房產證書
6345,混合製綠洲別墅房產證書
6346,石製綠洲別墅房產證書
6347,木製海濱小屋房頂
6348,混合製海濱小屋房頂
6349,石製海濱小屋房頂
6350,木製海濱公館房頂
6351,混合製海濱公館房頂
6352,石製海濱公館房頂
6353,木製海濱別墅房頂
6354,混合製海濱別墅房頂
6355,石製海濱別墅房頂
6356,木製林間小屋房頂
6357,混合製林間小屋房頂
6358,石製林間小屋房頂
6359,木製林間公館房頂
6360,混合製林間公館房頂
6361,石製林間公館房頂
6362,木製林間別墅房頂
6363,混合製林間別墅房頂
6364,石製林間別墅房頂
6365,木製綠洲小屋房頂
6366,混合製綠洲小屋房頂
6367,石製綠洲小屋房頂
6368,木製綠洲公館房頂
6369,混合製綠洲公館房頂
6370,石製綠洲公館房頂
6371,木製綠洲別墅房頂
6372,混合製綠洲別墅房頂
6373,石製綠洲別墅房頂
6374,木製海濱小屋外牆
6375,混合製海濱小屋外牆
6376,石製海濱小屋外牆
6377,木製海濱公館外牆
6378,混合製海濱公館外牆
6379,石製海濱公館外牆
6380,木製海濱別墅外牆
6381,混合製海濱別墅外牆
6382,石製海濱別墅外牆
6383,木製林間小屋外牆
6384,混合製林間小屋外牆
6385,石製林間小屋外牆
6386,木製林間公館外牆
6387,混合製林間公館外牆
6388,石製林間公館外牆
6389,木製林間別墅外牆
6390,混合製林間別墅外牆
6391,石製林間別墅外牆
6392,木製綠洲小屋外牆
6393,混合製綠洲小屋外牆
6394,石製綠洲小屋外牆
6395,木製綠洲公館外牆
6396,混合製綠洲公館外牆
6397,石製綠洲公館外牆
6398,木製綠洲別墅外牆
6399,混合製綠洲別墅外牆
6400,石製綠洲別墅外牆
6401,海濱拱窗
6402,海濱凸窗
6403,海濱方窗
6404,林間古典窗
6405,林間圓窗
6406,林間尖窗
6407,綠洲方窗
6408,綠洲尖窗
6409,綠洲八角窗
6410,海濱木製門
6411,海濱鑲釘門
6412,海濱裝飾門
6413,林間古典門
6414,林間尖頂門
6415,林間拱頂門
6416,綠洲拱頂門
6417,綠洲冠型門
6418,綠洲古典門
6419,海濱圓形煙囪
6420,海濱石製煙囪
6421,林間草頂煙囪
6422,林間圓形煙囪
6423,綠洲石製煙囪
6424,綠洲圓形煙囪
6425,風向陸行鳥
6426,風向碧企鵝
6427,風向仙人掌
6428,海濱木製遮蓬
6429,海濱遮蓬
6430,林間瓦片遮蓬
6431,林間遮蓬
6432,綠洲木製遮蓬
6433,綠洲遮蓬
6434,海濱側壁煙囪
6435,林間側壁煙囪
6436,綠洲側壁煙囪
6437,海濱門牌
6438,林間門牌
6439,綠洲門牌
6440,海濱懸掛門牌
6441,林間懸掛門牌
6442,綠洲懸掛門牌
6443,海濱標旗
6444,林間標旗
6445,綠洲標旗
6446,海濱瓦頂圍牆
6447,海濱柵欄圍牆
6448,海濱石製圍牆
6449,林間石製圍牆
6450,林間草頂圍牆
6451,林間圓弧圍欄
6452,綠洲木製圍牆
6453,綠洲石製圍牆
6454,綠洲裝飾圍牆
6455,海濱內牆
6456,林間內牆
6457,綠洲內牆
6458,海濱地板
6459,林間地板
6460,綠洲地板
6461,海濱吊燈
6462,海濱豪華吊燈
6463,海濱枝形吊燈
6464,林間吊燈
6465,林間豪華吊燈
6466,林間枝形吊燈
6467,綠洲吊燈
6468,綠洲豪華吊燈
6469,綠洲枝形吊燈
6470,碧海吊扇燈
6471,黃沙吊扇燈
6472,密林吊扇燈
6473,毛爾波爾枝形吊燈
6474,照明系統
6475,莫古信箱
6476,黑衣闊葉樹
6477,海島棕櫚樹
6478,沙漠鐵木樹
6479,十分堅硬的庭院石
6480,佈滿苔蘚的庭院石
6481,篝火爐
6482,亞麻陽傘
6483,蓮葉陽傘
6484,胡桃木庭院桌
6485,秘銀庭院桌
6486,黃銅庭院長椅
6487,橡木庭院長椅
6488,半高花盆
6489,低矮花盆
6490,海濱路燈
6491,農用貨車
6492,樹樁凳
6493,
6494,木柴
6495,風精靈燈樹
6496,風精靈燈柱
6497,泰坦燈籠
6498,土神燈籠
6499,利維坦噴泉
6500,水神噴泉
6501,鬥神討伐紀念碑
6502,次元刀凱旋門
6503,溶洞藍珊瑚
6504,四管對龍加農砲
6505,對龍砲彈箱
6506,對龍城塞篝火
6507,黃金谷鮮血草
6508,黃金谷白骨樹
6509,千獄看守草
6510,千獄火葬花
6511,千獄亡者草
6512,古堡火籠
6513,海濱座椅
6514,林間座椅
6515,綠洲座椅
6516,毛爾波爾座椅
6517,惡精靈座椅
6518,風精靈座椅
6519,莊園凳
6520,莊園座椅
6521,對龍城塞指揮椅
6522,就坐系統
6523,海濱長椅
6524,林間長椅
6525,綠洲長椅
6526,碧海儲物椅
6527,黃沙儲物椅
6528,密林儲物椅
6529,海濱沙發
6530,林間沙發
6531,綠洲沙發
6532,海濱長沙發
6533,林間圓沙發
6534,綠洲拐沙發
6535,莊園長椅
6536,迦樓羅沙發
6537,風神沙發
6538,碧海寫字桌
6539,密林寫字桌
6540,黃沙寫字桌
6541,登記台
6542,海濱睡床
6543,林間睡床
6544,綠洲睡床
6545,碧海軍床
6546,密林軍床
6547,黃沙軍床
6548,木製櫃櫥
6549,海濱衣櫃
6550,林間衣櫃
6551,綠洲衣櫃
6552,莊園衣櫃
6553,碧海衣櫥
6554,密林衣櫥
6555,黃沙衣櫥
6556,碧海收納櫃
6557,密林收納櫃
6558,黃沙收納櫃
6559,公會儲物櫃
6560,海濱櫥櫃
6561,林間櫥櫃
6562,綠洲櫥櫃
6563,莊園櫥櫃
6564,惡精靈櫥櫃
6565,風精靈櫥櫃
6566,海濱書櫃
6567,林間書櫃
6568,綠洲書櫃
6569,莊園書櫃
6570,惡精靈書櫃
6571,風精靈書櫃
6572,毛爾波爾書櫃
6573,海濱立柱
6574,林間立柱
6575,綠洲立柱
6576,海濱隔離牆
6577,林間隔離牆
6578,綠洲隔離牆
6579,木製屏風
6580,惡精靈屏風
6581,風精靈屏風
6582,毛爾波爾屏風
6583,海濱落地燈
6584,林間落地燈
6585,綠洲落地燈
6586,莊園燭臺
6587,提燈怪落地燈
6588,曼德拉草落地燈
6589,仙人掌摯友
6590,莊園豪華暖爐
6591,海濱浴缸
6592,林間浴缸
6593,綠洲浴缸
6594,素陶壺
6595,盆栽龍舌蘭
6596,天文望遠鏡
6597,石像魔雕像
6598,石像鬼雕像
6599,利姆萊茵的祝福
6600,私用乙太之光
6601,海濱圓桌
6602,綠洲圓桌
6603,林間圓桌
6604,惡精靈圓桌
6605,分析系統
6606,海濱方桌
6607,林間方桌
6608,綠洲方桌
6609,風精靈方桌
6610,海濱餐桌
6611,林間餐桌
6612,綠洲餐桌
6613,木製餐桌
6614,風精靈餐桌
6615,莊園桌子
6616,海濱書桌
6617,綠洲書桌
6618,林間書桌
6619,莊園書桌
6620,對龍城塞指揮桌
6621,木製文件櫃
6622,林間文件櫃
6623,林間矮櫃
6624,林間抽屜桌
6625,莊園花台
6626,惡精靈矮櫃
6627,海濱桌台
6628,林間桌台
6629,綠洲桌台
6630,海濱櫃台
6631,林間櫃台
6632,綠洲櫃台
6633,風精靈櫃台
6634,莊園暖爐
6635,黃銅燭臺
6636,海濱檯燈
6637,林間檯燈
6638,綠洲檯燈
6639,海濱花瓶
6640,林間花瓶
6641,綠洲花瓶
6642,風精靈花瓶
6643,惡精靈花瓶
6644,水八角盆栽
6645,杜鵑花盆栽
6646,吊蘭盆栽
6647,綠金臺鐘
6648,惡精靈臺鐘
6649,文具一組
6650,天平
6651,顯微鏡
6652,魔導死神模型
6653,毛絨絨莫古利
6654,毛絨絨陸行鳥
6655,喝水碧企鵝
6656,黑渦團團旗
6657,雙蛇黨黨旗
6658,不滅隊隊旗
6659,海之都風景畫
6660,森之都風景畫
6661,沙之都風景畫
6662,艾奧傑亞全景圖
6663,大型戰船的舵盤
6664,惡魔牆雕像
6665,伊弗利特壁燈
6666,火神壁燈
6667,風精靈壁燈
6668,尼姆壁燈
6669,無限城壁燈
6670,貝拉哈迪亞水晶燈
6671,綠金掛鐘
6672,凶惡巨獸壁掛
6673,海濱地毯
6674,海濱流蘇地毯
6675,海濱橢圓地毯
6676,林間地毯
6677,林間流蘇地毯
6678,林間花簇地毯
6679,綠洲地毯
6680,綠洲菱形地毯
6681,綠洲四葉地毯
6682,綿羊地毯
6683,古卜地毯
6684,莫古莫古地毯
6685,毛爾波爾地毯
6686,蜥蜴人軍裝甲運輸車
6687,蜥蜴人軍大盾
6688,陳舊的鞣革地圖
6689,陳舊的山羊革地圖
6690,陳舊的巨蟾蜍革地圖
6691,陳舊的野豬革地圖
6692,陳舊的毒蜥蜴革地圖
6693,水神長刀
6694,水神拳劍
6695,水神長刃斧
6696,水神漁槍
6697,水神長弓
6698,水神幻杖
6699,水神長杖
6700,水神魔書
6701,水神魔典
6702,水神堅盾
6703,水神圓盾
6704,領主頭盔
6705,厚重鎖甲頭罩
6706,戰爭口罩
6707,貴族護目鏡
6708,賜福單片眼鏡
6709,領主胸甲
6710,厚重鎖子鎧
6711,戰爭格鬥服
6712,貴族皮甲
6713,苦行僧袍
6714,賜福長外衣
6715,領主軟甲褲
6716,厚重短裙
6717,戰爭三角褲
6718,貴族襯褲
6719,苦行緊身褲
6720,賜福工作褲
6721,領主手鎧
6722,厚重臂甲
6723,戰爭連指手鎧
6724,貴族護臂
6725,苦行手箍
6726,賜福半指手套
6727,領主鎧靴
6728,厚重鎖甲靴
6729,戰爭戰靴
6730,貴族腿甲靴
6731,苦行護腿
6732,賜福便鞋
6733,領主護腰帶
6734,厚重腰甲
6735,戰爭腰圍
6736,貴族腰帶
6737,苦行結扣腰帶
6738,賜福腰帶
6739,餓狼翼劍
6740,餓狼爪
6741,餓狼雙刃斧
6742,餓狼戰戈
6743,餓狼弓
6744,餓狼牧杖
6745,餓狼長杖
6746,餓狼詠咒魔導書
6747,餓狼治癒魔導書
6748,餓狼鳶盾
6749,餓狼頭盔
6750,餓狼騎兵頭盔
6751,餓狼角盔
6752,餓狼狩獵帽
6753,餓狼騎士帽
6754,餓狼寬邊帽
6755,餓狼胸甲
6756,餓狼鱗鎧
6757,餓狼皮甲
6758,餓狼束腰衣
6759,餓狼外袍
6760,餓狼長袍
6761,餓狼軟甲褲
6762,餓狼馬褲
6763,餓狼襯褲
6764,餓狼腿套
6765,餓狼束膝褲
6766,餓狼緊身褲
6767,餓狼手鎧
6768,餓狼鱗指套
6769,餓狼護臂
6770,餓狼弓術手套
6771,餓狼禮服手套
6772,餓狼手箍
6773,餓狼鎧靴
6774,餓狼鱗脛甲
6775,餓狼腿甲靴
6776,餓狼狩獵靴
6777,餓狼禮鞋
6778,餓狼鴨嘴靴
6779,餓狼護腰帶
6780,餓狼腰甲
6781,餓狼纏腰帶
6782,餓狼皮帶
6783,餓狼腰圍
6784,餓狼結扣腰帶
6785,餓狼紅電氣石手鐲
6786,餓狼鋯石手鐲
6787,餓狼電氣石手鐲
6788,餓狼琥珀手鐲
6789,餓狼尖晶石手鐲
6790,餓狼綠松石手鐲
6791,餓狼紅電氣石耳墜
6792,餓狼鋯石耳墜
6793,餓狼電氣石耳墜
6794,餓狼琥珀耳墜
6795,餓狼尖晶石耳墜
6796,餓狼綠松石耳墜
6797,餓狼紅電氣石項環
6798,餓狼鋯石項環
6799,餓狼電氣石項環
6800,餓狼琥珀項環
6801,餓狼尖晶石項環
6802,餓狼綠松石項環
6803,餓狼紅電氣石戒指
6804,餓狼鋯石戒指
6805,餓狼電氣石戒指
6806,餓狼琥珀戒指
6807,餓狼尖晶石戒指
6808,餓狼綠松石戒指
6809,戰狼劍
6810,戰狼拳劍
6811,戰狼斧
6812,戰狼長槍
6813,戰狼弓
6814,戰狼棒
6815,戰狼杆
6816,戰狼詠咒魔導書
6817,戰狼治癒魔導書
6818,戰狼鳶盾
6819,戰狼制敵角盔
6820,戰狼強襲眼罩
6821,戰狼精準面具
6822,戰狼詠咒寬邊帽
6823,戰狼禦敵胸甲
6824,戰狼制敵鎖子甲
6825,戰狼強襲護甲
6826,戰狼精準皮衣
6827,戰狼詠咒長袍
6828,戰狼治癒外袍
6829,戰狼禦敵軟甲褲
6830,戰狼制敵短裙
6831,戰狼強襲腿套
6832,戰狼精準馬褲
6833,戰狼詠咒褲襪
6834,戰狼治癒束膝褲
6835,戰狼禦敵手鎧
6836,戰狼制敵臂甲
6837,戰狼強襲手甲
6838,戰狼精準護臂
6839,戰狼詠咒手套
6840,戰狼治癒手套
6841,戰狼制敵腿甲靴
6842,戰狼強襲戰靴
6843,戰狼精準長靴
6844,戰狼詠咒尖頭靴
6845,戰狼治癒法靴
6846,戰狼禦敵腰帶
6847,戰狼制敵腰甲
6848,戰狼強襲腰帶
6849,戰狼精準腰帶
6850,戰狼詠咒腰帶
6851,戰狼治癒腰帶
6852,戰狼禦敵手鐲
6853,戰狼強攻手鐲
6854,戰狼精準手鐲
6855,戰狼詠咒手鐲
6856,戰狼治癒手鐲
6857,戰狼禦敵耳墜
6858,戰狼強攻耳墜
6859,戰狼精準耳墜
6860,戰狼詠咒耳墜
6861,戰狼治癒耳墜
6862,戰狼禦敵項環
6863,戰狼強攻項環
6864,戰狼精準項環
6865,戰狼詠咒項環
6866,戰狼治癒項環
6867,戰狼禦敵指環
6868,戰狼強攻指環
6869,戰狼精準指環
6870,戰狼詠咒指環
6871,戰狼治癒指環
6872,恐狼長劍
6873,恐狼爪
6874,恐狼戰斧
6875,恐狼三尖槍
6876,恐狼長弓
6877,恐狼牧杖
6878,恐狼長杖
6879,恐狼詠咒魔導書
6880,恐狼治癒魔導書
6881,恐狼禦敵頭盔
6882,恐狼制敵面具
6883,恐狼強襲頭巾
6884,恐狼精準狩獵帽
6885,恐狼詠咒寬邊帽
6886,恐狼治癒單片眼鏡
6887,恐狼禦敵胸甲
6888,恐狼制敵胸甲
6889,恐狼強襲襯衫
6890,恐狼精準短袖罩衣
6891,恐狼詠咒長袍
6892,恐狼治癒長袍
6893,恐狼禦敵腿甲
6894,恐狼制敵軟甲褲
6895,恐狼強襲短裙
6896,恐狼精準短裙
6897,恐狼詠咒馬褲
6898,恐狼治癒短裙
6899,恐狼禦敵手鎧
6900,恐狼制敵手鎧
6901,恐狼強襲手套
6902,恐狼精準手套
6903,恐狼詠咒手套
6904,恐狼治癒手套
6905,恐狼禦敵鎧靴
6906,恐狼制敵鎧靴
6907,恐狼強襲長靴
6908,恐狼精準狩獵靴
6909,恐狼詠咒尖頭靴
6910,恐狼治癒長靴
6911,恐狼禦敵腰帶
6912,恐狼制敵腰帶
6913,恐狼強襲腰甲
6914,恐狼精準腰帶
6915,恐狼詠咒腰圍
6916,恐狼治癒腰圍
6917,恐狼禦敵腕環
6918,恐狼強攻手環
6919,恐狼精準手環
6920,恐狼詠咒手鏈
6921,恐狼治癒手鏈
6922,恐狼禦敵耳墜
6923,恐狼強攻耳墜
6924,恐狼精準耳墜
6925,恐狼詠咒耳墜
6926,恐狼治癒耳墜
6927,恐狼禦敵項環
6928,恐狼強攻項環
6929,恐狼精準項環
6930,恐狼詠咒項環
6931,恐狼治癒項環
6932,恐狼禦敵指環
6933,恐狼強攻指環
6934,恐狼精準指環
6935,恐狼詠咒指環
6936,恐狼治癒指環
6937,奮起魔晶石壹型
6938,
6939,明目魔晶石壹型
6940,抗體魔晶石壹型
6941,強心魔晶石壹型
6942,興奮魔晶石壹型
6943,不屈魔晶石壹型
6944,昂揚魔晶石壹型
6945,戰女神護符
6946,抗減速劑
6947,抗沉默劑
6948,抗失明劑
6949,抗毒劑
6950,抗眩暈劑
6951,抗睡眠劑
6952,抗束縛劑
6953,抗加重劑
6954,伊卡洛斯之翼
6955,技力恢復之羽
6956,紅滴糖
6957,藍滴糖
6958,清滴糖
6959,紫滴糖
6960,白滴糖
6961,黑滴糖
6962,黃滴糖
6963,綠滴糖
6964,奔馬武士盔
6965,朱漆奔馬武士盔
6966,金箔奔馬武士盔
6967,黑漆奔馬武士盔
6968,雪人頭
6969,雪人服
6970,雪人手套
6971,戀人帽
6972,戀人圍裙服
6973,戀人圍裙裝
6974,戀人連指手套
6975,戀人長褲
6976,戀人短裙
6977,戀人厚底鞋
6978,高地兜帽
6979,高地罩衫
6980,高地連指手套
6981,高地長靴
6982,冰河外套
6983,冰河長靴
6984,蜥蜴人玩偶
6985,魔像丙
6986,艾德薇雅人偶
6987,光之戰偶
6988,袖珍領袖
6989,巧兒陸行鳥王子
6990,凶惡巨獸角笛
6991,火蛟角笛
6992,月桂冠古卜角笛
6993,魔導裝甲丙型認證金鑰
6994,夢魘笛
6995,陸行鳥王裝甲
6996,魔法棱晶（左心）
6997,魔法棱晶（右心）
6998,愛心苦巧克力
6999,愛心甜巧克力
7000,永久冰晶
7001,炎牙首飾
7002,原型裝甲認證金鑰
7003,卡夫拉之牙
7004,羅薇娜的祭器票據
7005,美容師的票據
7006,次元刀的碎片
7007,莫古爾·莫古的鬍鬚
7008,花崗岩
7009,切石
7010,大理石
7011,紅血草
7012,白妙草
7013,磚塊
7014,燒結磚
7015,瓦片
7016,灰泥
7017,清漆
7018,黑鐵釘
7019,白鋼釘
7020,鈷鐵釘
7021,黑鐵連接板
7022,白鋼連接板
7023,鈷鐵連接板
7024,白鋼鉸鏈
7025,棉布帆布
7026,亞麻帆布
7027,纖維襯料
7028,風精靈絹布
7029,拉諾西亞幼苗
7030,黑衣森林幼苗
7031,薩納蘭幼苗
7032,蓮葉
7033,戰神鋼
7034,食蟲植物幼苗
7035,千獄幼苗
7036,溶洞鹹淡水
7037,無限城石材
7038,莊園蠟
7039,尼姆光球
7040,貝拉哈迪亞玻璃
7041,藍狐的毛皮
7042,毛絲栗鼠的毛皮
7043,惡精靈之淚
7044,精美鈕扣
7045,毛爾波爾的唾液
7046,切削油
7047,磨砂玻璃板
7048,重步兵手鏈
7049,輕步兵手鏈
7050,射兵手鏈
7051,煽動者手鏈
7052,將領手鏈
7053,戰狼禦敵開面盔
7054,戰狼治癒騎士帽
7055,戰狼禦敵鎖甲靴
7056,星芒裝甲
7057,
7058,
7059,精煉藥
7060,耐磨劑
7061,金彩蛋
7062,銀彩蛋
7063,銅彩蛋
7064,傳喚鈴
7065,木匠工作臺
7066,鐵匠工作臺
7067,甲匠鍛造爐
7068,金匠工作臺
7069,革匠工作臺
7070,衣匠織布機
7071,鍊金工作爐
7072,廚匠烹飪台
7073,碧海臺鐘
7074,密林掛鐘
7075,提燈怪圓桌
7076,提燈怪餐桌
7077,提燈怪沙發
7078,提燈怪長沙發
7079,提燈怪書櫃
7080,提燈怪睡床
7081,提燈怪屏風
7082,提燈怪壁燈
7083,提燈怪橢圓地毯
7084,拉拉菲爾腳台
7085,毛絨絨惡精靈
7086,惡精靈食腐獸瓶
7087,卡邦庫爾圓桌
7088,卡邦庫爾沙發
7089,卡邦庫爾寫字桌
7090,卡邦庫爾座椅
7091,卡邦庫爾衣櫃
7092,卡邦庫爾地毯
7093,卡邦庫爾掛鐘
7094,卡邦庫爾檯燈
7095,提督的肖像畫
7096,女王與總帥的肖像畫
7097,幻術皇的肖像畫
7098,提燈怪頭屏風
7099,提燈怪方形地毯
7100,投射系統
7101,滅菌系統
7102,對龍城塞作戰桌
7103,巨龍棋子
7104,雙足飛龍棋子
7105,城塞棋子
7106,神殿騎士棋子
7107,龍騎士棋子
7108,莊園大鍵琴
7109,莊園演奏椅
7110,莊園定音鼓
7111,莊園大號
7112,莊園大提琴
7113,莊園豎琴
7114,莊園樂譜架
7115,善王信箱
7116,卡邦庫爾庭院桌
7117,卡邦庫爾庭院長椅
7118,碧海木人
7119,黃沙木人
7120,密林木人
7121,高山木人
7122,魚人風燭臺
7123,魚人風食台
7124,鳥人庇護所
7125,鳥人戰旗
7126,地靈挖掘機
7127,地靈熔爐
7128,圓形園圃
7129,方形園圃
7130,高級園圃
7131,鄉村內牆
7132,石製內牆
7133,碧海內牆
7134,密林內牆
7135,黃沙內牆
7136,鋪瓦內牆
7137,金屬內牆
7138,樹林內牆
7139,陸行鳥內牆
7140,莫古利內牆
7141,鄉村地板
7142,石製地板
7143,碧海地板
7144,密林地板
7145,黃沙地板
7146,鋪瓦地板
7147,金屬地板
7148,樹林地板
7149,陸行鳥地板
7150,莫古利地板
7151,提燈怪枝形吊燈
7152,女王的肖像畫
7153,素材商人契約
7154,雜用商人契約
7155,
7156,修理工契約
7157,白銀甲胄的碎片
7158,對龍城塞的木材
7159,利維坦之棘
7160,利維坦魔棘
7161,極王莫古爾·莫古的魔鬚
7162,亞拉戈高位禦敵頭冠
7163,亞拉戈高位重長衣
7164,亞拉戈高位禦敵手鎧
7165,亞拉戈高位禦敵軟甲褲
7166,亞拉戈高位禦敵鎧靴
7167,亞拉戈高位禦敵腰帶
7168,亞拉戈高位禦敵手鐲
7169,亞拉戈高位禦敵耳墜
7170,亞拉戈高位禦敵項環
7171,亞拉戈高位禦敵指環
7172,亞拉戈高位制敵頭甲
7173,亞拉戈高位制敵胸甲
7174,亞拉戈高位制敵手鎧
7175,亞拉戈高位制敵軟甲褲
7176,亞拉戈高位制敵鎧靴
7177,亞拉戈高位制敵腰帶
7178,亞拉戈高位強襲頭甲
7179,亞拉戈高位強襲胸甲
7180,亞拉戈高位強襲手鎧
7181,亞拉戈高位強襲軟甲褲
7182,亞拉戈高位強襲鎧靴
7183,亞拉戈高位強襲腰帶
7184,亞拉戈高位強攻手鐲
7185,亞拉戈高位強攻耳墜
7186,亞拉戈高位強攻項環
7187,亞拉戈高位強攻指環
7188,亞拉戈高位精準口罩
7189,亞拉戈高位精準長衣
7190,亞拉戈高位精準手套
7191,亞拉戈高位精準馬褲
7192,亞拉戈高位精準筒靴
7193,亞拉戈高位精準腰帶
7194,亞拉戈高位精準手鐲
7195,亞拉戈高位精準耳墜
7196,亞拉戈高位精準項環
7197,亞拉戈高位精準指環
7198,亞拉戈高位治癒頭冠
7199,亞拉戈高位治癒長衣
7200,亞拉戈高位治癒手套
7201,亞拉戈高位治癒喇叭褲
7202,亞拉戈高位治癒長靴
7203,亞拉戈高位治癒腰帶
7204,亞拉戈高位治癒手鐲
7205,亞拉戈高位治癒耳墜
7206,亞拉戈高位治癒項環
7207,亞拉戈高位治癒指環
7208,亞拉戈高位詠咒口罩
7209,亞拉戈高位詠咒長衣
7210,亞拉戈高位詠咒手套
7211,亞拉戈高位詠咒馬褲
7212,亞拉戈高位詠咒筒靴
7213,亞拉戈高位詠咒腰帶
7214,亞拉戈高位詠咒手鐲
7215,亞拉戈高位詠咒耳墜
7216,亞拉戈高位詠咒項環
7217,亞拉戈高位詠咒指環
7218,亞拉戈高位鳶盾
7219,亞拉戈高位長刀
7220,亞拉戈高位虎爪
7221,亞拉戈高位戰斧
7222,亞拉戈高位長槍
7223,亞拉戈高位複合弓
7224,亞拉戈高位手杖
7225,亞拉戈高位長杖
7226,亞拉戈高位詠咒魔導書
7227,亞拉戈高位治癒魔導書
7228,舊化的宵光頭冠
7229,舊化的宵光兜甲
7230,舊化的宵光手鎧
7231,舊化的宵光短褲
7232,舊化的宵光脛甲
7233,舊化的宵光護腰帶
7234,舊化的宵光手鏈
7235,舊化的宵光耳環
7236,舊化的宵光項環
7237,舊化的宵光戒指
7238,舊化的星光盔帽
7239,舊化的星光戰鎧
7240,舊化的星光護臂
7241,舊化的星光騎兵褲
7242,舊化的星光鎧靴
7243,舊化的星光腰帶
7244,舊化的暮光兜帽
7245,舊化的暮光短袖罩衣
7246,舊化的暮光手甲
7247,舊化的暮光襯褲
7248,舊化的暮光尖頭靴
7249,舊化的暮光腰帶
7250,舊化的暮光手鏈
7251,舊化的暮光耳環
7252,舊化的暮光項環
7253,舊化的暮光戒指
7254,舊化的曙光兜帽
7255,舊化的曙光短袖罩衣
7256,舊化的曙光手甲
7257,舊化的曙光襯褲
7258,舊化的曙光尖頭靴
7259,舊化的曙光腰圍
7260,舊化的曙光手鏈
7261,舊化的曙光耳環
7262,舊化的曙光項環
7263,舊化的曙光戒指
7264,舊化的晨光頭冠
7265,舊化的晨光長袍
7266,舊化的晨光手套
7267,舊化的晨光馬褲
7268,舊化的晨光鎖甲靴
7269,舊化的晨光腰帶
7270,舊化的晨光腕環
7271,舊化的晨光耳墜
7272,舊化的晨光項鍊
7273,舊化的晨光戒指
7274,舊化的昏光魔術帽
7275,舊化的昏光魔術服
7276,舊化的昏光手套
7277,舊化的昏光緊身褲
7278,舊化的昏光高跟鞋
7279,舊化的昏光腰圍
7280,舊化的昏光腕環
7281,舊化的昏光耳墜
7282,舊化的昏光項鍊
7283,舊化的昏光戒指
7284,舊化的宵光重盾
7285,舊化的布林特根
7286,舊化的榮耀之拳
7287,舊化的征服之斧
7288,舊化的解放之槍
7289,舊化的玫瑰之弓
7290,舊化的放逐之杖
7291,舊化的災厄之杖
7292,舊化的智神之書
7293,舊化的英魂之書
7294,宵光頭冠
7295,宵光兜甲
7296,宵光手鎧
7297,宵光短褲
7298,宵光脛甲
7299,宵光護腰帶
7300,宵光手鏈
7301,宵光耳環
7302,宵光項環
7303,宵光戒指
7304,星光盔帽
7305,星光戰鎧
7306,星光護臂
7307,星光騎兵褲
7308,星光鎧靴
7309,星光腰帶
7310,暮光兜帽
7311,暮光短袖罩衣
7312,暮光手甲
7313,暮光襯褲
7314,暮光尖頭靴
7315,暮光腰帶
7316,暮光手鏈
7317,暮光耳環
7318,暮光項環
7319,暮光戒指
7320,曙光兜帽
7321,曙光短袖罩衣
7322,曙光手甲
7323,曙光襯褲
7324,曙光尖頭靴
7325,曙光腰圍
7326,曙光手鏈
7327,曙光耳環
7328,曙光項環
7329,曙光戒指
7330,晨光頭冠
7331,晨光長袍
7332,晨光手套
7333,晨光馬褲
7334,晨光鎖甲靴
7335,晨光腰帶
7336,晨光腕環
7337,晨光耳墜
7338,晨光項鍊
7339,晨光戒指
7340,昏光魔術帽
7341,昏光魔術服
7342,昏光手套
7343,昏光緊身褲
7344,昏光高跟鞋
7345,昏光腰圍
7346,昏光腕環
7347,昏光耳墜
7348,昏光項鍊
7349,昏光戒指
7350,宵光重盾
7351,布林特根
7352,榮耀之拳
7353,征服之斧
7354,解放之槍
7355,玫瑰之弓
7356,放逐之杖
7357,災厄之杖
7358,智神之書
7359,英魂之書
7360,獅鬃戰盔
7361,獅鬃胸甲
7362,獅鬃手鎧
7363,獅鬃馬褲
7364,獅鬃鎧靴
7365,獅鬃腰帶
7366,鷹翼戰盔
7367,鷹翼鬥服
7368,鷹翼護臂
7369,鷹翼束膝褲
7370,鷹翼鬥靴
7371,鷹翼腰帶
7372,熊口戰盔
7373,熊口胸甲
7374,熊口手鎧
7375,熊口騎兵褲
7376,熊口鎧靴
7377,熊口腰帶
7378,蛇舌戰盔
7379,蛇舌鱗甲
7380,蛇舌手鎧
7381,蛇舌襯褲
7382,蛇舌脛甲
7383,蛇舌腰帶
7384,鳥鳴面罩
7385,鳥鳴長衣
7386,鳥鳴手套
7387,鳥鳴馬褲
7388,鳥鳴筒靴
7389,鳥鳴腰帶
7390,鵠韻兜帽
7391,鵠韻長衣
7392,鵠韻護臂
7393,鵠韻馬褲
7394,鵠韻筒靴
7395,鵠韻腰帶
7396,狼眼法帽
7397,狼眼長衣
7398,狼眼長手套
7399,狼眼襯褲
7400,狼眼長靴
7401,狼眼腰帶
7402,鹿角法帽
7403,鹿角長袍
7404,鹿角手套
7405,鹿角長褲
7406,鹿角長靴
7407,鹿角腰帶
7408,鹿尾法帽
7409,鹿尾長袍
7410,鹿尾手套
7411,鹿尾長褲
7412,鹿尾長靴
7413,鹿尾腰帶
7414,獄狼禦敵手鐲
7415,獄狼禦敵耳墜
7416,獄狼禦敵項環
7417,獄狼禦敵指環
7418,獄狼強攻手鐲
7419,獄狼強攻耳墜
7420,獄狼強攻項環
7421,獄狼強攻指環
7422,獄狼精準手鐲
7423,獄狼精準耳墜
7424,獄狼精準項環
7425,獄狼精準指環
7426,獄狼治癒手鐲
7427,獄狼治癒耳墜
7428,獄狼治癒項環
7429,獄狼治癒指環
7430,獄狼詠咒手鐲
7431,獄狼詠咒耳墜
7432,獄狼詠咒項環
7433,獄狼詠咒指環
7434,獅鬃盾
7435,獅鬃劍
7436,鷹翼爪
7437,熊口斧
7438,蛇舌槍
7439,鳥鳴弓
7440,鵠韻杖
7441,狼眼杖
7442,鹿角書
7443,鹿尾書
7444,保護者開面盔
7445,保護者胸甲
7446,保護者手鎧
7447,保護者軟甲褲
7448,保護者鎖甲靴
7449,保護者腰圍
7450,輕騎兵護目鏡
7451,輕騎兵外套
7452,輕騎兵手套
7453,輕騎兵馬褲
7454,輕騎兵長筒靴
7455,輕騎兵腰圍
7456,拳法師護目鏡
7457,拳法師外套
7458,拳法師手套
7459,拳法師馬褲
7460,拳法師長筒靴
7461,拳法師腰圍
7462,狩獵者面具
7463,狩獵者長衫
7464,狩獵者手套
7465,狩獵者束膝褲
7466,狩獵者筒靴
7467,狩獵者腰圍
7468,朝聖者眼罩
7469,朝聖者長袍
7470,朝聖者手套
7471,朝聖者長褲
7472,朝聖者皮靴
7473,朝聖者腰圍
7474,魔術師法帽
7475,魔術師長袍
7476,魔術師手套
7477,魔術師長褲
7478,魔術師皮靴
7479,魔術師腰圍
7480,鎢鋼重頭盔
7481,鎢鋼重胸甲
7482,鎢鋼重手鎧
7483,鎢鋼重腿甲
7484,鎢鋼重鎧靴
7485,鎢鋼重腰帶
7486,鎢鋼面罩
7487,鎢鋼胸甲
7488,鎢鋼手鎧
7489,蛟蜥軟甲褲
7490,鎢鋼鎧靴
7491,鎢鋼腰甲
7492,蛟蜥強襲頭巾
7493,蛟蜥強襲襯衫
7494,蛟蜥強襲手套
7495,羊絨強襲短裙
7496,蛟蜥強襲長靴
7497,蛟蜥強襲腰帶
7498,羊絨精準狩獵帽
7499,蛟蜥精準罩衣
7500,蛟蜥精準手套
7501,羊絨精準短裙
7502,蛟蜥精準筒靴
7503,蛟蜥精準腰帶
7504,黃金眼鏡
7505,羊絨治癒長袍
7506,蛟蜥治癒手套
7507,羊絨治癒短裙
7508,蛟蜥治癒長靴
7509,蛟蜥治癒腰帶
7510,羊絨詠咒寬邊帽
7511,羊絨詠咒長袍
7512,蛟蜥詠咒手套
7513,羊絨詠咒馬褲
7514,蛟蜥詠咒尖頭靴
7515,蛟蜥詠咒腰帶
7516,禦敵緞帶
7517,強攻緞帶
7518,精準緞帶
7519,詠咒緞帶
7520,治癒緞帶
7521,工匠下框眼鏡
7522,征糧草帽
7523,工匠陸行鳥手鋸
7524,工匠橫頭錘
7525,工匠圓頭錘
7526,工匠金工錘
7527,工匠圓革刀
7528,工匠縫針
7529,工匠蒸餾器
7530,工匠平底鍋
7531,征糧十字鎬
7532,征糧手斧
7533,征糧釣竿
7534,盛花草帽
7535,水手服
7536,盛花腕帶
7537,水手褲
7538,水手甲板鞋
7539,春意草帽
7540,春意禮服
7541,春意長裙
7542,春意禮鞋
7543,花草帽
7544,魔石精兜帽
7545,哥布林兜帽
7546,輕鋼肩甲
7547,輕鋼三角褲
7548,平紋披肩
7549,平紋腰布裙
7550,獵蛋裝甲
7551,光之鳥甲
7552,利維坦裝甲
7553,胖陸行鳥笛
7554,水龍蜥角笛
7555,炸彈角笛
7556,地靈娃娃
7557,魚人玩偶
7558,莫古利娃娃
7559,軟軟墊子
7560,發條太陽
7561,奧汀戰偶
7562,光之戰士
7563,發條巴哈姆特
7564,奧猴寶寶
7565,雛鳥祖
7566,精神吸取小妖
7567,不說話的蜂鳥
7568,魔法掃帚
7569,傳送網使用券
7570,酒香蒸鯰魚
7571,新薯鬆餅
7572,香烤填鴨
7573,薩赫蛋糕
7574,新薯冷湯
7575,菠菜乳蛋餅
7576,
7577,亞拉戈時光沙
7578,亞拉戈時光油
7579,長滿苔蘚的石劍
7580,長滿苔蘚的石斧
7581,長滿苔蘚的石爪
7582,長滿苔蘚的石槍
7583,長滿苔蘚的石弓
7584,長滿苔蘚的石杖
7585,長滿苔蘚的石棒
7586,褪色的古書
7587,褪色的古典
7588,鎢鐵礦
7589,自然金
7590,緋紅樹汁
7591,提諾爾卡茶葉
7592,黃杏
7593,拉諾西亞韭蔥
7594,謝爾達萊嫩菠菜
7595,鮮血橙
7596,矽化木
7597,白鎢礦
7598,拉吉克靈砂
7599,蛟蜥的粗皮
7600,山羊絨
7601,金剛砂
7602,星八角
7603,衛月新薯
7604,皇家可可豆
7605,填鴨胸肉
7606,古神木材
7607,鎢鋼錠
7608,蛟蜥革
7609,羊絨布
7610,靈性岩
7611,黑衣香木
7612,雲杉合板
7613,玄鋼鉤
7614,玄鋼絲
7615,玫瑰金齒輪
7616,駿鷹革細繩
7617,銀絲織錦
7618,鹽酸
7619,番茄醬
7620,稀硫酸
7621,驅幻晶
7622,木工幻象棱晶
7623,2級木工幻象棱晶
7624,3級木工幻象棱晶
7625,4級木工幻象棱晶
7626,5級木工幻象棱晶
7627,
7628,
7629,鍛冶幻象棱晶
7630,2級鍛冶幻象棱晶
7631,3級鍛冶幻象棱晶
7632,4級鍛冶幻象棱晶
7633,5級鍛冶幻象棱晶
7634,
7635,
7636,甲胄幻象棱晶
7637,2級甲胄幻象棱晶
7638,3級甲胄幻象棱晶
7639,4級甲胄幻象棱晶
7640,5級甲胄幻象棱晶
7641,
7642,
7643,金工幻象棱晶
7644,2級金工幻象棱晶
7645,3級金工幻象棱晶
7646,4級金工幻象棱晶
7647,5級金工幻象棱晶
7648,
7649,
7650,皮革幻象棱晶
7651,2級皮革幻象棱晶
7652,3級皮革幻象棱晶
7653,4級皮革幻象棱晶
7654,5級皮革幻象棱晶
7655,
7656,
7657,裁縫幻象棱晶
7658,2級裁縫幻象棱晶
7659,3級裁縫幻象棱晶
7660,4級裁縫幻象棱晶
7661,5級裁縫幻象棱晶
7662,
7663,
7664,鍊金幻象棱晶
7665,2級鍊金幻象棱晶
7666,3級鍊金幻象棱晶
7667,4級鍊金幻象棱晶
7668,5級鍊金幻象棱晶
7669,
7670,
7671,純淨棱晶
7672,2級純淨棱晶
7673,3級純淨棱晶
7674,4級純淨棱晶
7675,5級純淨棱晶
7676,
7677,
7678,札爾耶拉
7679,無賴王
7680,山神印
7681,高聲鯰魚
7682,水晶刺魚
7683,莫爾巴
7684,拾荒鮟鱇
7685,金鰭蝶
7686,巨鯊
7687,鱗腳螺
7688,隱沙魚
7689,暗騎士
7690,銀君
7691,劍齒鱈
7692,夢幻鰕虎
7693,海神劍
7694,暗兵鱧
7695,審判魟
7696,釀血魚
7697,仙后鱸
7698,滑溜帝王
7699,藍寡婦
7700,人面鯉
7701,倔強鯽魚
7702,朝聖泥魚
7703,垂暮小龍蝦
7704,淨髓蝸牛
7705,外科醫生
7706,泥巨蟹兵
7707,猛獁章魚
7708,聖母鯉
7709,高刺魚
7710,希爾德拉
7711,鉚釘牡蠣
7712,剪刀手雅克
7713,招雨王
7714,銅鏡
7715,紅彩椒種子
7716,野洋蔥球根
7717,庫爾札斯胡蘿蔔種子
7718,拉諾西亞萵苣種子
7719,橄欖種子
7720,新薯芽塊
7721,多實玉米種子
7722,巫茄種子
7723,中原甘藍種子
7724,澤梅爾番茄種子
7725,拉諾西亞香橙種子
7726,低地葡萄種子
7727,仙女蘋果種子
7728,太陽檸檬種子
7729,仙子梅種子
7730,血紅奇異果種子
7731,晶亮蘋果種子
7732,羅蘭莓種子
7733,蜜檸檬種子
7734,多刺鳳梨種子
7735,大蒜球根
7736,薰衣草種子
7737,黑胡椒種子
7738,阿拉米格芥子種子
7739,生薑根
7740,甘菊種子
7741,亞麻種子
7742,中原羅勒草種子
7743,風茄種子
7744,扁桃種子
7745,哈羅妮丁菊種子
7746,阿澤瑪玫瑰種子
7747,妮美雅百合種子
7748,星八角種子
7749,衛月新薯芽塊
7750,皇家可可豆種子
7751,黃杏種子
7752,拉諾西亞韭蔥種子
7753,提諾爾卡茶樹種子
7754,傘葉無花果種子
7755,黃麻種子
7756,釉質堅果種子
7757,掃帚草種子
7758,1級拉諾西亞土壤
7759,2級拉諾西亞土壤
7760,3級拉諾西亞土壤
7761,1級黑衣森林土壤
7762,2級黑衣森林土壤
7763,3級黑衣森林土壤
7764,1級薩納蘭土壤
7765,2級薩納蘭土壤
7766,3級薩納蘭土壤
7767,魚粉
7768,哈羅妮丁菊
7769,阿澤瑪玫瑰
7770,妮美雅百合
7771,禮服質料
7772,耐水棉布
7773,傘葉無花果
7774,黃麻
7775,釉質堅果
7776,掃帚草
7777,黃麻線
7778,木工秘笈第一卷
7779,鍛冶秘笈第一卷
7780,甲胄秘笈第一卷
7781,金工秘笈第一卷
7782,皮革秘笈第一卷
7783,裁縫秘笈第一卷
7784,鍊金秘笈第一卷
7785,烹調秘笈第一卷
7786,木工秘笈幻象之卷
7787,鍛冶秘笈幻象之卷
7788,甲胄秘笈幻象之卷
7789,金工秘笈幻象之卷
7790,皮革秘笈幻象之卷
7791,裁縫秘笈幻象之卷
7792,鍊金秘笈幻象之卷
7793,
7794,輕鋼板
7795,平紋布
7796,探險幣證書
7797,秘銀大錘幣
7798,珊瑚手鐲
7799,雷根圓椒
7800,
7801,
7802,白鋼大錘幣
7803,綠金大錘幣
7804,珊瑚指環
7805,珊瑚項鍊
7806,黃褐乳膠
7807,終結油灰
7808,莊園清漆
7809,魔法棱晶（日光）
7810,魔法棱晶（星塵）
7811,羅薇娜的戰記票據
7812,未鑑定的亞拉戈神典石
7813,淵水長刀
7814,淵水拳劍
7815,淵水長刃斧
7816,淵水漁槍
7817,淵水長弓
7818,淵水幻杖
7819,淵水長杖
7820,淵水魔書
7821,淵水魔典
7822,淵水堅盾
7823,淵水圓盾
7824,無鋒劍柯塔納·魂晶
7825,釋法來·魂晶
7826,勇悍斧·魂晶
7827,穿心槍蓋博爾格·魂晶
7828,月神之弓·魂晶
7829,酒神杖·魂晶
7830,星塵杖·魂晶
7831,綠瞳列傳·魂晶
7832,萬辭全書·魂晶
7833,神聖盾·魂晶
7834,無鋒劍柯塔納·魂靈
7835,釋法來·魂靈
7836,勇悍斧·魂靈
7837,穿心槍蓋博爾格·魂靈
7838,月神之弓·魂靈
7839,酒神杖·魂靈
7840,星塵杖·魂靈
7841,綠瞳列傳·魂靈
7842,萬辭全書·魂靈
7843,神聖盾·魂靈
7844,火妖笛
7845,風妖笛
7846,土妖笛
7847,水妖笛
7848,戰獅角笛
7849,戰熊角笛
7850,水神魔鏡
7851,處女之魂晶
7852,天蠍之魂晶
7853,水瓶之魂晶
7854,摩羯之魂晶
7855,金牛之魂晶
7856,牡羊之魂晶
7857,雙子之魂晶
7858,獅子之魂晶
7859,雙魚之魂晶
7860,射手之魂晶
7861,天秤之魂晶
7862,巨蟹之魂晶
7863,無鋒劍柯塔納·新星
7864,釋法來·新星
7865,勇悍斧·新星
7866,穿心槍蓋博爾格·新星
7867,月神之弓·新星
7868,酒神杖·新星
7869,星塵杖·新星
7870,綠瞳列傳·新星
7871,萬辭全書·新星
7872,神聖盾·新星
7873,聖劍天球書卷
7874,雙豹天球書卷
7875,戰斧天球書卷
7876,龍槍天球書卷
7877,神弓天球書卷
7878,靈杖天球書卷
7879,星杖天球書卷
7880,魔書天球書卷
7881,奇書天球書卷
7882,聖盾天球書卷
7883,星光變石
7884,神秘地圖
7885,高位附魔墨水
7886,忍者之證
7887,吉光半成品
7888,吉光
7889,亂波半首
7890,亂波鎖帷子
7891,亂波袴
7892,亂波手甲
7893,亂波纏足
7894,克里耶蘿蔔
7895,西其斯菜薊
7896,
7897,米梅特葫蘆
7898,坦塔爾矮瓜
7899,
7900,帕薩納紅茄
7901,怪物獵人的手冊
7902,魚大叔
7903,隕石倖存者
7904,聖鱒貞德
7905,特拉瑪豹魚
7906,斷指龍蝦
7907,終結者
7908,大蛇鰻
7909,比阿納可大帝
7910,骯髒鯡
7911,虛空之眼
7912,妖禍魚
7913,浮游石
7914,露齒鯉
7915,金槍鯊
7916,尼姆蠕蟲
7917,抽鬚王
7918,太陽神杖
7919,槍鼻頭
7920,雷神光
7921,沉川鮭
7922,刺魚教父
7923,芳香蠑螈
7924,轟擊泡
7925,濃鹽魨
7926,孤獨殺手
7927,溫泉王
7928,鐵餅
7929,鐵索
7930,沙海腸蟲
7931,魔毯
7932,聖人標
7933,冥河燈
7934,綠小丑
7935,血浴
7936,雷皇子
7937,吞雷魚
7938,沉溺射手
7939,麗舞蟹
7940,銀鏡魚
7941,翻舵手
7942,千年殤
7943,漢尼拔
7944,黎明少女
7945,星光鱒魚
7946,一家之母
7947,影紋狗魚
7948,船長聖杯
7949,奇蝦
7950,皺鰓鯊
7951,乙太虱
7952,風化小刀
7953,甲賀半首
7954,甲賀鎖帷子
7955,甲賀袴
7956,甲賀手甲
7957,甲賀纏足
7958,海濱牆架
7959,早餐組合
7960,晚餐組合
7961,午茶組合
7962,水果拼盤
7963,冰鎮果汁
7964,«五紀曆»
7965,機密文件
7966,毛絨絨哥布林
7967,小型究極武器
7968,機工師的肖像畫
7969,調查員與助手的肖像畫
7970,牆上盆栽
7971,«艾奧傑亞百科全書»
7972,開放式火爐
7973,海濱隔離矮牆
7974,傘葉無花果盆栽
7975,龍血樹盆栽
7976,天球模型
7977,榻榻米
7978,轉角櫃台
7979,植物隔離矮牆
7980,拉姆等離子燈
7981,雷神等離子燈
7982,始皇寶座
7983,海濱門墊
7984,雙人羽床
7985,陸行鳥立柱
7986,海濱軟墊
7987,林間軟墊
7988,綠洲軟墊
7989,陸行鳥廄
7990,紅蓮燈籠
7991,東方的許願竹
7992,球形灌木
7993,格子盆栽
7994,睡蓮水盆
7995,庭院水塘
7996,吊鍋
7997,活梯
7998,直線踏腳石
7999,弧形踏腳石
8000,直線踏腳木
8001,弧形踏腳木
8002,花壇
8003,西瓜水盆
8004,林間樹籬牆
8005,綠洲裝飾石牆
8006,海濱鐵圍欄
8007,海濱葉紋內牆
8008,林間葉紋內牆
8009,綠洲葉紋內牆
8010,古典內牆
8011,條紋內牆
8012,花紋內牆
8013,素瓷地板
8014,大理石地板
8015,陶瓷地板
8016,
8017,轟擊怪燈籠
8018,寶座水晶塊
8019,拉姆之珠
8020,拉姆魔珠
8021,乾草
8022,睡蓮花苗
8023,珍珠葵
8024,水鳥之羽
8025,絲綿
8026,霧絹
8027,防水棉布
8028,偏光玻璃板
8029,鎢鋼方板
8030,強靈性岩
8031,高級黑衣香木
8032,強化雲杉合板
8033,高精度玄鋼鉤
8034,強化玄鋼絲
8035,高精度玫瑰金齒輪
8036,強化駿鷹革細繩
8037,高級銀絲織錦
8038,濃鹽酸
8039,濃厚番茄醬
8040,塔蘭的採掘師票據
8041,塔蘭的園藝師票據
8042,塔蘭的漁師票據
8043,英騎裝備的改良材料
8044,昭武裝備的改良材料
8045,勇戰裝備的改良材料
8046,騰龍裝備的改良材料
8047,詠詩裝備的改良材料
8048,黑術裝備的改良材料
8049,白癒裝備的改良材料
8050,喚靈裝備的改良材料
8051,學士裝備的改良材料
8052,氣囊元件的材料
8053,氣囊強化元件的材料
8054,右舷船體元件的材料
8055,左舷船體元件的材料
8056,動力輪元件的材料
8057,索具元件的材料
8058,甲板元件的材料
8059,引擎外殼元件的材料
8060,加工工具的材料
8061,駕駛席外部元件的材料
8062,駕駛席內部元件的材料
8063,壓載物元件的材料
8064,儀錶元件的材料
8065,空氣動力元件的材料
8066,右翼元件的材料
8067,左翼元件的材料
8068,右翼可動元件的材料
8069,左翼可動元件的材料
8070,變速元件的材料
8071,散熱元件的材料
8072,傳聲元件的材料
8073,照明元件的材料
8074,排氣元件的材料
8075,廢品緊急處理元件的材料
8076,青磷水箱元件的材料
8077,駕駛器元件的材料
8078,緊急逃生工具的材料
8079,預備水箱元件的材料
8080,輕量化元件的材料
8081,抗震元件的材料
8082,高傳導率元件的材料
8083,輔助空氣動力元件的材料
8084,裝飾元件的材料
8085,船體元件的材料
8086,引擎元件的材料
8087,引擎結合部元件的材料
8088,舵盤元件的材料
8089,重要元件的材料
8090,羽飾元件的材料
8091,氣囊元件
8092,氣囊強化元件
8093,右舷船體元件
8094,左舷船體元件
8095,動力輪元件
8096,索具元件
8097,甲板元件
8098,引擎外殼元件
8099,加工工具
8100,駕駛席外部元件
8101,駕駛席內部元件
8102,壓載物元件
8103,儀錶元件
8104,空氣動力元件
8105,右翼元件
8106,左翼元件
8107,右翼可動元件
8108,左翼可動元件
8109,變速元件
8110,散熱元件
8111,美夢帽
8112,傳聲元件
8113,照明元件
8114,排氣元件
8115,廢品緊急處理元件
8116,美夢裝
8117,青磷水箱元件
8118,駕駛器元件
8119,美夢靴
8120,緊急逃生工具
8121,預備水箱元件
8122,輕量化元件
8123,抗震元件
8124,鐵質玉兔武士盔
8125,高傳導率元件
8126,輔助空氣動力元件
8127,裝飾元件
8128,鐵質黑漆玉兔武士盔
8129,長風船體元件
8130,長風引擎元件
8131,長風引擎結合部元件
8132,長風舵盤元件
8133,長風重要元件
8134,長風羽飾元件
8135,木工秘笈半魔之卷
8136,鍛冶秘笈半魔之卷
8137,甲胄秘笈半魔之卷
8138,金工秘笈半魔之卷
8139,皮革秘笈半魔之卷
8140,裁縫秘笈半魔之卷
8141,鍊金秘笈半魔之卷
8142,白光半魔晶石壹型
8143,白光半魔晶石貳型
8144,白光半魔晶石參型
8145,武備半魔晶石壹型
8146,武備半魔晶石貳型
8147,武備半魔晶石參型
8148,匠心半魔晶石壹型
8149,匠心半魔晶石貳型
8150,匠心半魔晶石參型
8151,火神半魔晶石壹型
8152,風神半魔晶石壹型
8153,土神半魔晶石壹型
8154,善王半魔晶石壹型
8155,工藝神半魔晶石壹型
8156,鞣革製的隱藏地圖
8157,塞爾法特爾沙果
8158,多瑪青梅
8159,輝鱗油梨
8160,瓦爾醋栗
8161,歐·葛莫羅漿果
8162,謝爾達萊鳳梨
8163,拉札漢檸檬
8164,鐵質銀箔玉兔武士盔
8165,克拉卡蘿蔔
8166,薩維奈圓蔥
8167,珍珠葵種子
8168,奇妙掃帚
8169,克里耶蘿蔔種子
8170,西其斯菜薊種子
8171,米梅特葫蘆種子
8172,坦塔爾矮瓜種子
8173,帕薩納紅茄種子
8174,塞爾法特爾沙果種子
8175,多瑪青梅種子
8176,輝鱗油梨種子
8177,瓦爾醋栗種子
8178,歐·葛莫羅漿果種子
8179,謝爾達萊鳳梨種子
8180,拉札漢檸檬種子
8181,
8182,克拉卡蘿蔔種子
8183,薩維奈圓蔥種子
8184,洋蔥王子種子
8185,茄子騎士種子
8186,蒜頭明星種子
8187,番茄國王種子
8188,曼德拉王后種子
8189,鳥人玩偶
8190,魅魔娃娃
8191,小小吉爾伽美什
8192,洋蔥王子
8193,茄子騎士
8194,蒜頭明星
8195,番茄國王
8196,曼德拉王后
8197,洋蔥小騎士
8198,寶寶箱
8199,小夢貘
8200,娜娜珂小熊
8201,發條礦車
8202,食果花鼠
8203,迷你敏菲利亞
8204,迷你桑克瑞德
8205,淘氣南加
8206,熊貓寶寶
8207,大陸行鳥笛
8208,恐狼角笛
8209,黑渦戰馬角笛
8210,雙蛇戰馬角笛
8211,不滅戰馬角笛
8212,雷妖笛
8213,乙太擺錘
8214,新生艾奧傑亞
8215,魔法棱晶（隕石倖存者）
8216,竄地鼠
8217,魔導光棒（紅蓮）
8218,沖天火
8219,
8220,
8221,
8222,櫟木幣證書
8223,
8224,阿瑞斯頭盔
8225,阿瑞斯胸甲
8226,阿瑞斯臂甲
8227,阿瑞斯馬褲
8228,阿瑞斯鎧靴
8229,阿瑞斯腰甲
8230,雅典娜面罩
8231,雅典娜胸甲
8232,雅典娜臂甲
8233,雅典娜馬褲
8234,雅典娜鎧靴
8235,雅典娜腰帶
8236,海克力斯眼罩
8237,海克力斯襯衫
8238,海克力斯護袖
8239,海克力斯垮褲
8240,海克力斯筒靴
8241,海克力斯腰帶
8242,阿波羅狩獵帽
8243,阿波羅襯衫
8244,阿波羅護袖
8245,阿波羅垮褲
8246,阿波羅筒靴
8247,阿波羅腰帶
8248,狄蜜特頭冠
8249,狄蜜特長袍
8250,狄蜜特半手套
8251,狄蜜特燈籠褲
8252,狄蜜特法靴
8253,狄蜜特腰帶
8254,黑帝斯單片眼鏡
8255,黑帝斯長袍
8256,黑帝斯半手套
8257,黑帝斯燈籠褲
8258,黑帝斯法靴
8259,黑帝斯腰帶
8260,阿瑞斯耳墜
8261,阿瑞斯項環
8262,阿瑞斯手鐲
8263,阿瑞斯戒指
8264,雅典娜耳墜
8265,雅典娜項環
8266,雅典娜手鐲
8267,雅典娜戒指
8268,阿波羅耳墜
8269,阿波羅項環
8270,阿波羅手鐲
8271,阿波羅戒指
8272,狄蜜特耳墜
8273,狄蜜特項環
8274,狄蜜特手鐲
8275,狄蜜特戒指
8276,黑帝斯耳墜
8277,黑帝斯項環
8278,黑帝斯手鐲
8279,黑帝斯戒指
8280,紅寶石耳墜
8281,鑽石耳墜
8282,綠寶石耳墜
8283,黃玉耳墜
8284,堇青石耳墜
8285,藍寶石耳墜
8286,紅寶石項環
8287,鑽石項環
8288,綠寶石項環
8289,黃玉項環
8290,堇青石項環
8291,藍寶石項環
8292,紅寶石手鐲
8293,鑽石手鐲
8294,綠寶石手鐲
8295,黃玉手鐲
8296,堇青石手鐲
8297,藍寶石手鐲
8298,紅寶石戒指
8299,鑽石戒指
8300,綠寶石戒指
8301,黃玉戒指
8302,堇青石戒指
8303,藍寶石戒指
8304,提坦面具
8305,提坦胸甲
8306,提坦手鎧
8307,提坦腰布裙
8308,提坦鎧靴
8309,提坦護腰帶
8310,制敵守護者頭盔
8311,制敵守護者護胸甲
8312,制敵守護者護臂
8313,制敵守護者馬褲
8314,制敵守護者脛甲
8315,制敵守護者腰甲
8316,強襲守護者頭盔
8317,強襲守護者護胸甲
8318,強襲守護者護臂
8319,強襲守護者馬褲
8320,強襲守護者脛甲
8321,強襲守護者腰甲
8322,亞蒙長帽
8323,亞蒙長袍
8324,亞蒙長袖
8325,亞蒙馬褲
8326,亞蒙筒靴
8327,亞蒙腰圍
8328,六獸妖治癒頭盔
8329,六獸妖治癒長袍
8330,六獸妖治癒手套
8331,六獸妖治癒及膝褲
8332,六獸妖治癒筒靴
8333,六獸妖治癒腰帶
8334,六獸妖詠咒頭盔
8335,六獸妖詠咒長袍
8336,六獸妖詠咒手套
8337,六獸妖詠咒及膝褲
8338,六獸妖詠咒筒靴
8339,六獸妖詠咒腰帶
8340,雷神電閃
8341,雷神萬鈞
8342,雷神風暴
8343,雷神霹靂
8344,雷神風行
8345,雷神轟鳴
8346,雷神怒震
8347,雷神咆哮
8348,雷神電繞
8349,雷神雲砧
8350,制裁禦敵指環
8351,制裁強攻指環
8352,制裁精準指環
8353,制裁治癒指環
8354,制裁詠咒指環
8355,獄火神刀
8356,獄火神爪
8357,獄火神斧
8358,獄火神槍
8359,獄火神弓
8360,獄火神杖
8361,獄火神錘
8362,獄火神書
8363,獄火神典
8364,旋風神凝
8365,旋風神抓
8366,旋風神嚎
8367,旋風神喙
8368,旋風神刺
8369,旋風神詐
8370,旋風神導
8371,旋風神願
8372,旋風神懷
8373,厚土重拳
8374,厚土大斧
8375,厚土長槍
8376,厚土戰弓
8377,厚土牧杖
8378,厚土咒錘
8379,厚土巨鑰
8380,厚土聖鑰
8381,厚土壁盾
8382,善王莫古劍
8383,善王莫古拳
8384,善王莫古斧
8385,善王莫古叉
8386,善王莫古弓
8387,善王莫古幻杖
8388,善王莫古長杖
8389,善王莫古書·莫古
8390,善王莫古書·咕波
8391,改良型英騎戰冠
8392,改良型英騎戰甲
8393,改良型英騎手鎧
8394,改良型英騎短褲
8395,改良型英騎鎖甲靴
8396,改良型昭武頭冠
8397,改良型昭武鬥服
8398,改良型昭武手套
8399,改良型昭武鬥褲
8400,改良型昭武鬥靴
8401,改良型勇戰輕盔
8402,改良型勇戰胸甲
8403,改良型勇戰手鎧
8404,改良型勇戰馬褲
8405,改良型勇戰騎靴
8406,改良型騰龍戰盔
8407,改良型騰龍戰鎧
8408,改良型騰龍手鎧
8409,改良型騰龍馬褲
8410,改良型騰龍脛甲
8411,改良型詠詩禮帽
8412,改良型詠詩襯衫
8413,改良型詠詩手箍
8414,改良型詠詩緊身褲
8415,改良型詠詩涼鞋
8416,改良型白癒頭冠
8417,改良型白癒長袍
8418,改良型白癒腕套
8419,改良型白癒裙褲
8420,改良型白癒長靴
8421,改良型黑術闊邊帽
8422,改良型黑術長衣
8423,改良型黑術手套
8424,改良型黑術燈籠褲
8425,改良型黑術尖頭鞋
8426,改良型喚靈長角
8427,改良型喚靈長衫
8428,改良型喚靈手箍
8429,改良型喚靈腰裙
8430,改良型喚靈長靴
8431,改良型學士方帽
8432,改良型學士外衣
8433,改良型學士手套
8434,改良型學士裙褲
8435,改良型學士高靴
8436,烏利庫梅手鋸·上品
8437,伏爾甘神錘·上品
8438,庫爾達雷貢神錘·上品
8439,烏爾卡卦利神錘·上品
8440,萍嘉神刀·上品
8441,克洛托縫針·上品
8442,帕拉塞爾蘇斯蒸餾器·上品
8443,薔提可神鍋·上品
8444,瑪門魔鋤·上品
8445,勞尼神斧·上品
8446,阿耳刻悠妮神竿·上品
8447,邪鬼工具腰帶
8448,邪鬼生存腰帶
8449,苔角耳墜
8450,玫瑰金大地耳環
8451,玫瑰金項環
8452,邪鬼項環
8453,邪鬼戒指
8454,改良型鎢鋼重胸甲
8455,改良型鎢鋼胸甲
8456,改良型蛟蜥強襲襯衫
8457,改良型蛟蜥精準罩衣
8458,改良型羊絨治癒長袍
8459,改良型羊絨詠咒長袍
8460,黑渦精英曲刀
8461,黑渦精英錨爪
8462,黑渦精英雙刃斧
8463,黑渦精英長槍
8464,黑渦精英戰弓
8465,黑渦精英幻杖
8466,黑渦精英咒杖
8467,黑渦精英魔導書
8468,黑渦精英魔典
8469,雙蛇精英長劍
8470,雙蛇精英利爪
8471,雙蛇精英巨斧
8472,雙蛇精英長槍
8473,雙蛇精英長弓
8474,雙蛇精英幻杖
8475,雙蛇精英咒杖
8476,雙蛇精英魔導書
8477,雙蛇精英魔典
8478,不滅精英鬥劍
8479,不滅精英拳鋒
8480,不滅精英戰斧
8481,不滅精英長槍
8482,不滅精英長弓
8483,不滅精英幻杖
8484,不滅精英咒杖
8485,不滅精英魔導書
8486,不滅精英魔典
8487,黑渦精英角盔
8488,黑渦精英鱗鎧
8489,黑渦精英手鎧
8490,黑渦精英短裙
8491,黑渦精英鎖甲靴
8492,黑渦精英雙角帽
8493,黑渦精英鱗袍
8494,黑渦精英鱗指套
8495,黑渦精英軟甲褲
8496,黑渦精英鱗脛甲
8497,黑渦精英軍帽
8498,黑渦精英長衣
8499,黑渦精英手套
8500,黑渦精英馬褲
8501,黑渦精英長靴
8502,雙蛇精英戰盔
8503,雙蛇精英鎖子鎧
8504,雙蛇精英手鎧
8505,雙蛇精英及膝褲
8506,雙蛇精英筒靴
8507,雙蛇精英面罩
8508,雙蛇精英皮衣
8509,雙蛇精英弓術手套
8510,雙蛇精英垮褲
8511,雙蛇精英軍靴
8512,雙蛇精英頭冠
8513,雙蛇精英長袍
8514,雙蛇精英纏手帶
8515,雙蛇精英腰布裙
8516,雙蛇精英尖頭靴
8517,不滅精英戰盔
8518,不滅精英胸甲
8519,不滅精英手鎧
8520,不滅精英軟甲褲
8521,不滅精英鎖甲靴
8522,不滅精英頭盔
8523,不滅精英格鬥服
8524,不滅精英臂甲
8525,不滅精英短裙
8526,不滅精英長靴
8527,不滅精英兜帽
8528,不滅精英披肩
8529,不滅精英手套
8530,不滅精英腰布裙
8531,不滅精英戰靴
8532,黑炎君子浴衣
8533,白炎君子浴衣
8534,蒼炎君子浴衣
8535,紅蝶淑女浴衣
8536,蒼蝶淑女浴衣
8537,桃蝶淑女浴衣
8538,旅神葵寬邊草帽
8539,黃金葵寬邊草帽
8540,珍珠葵寬邊草帽
8541,寬邊草帽
8542,花草環
8543,火紅男式海灘裙
8544,南海護身符
8545,海藍男式海灘裙
8546,豹紋護身符
8547,豹紋男式海灘裙
8548,豹紋男式短褲
8549,盛花女式夏衣
8550,火紅女式海灘裙
8551,浪花女式夏衣
8552,浪花女式海灘裙
8553,豹紋女式夏衣
8554,豹紋女式海灘裙
8555,豹紋女式夏褲
8556,夏日涼鞋
8557,弦月長睡帽
8558,弦月花睡帽
8559,弦月睡袍
8560,弦月睡褲
8561,弦月拖鞋
8562,黑死面罩
8563,橢圓眼鏡
8564,金邊墨鏡
8565,古卜耳墜
8566,渡渡鳥耳墜
8567,友誼頭花
8568,長風護手
8569,長風耐熱手套
8570,拉姆裝甲
8571,羽飾裝甲
8572,基沙爾種子
8573,舊化的斐迪南
8574,機工士之證
8575,同心戒指
8576,史萊姆王帽子
8577,紫風精靈娃娃
8578,開創者人偶
8579,小小迪茲爾
8580,地靈2號娃娃
8581,迷你海魔
8582,加隆德禦敵頭盔
8583,加隆德禦敵戰甲
8584,加隆德禦敵手鎧
8585,加隆德禦敵軟甲褲
8586,加隆德禦敵鎧靴
8587,加隆德禦敵腰帶
8588,加隆德禦敵手鐲
8589,加隆德禦敵耳墜
8590,加隆德禦敵項環
8591,加隆德禦敵指環
8592,加隆德制敵面罩
8593,加隆德制敵胸甲
8594,加隆德制敵護臂
8595,加隆德制敵騎兵褲
8596,加隆德制敵鎖甲靴
8597,加隆德制敵腰帶
8598,加隆德強襲面罩
8599,加隆德強襲胸甲
8600,加隆德強襲護臂
8601,加隆德強襲騎兵褲
8602,加隆德強襲鎖甲靴
8603,加隆德強襲腰帶
8604,加隆德強攻手鐲
8605,加隆德強攻耳墜
8606,加隆德強攻項環
8607,加隆德強攻指環
8608,加隆德精準面具
8609,加隆德精準護甲
8610,加隆德精準臂甲
8611,加隆德精準襯褲
8612,加隆德精準腿甲靴
8613,加隆德精準腰帶
8614,加隆德精準手鐲
8615,加隆德精準耳墜
8616,加隆德精準項環
8617,加隆德精準指環
8618,加隆德治癒光學眼鏡
8619,加隆德治癒長袍
8620,加隆德治癒手套
8621,加隆德治癒長褲
8622,加隆德治癒長靴
8623,加隆德治癒腰帶
8624,加隆德治癒手鐲
8625,加隆德治癒耳墜
8626,加隆德治癒項環
8627,加隆德治癒指環
8628,加隆德詠咒兜帽
8629,加隆德詠咒長衫
8630,加隆德詠咒手套
8631,加隆德詠咒馬褲
8632,加隆德詠咒法靴
8633,加隆德詠咒腰帶
8634,加隆德詠咒手鐲
8635,加隆德詠咒耳墜
8636,加隆德詠咒項環
8637,加隆德詠咒指環
8638,加隆德魔導盾
8639,加隆德魔導劍
8640,加隆德魔導拳鋒
8641,加隆德魔導斧
8642,加隆德魔導槍
8643,加隆德魔導弓
8644,加隆德魔導刀
8645,加隆德魔導牧杖
8646,加隆德魔導咒杖
8647,加隆德魔導書
8648,加隆德魔導典
8649,無鋒劍柯塔納·鎮魂
8650,釋法來·鎮魂
8651,勇悍斧·鎮魂
8652,穿心槍蓋博爾格·鎮魂
8653,月神之弓·鎮魂
8654,酒神杖·鎮魂
8655,星塵杖·鎮魂
8656,綠瞳列傳·鎮魂
8657,萬辭全書·鎮魂
8658,神聖盾·鎮魂
8659,黃道透鏡
8660,青銅短刀
8661,黃銅匕首
8662,黑鐵小刀
8663,黑鐵輔劍
8664,白鋼匕首
8665,白鋼短刀
8666,秘銀匕首
8667,秘銀輔劍
8668,鈷鐵短刀
8669,純情燕尾禮服
8670,激情燕尾禮服
8671,鍾情燕尾禮服
8672,純情永結手套
8673,激情永結手套
8674,鍾情永結手套
8675,純情典禮長褲
8676,激情典禮長褲
8677,鍾情典禮長褲
8678,純情端莊禮鞋
8679,激情端莊禮鞋
8680,鍾情端莊禮鞋
8681,純情同心頭紗
8682,激情同心頭紗
8683,鍾情同心頭紗
8684,純情典禮紗裙
8685,激情典禮紗裙
8686,鍾情典禮紗裙
8687,純情花邊長襪
8688,激情花邊長襪
8689,鍾情花邊長襪
8690,純情高跟禮鞋
8691,激情高跟禮鞋
8692,鍾情高跟禮鞋
8693,純情之誓
8694,激情之誓
8695,鍾情之誓
8696,
8697,無瑕戒指
8698,空白請帖
8699,典禮請帖
8700,
8701,祝福禮盒
8702,典禮陸行鳥笛
8703,現代框眼鏡
8704,無框眼鏡
8705,粗框眼鏡
8706,莫古莫古頭套
8707,莫古莫古身體
8708,莫古莫古手臂
8709,莫古莫古短裙
8710,莫古莫古長靴
8711,怪誕帽子
8712,怪誕長袍
8713,怪誕緊身褲
8714,怪誕尖頭靴
8715,南瓜耳墜
8716,惡魔餅乾
8717,加隆德魚竿
8718,怪誕裝甲
8719,企業號模型
8720,郵差莫古利娃娃
8721,迷你娜娜莫
8722,迷你雅·修朵拉
8723,迷你伊達
8724,迷你帕帕力莫
8725,迷你尤里安傑
8726,斯雷普尼爾角笛
8727,小型奧汀
8728,小型巴哈姆特
8729,毛絨絨提燈怪
8730,賢者的肖像畫
8731,盟主的肖像畫
8732,特製無瑕白染劑
8733,特製煤玉黑染劑
8734,特製柔彩粉染劑
8735,特製黑暗紅染劑
8736,特製黑暗棕染劑
8737,特製柔彩綠染劑
8738,特製黑暗綠染劑
8739,特製柔彩藍染劑
8740,特製黑暗藍染劑
8741,特製柔彩紫染劑
8742,特製黑暗紫染劑
8743,特製閃耀銀染劑
8744,特製閃耀金染劑
8745,特製金屬紅染劑
8746,特製金屬橙染劑
8747,特製金屬黃染劑
8748,特製金屬綠染劑
8749,特製金屬藍染劑
8750,特製金屬靛染劑
8751,特製金屬紫染劑
8752,皇金魚
8753,海中老人
8754,涅普特龍
8755,空棘魚
8756,內角石
8757,海巫婆
8758,煉獄火角
8759,虛無鱸
8760,科內利亞
8761,忍鬥魚
8762,加諾
8763,殺手庫諾
8764,海盜獵人
8765,恩登德奇
8766,吸血鞭
8767,烏茲刀背魚·天極
8768,旋齒鯊
8769,暗星
8770,藍屍
8771,馬哈爾
8772,秀尼魚龍
8773,魔幻蘑菇蟹
8774,大瀧太郎
8775,波太郎
8776,血紅龍
8777,南洋沙發
8778,南洋拐沙發
8779,海濱四柱床
8780,林間四柱床
8781,綠洲四柱床
8782,滴水海芋
8783,淋浴器
8784,龍神獎盃
8785,水晶塔獎盃
8786,海濱小凳
8787,林間小凳
8788,綠洲小凳
8789,收藏櫃
8790,石砌壁爐
8791,永結同心蛋糕
8792,空的星芒禮盒
8793,海濱開架書櫃
8794,林間開架書櫃
8795,綠洲開架書櫃
8796,貨運木箱
8797,酒桶
8798,香爐
8799,夫妻羊羊
8800,鏡餅
8801,星芒祭小盧恩族
8802,星芒祭烤渡渡鳥
8803,南瓜籃
8804,星芒祭蛋糕
8805,壁燈
8806,莊園沙發
8807,馬茲拉雅槍魚標本
8808,巨齒鯊的牙骨
8809,瀧太郎標本
8810,星芒祭花環
8811,毛巾掛
8812,冒險者行會的公告
8813,林間門墊
8814,綠洲門墊
8815,大型門墊
8816,大型花壇
8817,海濱矮燈
8818,林間矮燈
8819,綠洲矮燈
8820,林間路燈
8821,綠洲路燈
8822,南瓜燭臺
8823,明星星芒樹
8824,彎月星芒樹
8825,旭日星芒樹
8826,雪人
8827,空的星芒禮箱
8828,門松
8829,守護天內牆
8830,星芒內牆
8831,石砌內牆
8832,石砌地板
8833,方磚地板
8834,黑鐵地板
8835,濕婆枝形吊燈
8836,冰神枝形吊燈
8837,僱員營業證書
8838,轉輪台I
8839,暗黑騎士之證
8840,占星術師之證
8841,僱員幻想藥
8842,舊化的死亡使者
8843,舊化的天宇星象
8844,1級教練乙太轉輪
8845,1級修練乙太轉輪
8846,1級鍛鍊乙太轉輪
8847,1級特訓乙太轉輪
8848,1級戰績乙太轉輪
8849,1級軍功乙太轉輪
8850,1級新兵乙太轉輪
8851,1級達識乙太轉輪
8852,1級博識乙太轉輪
8853,1級名匠乙太轉輪
8854,1級巨匠乙太轉輪
8855,1級精煉乙太轉輪
8856,1級美食乙太轉輪
8857,1級耐久乙太轉輪
8858,1級疾風乙太轉輪
8859,1級旅人乙太轉輪
8860,1級教練充電轉輪
8861,1級修練充電轉輪
8862,1級鍛鍊充電轉輪
8863,1級特訓充電轉輪
8864,1級戰績充電轉輪
8865,1級軍功充電轉輪
8866,1級新兵充電轉輪
8867,1級達識充電轉輪
8868,1級博識充電轉輪
8869,1級名匠充電轉輪
8870,1級巨匠充電轉輪
8871,1級精煉充電轉輪
8872,1級美食充電轉輪
8873,1級耐久充電轉輪
8874,1級疾風充電轉輪
8875,1級旅人充電轉輪
8876,改良型加隆德禦敵頭盔
8877,改良型加隆德禦敵戰甲
8878,改良型加隆德禦敵手鎧
8879,改良型加隆德禦敵軟甲褲
8880,改良型加隆德禦敵鎧靴
8881,改良型加隆德禦敵腰帶
8882,改良型加隆德禦敵手鐲
8883,改良型加隆德禦敵耳墜
8884,改良型加隆德禦敵項環
8885,改良型加隆德禦敵指環
8886,改良型加隆德制敵面罩
8887,改良型加隆德制敵胸甲
8888,改良型加隆德制敵護臂
8889,改良型加隆德制敵騎兵褲
8890,改良型加隆德制敵鎖甲靴
8891,改良型加隆德制敵腰帶
8892,改良型加隆德強襲面罩
8893,改良型加隆德強襲胸甲
8894,改良型加隆德強襲護臂
8895,改良型加隆德強襲騎兵褲
8896,改良型加隆德強襲鎖甲靴
8897,改良型加隆德強襲腰帶
8898,改良型加隆德強攻手鐲
8899,改良型加隆德強攻耳墜
8900,改良型加隆德強攻項環
8901,改良型加隆德強攻指環
8902,改良型加隆德精準面具
8903,改良型加隆德精準護甲
8904,改良型加隆德精準臂甲
8905,改良型加隆德精準襯褲
8906,改良型加隆德精準腿甲靴
8907,改良型加隆德精準腰帶
8908,改良型加隆德精準手鐲
8909,改良型加隆德精準耳墜
8910,改良型加隆德精準項環
8911,改良型加隆德精準指環
8912,改良型加隆德治癒光學眼鏡
8913,改良型加隆德治癒長袍
8914,改良型加隆德治癒手套
8915,改良型加隆德治癒長褲
8916,改良型加隆德治癒長靴
8917,改良型加隆德治癒腰帶
8918,改良型加隆德治癒手鐲
8919,改良型加隆德治癒耳墜
8920,改良型加隆德治癒項環
8921,改良型加隆德治癒指環
8922,改良型加隆德詠咒兜帽
8923,改良型加隆德詠咒長衫
8924,改良型加隆德詠咒手套
8925,改良型加隆德詠咒馬褲
8926,改良型加隆德詠咒法靴
8927,改良型加隆德詠咒腰帶
8928,改良型加隆德詠咒手鐲
8929,改良型加隆德詠咒耳墜
8930,改良型加隆德詠咒項環
8931,改良型加隆德詠咒指環
8932,改良型加隆德魔導盾
8933,改良型加隆德魔導劍
8934,改良型加隆德魔導拳鋒
8935,改良型加隆德魔導斧
8936,改良型加隆德魔導槍
8937,改良型加隆德魔導弓
8938,改良型加隆德魔導刀
8939,改良型加隆德魔導牧杖
8940,改良型加隆德魔導咒杖
8941,改良型加隆德魔導書
8942,改良型加隆德魔導典
8943,龍神禦敵戰冠
8944,龍神禦敵戰甲
8945,龍神禦敵手鎧
8946,龍神禦敵垮褲
8947,龍神禦敵鎧靴
8948,龍神禦敵腰甲
8949,龍神禦敵手鐲
8950,龍神禦敵耳墜
8951,龍神禦敵項環
8952,龍神禦敵指環
8953,龍神制敵開面盔
8954,龍神制敵戰鎧
8955,龍神制敵臂甲
8956,龍神制敵馬褲
8957,龍神制敵脛甲
8958,龍神制敵腰甲
8959,龍神強襲頭冠
8960,龍神強襲鬥服
8961,龍神強襲手套
8962,龍神強襲長褲
8963,龍神強襲筒靴
8964,龍神強襲腰圍
8965,龍神強攻手鐲
8966,龍神強攻耳墜
8967,龍神強攻項環
8968,龍神強攻指環
8969,龍神精準禮帽
8970,龍神精準罩衣
8971,龍神精準臂甲
8972,龍神精準馬褲
8973,龍神精準脛甲
8974,龍神精準腰圍
8975,龍神精準手鐲
8976,龍神精準耳墜
8977,龍神精準項環
8978,龍神精準指環
8979,龍神治癒兜帽
8980,龍神治癒長袍
8981,龍神治癒手套
8982,龍神治癒束腳褲
8983,龍神治癒皮靴
8984,龍神治癒腰帶
8985,龍神治癒手鐲
8986,龍神治癒耳墜
8987,龍神治癒項環
8988,龍神治癒指環
8989,龍神詠咒闊邊帽
8990,龍神詠咒長袍
8991,龍神詠咒手套
8992,龍神詠咒燈籠褲
8993,龍神詠咒法靴
8994,龍神詠咒腰帶
8995,龍神詠咒手鐲
8996,龍神詠咒耳墜
8997,龍神詠咒項環
8998,龍神詠咒指環
8999,龍神盾
9000,龍神劍
9001,龍神爪
9002,龍神斧
9003,龍神槍
9004,龍神弓
9005,龍神匕首
9006,龍神牧杖
9007,龍神長杖
9008,龍神書
9009,龍神典
9010,冰神寒冰盾
9011,冰神寒冰劍
9012,冰神寒冰爪
9013,冰神寒冰斧
9014,冰神寒冰槍
9015,冰神寒冰弓
9016,冰神寒冰刀
9017,冰神寒冰幻杖
9018,冰神寒冰咒杖
9019,冰神寒冰書
9020,冰神寒冰典
9021,寒冰禦敵手鐲
9022,寒冰強攻手鐲
9023,寒冰精準手鐲
9024,寒冰治癒手鐲
9025,寒冰詠咒手鐲
9026,烏茲頭盔
9027,烏茲胸甲
9028,烏茲連指手鎧
9029,奇蜥禦敵馬褲
9030,烏茲鎧靴
9031,烏茲護腰帶
9032,白金禦敵手鐲
9033,白金禦敵耳墜
9034,白金禦敵圍巾
9035,白金禦敵戒指
9036,烏茲面罩
9037,烏茲戰鎧
9038,烏茲手鎧
9039,奇蜥制敵馬褲
9040,烏茲鎖甲靴
9041,奇蜥制敵腰帶
9042,織蛛強襲頭巾
9043,織蛛強襲襯衫
9044,織蛛強襲纏手帶
9045,織蛛強襲束膝褲
9046,奇蜥強襲涼鞋
9047,奇蜥強襲腰帶
9048,白金強攻手鐲
9049,白金強攻耳墜
9050,白金強攻圍巾
9051,白金強攻戒指
9052,奇蜥三角帽
9053,奇蜥外套
9054,奇蜥弓術手套
9055,奇蜥襯褲
9056,奇蜥精準長靴
9057,織蛛腰圍
9058,白金精準手鐲
9059,白金精準耳墜
9060,白金精準圍巾
9061,白金精準戒指
9062,白金治癒頭飾
9063,織蛛長袍
9064,奇蜥治癒手套
9065,織蛛治癒短褲
9066,奇蜥治癒法靴
9067,奇蜥治癒腰帶
9068,白金治癒手鐲
9069,白金治癒耳墜
9070,白金治癒圍巾
9071,白金治癒戒指
9072,白金詠咒頭飾
9073,織蛛短外套
9074,奇蜥詠咒手套
9075,織蛛詠咒短褲
9076,奇蜥詠咒法靴
9077,奇蜥詠咒腰帶
9078,白金詠咒手鐲
9079,白金詠咒耳墜
9080,白金詠咒圍巾
9081,白金詠咒戒指
9082,烏茲盾
9083,烏茲彎刀
9084,烏茲指虎
9085,烏茲長刃斧
9086,烏茲長槍
9087,黑檀長弓
9088,烏茲小刀
9089,黑檀牧杖
9090,黑檀長杖
9091,奇蜥魔導書
9092,奇蜥魔典
9093,獅式戰盔
9094,獅式胸甲
9095,獅式手鎧
9096,獅式馬褲
9097,獅式鎧靴
9098,獅式腰帶
9099,鷹式戰盔
9100,鷹式鬥服
9101,鷹式手鎧
9102,鷹式束膝褲
9103,鷹式鬥靴
9104,鷹式腰帶
9105,熊式戰盔
9106,熊式胸甲
9107,熊式手鎧
9108,熊式騎兵褲
9109,熊式鎧靴
9110,熊式腰帶
9111,蛇式戰盔
9112,蛇式鱗甲
9113,蛇式手鎧
9114,蛇式襯褲
9115,蛇式脛甲
9116,蛇式腰帶
9117,鳥式面罩
9118,鳥式長衣
9119,鳥式手套
9120,鳥式馬褲
9121,鳥式筒靴
9122,鳥式腰帶
9123,鵠式兜帽
9124,鵠式長衣
9125,鵠式護臂
9126,鵠式馬褲
9127,鵠式筒靴
9128,鵠式腰帶
9129,狼式法帽
9130,狼式長衣
9131,狼式長手套
9132,狼式襯褲
9133,狼式長靴
9134,狼式腰帶
9135,鹿式法帽
9136,鹿式長袍
9137,鹿式手套
9138,鹿式長褲
9139,鹿式長靴
9140,鹿式腰帶
9141,鹿王法帽
9142,鹿王長袍
9143,鹿王手套
9144,鹿王長褲
9145,鹿王長靴
9146,鹿王腰帶
9147,蝠式大盔
9148,蝠式大袖
9149,蝠式籠手
9150,蝠式佩楯
9151,蝠式護脛
9152,蝠式腰帶
9153,人狼禦敵手鐲
9154,人狼禦敵耳墜
9155,人狼禦敵項環
9156,人狼禦敵指環
9157,人狼強攻手鐲
9158,人狼強攻耳墜
9159,人狼強攻項環
9160,人狼強攻指環
9161,人狼精準手鐲
9162,人狼精準耳墜
9163,人狼精準項環
9164,人狼精準指環
9165,人狼治癒手鐲
9166,人狼治癒耳墜
9167,人狼治癒項環
9168,人狼治癒指環
9169,人狼詠咒手鐲
9170,人狼詠咒耳墜
9171,人狼詠咒項環
9172,人狼詠咒指環
9173,獅式盾
9174,獅式劍
9175,鷹式爪
9176,熊式斧
9177,蛇式槍
9178,鳥式弓
9179,蝠式雙刀
9180,鵠式杖
9181,狼式杖
9182,鹿式書
9183,鹿王書
9184,青銅小刀
9185,青銅匕首
9186,黃銅小刀
9187,乙太黃銅匕首
9188,乙太黑鐵小刀
9189,教練刺刀
9190,牙兵短刀
9191,甲兵短刀
9192,鬥兵短刀
9193,白鋼小刀
9194,乙太白鋼小刀
9195,蠍尾針
9196,舊化小刀
9197,乙太白鋼匕首
9198,偷心
9199,牙兵小刀
9200,甲兵小刀
9201,鬥兵小刀
9202,乙太白鋼短刀
9203,日光浴
9204,乙太秘銀匕首
9205,狂熱小刀
9206,密林輔劍
9207,碧海輔劍
9208,黃沙輔劍
9209,秘銀短刀
9210,乙太秘銀短刀
9211,密林刺刀
9212,碧海刺刀
9213,黃沙刺刀
9214,雙刃彎刀
9215,乙太秘銀輔劍
9216,牙曹匕首
9217,甲曹匕首
9218,鬥曹匕首
9219,引航短劍
9220,暗耀短刀
9221,牙士匕首
9222,甲士匕首
9223,鬥士匕首
9224,吸血匕首
9225,巨膽屠刀
9226,仁慈短刺
9227,火神刺
9228,風神羽
9229,莫古莫古匕首
9230,土神屠刀
9231,水神波刃
9232,淵水波刃
9233,雷神爍光
9234,獄火神刺
9235,旋風神羽
9236,厚土屠刀
9237,善王莫古匕首
9238,黑渦精英波刃
9239,雙蛇精英匕首
9240,不滅精英砍刀
9241,空氣匕首
9242,餓狼輔劍
9243,戰狼小刀
9244,恐狼屠刀
9245,蝠視雙刀
9246,舊化的金剛杵
9247,金剛杵
9248,亞拉戈小刀
9249,亞拉戈高位輝刀
9250,吉光·天極
9251,吉光·魂晶
9252,吉光·魂靈
9253,吉光·新星
9254,吉光·鎮魂
9255,短刀天球書卷
9256,亂波裝備的改良材料
9257,改良型亂波半首
9258,改良型亂波鎖帷子
9259,改良型亂波袴
9260,改良型亂波手甲
9261,改良型亂波纏足
9262,蝠視大盔
9263,蝠視大袖
9264,蝠視籠手
9265,蝠視佩楯
9266,蝠視護脛
9267,蝠視腰帶
9268,吉羊武士盔
9269,黑漆吉羊武士盔
9270,朱漆吉羊武士盔
9271,白漆吉羊武士盔
9272,星芒圓錐帽
9273,星芒裝
9274,飄雪緊身褲
9275,飄雪高筒靴
9276,黃色落芒星
9277,藍色落芒星
9278,紅色落芒星
9279,綠色落芒星
9280,豪華星芒禮包
9281,紅色星芒禮包
9282,綠色星芒禮包
9283,伴郎禮服
9284,伴郎禮褲
9285,伴郎禮鞋
9286,伴娘禮裙
9287,伴娘長襪
9288,伴娘涼鞋
9289,樸素長裙
9290,假鬍子
9291,駿鷹眼罩
9292,皇帝的新項鍊
9293,皇帝的新耳環
9294,皇帝的新手鐲
9295,皇帝的新戒指
9296,帝國暗影眼鏡
9297,藝術眼鏡
9298,經典眼鏡
9299,霧鬚面罩
9300,工匠連指手套
9301,工匠及膝褲
9302,工匠涼鞋
9303,征糧工作服
9304,征糧護腕
9305,征糧工作褲
9306,征糧工作靴
9307,工匠羊角錘
9308,工匠銼刀
9309,工匠手鉗
9310,工匠砂輪機
9311,工匠平斬
9312,工匠紡車
9313,工匠研缽
9314,工匠廚刀
9315,征糧碎石錘
9316,征糧鐮刀
9317,最優長外衣
9318,青鳥耳墜
9319,礦爬蟲耳墜
9320,魔導光棒（青蓮）
9321,魔導光棒（黃蓮）
9322,木工入門
9323,鍛冶入門
9324,甲胄入門
9325,金工入門
9326,皮革入門
9327,裁縫入門
9328,鍊金入門
9329,烹調入門
9330,濃縮奶油咖啡
9331,煙燻肉麥穗麵包
9332,煌黑魚子醬
9333,魚翅湯
9334,黑線鱈沙拉
9335,煙燻肉湯
9336,木工秘笈第二卷
9337,鍛冶秘笈第二卷
9338,甲胄秘笈第二卷
9339,金工秘笈第二卷
9340,皮革秘笈第二卷
9341,裁縫秘笈第二卷
9342,鍊金秘笈第二卷
9343,烹調秘笈第二卷
9344,迷你奧爾特羅斯
9345,雪孩子
9346,胖兒陸行鳥
9347,貓小胖
9348,小腳雪人
9349,小木乃伊
9350,暗鬥魚苗
9351,河童童
9352,迷你路易索瓦
9353,遊行陸行鳥笛
9354,冰妖笛
9355,濕婆裝甲
9356,速乾密封劑
9357,塞爾法特爾天然水
9358,烏茲錠
9359,白金塊
9360,白金錠
9361,奇蜥革
9362,織蛛絨布
9363,亞拉戈烏茲塊
9364,亞拉戈鞣革
9365,亞拉戈纖維
9366,硼砂
9367,織蛛網
9368,烏茲礦
9369,拉吉克靈藥
9370,皮革蠟油
9371,煙燻肉
9372,烘焙咖啡豆
9373,白金附魔墨水
9374,染血刀刃
9375,長滿苔蘚的石片
9376,亞拉戈魔觸媒
9377,濕婆之淚
9378,濕婆魔淚
9379,希爾科斯水晶碎片
9380,龍炎碎片
9381,雙劍大師戒指
9382,雙劍士指環
9383,羅薇娜的詩學票據
9384,密文化的亞拉戈神典石
9385,亞拉戈硬化藥
9386,亞拉戈強化纖維
9387,古董頭盔
9388,古董鎧甲
9389,古董手鎧
9390,古董馬褲
9391,古董鎖甲靴
9392,古董腰甲
9393,
9394,
9395,
9396,
9397,
9398,
9399,
9400,
9401,
9402,
9403,
9404,
9405,
9406,
9407,
9408,
9409,
9410,
9411,
9412,
9413,
9414,
9415,
9416,
9417,
9418,
9419,
9420,
9421,
9422,
9423,
9424,
9425,
9426,
9427,
9428,
9429,
9430,
9431,
9432,
9433,
9434,
9435,
9436,
9437,
9438,
9439,
9440,
9441,
9442,
9443,
9444,
9445,
9446,
9447,
9448,
9449,
9450,
9451,
9452,
9453,
9454,
9455,
9456,
9457,
9458,
9459,
9460,胖陸行鳥頭
9461,仁慈短刺劍身
9462,轉輪台II
9463,轉輪台III
9464,轉輪台IV
9465,轉輪台V
9466,轉輪台VI
9467,加隆德游擊面具
9468,加隆德游擊護甲
9469,加隆德游擊臂甲
9470,加隆德游擊襯褲
9471,加隆德游擊腿甲靴
9472,加隆德游擊腰帶
9473,改良型加隆德游擊面具
9474,改良型加隆德游擊護甲
9475,改良型加隆德游擊臂甲
9476,改良型加隆德游擊襯褲
9477,改良型加隆德游擊腿甲靴
9478,改良型加隆德游擊腰帶
9479,龍神游擊頭冠
9480,龍神游擊鬥服
9481,龍神游擊手套
9482,龍神游擊長褲
9483,龍神游擊筒靴
9484,龍神游擊腰圍
9485,織蛛游擊頭巾
9486,織蛛游擊襯衫
9487,織蛛游擊纏手帶
9488,織蛛游擊束膝褲
9489,奇蜥游擊涼鞋
9490,奇蜥游擊腰帶
9491,王者之劍
9492,帝王拳套
9493,諸神黃昏斧
9494,聖槍朗基努斯
9495,與一之弓
9496,涅槃杖
9497,莉莉絲魔杖
9498,啟示錄
9499,最後底牌
9500,聖盾艾癸斯
9501,佐助之刀
9502,魔法棱晶（落花滿天）
9503,魔法棱晶（泡沫飛散）
9504,魔法棱晶（氣球升空）
9505,魔法棱晶（永結同心）
9506,«星天文書»
9507,黃道物質
9508,黃道書卷
9509,無瑕的星光變石
9510,熔火指環
9511,高質的木柴
9512,高質的研缽
9513,高質的缽杵
9514,高質的羊皮紙
9515,高質的安定粉
9516,秘製鰻魚派
9517,高質的古布料
9518,絲柏原木
9519,浮石
9520,
9521,貝拉哈迪亞銀片
9522,古火眼石
9523,古槍桿
9524,古研缽碎片
9525,古缽杵頭
9526,古羊皮紙
9527,乾燥乙太藥
9528,珍藏料酒
9529,骯髒的古布料
9530,年代久遠的指環
9531,年代久遠的長槍
9532,年代久遠的研缽
9533,年代久遠的缽杵
9534,年代久遠的魔導書
9535,年代久遠的藥瓶
9536,年代久遠的酒瓶
9537,年代久遠的法袍
9538,石綠湖水晶
9539,大炎獸核心
9540,靈峰泉水
9541,魔法棱晶（天使之翼）
9542,亞拉戈樹脂
9543,戰神沙
9544,黃銅壺
9545,純情之誓（標準方案）
9546,激情之誓（黃金方案）
9547,鍾情之誓（白金方案）
9548,冰神鑽石盾
9549,冰神鑽石劍
9550,冰神鑽石爪
9551,冰神鑽石斧
9552,冰神鑽石槍
9553,冰神鑽石弓
9554,冰神鑽石刀
9555,冰神鑽石幻杖
9556,冰神鑽石咒杖
9557,冰神鑽石書
9558,冰神鑽石典
9559,鑽石塵晶
9560,配種證明書
9561,1級雄性陸行鳥出賽登記書
9562,2級雄性陸行鳥出賽登記書
9563,3級雄性陸行鳥出賽登記書
9564,4級雄性陸行鳥出賽登記書
9565,5級雄性陸行鳥出賽登記書
9566,6級雄性陸行鳥出賽登記書
9567,7級雄性陸行鳥出賽登記書
9568,8級雄性陸行鳥出賽登記書
9569,9級雄性陸行鳥出賽登記書
9570,1級雌性陸行鳥出賽登記書
9571,2級雌性陸行鳥出賽登記書
9572,3級雌性陸行鳥出賽登記書
9573,4級雌性陸行鳥出賽登記書
9574,5級雌性陸行鳥出賽登記書
9575,6級雌性陸行鳥出賽登記書
9576,7級雌性陸行鳥出賽登記書
9577,8級雌性陸行鳥出賽登記書
9578,9級雌性陸行鳥出賽登記書
9579,1級雄性陸行鳥退役登記書
9580,2級雄性陸行鳥退役登記書
9581,3級雄性陸行鳥退役登記書
9582,4級雄性陸行鳥退役登記書
9583,5級雄性陸行鳥退役登記書
9584,6級雄性陸行鳥退役登記書
9585,7級雄性陸行鳥退役登記書
9586,8級雄性陸行鳥退役登記書
9587,9級雄性陸行鳥退役登記書
9588,1級雌性陸行鳥退役登記書
9589,2級雌性陸行鳥退役登記書
9590,3級雌性陸行鳥退役登記書
9591,4級雌性陸行鳥退役登記書
9592,5級雌性陸行鳥退役登記書
9593,6級雌性陸行鳥退役登記書
9594,7級雌性陸行鳥退役登記書
9595,8級雌性陸行鳥退役登記書
9596,9級雌性陸行鳥退役登記書
9597,1級雄性陸行鳥配種登記書
9598,2級雄性陸行鳥配種登記書
9599,3級雄性陸行鳥配種登記書
9600,4級雄性陸行鳥配種登記書
9601,5級雄性陸行鳥配種登記書
9602,6級雄性陸行鳥配種登記書
9603,7級雄性陸行鳥配種登記書
9604,8級雄性陸行鳥配種登記書
9605,9級雄性陸行鳥配種登記書
9606,1級雌性陸行鳥配種登記書
9607,2級雌性陸行鳥配種登記書
9608,3級雌性陸行鳥配種登記書
9609,4級雌性陸行鳥配種登記書
9610,5級雌性陸行鳥配種登記書
9611,6級雌性陸行鳥配種登記書
9612,7級雌性陸行鳥配種登記書
9613,8級雌性陸行鳥配種登記書
9614,9級雌性陸行鳥配種登記書
9615,1級速度飼料
9616,2級速度飼料
9617,3級秘製速度飼料
9618,1級加速飼料
9619,2級加速飼料
9620,3級秘製加速飼料
9621,1級適應飼料
9622,2級適應飼料
9623,3級秘製適應飼料
9624,1級體力飼料
9625,2級體力飼料
9626,3級秘製體力飼料
9627,1級持久飼料
9628,2級持久飼料
9629,3級秘製持久飼料
9630,舊化的混沌輕盔
9631,舊化的混沌胸甲
9632,舊化的混沌手鎧
9633,舊化的混沌重足鎧
9634,舊化的混沌鎖甲靴
9635,舊化的機工護目鏡
9636,舊化的機工襯衫
9637,舊化的機工手套
9638,舊化的機工襯褲
9639,舊化的機工長靴
9640,舊化的司天寬邊帽
9641,舊化的司天長袍
9642,舊化的司天手套
9643,舊化的司天馬褲
9644,舊化的司天皮靴
9645,敖龍背心
9646,敖龍護臂
9647,敖龍長褲
9648,敖龍涼鞋
9649,敖龍長外衣
9650,敖龍半手套
9651,敖龍短裙
9652,敖龍筒靴
9653,2級教練乙太轉輪
9654,2級修練乙太轉輪
9655,2級鍛鍊乙太轉輪
9656,2級特訓乙太轉輪
9657,2級戰績乙太轉輪
9658,2級軍功乙太轉輪
9659,2級新兵乙太轉輪
9660,2級達識乙太轉輪
9661,2級博識乙太轉輪
9662,2級名匠乙太轉輪
9663,2級巨匠乙太轉輪
9664,2級精煉乙太轉輪
9665,2級美食乙太轉輪
9666,2級耐久乙太轉輪
9667,2級疾風乙太轉輪
9668,2級旅人乙太轉輪
9669,3級教練乙太轉輪
9670,3級修練乙太轉輪
9671,3級鍛鍊乙太轉輪
9672,3級特訓乙太轉輪
9673,3級戰績乙太轉輪
9674,3級軍功乙太轉輪
9675,
9676,3級達識乙太轉輪
9677,3級博識乙太轉輪
9678,3級名匠乙太轉輪
9679,3級巨匠乙太轉輪
9680,3級精煉乙太轉輪
9681,3級美食乙太轉輪
9682,3級耐久乙太轉輪
9683,
9684,3級旅人乙太轉輪
9685,2級教練充電轉輪
9686,2級修練充電轉輪
9687,2級鍛鍊充電轉輪
9688,2級特訓充電轉輪
9689,2級戰績充電轉輪
9690,2級軍功充電轉輪
9691,2級新兵充電轉輪
9692,2級達識充電轉輪
9693,2級博識充電轉輪
9694,2級名匠充電轉輪
9695,2級巨匠充電轉輪
9696,2級精煉充電轉輪
9697,2級美食充電轉輪
9698,2級耐久充電轉輪
9699,2級疾風充電轉輪
9700,2級旅人充電轉輪
9701,3級教練充電轉輪
9702,3級修練充電轉輪
9703,3級鍛鍊充電轉輪
9704,3級特訓充電轉輪
9705,3級戰績充電轉輪
9706,3級軍功充電轉輪
9707,
9708,3級達識充電轉輪
9709,3級博識充電轉輪
9710,3級名匠充電轉輪
9711,3級巨匠充電轉輪
9712,3級精煉充電轉輪
9713,3級美食充電轉輪
9714,3級耐久充電轉輪
9715,
9716,3級旅人充電轉輪
9717,盆松
9718,大型落地鐘
9719,東方浴缸
9720,魔獸戲畫
9721,
9722,被爐
9723,一箱蔬菜
9724,理符櫃台
9725,彩蛋落地燈
9726,林間午茶組合
9727,海濱晚餐組合
9728,綠洲早餐組合
9729,散落的文件
9730,東方祭壇
9731,東方掛軸
9732,東方拉門
9733,聚靈棺
9734,橡木低矮花盆
9735,戀人節蛋糕
9736,王室隔板
9737,納爾札爾教團講臺
9738,抹茶組合
9739,枯井
9740,東方木人
9741,東方櫻花樹
9742,鮮紅纖維毯
9743,激情之火
9744,野香蕉樹
9745,個人天文儀
9746,海濱庭院桌組合
9747,渡渡鳥巢
9748,僱員文件櫃
9749,僱員櫃台
9750,
9751,
9752,
9753,
9754,
9755,
9756,
9757,
9758,
9759,
9760,
9761,
9762,
9763,
9764,
9765,
9766,圓點內牆
9767,波紋內牆
9768,榻榻米地板
9769,黑白方格地板
9770,綠洲石路地板
9771,星月枝形吊燈
9772,九宮幻卡：渡渡鳥
9773,九宮幻卡：提燈怪
9774,九宮幻卡：仙人掌
9775,九宮幻卡：魔石精
9776,九宮幻卡：布丁
9777,九宮幻卡：炸彈
9778,九宮幻卡：曼德拉草
9779,九宮幻卡：礦爬蟲
9780,九宮幻卡：毛爾波爾
9781,九宮幻卡：夸爾
9782,九宮幻卡：惡精靈
9783,九宮幻卡：古卜
9784,九宮幻卡：陸行鳥
9785,九宮幻卡：蜥蜴人
9786,九宮幻卡：鳥人
9787,九宮幻卡：壞風精靈
9788,九宮幻卡：地靈
9789,九宮幻卡：魚人
9790,九宮幻卡：塔塔露·塔露
9791,九宮幻卡：莫古利
9792,九宮幻卡：賽蓮
9793,九宮幻卡：奧爾特羅斯&杜彭
9794,九宮幻卡：惡魔牆
9795,九宮幻卡：魅魔
9796,九宮幻卡：奇美拉
9797,九宮幻卡：藍龍
9798,九宮幻卡：美男子布迦加
9799,九宮幻卡：莫莫蒂·莫蒂
9800,九宮幻卡：十指巴德龍
9801,九宮幻卡：繆恩
9802,九宮幻卡：莉維亞·薩斯·尤尼烏斯
9803,九宮幻卡：里塔提恩·薩斯·阿維納
9804,九宮幻卡：畢格斯&威吉
9805,九宮幻卡：蓋羅爾特·布拉克索恩
9806,九宮幻卡：弗里克希奧
9807,九宮幻卡：繆塔米克斯
9808,九宮幻卡：梅梅盧恩
9809,九宮幻卡：凶惡巨獸
9810,九宮幻卡：吉爾伽美什&恩奇都
9811,九宮幻卡：伊弗利特
9812,九宮幻卡：泰坦
9813,九宮幻卡：迦樓羅
9814,九宮幻卡：善王莫古爾·莫古XII世
9815,九宮幻卡：拉雅·奧·神納&阿·盧恩·神納
9816,九宮幻卡：戈德伯特·曼德維爾
9817,九宮幻卡：桑克瑞德
9818,九宮幻卡：尼祿·托爾·斯卡艾瓦
9819,九宮幻卡：帕帕力莫&伊達
9820,九宮幻卡：雅·修朵拉
9821,九宮幻卡：尤里安傑·奧居雷
9822,九宮幻卡：究極武器
9823,九宮幻卡：奧汀
9824,九宮幻卡：拉姆
9825,九宮幻卡：利維坦
9826,九宮幻卡：濕婆
9827,九宮幻卡：敏菲利亞
9828,九宮幻卡：無影拉哈布雷亞
9829,九宮幻卡：希德·加隆德
9830,九宮幻卡：阿爾菲諾&阿莉塞
9831,九宮幻卡：路易索瓦·萊韋耶勒爾
9832,九宮幻卡：巴哈姆特
9833,九宮幻卡：希爾迪布蘭德&娜修·瑪卡拉卡
9834,九宮幻卡：娜娜莫·烏爾·娜莫
9835,九宮幻卡：蓋烏斯·范·巴艾薩
9836,九宮幻卡：梅爾維布·布魯菲斯維因
9837,九宮幻卡：嘉恩·艾·神納
9838,九宮幻卡：勞班·阿爾丁
9839,九宮幻卡：光之戰士
9840,九宮幻卡：弗利歐尼爾
9841,九宮幻卡：洋蔥騎士
9842,九宮幻卡：賽西爾·哈維
9843,九宮幻卡：巴茲·克勞澤
9844,九宮幻卡：蒂娜·布蘭弗德
9845,九宮幻卡：克勞德·史特萊夫
9846,九宮幻卡：史克爾·里昂哈特
9847,九宮幻卡：吉坦·特萊巴爾
9848,九宮幻卡：提達
9849,九宮幻卡：香托托
9850,九宮幻卡：梵恩
9851,九宮幻卡：雷光
9852,陸行鳥競賽教材：陸行鳥衝刺
9853,陸行鳥競賽教材：陸行鳥衝刺II
9854,陸行鳥競賽教材：陸行鳥衝刺III
9855,陸行鳥競賽教材：陸行鳥療傷
9856,陸行鳥競賽教材：陸行鳥療傷II
9857,陸行鳥競賽教材：陸行鳥療傷III
9858,陸行鳥競賽教材：陸行鳥復原
9859,陸行鳥競賽教材：陸行鳥復原II
9860,陸行鳥競賽教材：陸行鳥復原III
9861,陸行鳥競賽教材：陸行鳥活力
9862,陸行鳥競賽教材：陸行鳥活力II
9863,陸行鳥競賽教材：陸行鳥活力III
9864,陸行鳥競賽教材：陸行鳥鎮靜
9865,陸行鳥競賽教材：陸行鳥鎮靜II
9866,陸行鳥競賽教材：陸行鳥鎮靜III
9867,陸行鳥競賽教材：陸行鳥反射
9868,陸行鳥競賽教材：陸行鳥反射II
9869,陸行鳥競賽教材：陸行鳥反射III
9870,陸行鳥競賽教材：陸行鳥偷取
9871,陸行鳥競賽教材：陸行鳥偷取II
9872,陸行鳥競賽教材：陸行鳥偷取III
9873,陸行鳥競賽教材：陸行鳥沉默
9874,陸行鳥競賽教材：陸行鳥沉默II
9875,陸行鳥競賽教材：陸行鳥沉默III
9876,陸行鳥競賽教材：陸行鳥震盪
9877,陸行鳥競賽教材：陸行鳥震盪II
9878,陸行鳥競賽教材：陸行鳥震盪III
9879,陸行鳥競賽教材：體力消耗降低
9880,陸行鳥競賽教材：體力消耗降低II
9881,陸行鳥競賽教材：體力消耗降低III
9882,陸行鳥競賽教材：加重耐性
9883,陸行鳥競賽教材：加重耐性II
9884,陸行鳥競賽教材：加重耐性III
9885,陸行鳥競賽教材：加重耐性IV
9886,陸行鳥競賽教材：加重耐性V
9887,陸行鳥競賽教材：失控耐性
9888,陸行鳥競賽教材：失控耐性II
9889,陸行鳥競賽教材：失控耐性III
9890,陸行鳥競賽教材：失控耐性IV
9891,陸行鳥競賽教材：失控耐性V
9892,陸行鳥競賽教材：體力恢復量提高
9893,陸行鳥競賽教材：體力恢復量提高II
9894,陸行鳥競賽教材：體力恢復量提高III
9895,陸行鳥競賽教材：經驗值提高
9896,陸行鳥競賽教材：經驗值提高II
9897,陸行鳥競賽教材：經驗值提高III
9898,
9899,遺忘水
9900,索恩朝時代的地圖
9901,惡魔禦敵頭盔
9902,惡魔禦敵戰甲
9903,惡魔禦敵手鎧
9904,惡魔禦敵馬褲
9905,惡魔禦敵鎧靴
9906,惡魔禦敵腰甲
9907,惡魔制敵頭冠
9908,惡魔制敵戰鎧
9909,惡魔制敵手鎧
9910,惡魔制敵馬褲
9911,惡魔制敵脛甲
9912,惡魔制敵腰甲
9913,惡魔強襲頭冠
9914,惡魔強襲胸衣
9915,惡魔強襲手套
9916,惡魔強襲垮褲
9917,惡魔強襲戰靴
9918,惡魔強襲腰圍
9919,惡魔精準禮帽
9920,惡魔精準短袖罩衣
9921,惡魔精準手套
9922,惡魔精準馬褲
9923,惡魔精準筒靴
9924,惡魔精準腰帶
9925,惡魔游擊頭冠
9926,惡魔游擊胸衣
9927,惡魔游擊手套
9928,惡魔游擊垮褲
9929,惡魔游擊戰靴
9930,惡魔游擊腰圍
9931,惡魔治癒寬邊帽
9932,惡魔治癒長袍
9933,惡魔治癒手套
9934,惡魔治癒紗裙
9935,惡魔治癒涼鞋
9936,惡魔治癒腰帶
9937,惡魔詠咒寬邊帽
9938,惡魔詠咒長袍
9939,惡魔詠咒手套
9940,惡魔詠咒紗裙
9941,惡魔詠咒涼鞋
9942,惡魔詠咒腰帶
9943,惡棍頭盔
9944,惡棍鎖子鎧
9945,惡棍手鎧
9946,惡棍馬褲
9947,惡棍鎧靴
9948,惡棍腰甲
9949,歹徒制敵頭甲
9950,歹徒制敵短衣
9951,歹徒制敵護臂
9952,歹徒制敵軟甲褲
9953,歹徒制敵護腿
9954,歹徒制敵腰帶
9955,歹徒強襲眼罩
9956,歹徒強襲短衣
9957,歹徒強襲護臂
9958,歹徒強襲軟甲褲
9959,歹徒強襲護腿
9960,歹徒強襲腰帶
9961,騎俠精準無簷帽
9962,騎俠精準作戰服
9963,騎俠精準手套
9964,騎俠精準長褲
9965,騎俠精準長靴
9966,騎俠精準腰圍
9967,歹徒游擊面罩
9968,歹徒游擊短衣
9969,歹徒游擊護臂
9970,歹徒游擊軟甲褲
9971,歹徒游擊護腿
9972,歹徒游擊腰帶
9973,騎俠治癒頭飾
9974,騎俠治癒作戰服
9975,騎俠治癒手套
9976,騎俠治癒長褲
9977,騎俠治癒長靴
9978,騎俠治癒腰帶
9979,騎俠詠咒眼罩
9980,騎俠詠咒作戰服
9981,騎俠詠咒手套
9982,騎俠詠咒長褲
9983,騎俠詠咒長靴
9984,騎俠詠咒腰帶
9985,惡棍項鍊
9986,惡棍耳墜
9987,惡棍腕環
9988,惡棍戒指
9989,歹徒強攻項鍊
9990,歹徒強攻耳墜
9991,歹徒強攻腕環
9992,歹徒強攻戒指
9993,騎俠精準項鍊
9994,騎俠精準耳墜
9995,騎俠精準腕環
9996,騎俠精準戒指
9997,騎俠治癒項鍊
9998,騎俠治癒耳墜
9999,騎俠治癒腕環
10000,騎俠治癒戒指
10001,騎俠詠咒項鍊
10002,騎俠詠咒耳墜
10003,騎俠詠咒腕環
10004,騎俠詠咒戒指
10005,勝負師外套
10006,勝負師袖套
10007,勝負師長褲
10008,勝負師長靴
10009,兔耳朵
10010,兔女郎上衣
10011,兔女郎腕帶
10012,兔女郎網襪
10013,兔女郎禮鞋
10014,海濱工作服
10015,海濱工作褲
10016,海濱禮服
10017,綠洲工作服
10018,綠洲工作短褲
10019,綠洲束腰衣
10020,綠洲垮褲
10021,叢林束腰衣
10022,叢林工作褲
10023,叢林皮鞋
10024,嗜血長劍
10025,十字章
10026,斬首拳劍
10027,海魔漁槍
10028,弦月長弓
10029,奪心幻杖
10030,殘心長杖
10031,絞肉短劍
10032,皇帝的新帽子
10033,皇帝的新袍子
10034,皇帝的新手套
10035,皇帝的新褲子
10036,皇帝的新鞋子
10037,鬥神頭盔
10038,鬥神鎧甲
10039,鬥神臂甲
10040,鬥神腿鎧
10041,鬥神鎧靴
10042,孤雲坎肩
10043,孤雲手套
10044,孤雲長褲
10045,孤雲皮靴
10046,獸爪指甲
10047,工匠指套
10048,工匠褲襪
10049,橢圓讀書眼鏡
10050,豹目眼鏡
10051,薩雷安護目鏡
10052,工匠圍裙裝
10053,工匠外衣
10054,王者之劍·本我
10055,帝王拳套·本我
10056,諸神黃昏斧·本我
10057,聖槍朗基努斯·本我
10058,與一之弓·本我
10059,涅槃杖·本我
10060,莉莉絲魔杖·本我
10061,啟示錄·本我
10062,最後底牌·本我
10063,聖盾艾癸斯·本我
10064,佐助之刀·本我
10065,競賽陸行鳥面具
10066,桃香項環
10067,質樸蛋耳墜
10068,暗黑蛋耳墜
10069,三色蛋耳墜
10070,迷彩蛋耳墜
10071,自律型魔導浮游砲
10072,暗淡之雲
10073,非正宗調查員
10074,迷你阿爾菲諾
10075,迷你阿莉塞
10076,恩奇都
10077,九宮幻卡白金包
10078,堅鋼龜笛
10079,芬里爾角笛
10080,麒麟魔笛
10081,騎乘系統認證金鑰
10082,情人裝甲
10083,勝負師裝甲
10084,髮型樣式：馬尾辮
10085,金碟遊樂園遊戲劵
10086,精密藥
10087,幸運彩蛋2015
10088,納納帕西的福袋
10089,古老的裝飾人偶
10090,破損的寶箱
10091,野香蕉的苗
10092,黑石灰岩
10093,石蜥蜴的初蛋
10094,小蠕蟲
10095,群居蠕蟲
10096,迷迭香
10097,亞菲姆草
10098,馬茲拉雅草
10099,無屬性水晶
10100,矽化木寶珠
10101,雜技演員的小刀
10102,項圈鈴
10103,螢石透鏡
10104,蛟蜥漆皮
10105,羽紗
10106,魔化水銀
10107,鴨高湯
10108,塔蘭的熟練採掘師票據
10109,塔蘭的熟練園藝師票據
10110,塔蘭的熟練漁師票據
10111,郵差帽
10112,大漆
10113,人造磨刀石
10114,耐熱石膏
10115,透明螢石
10116,漆油
10117,駝毛
10118,黑朱砂
10119,鴨骨
10120,絕靈布
10121,竹皮紙
10122,冰河水晶
10123,大願貝
10124,月長石
10125,瘋鳥指環
10126,
10127,熟練怪物獵人的手冊
10128,九宮幻卡銅包
10129,九宮幻卡銀包
10130,九宮幻卡金包
10131,金碟卡
10132,烏利庫梅手鋸·華光
10133,伏爾甘神錘·華光
10134,庫爾達雷貢神錘·華光
10135,烏爾卡卦利神錘·華光
10136,萍嘉神刀·華光
10137,克洛托縫針·華光
10138,帕拉塞爾蘇斯蒸餾器·華光
10139,薔提可神鍋·華光
10140,瑪門魔鋤·華光
10141,勞尼神斧·華光
10142,阿耳刻悠妮神竿·華光
10143,紳士短上衣
10144,紳士打底褲
10145,工匠木鞋
10146,秘製王冠蛋糕
10147,2級秘製速度飼料
10148,2級秘製加速飼料
10149,2級秘製適應飼料
10150,2級秘製體力飼料
10151,2級秘製持久飼料
10152,鬥神眼罩
10153,鬥神長袍
10154,鬥神長褲
10155,桶裝青磷水
10156,野馬級船體
10157,無敵級船體
10158,企業級船體
10159,無敵改級船體
10160,奧德賽級船體
10161,塔塔諾拉級船體
10162,野馬級氣囊
10163,無敵級螺旋槳
10164,企業級氣囊
10165,無敵改級螺旋槳
10166,奧德賽級氣囊
10167,塔塔諾拉級螺旋槳
10168,野馬級船首
10169,無敵級船首
10170,企業級船首
10171,無敵改級船首
10172,奧德賽級船首
10173,塔塔諾拉級船首
10174,野馬級船尾
10175,無敵級船尾
10176,企業級船尾
10177,無敵改級船尾
10178,奧德賽級船尾
10179,塔塔諾拉級船尾
10180,舊化的忠騎翼冠
10181,舊化的忠騎胸甲
10182,舊化的忠騎手鎧
10183,舊化的忠騎腿甲
10184,舊化的忠騎鎧靴
10185,舊化的秘武王冠
10186,舊化的秘武鬥服
10187,舊化的秘武護腕
10188,舊化的秘武鬥褲
10189,舊化的秘武鬥鞋
10190,舊化的凶戰頭盔
10191,舊化的凶戰胸甲
10192,舊化的凶戰護手
10193,舊化的凶戰馬褲
10194,舊化的凶戰戰靴
10195,舊化的槍龍凶眼頭盔
10196,舊化的槍龍飛翼戰鎧
10197,舊化的槍龍臂甲
10198,舊化的槍龍腿甲
10199,舊化的槍龍鎧靴
10200,舊化的敘詩包頭巾
10201,舊化的敘詩斗篷
10202,舊化的敘詩掛肩手套
10203,舊化的敘詩緊身褲
10204,舊化的敘詩長靴
10205,舊化的白祈兜帽
10206,舊化的白祈長袍
10207,舊化的白祈半指護手
10208,舊化的白祈短裙
10209,舊化的白祈長靴
10210,舊化的黑咒三角帽
10211,舊化的黑咒魔術服
10212,舊化的黑咒手套
10213,舊化的黑咒褲襪
10214,舊化的黑咒長靴
10215,舊化的喚魂長角
10216,舊化的喚魂長衫
10217,舊化的喚魂護臂
10218,舊化的喚魂腰布裙
10219,舊化的喚魂涼鞋
10220,舊化的學術禮帽
10221,舊化的學術長袍
10222,舊化的學術手套
10223,舊化的學術裙褲
10224,舊化的學術長靴
10225,舊化的伊賀頭巾
10226,舊化的伊賀忍服
10227,舊化的伊賀手甲
10228,舊化的伊賀袴
10229,舊化的伊賀纏足
10230,珍木皮帽
10231,珍木圍裙
10232,珍木手套
10233,珍木工作褲
10234,珍木工作靴
10235,鑌鐵護目鏡
10236,鑌鐵圍裙
10237,鑌鐵手套
10238,鑌鐵工作褲
10239,鑌鐵涼鞋
10240,戎甲面罩
10241,戎甲圍裙
10242,戎甲工作手套
10243,戎甲工作褲
10244,戎甲工作靴
10245,鏤金頭冠
10246,鏤金外衣
10247,鏤金手甲
10248,鏤金軟甲褲
10249,鏤金涼鞋
10250,精革花帽
10251,精革圍裙
10252,精革手套
10253,精革軟甲褲
10254,精革工作靴
10255,錦衣禮帽
10256,錦衣外套
10257,錦衣手套
10258,錦衣長褲
10259,錦衣矮靴
10260,煉真單片眼鏡
10261,煉真長袍
10262,煉真手套
10263,煉真長裙
10264,煉真長筒靴
10265,烹飪廚帽
10266,烹飪圍裙
10267,烹飪手套
10268,烹飪軟甲褲
10269,烹飪矮靴
10270,富礦頭燈帽
10271,富礦工作衫
10272,富礦工作手套
10273,富礦工作褲
10274,富礦工作靴
10275,園野寬邊草帽
10276,園野襯衫
10277,園野護手
10278,園野工作褲
10279,園野護膝靴
10280,漁燈釣帽
10281,漁燈坎肩
10282,漁燈手套
10283,漁燈束膝褲
10284,漁燈防水靴
10285,舊化的高潔之劍
10286,舊化的聖女盾
10287,舊化的旭日
10288,舊化的羅摩斧
10289,舊化的貫雷槍布里歐納克
10290,舊化的撥鈴波琴弓
10291,舊化的不動行光
10292,舊化的熾天使杖
10293,舊化的彎月杖
10294,舊化的四方天使錄
10295,舊化的幾何原本
10296,珍木手鋸
10297,鑌鐵鳥嘴錘
10298,戎甲圓頭錘
10299,鏤金工藝錘
10300,精革裁皮刀
10301,錦衣縫針
10302,煉真蒸餾器
10303,烹飪廚鍋
10304,富礦十字鎬
10305,園野手斧
10306,漁燈釣竿
10307,兵團徽章
10308,巧手藍票
10309,巧手紅票
10310,大地藍票
10311,大地紅票
10312,
10313,
10314,
10315,
10316,南海男式坎肩
10317,南海女式連衣裙
10318,南海男式短褲
10319,南海女式夏褲
10320,南海男式條紋坎肩
10321,南海女式條紋連衣裙
10322,多瑪磨石
10323,多瑪黑漆
10324,多瑪生漆
10325,青藍強化藥
10326,青藍強化纖維
10327,青藍硬化藥
10328,黃色絨球莫古莫古帽
10329,巴隆頭盔
10330,巴隆頭冠
10331,巴隆耳墜
10332,炸魚套餐
10333,紅蓮祭票據2016
10334,
10335,黑暗物質晶簇
10336,專家水晶
10337,木工專家之證
10338,鍛造專家之證
10339,甲冑專家之證
10340,金工專家之證
10341,皮革專家之證
10342,裁縫專家之證
10343,鍊金專家之證
10344,烹調專家之證
10345,金碟內牆
10346,水晶畫內牆
10347,金碟地板
10348,單色畫地板
10349,莫古莫古吊燈
10350,羅波那風扇燈
10351,武神風扇燈
10352,
10353,
10354,
10355,
10356,
10357,
10358,
10359,
10360,
10361,小型商店外牆
10362,中型商店外牆
10363,大型商店外牆
10364,小型餐廳外牆
10365,中型餐廳外牆
10366,大型餐廳外牆
10367,小型防具店外牆
10368,中型防具店外牆
10369,大型防具店外牆
10370,小型武器店外牆
10371,中型武器店外牆
10372,大型武器店外牆
10373,魔導機械修理材料
10374,納爾札爾護符（庫爾札斯西部高地）
10375,納爾札爾護符（德拉瓦尼亞河谷地）
10376,納爾札爾護符（德拉瓦尼亞山麓地）
10377,納爾札爾護符（德拉瓦尼亞雲海）
10378,納爾札爾護符（阿巴拉提亞雲海）
10379,納爾札爾護符（魔大陸阿濟茲拉）
10380,諾菲卡護符（庫爾札斯西部高地）
10381,諾菲卡護符（德拉瓦尼亞河谷地）
10382,諾菲卡護符（德拉瓦尼亞山麓地）
10383,諾菲卡護符（德拉瓦尼亞雲海）
10384,諾菲卡護符（阿巴拉提亞雲海）
10385,諾菲卡護符（魔大陸阿濟茲拉）
10386,6級黑暗物質
10387,薩維奈包頭巾
10388,薩維奈短外套
10389,薩維奈手套
10390,薩維奈垮褲
10391,薩維奈尖頭鞋
10392,薩維奈頭紗
10393,薩維奈舞裙
10394,薩維奈臂紗
10395,薩維奈綁腿
10396,薩維奈涼鞋
10397,女王豹紋軟帽
10398,女王豹紋上衣
10399,究極武器角
10400,白鋼大劍
10401,白鋼雙手劍
10402,秘銀大劍
10403,秘銀雙手劍
10404,鈷鐵大劍
10405,鈷鐵雙手劍
10406,巨膽斷頭劍
10407,征服大劍
10408,獄火大彎刀
10409,旋風神痛
10410,厚土斷頭劍
10411,善王莫古巨劍
10412,烏茲大彎刀
10413,暗耀巨劍
10414,餓狼雙手劍
10415,戰狼巨劍
10416,恐狼斷頭劍
10417,猞牙大彎刀
10418,猞式大彎刀
10419,牙兵雙手劍
10420,甲兵雙手劍
10421,鬥兵雙手劍
10422,密林大劍
10423,碧海大劍
10424,黃沙大劍
10425,密林重劍
10426,碧海重劍
10427,黃沙重劍
10428,牙曹大劍
10429,甲曹大劍
10430,鬥曹大劍
10431,牙士大劍
10432,甲士大劍
10433,鬥士大劍
10434,雙蛇精英巨劍
10435,黑渦精英重刀
10436,不滅精英斷頭劍
10437,列隊劍
10438,鎖心
10439,傳奇劍
10440,乙太白鋼雙手劍
10441,乙太秘銀大劍
10442,乙太秘銀雙手劍
10443,乙太鈷鐵大劍
10444,火神大彎刀
10445,風神痛
10446,莫古莫古巨劍
10447,土神斷頭劍
10448,水神大彎刀
10449,淵水大彎刀
10450,雷神驚天
10451,冰神寒冰大劍
10452,冰神鑽石大劍
10453,巴魯姆克
10454,亞拉戈斷頭劍
10455,亞拉戈高位斷頭劍
10456,龍神大劍
10457,
10458,舊化的阿隆戴特
10459,阿隆戴特
10460,加隆德魔導大劍
10461,改良型加隆德魔導大劍
10462,白鋼步槍
10463,白鋼火槍
10464,秘銀步槍
10465,秘銀火槍
10466,鈷鐵步槍
10467,鈷鐵火槍
10468,巨膽刀鎖
10469,玄鋼雷火砲
10470,獄火火槍
10471,旋風神棄
10472,善王莫古火槍
10473,厚土重砲
10474,烏茲左輪槍
10475,暗耀明火槍
10476,餓狼火槍
10477,戰狼刀鎖
10478,恐狼重砲
10479,鸚喙左輪槍
10480,鸚式火槍
10481,牙兵火槍
10482,甲兵火槍
10483,鬥兵火槍
10484,密林火槍
10485,碧海火槍
10486,黃沙火槍
10487,密林步槍
10488,碧海步槍
10489,黃沙步槍
10490,牙曹火槍
10491,甲曹火槍
10492,鬥曹火槍
10493,牙士火槍
10494,甲士火槍
10495,鬥士手砲
10496,雙蛇精英火槍
10497,黑渦精英火槍
10498,不滅精英斷手砲
10499,地獄火
10500,藍鋼
10501,血案
10502,乙太白鋼步槍
10503,乙太秘銀步槍
10504,乙太秘銀火槍
10505,乙太鈷鐵步槍
10506,火神火槍
10507,風神棄
10508,莫古莫古火槍
10509,土神重砲
10510,水神火槍
10511,淵水火槍
10512,雷神暴雨
10513,冰神寒冰火槍
10514,冰神鑽石火槍
10515,調解者
10516,亞拉戈手槍
10517,亞拉戈高位手槍
10518,龍神手砲
10519,
10520,舊化的流銀
10521,流銀
10522,加隆德魔導中繼器
10523,改良型加隆德魔導中繼器
10524,天球儀
10525,白銀天球儀
10526,秘銀天球儀
10527,秘銀天星盤
10528,綠金天球儀
10529,鈷鐵天星盤
10530,巨膽天球儀
10531,昏星盤
10532,獄火天球儀
10533,旋風神提
10534,厚土天球儀
10535,善王莫古儀
10536,白金天星盤
10537,暗耀天星盤
10538,餓狼天星盤
10539,戰狼天星盤
10540,恐狼天星盤
10541,梟視天球儀
10542,梟式天球儀
10543,牙兵天星盤
10544,甲兵天星盤
10545,鬥兵天星盤
10546,密林天球儀
10547,碧海天球儀
10548,黃沙天球儀
10549,密林天星盤
10550,碧海天星盤
10551,黃沙天星盤
10552,牙曹天球儀
10553,甲曹天球儀
10554,鬥曹天球儀
10555,牙士天星盤
10556,甲士量天儀
10557,鬥士天球儀
10558,雙蛇精英天星盤
10559,黑渦精英量天儀
10560,不滅精英天球儀
10561,牽牛星盤
10562,五車二天儀
10563,織女星盤
10564,乙太白銀天球儀
10565,乙太秘銀天球儀
10566,乙太秘銀天星盤
10567,乙太綠金天球儀
10568,火神天球儀
10569,風神提
10570,莫古莫古儀
10571,土神天球儀
10572,水神黃道儀
10573,淵水黃道儀
10574,雷神觀天
10575,冰神寒冰量天儀
10576,冰神鑽石量天儀
10577,畢宿五天儀
10578,亞拉戈天球儀
10579,亞拉戈高位天球儀
10580,龍神黃道儀
10581,
10582,舊化的天狼星盤
10583,天狼星盤
10584,加隆德魔導太陽儀
10585,改良型加隆德魔導太陽儀
10586,靈銀鬥劍
10587,靈銀火舌
10588,白鈦手半劍
10589,白鈦長劍
10590,堅鋼寬刃劍
10591,堅鋼翼劍
10592,靈銀拳劍
10593,靈銀拳鋒
10594,白鈦拳鋒
10595,白鈦指虎
10596,堅鋼拳鋒
10597,堅鋼指虎
10598,靈銀戰斧
10599,靈銀雙刃斧
10600,白鈦大斧
10601,白鈦戰斧
10602,堅鋼鉤斧
10603,堅鋼頭人斧
10604,靈銀三尖槍
10605,靈銀角力棒
10606,白鈦騎槍
10607,白鈦戰叉
10608,堅鋼長槍
10609,堅鋼三尖槍
10610,雪松長弓
10611,聖雪松複合弓
10612,暗栗木長弓
10613,祝聖栗木長弓
10614,樺木長弓
10615,樺木複合弓
10616,靈銀輔劍
10617,靈銀刺刀
10618,白鈦輔劍
10619,白鈦波刃
10620,堅鋼匕首
10621,堅鋼左手劍
10622,靈銀大劍
10623,靈銀雙手劍
10624,白鈦大劍
10625,白鈦巨劍
10626,堅鋼雙手劍
10627,堅鋼巨劍
10628,靈銀明火槍
10629,靈銀火槍
10630,白鈦明火槍
10631,白鈦燧發槍
10632,堅鋼左輪槍
10633,堅鋼重砲
10634,雪松手杖
10635,聖雪松幻杖
10636,暗栗木法杖
10637,祝聖栗木幻杖
10638,樺木符杖
10639,樺木法杖
10640,雪人長杖
10641,黑曜石長玉杖
10642,硬銀長杖
10643,硬銀玉杖
10644,皇金長玉杖
10645,皇金長杖
10646,古鳥革魔導書
10647,飛龍革魔導書
10648,長頸駝革魔導書
10649,巨龍革魔導書
10650,皇金之書
10651,貴族之書
10652,古鳥革魔導典
10653,飛龍革魔導典
10654,長頸駝革魔導典
10655,巨龍革魔導典
10656,皇金巫書
10657,貴族之典
10658,靈銀天球儀
10659,靈銀天星盤
10660,硬銀天球儀
10661,硬銀天星盤
10662,皇金太陽儀
10663,皇金天星盤
10664,靈銀步兵盾
10665,靈銀雙劍機關盾
10666,白鈦鳶盾
10667,白鈦重盾
10668,堅鋼步兵盾
10669,堅鋼重盾
10670,靈銀禦敵角盔
10671,飛龍革禦敵鬃盔
10672,白鈦禦敵面具
10673,白鈦禦敵頭盔
10674,堅鋼禦敵頭盔
10675,堅鋼禦敵頭冠
10676,堅鋼禦敵開面盔
10677,靈銀禦敵鎖子鎧
10678,聖虹禦敵襯衫
10679,白鈦禦敵戰鎧
10680,白鈦禦敵胸甲
10681,堅鋼禦敵重甲
10682,堅鋼禦敵兜甲
10683,堅鋼禦敵外套
10684,靈銀禦敵手鎧
10685,飛龍革禦敵手套
10686,白鈦禦敵手鎧
10687,白鈦禦敵臂甲
10688,堅鋼禦敵手鎧
10689,重堅鋼禦敵手鎧
10690,堅鋼禦敵臂甲
10691,靈銀禦敵腰甲
10692,飛龍革禦敵腰帶
10693,白鈦禦敵腰帶
10694,白鈦禦敵腰甲
10695,堅鋼禦敵腰甲
10696,堅鋼禦敵腰帶
10697,獅鷲革禦敵交叉腰帶
10698,古鳥革禦敵馬褲
10699,聖虹禦敵垮褲
10700,長頸駝革禦敵馬褲
10701,巨龍革禦敵馬褲
10702,堅鋼禦敵鎖甲騎兵褲
10703,奇美纖維禦敵馬褲
10704,獅鷲革禦敵長裙
10705,靈銀禦敵鎧靴
10706,飛龍革禦敵長靴
10707,白鈦禦敵鎖甲靴
10708,白鈦禦敵鎧靴
10709,堅鋼禦敵鎧靴
10710,堅鋼禦敵脛甲
10711,堅鋼禦敵鎖甲靴
10712,靈銀制敵頭盔
10713,飛龍革制敵盔帽
10714,白鈦制敵頭盔
10715,白鈦制敵面具
10716,堅鋼制敵頭盔
10717,安菲瑟龍革制敵頭盔
10718,堅鋼制敵開面盔
10719,靈銀制敵鎖子鎧
10720,聖虹制敵襯衫
10721,白鈦制敵胸甲
10722,白鈦制敵鏈甲
10723,堅鋼制敵重甲
10724,堅鋼制敵鏈甲
10725,堅鋼制敵外套
10726,靈銀制敵手鎧
10727,飛龍革制敵手套
10728,白鈦制敵連指手鎧
10729,白鈦制敵臂甲
10730,堅鋼制敵手鎧
10731,安菲瑟龍革制敵護臂
10732,堅鋼制敵臂甲
10733,靈銀制敵腰甲
10734,飛龍革制敵腰帶
10735,白鈦制敵腰帶
10736,巨龍革制敵腰帶
10737,堅鋼制敵腰甲
10738,制敵安菲瑟龍革旅行腰帶
10739,獅鷲革制敵交叉腰帶
10740,古鳥革制敵馬褲
10741,聖虹制敵垮褲
10742,長頸駝革制敵馬褲
10743,巨龍革制敵馬褲
10744,堅鋼制敵鎖甲騎兵褲
10745,安菲瑟龍革制敵騎兵褲
10746,獅鷲革制敵長裙
10747,靈銀制敵鎧靴
10748,飛龍革制敵長靴
10749,白鈦制敵鎧靴
10750,白鈦制敵鎖甲靴
10751,堅鋼制敵鎧靴
10752,堅鋼制敵腿甲靴
10753,堅鋼制敵鎖甲靴
10754,靈銀強襲頭冠
10755,飛龍革強襲眼罩
10756,白鈦強襲面具
10757,白鈦強襲頭甲
10758,奇美纖維強襲無簷帽
10759,奇美纖維強襲兜帽
10760,獅鷲革強襲三角帽
10761,虹布強襲外套
10762,聖虹強襲襯衫
10763,長頸駝革強襲短衣
10764,白鈦強襲鏈甲
10765,奇美纖維強襲鬥服
10766,奇美纖維強襲罩衣
10767,獅鷲革強襲外套
10768,古鳥革強襲手套
10769,飛龍革強襲手套
10770,長頸駝革強襲護臂
10771,白鈦強襲臂甲
10772,安菲瑟龍革強襲護臂
10773,安菲瑟龍革強襲手套
10774,獅鷲革強襲手套
10775,古鳥革強襲腰帶
10776,飛龍革強襲腰帶
10777,長頸駝革強襲腰帶
10778,巨龍革強襲腰帶
10779,安菲瑟龍革強襲環帶
10780,安菲瑟龍革強襲狩獵腰帶
10781,星絹布強襲腰圍
10782,虹布強襲裙褲
10783,聖虹強襲垮褲
10784,青麻強襲軟甲褲
10785,巨龍革強襲馬褲
10786,奇美纖維強襲騎兵褲
10787,安菲瑟龍革強襲襯褲
10788,獅鷲革強襲襯褲
10789,古鳥革強襲長靴
10790,飛龍革強襲長靴
10791,長頸駝革強襲護腿
10792,白鈦強襲鎧靴
10793,安菲瑟龍革強襲長靴
10794,安菲瑟龍革強襲高筒靴
10795,獅鷲革強襲長靴
10796,虹布精準小丑帽
10797,聖虹精準狩獵帽
10798,白鈦精準口罩
10799,祝聖栗木精準假面
10800,奇美纖維精準無簷帽
10801,奇美纖維精準兜帽
10802,獅鷲革精準眼罩
10803,虹布精準長袍
10804,聖虹精準襯衫
10805,長頸駝革精準短衣
10806,祝聖青麻精準工作服
10807,奇美纖維精準鬥服
10808,奇美纖維精準短袖罩衣
10809,獅鷲革精準作戰服
10810,古鳥革精準手套
10811,飛龍革精準護袖
10812,長頸駝革精準護臂
10813,巨龍革精準手套
10814,安菲瑟龍革精準護臂
10815,安菲瑟龍革精準手套
10816,獅鷲革精準手套
10817,虹布精準腰圍
10818,飛龍革精準腰帶
10819,長頸駝革精準腰帶
10820,祝聖青麻精準腰圍
10821,安菲瑟龍革精準腰帶
10822,奇美纖維精準腰圍
10823,星絹布精準腰圍
10824,虹布精準長褲
10825,聖虹精準垮褲
10826,青麻精準軟甲褲
10827,祝聖青麻精準束膝褲
10828,奇美纖維精準騎兵褲
10829,安菲瑟龍革精準襯褲
10830,星絹布精準長褲
10831,古鳥革精準尖頭靴
10832,飛龍革精準長靴
10833,長頸駝革精準護腿
10834,巨龍革精準長靴
10835,安菲瑟龍革精準長靴
10836,安菲瑟龍革精準高筒靴
10837,獅鷲革精準高筒靴
10838,虹布游擊兜帽
10839,聖虹游擊圍巾
10840,白鈦游擊口罩
10841,白鈦游擊頭甲
10842,奇美纖維游擊無簷帽
10843,奇美纖維游擊兜帽
10844,獅鷲革游擊三角帽
10845,虹布游擊襯衫
10846,聖虹游擊襯衫
10847,長頸駝革游擊短衣
10848,白鈦游擊鏈甲
10849,奇美纖維游擊鬥服
10850,奇美纖維游擊罩衣
10851,獅鷲革游擊外套
10852,虹布游擊半指手套
10853,飛龍革游擊護袖
10854,長頸駝革游擊護臂
10855,白鈦游擊臂甲
10856,安菲瑟龍革游擊護臂
10857,安菲瑟龍革游擊手套
10858,獅鷲革游擊手套
10859,虹布游擊腰圍
10860,飛龍革游擊腰帶
10861,長頸駝革游擊腰帶
10862,巨龍革游擊腰帶
10863,安菲瑟龍革游擊環帶
10864,安菲瑟龍革游擊狩獵腰帶
10865,星絹布游擊腰圍
10866,虹布游擊垮褲
10867,聖虹游擊垮褲
10868,青麻游擊軟甲褲
10869,巨龍革游擊馬褲
10870,奇美纖維游擊騎兵褲
10871,安菲瑟龍革游擊襯褲
10872,獅鷲革游擊襯褲
10873,古鳥革游擊短靴
10874,飛龍革游擊長靴
10875,長頸駝革游擊護腿
10876,白鈦游擊鎧靴
10877,安菲瑟龍革游擊長靴
10878,安菲瑟龍革游擊高筒靴
10879,獅鷲革游擊長靴
10880,虹布治癒小丑帽
10881,聖虹治癒騎士帽
10882,硬銀單片眼鏡
10883,祝聖栗木治癒假面
10884,奇美纖維治癒修道帽
10885,皇金治癒頭冠
10886,皇金治癒王冠
10887,虹布治癒長袍
10888,聖虹治癒襯衫
10889,青麻治癒長袍
10890,祝聖青麻治癒工作服
10891,奇美纖維治癒聖職衣
10892,奇美纖維治癒長袍
10893,星絹布治癒工作服
10894,古鳥革治癒手套
10895,飛龍革治癒手套
10896,青麻治癒半手套
10897,巨龍革治癒手套
10898,奇美纖維治癒手套
10899,安菲瑟龍革治癒手套
10900,星絹布治癒禮服手套
10901,虹布治癒腰圍
10902,飛龍革治癒腰帶
10903,長頸駝革治癒腰帶
10904,祝聖青麻治癒腰圍
10905,奇美纖維治癒圍腰
10906,安菲瑟龍革治癒結扣腰帶
10907,獅鷲革治癒圍腰
10908,虹布治癒長褲
10909,聖虹治癒垮褲
10910,青麻治癒燈籠褲
10911,祝聖青麻治癒束膝褲
10912,奇美纖維治癒褲襪
10913,奇美纖維治癒馬褲
10914,星絹布治癒打底褲
10915,古鳥革治癒尖頭靴
10916,飛龍革治癒長靴
10917,長頸駝革治癒法靴
10918,巨龍革治癒長靴
10919,安菲瑟龍革治癒高筒靴
10920,皇金治癒鎖甲靴
10921,獅鷲革治癒長靴
10922,虹布詠咒小丑帽
10923,飛龍革詠咒假面
10924,硬銀作業眼鏡
10925,祝聖栗木詠咒假面
10926,安菲瑟龍革詠咒寬邊帽
10927,奇美纖維詠咒魔術帽
10928,皇金詠咒頭冠
10929,虹布詠咒長袍
10930,聖虹詠咒襯衫
10931,青麻詠咒長袍
10932,祝聖青麻詠咒工作服
10933,奇美纖維詠咒長袍
10934,奇美纖維詠咒魔術服
10935,星絹布詠咒工作服
10936,古鳥革詠咒手套
10937,飛龍革詠咒手套
10938,青麻詠咒半手套
10939,巨龍革詠咒手套
10940,安菲瑟龍革詠咒禮服手套
10941,安菲瑟龍革詠咒手套
10942,星絹布詠咒禮服手套
10943,虹布詠咒腰圍
10944,飛龍革詠咒腰帶
10945,長頸駝革詠咒腰帶
10946,祝聖青麻詠咒腰圍
10947,奇美纖維詠咒圍腰
10948,奇美纖維詠咒腰圍
10949,獅鷲革詠咒圍腰
10950,虹布詠咒長褲
10951,聖虹詠咒垮褲
10952,青麻詠咒燈籠褲
10953,祝聖青麻詠咒束膝褲
10954,奇美纖維詠咒馬褲
10955,安菲瑟龍革詠咒緊身褲
10956,星絹布詠咒打底褲
10957,古鳥革詠咒尖頭靴
10958,飛龍革詠咒長靴
10959,長頸駝革詠咒法靴
10960,巨龍革詠咒長靴
10961,安菲瑟龍革詠咒高筒靴
10962,安菲瑟龍革詠咒高跟鞋
10963,獅鷲革詠咒長靴
10964,禦敵虹布緞帶
10965,靈銀禦敵項鍊
10966,禦敵青麻緞帶
10967,蛋白石禦敵項環
10968,皇金禦敵項鍊
10969,黃水晶禦敵項環
10970,靈銀禦敵手鐲
10971,靈銀禦敵手環
10972,硬銀禦敵手鐲
10973,蛋白石禦敵手鐲
10974,皇金禦敵手鐲
10975,貴橄欖石禦敵手鐲
10976,靈銀禦敵耳墜
10977,靈銀禦敵耳環
10978,硬銀禦敵耳墜
10979,蛋白石禦敵耳墜
10980,皇金禦敵耳墜
10981,貴橄欖石禦敵耳墜
10982,瑪瑙禦敵戒指
10983,雪人利齒禦敵戒指
10984,煙晶禦敵戒指
10985,蛋白石禦敵戒指
10986,獅鷲利爪禦敵戒指
10987,貴橄欖石禦敵戒指
10988,強攻虹布緞帶
10989,靈銀強攻項鍊
10990,強攻青麻緞帶
10991,蛋白石強攻項環
10992,皇金強攻項鍊
10993,黃水晶強攻項環
10994,靈銀強攻手鐲
10995,靈銀強攻手環
10996,硬銀強攻手鐲
10997,蛋白石強攻手鐲
10998,皇金強攻手鐲
10999,貴橄欖石強攻手鐲
11000,靈銀強攻耳墜
11001,靈銀強攻耳環
11002,硬銀強攻耳墜
11003,蛋白石強攻耳墜
11004,皇金強攻耳墜
11005,貴橄欖石強攻耳墜
11006,瑪瑙強攻戒指
11007,雪人利齒強攻戒指
11008,煙晶強攻戒指
11009,蛋白石強攻戒指
11010,獅鷲利爪強攻戒指
11011,貴橄欖石強攻戒指
11012,精準虹布緞帶
11013,靈銀精準項鍊
11014,精準青麻緞帶
11015,蛋白石精準項環
11016,皇金精準項鍊
11017,黃水晶精準項環
11018,靈銀精準手鐲
11019,靈銀精準手環
11020,硬銀精準手鐲
11021,蛋白石精準手鐲
11022,皇金精準手鐲
11023,貴橄欖石精準手鐲
11024,靈銀精準耳墜
11025,靈銀精準耳環
11026,硬銀精準耳墜
11027,蛋白石精準耳墜
11028,皇金精準耳墜
11029,貴橄欖石精準耳墜
11030,瑪瑙精準戒指
11031,雪人利齒精準戒指
11032,煙晶精準戒指
11033,蛋白石精準戒指
11034,獅鷲利爪精準戒指
11035,貴橄欖石精準戒指
11036,治癒虹布緞帶
11037,靈銀治癒項鍊
11038,治癒青麻緞帶
11039,蛋白石治癒項環
11040,皇金治癒項鍊
11041,黃水晶治癒項環
11042,靈銀治癒手鐲
11043,靈銀治癒手環
11044,硬銀治癒手鐲
11045,蛋白石治癒手鐲
11046,皇金治癒手鐲
11047,貴橄欖石治癒手鐲
11048,靈銀治癒耳墜
11049,靈銀治癒耳環
11050,硬銀治癒耳墜
11051,蛋白石治癒耳墜
11052,皇金治癒耳墜
11053,貴橄欖石治癒耳墜
11054,瑪瑙治癒戒指
11055,雪人利齒治癒戒指
11056,煙晶治癒戒指
11057,蛋白石治癒戒指
11058,獅鷲利爪治癒戒指
11059,貴橄欖石治癒戒指
11060,詠咒虹布緞帶
11061,靈銀詠咒項鍊
11062,詠咒青麻緞帶
11063,蛋白石詠咒項環
11064,皇金詠咒項鍊
11065,黃水晶詠咒項環
11066,靈銀詠咒手鐲
11067,靈銀詠咒手環
11068,硬銀詠咒手鐲
11069,蛋白石詠咒手鐲
11070,皇金詠咒手鐲
11071,貴橄欖石詠咒手鐲
11072,靈銀詠咒耳墜
11073,靈銀詠咒耳環
11074,硬銀詠咒耳墜
11075,蛋白石詠咒耳墜
11076,皇金詠咒耳墜
11077,貴橄欖石詠咒耳墜
11078,瑪瑙詠咒戒指
11079,雪人利齒詠咒戒指
11080,煙晶詠咒戒指
11081,蛋白石詠咒戒指
11082,獅鷲利爪詠咒戒指
11083,貴橄欖石詠咒戒指
11084,軍用長劍
11085,軍用拳劍
11086,軍用戰斧
11087,軍用戰戟
11088,軍用長弓
11089,軍用左手劍
11090,軍用巨劍
11091,軍用火槍
11092,軍用手杖
11093,軍用法杖
11094,軍用魔導書
11095,軍用魔典
11096,軍用星盤
11097,軍用盾
11098,伊修加爾德騎士頭盔
11099,伊修加爾德方旗騎士頭盔
11100,伊修加爾德僧侶無簷帽
11101,伊修加爾德弓手無簷帽
11102,伊修加爾德先驅無簷帽
11103,伊修加爾德教士修道帽
11104,伊修加爾德史學家寬邊帽
11105,伊修加爾德騎士甲
11106,伊修加爾德方旗騎士甲
11107,伊修加爾德僧侶鬥服
11108,伊修加爾德弓手鬥服
11109,伊修加爾德先驅鬥服
11110,伊修加爾德教士聖職衣
11111,伊修加爾德史學家長袍
11112,伊修加爾德騎士手鎧
11113,伊修加爾德方旗騎士手鎧
11114,伊修加爾德僧侶護臂
11115,伊修加爾德弓手護臂
11116,伊修加爾德先驅護臂
11117,伊修加爾德教士手套
11118,伊修加爾德史學家手套
11119,伊修加爾德騎士腰甲
11120,伊修加爾德方旗騎士腰甲
11121,伊修加爾德僧侶環帶
11122,伊修加爾德弓手環帶
11123,伊修加爾德先驅環帶
11124,伊修加爾德教士圍腰
11125,伊修加爾德史學家圍腰
11126,伊修加爾德騎士軟甲褲
11127,伊修加爾德方旗騎士軟甲褲
11128,伊修加爾德僧侶騎兵褲
11129,伊修加爾德弓手騎兵褲
11130,伊修加爾德先驅騎兵褲
11131,伊修加爾德教士馬褲
11132,伊修加爾德史學家馬褲
11133,伊修加爾德騎士鎧靴
11134,伊修加爾德方旗騎士鎧靴
11135,伊修加爾德僧侶筒靴
11136,伊修加爾德弓手筒靴
11137,伊修加爾德先驅筒靴
11138,伊修加爾德教士長靴
11139,伊修加爾德史學家長靴
11140,解剖之刀
11141,破壞之拳
11142,殺愚之斧
11143,牛舌之槍
11144,抹殺之弓
11145,變節之雙劍
11146,絕佳之大劍
11147,鑄棺之火槍
11148,聖職之杖
11149,莊嚴之杖
11150,紅雛之書
11151,黑雛之書
11152,轉變之儀
11153,藍天突襲盾
11154,藍天突襲盔帽
11155,藍天尖槍盔帽
11156,藍天暴斧頭盔
11157,藍天獵手頭盔
11158,藍天驅逐頭盔
11159,藍天賢者毛皮帽
11160,藍天巫者毛皮帽
11161,藍天突襲毛皮衣
11162,藍天尖槍毛皮衣
11163,藍天暴斧毛皮衣
11164,藍天獵手毛皮衣
11165,藍天驅逐毛皮衣
11166,藍天賢者毛皮衣
11167,藍天巫者毛皮衣
11168,藍天突襲護臂
11169,藍天尖槍護臂
11170,藍天暴斧護臂
11171,藍天獵手護臂
11172,藍天驅逐護臂
11173,藍天賢者護臂
11174,藍天巫者護臂
11175,藍天突襲腰帶
11176,藍天尖槍腰帶
11177,藍天暴斧腰帶
11178,藍天獵手腰帶
11179,藍天驅逐腰帶
11180,藍天賢者腰帶
11181,藍天巫者腰帶
11182,藍天突襲馬褲
11183,藍天尖槍馬褲
11184,藍天暴斧馬褲
11185,藍天獵手馬褲
11186,藍天驅逐馬褲
11187,藍天賢者馬褲
11188,藍天巫者馬褲
11189,藍天突襲長靴
11190,藍天尖槍長靴
11191,藍天暴斧長靴
11192,藍天獵手長靴
11193,藍天驅逐長靴
11194,藍天賢者長靴
11195,藍天巫者長靴
11196,提爾鋒
11197,座狼牙
11198,蒼老斧
11199,英靈槍
11200,愛火弓
11201,首級劍
11202,傳世劍戴因斯萊夫
11203,加拉爾號角
11204,長青杖
11205,妙術杖
11206,腐皮之書
11207,鮮皮之書
11208,火境儀
11209,淩寒盾
11210,正教禦敵髮夾
11211,正教制敵髮夾
11212,正教強襲寬邊帽
11213,正教精準寬邊帽
11214,正教游擊寬邊帽
11215,正教治癒寬邊帽
11216,正教詠咒寬邊帽
11217,正教禦敵外套
11218,正教制敵外套
11219,正教強襲束腰獵衣
11220,正教精準束腰獵衣
11221,正教游擊束腰獵衣
11222,正教治癒長袍
11223,正教詠咒長袍
11224,正教禦敵手鎧
11225,正教制敵手鎧
11226,正教強襲護手
11227,正教精準護手
11228,正教游擊護手
11229,正教治癒護臂
11230,正教詠咒護臂
11231,正教禦敵護腰帶
11232,正教制敵護腰帶
11233,正教強襲交叉腰帶
11234,正教精準交叉腰帶
11235,正教游擊交叉腰帶
11236,正教治癒腰圍
11237,正教詠咒腰圍
11238,正教禦敵長裙
11239,正教制敵長裙
11240,正教強襲軟甲褲
11241,正教精準軟甲褲
11242,正教游擊軟甲褲
11243,正教治癒長裙
11244,正教詠咒長裙
11245,正教禦敵脛甲
11246,正教制敵脛甲
11247,正教強襲高筒靴
11248,正教精準高筒靴
11249,正教游擊高筒靴
11250,正教治癒長筒靴
11251,正教詠咒長筒靴
11252,戰女神判官長劍
11253,戰女神修士拳劍
11254,戰女神判官大斧
11255,戰女神門衛戰戟
11256,戰女神審官長弓
11257,戰女神牧師左手劍
11258,戰女神判官巨劍
11259,戰女神審官火槍
11260,戰女神祭司手杖
11261,戰女神驅魔法杖
11262,戰女神驅魔法書
11263,戰女神祭司法典
11264,戰女神祭司天星盤
11265,戰女神判官盾
11266,戰女神判官頭盔
11267,戰女神門衛頭盔
11268,戰女神修士頭盔
11269,戰女神審官頭盔
11270,戰女神牧師頭盔
11271,戰女神祭司修道帽
11272,戰女神驅魔修道帽
11273,戰女神判官胸甲
11274,戰女神門衛胸甲
11275,戰女神修士胸甲
11276,戰女神審官胸甲
11277,戰女神牧師胸甲
11278,戰女神祭司聖職衣
11279,戰女神驅魔長袍
11280,戰女神判官手鎧
11281,戰女神門衛手鎧
11282,戰女神修士手套
11283,戰女神審官手套
11284,戰女神牧師手套
11285,戰女神祭司手套
11286,戰女神驅魔手套
11287,戰女神判官圍腰
11288,戰女神門衛圍腰
11289,戰女神修士環帶
11290,戰女神審官環帶
11291,戰女神牧師環帶
11292,戰女神祭司圍腰
11293,戰女神驅魔圍腰
11294,戰女神判官軟甲褲
11295,戰女神門衛軟甲褲
11296,戰女神修士襯褲
11297,戰女神審官襯褲
11298,戰女神牧師襯褲
11299,戰女神祭司馬褲
11300,戰女神驅魔馬褲
11301,戰女神判官鎖甲靴
11302,戰女神門衛鎖甲靴
11303,戰女神修士長筒靴
11304,戰女神審官長筒靴
11305,戰女神牧師長筒靴
11306,戰女神祭司長靴
11307,戰女神驅魔長靴
11308,貝拉哈迪亞雙刃劍
11309,薩維奈三尖拳劍
11310,尼姆皇家海軍戰斧
11311,薩維奈游擊槍
11312,舊世界複合弓
11313,貝拉哈迪亞五指劍
11314,貝拉哈迪亞大劍
11315,加雷馬共和時期左輪槍
11316,薩維奈牧杖
11317,舊世界法杖
11318,尼姆皇家海軍魔導書
11319,尼姆皇家海軍魔導典
11320,流豐之眼
11321,正陽
11322,薩雷安管理者盔帽
11323,薩雷安探索者盔帽
11324,薩雷安混鬥者無簷帽
11325,薩雷安監督者寬邊帽
11326,薩雷安出使者無簷帽
11327,薩雷安訓導者寬邊帽
11328,薩雷安哲學者寬邊帽
11329,薩雷安管理者外套
11330,薩雷安探索者外套
11331,薩雷安混鬥者外套
11332,薩雷安監督者外套
11333,薩雷安出使者外套
11334,薩雷安訓導者外套
11335,薩雷安哲學者外套
11336,薩雷安管理者手套
11337,薩雷安探索者手套
11338,薩雷安混鬥者手套
11339,薩雷安監督者手套
11340,薩雷安出使者手套
11341,薩雷安訓導者手套
11342,薩雷安哲學者手套
11343,薩雷安管理者腰帶
11344,薩雷安探索者腰帶
11345,薩雷安混鬥者腰帶
11346,薩雷安監督者腰帶
11347,薩雷安出使者腰帶
11348,薩雷安訓導者腰帶
11349,薩雷安哲學者腰帶
11350,薩雷安管理者長裙
11351,薩雷安探索者長裙
11352,薩雷安混鬥者長裙
11353,薩雷安監督者長裙
11354,薩雷安出使者長裙
11355,薩雷安訓導者長裙
11356,薩雷安哲學者長裙
11357,薩雷安管理者長靴
11358,薩雷安探索者長靴
11359,薩雷安混鬥者長靴
11360,薩雷安監督者長靴
11361,薩雷安出使者長靴
11362,薩雷安訓導者長靴
11363,薩雷安哲學者長靴
11364,神光長劍
11365,神光指虎
11366,神光大斧
11367,神光長槍
11368,神光長弓
11369,神光小刀
11370,神光大劍
11371,神光火彈
11372,神光牧杖
11373,神光法杖
11374,神光魔導書
11375,神光魔導典
11376,神光天星盤
11377,神光盾
11378,瓦雷利亞驚恐騎士開面盔
11379,瓦雷利亞龍騎士開面盔
11380,瓦雷利亞走私頭巾
11381,瓦雷利亞槍手盔帽
11382,瓦雷利亞遊人頭巾
11383,瓦雷利亞薩滿頭鏈
11384,瓦雷利亞巫師寬邊帽
11385,瓦雷利亞驚恐騎士戰鎧
11386,瓦雷利亞龍騎士戰鎧
11387,瓦雷利亞走私背心
11388,瓦雷利亞槍手緊身衣
11389,瓦雷利亞遊人背心
11390,瓦雷利亞薩滿長袍
11391,瓦雷利亞巫師長袍
11392,瓦雷利亞驚恐騎士手鎧
11393,瓦雷利亞龍騎士手鎧
11394,瓦雷利亞走私半手套
11395,瓦雷利亞槍手手套
11396,瓦雷利亞遊人半手套
11397,瓦雷利亞薩滿禮服手套
11398,瓦雷利亞巫師半指護手
11399,瓦雷利亞驚恐騎士護腰帶
11400,瓦雷利亞龍騎士護腰帶
11401,瓦雷利亞走私交叉腰帶
11402,瓦雷利亞槍手交叉腰帶
11403,瓦雷利亞遊人交叉腰帶
11404,瓦雷利亞薩滿腰圍
11405,瓦雷利亞巫師腰圍
11406,瓦雷利亞驚恐騎士軟甲褲
11407,瓦雷利亞龍騎士軟甲褲
11408,瓦雷利亞走私束膝褲
11409,瓦雷利亞槍手垮褲
11410,瓦雷利亞遊人束膝褲
11411,瓦雷利亞薩滿短褲
11412,瓦雷利亞巫師長裙
11413,瓦雷利亞驚恐騎士鎖甲靴
11414,瓦雷利亞龍騎士鎖甲靴
11415,瓦雷利亞走私高筒靴
11416,瓦雷利亞槍手長靴
11417,瓦雷利亞遊人高筒靴
11418,瓦雷利亞薩滿長靴
11419,瓦雷利亞巫師木鞋
11420,雲神劍
11421,雲神拳刺
11422,雲神戰斧
11423,雲神游擊槍
11424,雲神長弓
11425,雲神匕首
11426,雲神巨劍
11427,雲神手砲
11428,雲神牧杖
11429,雲神長玉杖
11430,雲神魔導書
11431,雲神魔導典
11432,雲神量天儀
11433,雲神盾
11434,武神長刀
11435,武神利爪
11436,武神戰斧
11437,武神長槍
11438,武神長弓
11439,武神匕首
11440,武神大劍
11441,武神火槍
11442,武神牧杖
11443,武神長玉杖
11444,武神魔導書
11445,武神魔導典
11446,武神天星盤
11447,武神盾
11448,戈耳狄原型禦敵戰盔
11449,戈耳狄原型制敵角盔
11450,戈耳狄原型強襲角盔
11451,戈耳狄原型精準兜帽
11452,戈耳狄原型游擊兜帽
11453,戈耳狄原型治癒王冠
11454,戈耳狄原型詠咒王冠
11455,戈耳狄原型禦敵戰鎧
11456,戈耳狄原型制敵戰鎧
11457,戈耳狄原型強襲戰鎧
11458,戈耳狄原型精準護甲
11459,戈耳狄原型游擊護甲
11460,戈耳狄原型治癒外衣
11461,戈耳狄原型詠咒外衣
11462,戈耳狄原型禦敵手鎧
11463,戈耳狄原型制敵手鎧
11464,戈耳狄原型強襲手鎧
11465,戈耳狄原型精準護臂
11466,戈耳狄原型游擊護臂
11467,戈耳狄原型治癒手套
11468,戈耳狄原型詠咒手套
11469,戈耳狄原型禦敵腰帶
11470,戈耳狄原型制敵腰帶
11471,戈耳狄原型強襲腰帶
11472,戈耳狄原型精準腰帶
11473,戈耳狄原型游擊腰帶
11474,戈耳狄原型治癒腰帶
11475,戈耳狄原型詠咒腰帶
11476,戈耳狄原型禦敵馬褲
11477,戈耳狄原型制敵馬褲
11478,戈耳狄原型強襲馬褲
11479,戈耳狄原型精準護膝褲
11480,戈耳狄原型游擊護膝褲
11481,戈耳狄原型治癒護腿褲
11482,戈耳狄原型詠咒護腿褲
11483,戈耳狄原型禦敵鎖甲靴
11484,戈耳狄原型制敵鎧靴
11485,戈耳狄原型強襲鎧靴
11486,戈耳狄原型精準鎧靴
11487,戈耳狄原型游擊鎧靴
11488,戈耳狄原型治癒絨鎧靴
11489,戈耳狄原型詠咒絨鎧靴
11490,戈耳狄原型禦敵耳墜
11491,戈耳狄原型強攻耳墜
11492,戈耳狄原型精準耳墜
11493,戈耳狄原型治癒耳墜
11494,戈耳狄原型詠咒耳墜
11495,戈耳狄原型禦敵項環
11496,戈耳狄原型強攻項環
11497,戈耳狄原型精準項環
11498,戈耳狄原型治癒項環
11499,戈耳狄原型詠咒項環
11500,戈耳狄原型禦敵手環
11501,戈耳狄原型強攻手環
11502,戈耳狄原型精準手環
11503,戈耳狄原型治癒手環
11504,戈耳狄原型詠咒手環
11505,戈耳狄原型禦敵指環
11506,戈耳狄原型強攻指環
11507,戈耳狄原型精準指環
11508,戈耳狄原型治癒指環
11509,戈耳狄原型詠咒指環
11510,戈耳狄長劍
11511,戈耳狄鋼拳
11512,戈耳狄大斧
11513,戈耳狄三尖槍
11514,戈耳狄長弓
11515,戈耳狄短刀
11516,戈耳狄巨劍
11517,戈耳狄火槍
11518,戈耳狄牧杖
11519,戈耳狄長杖
11520,戈耳狄魔導書
11521,戈耳狄魔導典
11522,戈耳狄量天儀
11523,戈耳狄之盾
11524,戈耳狄禦敵戰盔
11525,戈耳狄制敵角盔
11526,戈耳狄強襲角盔
11527,戈耳狄精準兜帽
11528,戈耳狄游擊兜帽
11529,戈耳狄治癒王冠
11530,戈耳狄詠咒王冠
11531,戈耳狄禦敵戰鎧
11532,戈耳狄制敵戰鎧
11533,戈耳狄強襲戰鎧
11534,戈耳狄精準護甲
11535,戈耳狄游擊護甲
11536,戈耳狄治癒外衣
11537,戈耳狄詠咒外衣
11538,戈耳狄禦敵手鎧
11539,戈耳狄制敵手鎧
11540,戈耳狄強襲手鎧
11541,戈耳狄精準護臂
11542,戈耳狄游擊護臂
11543,戈耳狄治癒手套
11544,戈耳狄詠咒手套
11545,戈耳狄禦敵腰帶
11546,戈耳狄制敵腰帶
11547,戈耳狄強襲腰帶
11548,戈耳狄精準腰帶
11549,戈耳狄游擊腰帶
11550,戈耳狄治癒腰帶
11551,戈耳狄詠咒腰帶
11552,戈耳狄禦敵馬褲
11553,戈耳狄制敵馬褲
11554,戈耳狄強襲馬褲
11555,戈耳狄精準護膝褲
11556,戈耳狄游擊護膝褲
11557,戈耳狄治癒護腿褲
11558,戈耳狄詠咒護腿褲
11559,戈耳狄禦敵鎖甲靴
11560,戈耳狄制敵鎧靴
11561,戈耳狄強襲鎧靴
11562,戈耳狄精準鎧靴
11563,戈耳狄游擊鎧靴
11564,戈耳狄治癒絨鎧靴
11565,戈耳狄詠咒絨鎧靴
11566,戈耳狄禦敵耳墜
11567,戈耳狄強攻耳墜
11568,戈耳狄精準耳墜
11569,戈耳狄治癒耳墜
11570,戈耳狄詠咒耳墜
11571,戈耳狄禦敵項環
11572,戈耳狄強攻項環
11573,戈耳狄精準項環
11574,戈耳狄治癒項環
11575,戈耳狄詠咒項環
11576,戈耳狄禦敵手環
11577,戈耳狄強攻手環
11578,戈耳狄精準手環
11579,戈耳狄治癒手環
11580,戈耳狄詠咒手環
11581,戈耳狄禦敵指環
11582,戈耳狄強攻指環
11583,戈耳狄精準指環
11584,戈耳狄治癒指環
11585,戈耳狄詠咒指環
11586,鬼切
11587,千手
11588,公時
11589,岩融
11590,雷上動
11591,大保昌
11592,蜘蛛切丸
11593,國友
11594,真榊
11595,九條
11596,五行相剋
11597,五行相生
11598,天干地支
11599,夜叉大盾
11600,夜叉豪士缽鐵
11601,夜叉槍士缽鐵
11602,夜叉拳士缽鐵
11603,夜叉弓士缽鐵
11604,夜叉間士缽鐵
11605,夜叉學士缽鐵
11606,夜叉術士缽鐵
11607,夜叉豪士腹當
11608,夜叉槍士鬥衣
11609,夜叉拳士鬥衣
11610,夜叉弓士道衣
11611,夜叉間士鬥衣
11612,夜叉學士道衣
11613,夜叉術士道衣
11614,夜叉豪士籠手
11615,夜叉槍士手甲
11616,夜叉拳士手甲
11617,夜叉弓士護手
11618,夜叉間士手甲
11619,夜叉學士手甲
11620,夜叉術士手甲
11621,夜叉豪士帶
11622,夜叉槍士帶
11623,夜叉拳士帶
11624,夜叉弓士帶
11625,夜叉間士帶
11626,夜叉學士帶
11627,夜叉術士帶
11628,夜叉豪士佩楯
11629,夜叉槍士佩楯
11630,夜叉拳士佩楯
11631,夜叉弓士佩楯
11632,夜叉間士佩楯
11633,夜叉學士袴
11634,夜叉術士袴
11635,夜叉豪士護脛
11636,夜叉槍士護脛
11637,夜叉拳士護脛
11638,夜叉弓士護脛
11639,夜叉間士護脛
11640,夜叉學士纏足
11641,夜叉術士纏足
11642,夜叉豪士耳飾
11643,夜叉鬥士耳飾
11644,夜叉弓士耳飾
11645,夜叉學士耳飾
11646,夜叉術士耳飾
11647,夜叉豪士首飾
11648,夜叉鬥士首飾
11649,夜叉弓士首飾
11650,夜叉學士首飾
11651,夜叉術士首飾
11652,夜叉豪士手飾
11653,夜叉鬥士手飾
11654,夜叉弓士手飾
11655,夜叉學士手飾
11656,夜叉術士手飾
11657,夜叉豪士指飾
11658,夜叉鬥士指飾
11659,夜叉弓士指飾
11660,夜叉學士指飾
11661,夜叉術士指飾
11662,鬼切·改
11663,千手·改
11664,公時·改
11665,岩融·改
11666,雷上動·改
11667,大保昌·改
11668,蜘蛛切丸·改
11669,國友·改
11670,真榊·改
11671,九條·改
11672,五行相剋·改
11673,五行相生·改
11674,天干地支·改
11675,阿修羅大盾
11676,阿修羅豪士缽鐵
11677,阿修羅槍士缽鐵
11678,阿修羅拳士缽鐵
11679,阿修羅弓士缽鐵
11680,阿修羅間士缽鐵
11681,阿修羅學士缽鐵
11682,阿修羅術士缽鐵
11683,阿修羅豪士腹當
11684,阿修羅槍士鬥衣
11685,阿修羅拳士鬥衣
11686,阿修羅弓士道衣
11687,阿修羅間士道衣
11688,阿修羅學士道衣
11689,阿修羅術士道衣
11690,阿修羅豪士籠手
11691,阿修羅槍士手甲
11692,阿修羅拳士手甲
11693,阿修羅弓士護手
11694,阿修羅間士手甲
11695,阿修羅學士手甲
11696,阿修羅術士手甲
11697,阿修羅豪士帶
11698,阿修羅槍士帶
11699,阿修羅拳士帶
11700,阿修羅弓士帶
11701,阿修羅間士帶
11702,阿修羅學士帶
11703,阿修羅術士帶
11704,阿修羅豪士佩楯
11705,阿修羅槍士佩楯
11706,阿修羅拳士佩楯
11707,阿修羅弓士佩楯
11708,阿修羅間士佩楯
11709,阿修羅學士袴
11710,阿修羅術士袴
11711,阿修羅豪士護脛
11712,阿修羅槍士護脛
11713,阿修羅拳士護脛
11714,阿修羅弓士護脛
11715,阿修羅間士護脛
11716,阿修羅學士護脛
11717,阿修羅術士護脛
11718,阿修羅豪士耳飾
11719,阿修羅鬥士耳飾
11720,阿修羅弓士耳飾
11721,阿修羅學士耳飾
11722,阿修羅術士耳飾
11723,阿修羅豪士首飾
11724,阿修羅鬥士首飾
11725,阿修羅弓士首飾
11726,阿修羅學士首飾
11727,阿修羅術士首飾
11728,阿修羅豪士手飾
11729,阿修羅鬥士手飾
11730,阿修羅弓士手飾
11731,阿修羅學士手飾
11732,阿修羅術士手飾
11733,阿修羅豪士指飾
11734,阿修羅鬥士指飾
11735,阿修羅弓士指飾
11736,阿修羅學士指飾
11737,阿修羅術士指飾
11738,禦敵熾熱腰帶
11739,制敵熾熱腰帶
11740,強襲熾熱腰帶
11741,精準熾熱腰帶
11742,游擊熾熱腰帶
11743,治癒熾熱腰帶
11744,詠咒熾熱腰帶
11745,禦敵熾熱耳墜
11746,強攻熾熱耳墜
11747,精準熾熱耳墜
11748,治癒熾熱耳墜
11749,詠咒熾熱耳墜
11750,禦敵熾熱項環
11751,強攻熾熱項環
11752,精準熾熱項環
11753,治癒熾熱項環
11754,詠咒熾熱項環
11755,禦敵熾熱手鐲
11756,強攻熾熱手鐲
11757,精準熾熱手鐲
11758,治癒熾熱手鐲
11759,詠咒熾熱手鐲
11760,禦敵熾熱指環
11761,強攻熾熱指環
11762,精準熾熱指環
11763,治癒熾熱指環
11764,詠咒熾熱指環
11765,高潔之劍
11766,旭日
11767,羅摩斧
11768,貫雷槍布里歐納克
11769,撥鈴波琴弓
11770,不動行光
11771,死亡使者
11772,斐迪南
11773,熾天使杖
11774,彎月杖
11775,四方天使錄
11776,幾何原本
11777,天宇星象
11778,聖女盾
11779,忠騎翼冠
11780,忠騎胸甲
11781,忠騎手鎧
11782,忠騎腿甲
11783,忠騎鎧靴
11784,秘武王冠
11785,秘武鬥服
11786,秘武護腕
11787,秘武鬥褲
11788,秘武鬥鞋
11789,凶戰頭盔
11790,凶戰胸甲
11791,凶戰護手
11792,凶戰馬褲
11793,凶戰戰靴
11794,槍龍凶眼頭盔
11795,槍龍飛翼戰鎧
11796,槍龍臂甲
11797,槍龍腿甲
11798,槍龍鎧靴
11799,敘詩包頭巾
11800,敘詩斗篷
11801,敘詩掛肩手套
11802,敘詩緊身褲
11803,敘詩長靴
11804,伊賀頭巾
11805,伊賀忍服
11806,伊賀手甲
11807,伊賀袴
11808,伊賀纏足
11809,混沌輕盔
11810,混沌胸甲
11811,混沌手鎧
11812,混沌重足鎧
11813,混沌鎖甲靴
11814,機工護目鏡
11815,機工襯衫
11816,機工手套
11817,機工襯褲
11818,機工長靴
11819,白祈兜帽
11820,白祈長袍
11821,白祈半指護手
11822,白祈短裙
11823,白祈長靴
11824,黑咒三角帽
11825,黑咒魔術服
11826,黑咒手套
11827,黑咒褲襪
11828,黑咒長靴
11829,喚魂長角
11830,喚魂長衫
11831,喚魂護臂
11832,喚魂腰布裙
11833,喚魂涼鞋
11834,學術禮帽
11835,學術長袍
11836,學術手套
11837,學術裙褲
11838,學術長靴
11839,司天寬邊帽
11840,司天長袍
11841,司天手套
11842,司天馬褲
11843,司天皮靴
11844,禦敵寓言腰帶
11845,制敵寓言腰帶
11846,強襲寓言腰帶
11847,精準寓言腰帶
11848,游擊寓言腰帶
11849,治癒寓言腰帶
11850,詠咒寓言腰帶
11851,禦敵寓言耳墜
11852,強攻寓言耳墜
11853,精準寓言耳墜
11854,治癒寓言耳墜
11855,詠咒寓言耳墜
11856,禦敵寓言項環
11857,強攻寓言項環
11858,精準寓言項環
11859,治癒寓言項環
11860,詠咒寓言項環
11861,禦敵寓言手鐲
11862,強攻寓言手鐲
11863,精準寓言手鐲
11864,治癒寓言手鐲
11865,詠咒寓言手鐲
11866,禦敵寓言指環
11867,強攻寓言指環
11868,精準寓言指環
11869,治癒寓言指環
11870,詠咒寓言指環
11871,靈銀圓手鋸
11872,硬銀手鋸
11873,白鈦圓手鋸
11874,堅鋼手鋸
11875,靈銀鍛造錘
11876,白鈦橫頭錘
11877,白鈦鍛造錘
11878,堅鋼橫頭錘
11879,靈銀圓頭錘
11880,白鈦球頂錘
11881,白鈦圓頭錘
11882,堅鋼球頂錘
11883,靈銀工藝錘
11884,硬銀金工錘
11885,硬銀工藝錘
11886,皇金金工錘
11887,靈銀圓革刀
11888,白鈦皮革刀
11889,硬銀圓革刀
11890,皇金皮革刀
11891,靈銀縫針
11892,硬銀縫針
11893,龍牙縫針
11894,獅鷲縫針
11895,靈銀蒸餾器
11896,硬銀蒸餾器
11897,白鈦蒸餾器
11898,堅鋼蒸餾器
11899,仙人掌煎鍋
11900,白鈦煎鍋
11901,曼德拉戰隊煎鍋
11902,堅鋼煎鍋
11903,靈銀十字鎬
11904,硬銀十字鎬
11905,白鈦十字鎬
11906,堅鋼十字鎬
11907,靈銀手斧
11908,白鈦手斧
11909,硬銀手斧
11910,堅鋼手斧
11911,雪松釣竿
11912,暗栗木釣竿
11913,祝聖栗木釣竿
11914,樺木釣竿
11915,靈銀羊角錘
11916,白鈦羊角錘
11917,堅鋼羊角錘
11918,堅鋼加固羊角錘
11919,靈銀銼刀
11920,白鈦銼刀
11921,堅鋼銼刀
11922,堅鋼加固銼刀
11923,靈銀手鉗
11924,白鈦手鉗
11925,堅鋼手鉗
11926,堅鋼加固手鉗
11927,星極砂輪機
11928,白雲母砂輪機
11929,龍鱗砂輪機
11930,金雲母砂輪機
11931,靈銀平斬
11932,白鈦平斬
11933,堅鋼平斬
11934,堅鋼加固平斬
11935,聖雪松紡車
11936,暗栗木紡車
11937,樺木紡車
11938,星樺木紡車
11939,靈銀研缽
11940,白鈦研缽
11941,堅鋼研缽
11942,堅鋼加固研缽
11943,靈銀廚刀
11944,白鈦廚刀
11945,堅鋼廚刀
11946,堅鋼加固廚刀
11947,靈銀碎石錘
11948,白鈦碎石錘
11949,堅鋼碎石錘
11950,堅鋼加固碎石錘
11951,靈銀鐮刀
11952,白鈦鐮刀
11953,堅鋼鐮刀
11954,堅鋼加固鐮刀
11955,靈銀巧匠護目鏡
11956,聖虹布無簷帽
11957,青麻巧匠包頭巾
11958,老匠帽
11959,奇美纖維巧匠包頭巾
11960,古鳥革巧匠外套
11961,聖虹布短上衣
11962,青麻巧匠工作坎肩
11963,老匠外衣
11964,奇美纖維巧匠工作坎肩
11965,古鳥革巧匠手套
11966,聖虹布禮服手套
11967,長頸駝革半指手套
11968,老匠手套
11969,安菲瑟龍革半指手套
11970,聖虹布圍裙
11971,巨龍革巧匠腰帶
11972,獅鷲革工具腰帶
11973,古鳥革巧匠馬褲
11974,聖虹布打底褲
11975,青麻短裙
11976,老匠騎兵褲
11977,奇美纖維短裙
11978,古鳥革巧匠長筒靴
11979,聖虹布禮鞋
11980,長頸駝革皮靴
11981,老匠長靴
11982,安菲瑟龍革皮靴
11983,靈銀大地護目鏡
11984,聖虹布草帽
11985,長頸駝革翻邊帽
11986,先驅圍巾
11987,安菲瑟龍革翻邊帽
11988,古鳥革大地外套
11989,飛龍革皮衣
11990,長頸駝革坎肩
11991,先驅坎肩
11992,安菲瑟龍革坎肩
11993,古鳥革大地手套
11994,聖虹布工作手套
11995,長頸駝革手套
11996,先驅護腕
11997,安菲瑟龍革手套
11998,飛龍革野戰腰帶
11999,巨龍革大地腰帶
12000,獅鷲革生存腰帶
12001,古鳥革大地馬褲
12002,飛龍革及膝褲
12003,青麻大地軟甲褲
12004,先驅工作褲
12005,奇美纖維軟甲褲
12006,古鳥革大地長筒靴
12007,飛龍革工作靴
12008,長頸駝革流蘇靴
12009,先驅皮靴
12010,安菲瑟龍革流蘇靴
12011,聖雪松項鍊
12012,祝聖栗木項鍊
12013,星樺木項鍊
12014,聖雪松腕環
12015,祝聖栗木腕環
12016,星樺木腕環
12017,雪人利齒耳墜
12018,龍牙耳墜
12019,皇金巧匠耳環
12020,聖雪松指環
12021,祝聖栗木指環
12022,星樺木指環
12023,飛龍革項環
12024,巨龍革項環
12025,獅鷲革項環
12026,飛龍革手環
12027,巨龍革手環
12028,獅鷲革手環
12029,靈銀大地耳環
12030,硬銀大地耳環
12031,皇金大地耳環
12032,飛龍革指環
12033,巨龍革指環
12034,獅鷲革指環
12035,野玫瑰頭巾
12036,野玫瑰鎧甲
12037,野玫瑰護臂
12038,野玫瑰馬褲
12039,野玫瑰皮靴
12040,演技教材·火盆舞
12041,演技教材·對拳
12042,蒼天煙花
12043,
12044,萌神樂團
12045,黑巧兒信差
12046,迷你凱因
12047,迷你塔塔露
12048,迷你希德
12049,獨角幼獸
12050,袞杜玩偶
12051,小小亞特蒙斯
12052,貓頭小鷹
12053,醜小鴨
12054,風箏小貓
12055,發條推車
12056,小熊貓
12057,63頁
12058,鐵小人
12059,獅鷲寶寶
12060,迷你冰之巫女
12061,格斯塔拉
12062,7號蒸氣小戰車
12063,皇家凶惡巨獸寶寶
12064,追蹤系統
12065,迷你夕霧
12066,卡邦庫爾 橄欖石
12067,卡邦庫爾 金綠寶石
12068,
12069,淘金熱
12070,
12071,騰雲蛇角笛
12072,獅鷲角笛
12073,破魔艇鑰匙
12074,戰豹鈴
12075,黑陸行鳥笛
12076,哥布林戰車齒輪
12077,崇山陸行鳥半裝甲
12078,崇山陸行鳥裝甲
12079,
12080,貴族裝甲
12081,高地裝甲
12082,俾斯麥裝甲
12083,羅波那裝甲
12084,山岳座椅
12085,山岳圓桌
12086,山岳午茶組合
12087,招財寶
12088,東方早餐組合
12089,生日蛋糕
12090,三層蛋糕架
12091,東方晚餐組合
12092,海濱午餐組合
12093,東方風鈴
12094,玩具箱
12095,林間隔離矮牆
12096,綠洲隔離矮牆
12097,酒桶架
12098,展示台
12099,金碟模型
12100,王家會議桌
12101,宴會圓桌
12102,金碟櫃台
12103,熊皮地毯
12104,戈耳狄寫字臺
12105,戈耳狄零式寫字臺
12106,戈耳狄座椅
12107,戈耳狄零式座椅
12108,星藍石音樂盒
12109,星紅石音樂盒
12110,九宮幻卡對戰台
12111,俾斯麥靈泉
12112,雲神靈泉
12113,莫古利綠雕
12114,看板
12115,曬衣杆
12116,無鋒劍柯塔納半成品（複製品）
12117,無鋒劍柯塔納（複製品）
12118,無鋒劍柯塔納·天極（複製品）
12119,無鋒劍柯塔納·魂晶（複製品）
12120,無鋒劍柯塔納·魂靈（複製品）
12121,無鋒劍柯塔納·新星（複製品）
12122,無鋒劍柯塔納·鎮魂（複製品）
12123,王者之劍（複製品）
12124,王者之劍·本我（複製品）
12125,釋法來半成品（複製品）
12126,釋法來（複製品）
12127,釋法來·天極（複製品）
12128,釋法來·魂晶（複製品）
12129,釋法來·魂靈（複製品）
12130,釋法來·新星（複製品）
12131,釋法來·鎮魂（複製品）
12132,帝王拳套（複製品）
12133,帝王拳套·本我（複製品）
12134,勇悍斧半成品（複製品）
12135,勇悍斧（複製品）
12136,勇悍斧·天極（複製品）
12137,勇悍斧·魂晶（複製品）
12138,勇悍斧·魂靈（複製品）
12139,勇悍斧·新星（複製品）
12140,勇悍斧·鎮魂（複製品）
12141,諸神黃昏斧（複製品）
12142,諸神黃昏斧·本我（複製品）
12143,穿心槍蓋博爾格半成品（複製品）
12144,穿心槍蓋博爾格（複製品）
12145,穿心槍蓋博爾格·天極（複製品）
12146,穿心槍蓋博爾格·魂晶（複製品）
12147,穿心槍蓋博爾格·魂靈（複製品）
12148,穿心槍蓋博爾格·新星（複製品）
12149,穿心槍蓋博爾格·鎮魂（複製品）
12150,聖槍朗基努斯（複製品）
12151,聖槍朗基努斯·本我（複製品）
12152,月神之弓半成品（複製品）
12153,月神之弓（複製品）
12154,月神之弓·天極（複製品）
12155,月神之弓·魂晶（複製品）
12156,月神之弓·魂靈（複製品）
12157,月神之弓·新星（複製品）
12158,月神之弓·鎮魂（複製品）
12159,與一之弓（複製品）
12160,與一之弓·本我（複製品）
12161,吉光半成品（複製品）
12162,吉光（複製品）
12163,吉光·天極（複製品）
12164,吉光·魂晶（複製品）
12165,吉光·魂靈（複製品）
12166,吉光·新星（複製品）
12167,吉光·鎮魂（複製品）
12168,佐助之刀（複製品）
12169,佐助之刀·本我（複製品）
12170,酒神杖半成品（複製品）
12171,酒神杖（複製品）
12172,酒神杖·天極（複製品）
12173,酒神杖·魂晶（複製品）
12174,酒神杖·魂靈（複製品）
12175,酒神杖·新星（複製品）
12176,酒神杖·鎮魂（複製品）
12177,涅槃杖（複製品）
12178,涅槃杖·本我（複製品）
12179,星塵杖半成品（複製品）
12180,星塵杖（複製品）
12181,星塵杖·天極（複製品）
12182,星塵杖·魂晶（複製品）
12183,星塵杖·魂靈（複製品）
12184,星塵杖·新星（複製品）
12185,星塵杖·鎮魂（複製品）
12186,莉莉絲魔杖（複製品）
12187,莉莉絲魔杖·本我（複製品）
12188,綠瞳列傳半成品（複製品）
12189,綠瞳列傳（複製品）
12190,綠瞳列傳·天極（複製品）
12191,綠瞳列傳·魂晶（複製品）
12192,綠瞳列傳·魂靈（複製品）
12193,綠瞳列傳·新星（複製品）
12194,綠瞳列傳·鎮魂（複製品）
12195,啟示錄（複製品）
12196,啟示錄·本我（複製品）
12197,萬辭全書半成品（複製品）
12198,萬辭全書（複製品）
12199,萬辭全書·天極（複製品）
12200,萬辭全書·魂晶（複製品）
12201,萬辭全書·魂靈（複製品）
12202,萬辭全書·新星（複製品）
12203,萬辭全書·鎮魂（複製品）
12204,最後底牌（複製品）
12205,最後底牌·本我（複製品）
12206,神聖盾（複製品）
12207,神聖盾·天極（複製品）
12208,神聖盾·魂晶（複製品）
12209,神聖盾·魂靈（複製品）
12210,神聖盾·新星（複製品）
12211,神聖盾·鎮魂（複製品）
12212,聖盾艾癸斯（複製品）
12213,聖盾艾癸斯·本我（複製品）
12214,1級遊戲乙太轉輪
12215,2級遊戲乙太轉輪
12216,3級遊戲乙太轉輪
12217,1級遊戲充電轉輪
12218,2級遊戲充電轉輪
12219,3級遊戲充電轉輪
12220,紅莫柯草
12221,鐵刀木
12222,合成生物的粗皮
12223,蒼天石原石
12224,藍鐵礦
12225,深紅水晶
12226,深紅晶簇
12227,深綠水晶
12228,深綠晶簇
12229,深藍水晶
12230,深藍晶簇
12231,致遠帆布
12232,鐵刀木木材
12233,亞拉戈高位合成獸革
12234,魯冰花叢
12235,探險家篝火
12236,蟲珀
12237,飛空艇登記票
12238,礦物傳承錄·庫爾札斯篇
12239,礦物傳承錄·德拉瓦尼亞篇
12240,礦物傳承錄·阿巴拉提亞篇
12241,陳舊的古鳥革地圖
12242,陳舊的飛龍革地圖
12243,陳舊的巨龍革地圖
12244,木工秘笈第三卷
12245,鍛冶秘笈第三卷
12246,甲胄秘笈第三卷
12247,金工秘笈第三卷
12248,皮革秘笈第三卷
12249,裁縫秘笈第三卷
12250,鍊金秘笈第三卷
12251,烹調秘笈第三卷
12252,夸爾女王的枝角
12253,究極武器原型裝甲板
12254,戈耳狄齒輪
12255,戈耳狄大齒輪
12256,俾斯麥之角
12257,俾斯麥魔角
12258,羅波那之翅
12259,羅波那魔翅
12260,九宮幻卡：獅鷲
12261,九宮幻卡：刁曼
12262,九宮幻卡：露琪亞
12263,九宮幻卡：霧中行者夕霧
12264,九宮幻卡：艾斯蒂尼安
12265,九宮幻卡：艾默里克
12266,九宮幻卡：幻龍米德加爾特
12267,九宮幻卡：瓦努族
12268,九宮幻卡：骨頜族
12269,九宮幻卡：風箏貓
12270,九宮幻卡：瑪托雅
12271,九宮幻卡：尼德霍格
12272,九宮幻卡：伊塞勒
12273,九宮幻卡：胖陸行鳥
12274,九宮幻卡：羅波那
12275,九宮幻卡：俾斯麥
12276,九宮幻卡：艾德蒙·德·福爾唐
12277,九宮幻卡：奧爾什方
12278,九宮幻卡：希爾妲
12279,九宮幻卡：比布羅斯
12280,凶惡巨獸王之劍
12281,升龍之牙
12282,凶惡巨獸王之斧
12283,凶惡巨獸女王之槍
12284,最後的獨角獸之弓
12285,墮龍之爪
12286,凶惡巨獸領主之劍
12287,最後的獨角獸之火槍
12288,白獅鷲之杖
12289,黑獅鷲之杖
12290,黑獅鷲之書
12291,白獅鷲之書
12292,白獅鷲之儀
12293,凶惡巨獸王之盾
12294,凶惡巨獸王戰盔
12295,凶惡巨獸王戰甲
12296,凶惡巨獸王手鎧
12297,凶惡巨獸王腰帶
12298,凶惡巨獸王腿甲
12299,凶惡巨獸王鎧靴
12300,凶惡巨獸女王戰盔
12301,凶惡巨獸女王戰甲
12302,凶惡巨獸女王手鎧
12303,凶惡巨獸女王腰帶
12304,凶惡巨獸女王腿甲
12305,凶惡巨獸女王鎧靴
12306,升龍戰盔
12307,升龍皮甲
12308,升龍手套
12309,升龍腰帶
12310,升龍束膝褲
12311,升龍鬥鞋
12312,最後的獨角獸之角
12313,最後的獨角獸長袍
12314,最後的獨角獸護臂
12315,最後的獨角獸腰帶
12316,最後的獨角獸長裙
12317,最後的獨角獸腿甲靴
12318,墮龍戰盔
12319,墮龍皮甲
12320,墮龍手套
12321,墮龍腰帶
12322,墮龍束膝褲
12323,墮龍鬥鞋
12324,白獅鷲兜帽
12325,白獅鷲長袍
12326,白獅鷲手套
12327,白獅鷲腰帶
12328,白獅鷲褲襪
12329,白獅鷲筒靴
12330,黑獅鷲兜帽
12331,黑獅鷲長袍
12332,黑獅鷲手套
12333,黑獅鷲腰帶
12334,黑獅鷲褲襪
12335,黑獅鷲筒靴
12336,獸王禦敵項環
12337,獸王禦敵手鐲
12338,獸王禦敵耳墜
12339,獸王禦敵指環
12340,獸王強攻項環
12341,獸王強攻手鐲
12342,獸王強攻耳墜
12343,獸王強攻指環
12344,獸王精準項環
12345,獸王精準手鐲
12346,獸王精準耳墜
12347,獸王精準指環
12348,獸王治癒項環
12349,獸王治癒手鐲
12350,獸王治癒耳墜
12351,獸王治癒指環
12352,獸王詠咒項環
12353,獸王詠咒手鐲
12354,獸王詠咒耳墜
12355,獸王詠咒指環
12356,伊修加爾德騎士項環
12357,伊修加爾德騎士手鐲
12358,伊修加爾德騎士耳墜
12359,伊修加爾德騎士指環
12360,伊修加爾德僧侶項環
12361,伊修加爾德僧侶手鐲
12362,伊修加爾德僧侶耳墜
12363,伊修加爾德僧侶指環
12364,伊修加爾德先驅項環
12365,伊修加爾德先驅手鐲
12366,伊修加爾德先驅耳墜
12367,伊修加爾德先驅指環
12368,伊修加爾德教士項環
12369,伊修加爾德教士手鐲
12370,伊修加爾德教士耳墜
12371,伊修加爾德教士指環
12372,伊修加爾德史學家項環
12373,伊修加爾德史學家手鐲
12374,伊修加爾德史學家耳墜
12375,伊修加爾德史學家指環
12376,藍天突襲項環
12377,藍天突襲手鐲
12378,藍天突襲耳墜
12379,藍天突襲指環
12380,藍天暴斧項環
12381,藍天暴斧手鐲
12382,藍天暴斧耳墜
12383,藍天暴斧指環
12384,藍天獵手項環
12385,藍天獵手手鐲
12386,藍天獵手耳墜
12387,藍天獵手指環
12388,藍天賢者項環
12389,藍天賢者手鐲
12390,藍天賢者耳墜
12391,藍天賢者指環
12392,藍天巫者項環
12393,藍天巫者手鐲
12394,藍天巫者耳墜
12395,藍天巫者指環
12396,正教禦敵項環
12397,正教禦敵手鐲
12398,正教禦敵耳墜
12399,正教禦敵指環
12400,正教強攻項環
12401,正教強攻手鐲
12402,正教強攻耳墜
12403,正教強攻指環
12404,正教精準項環
12405,正教精準手鐲
12406,正教精準耳墜
12407,正教精準指環
12408,正教治癒項環
12409,正教治癒手鐲
12410,正教治癒耳墜
12411,正教治癒指環
12412,正教詠咒項環
12413,正教詠咒手鐲
12414,正教詠咒耳墜
12415,正教詠咒指環
12416,戰女神判官項環
12417,戰女神判官手鐲
12418,戰女神判官耳墜
12419,戰女神判官指環
12420,戰女神修士項環
12421,戰女神修士手鐲
12422,戰女神修士耳墜
12423,戰女神修士指環
12424,戰女神審官項環
12425,戰女神審官手鐲
12426,戰女神審官耳墜
12427,戰女神審官指環
12428,戰女神祭司項環
12429,戰女神祭司手鐲
12430,戰女神祭司耳墜
12431,戰女神祭司指環
12432,戰女神驅魔項環
12433,戰女神驅魔手鐲
12434,戰女神驅魔耳墜
12435,戰女神驅魔指環
12436,薩雷安管理者項環
12437,薩雷安管理者手鐲
12438,薩雷安管理者耳墜
12439,薩雷安管理者指環
12440,薩雷安混鬥者項環
12441,薩雷安混鬥者手鐲
12442,薩雷安混鬥者耳墜
12443,薩雷安混鬥者指環
12444,薩雷安監督者項環
12445,薩雷安監督者手鐲
12446,薩雷安監督者耳墜
12447,薩雷安監督者指環
12448,薩雷安訓導者項環
12449,薩雷安訓導者手鐲
12450,薩雷安訓導者耳墜
12451,薩雷安訓導者指環
12452,薩雷安哲學者項環
12453,薩雷安哲學者手鐲
12454,薩雷安哲學者耳墜
12455,薩雷安哲學者指環
12456,瓦雷利亞驚恐騎士項環
12457,瓦雷利亞驚恐騎士手鐲
12458,瓦雷利亞驚恐騎士耳墜
12459,瓦雷利亞驚恐騎士指環
12460,瓦雷利亞走私項環
12461,瓦雷利亞走私手鐲
12462,瓦雷利亞走私耳墜
12463,瓦雷利亞走私指環
12464,瓦雷利亞槍手項環
12465,瓦雷利亞槍手手鐲
12466,瓦雷利亞槍手耳墜
12467,瓦雷利亞槍手指環
12468,瓦雷利亞薩滿項環
12469,瓦雷利亞薩滿手鐲
12470,瓦雷利亞薩滿耳墜
12471,瓦雷利亞薩滿指環
12472,瓦雷利亞巫師項環
12473,瓦雷利亞巫師手鐲
12474,瓦雷利亞巫師耳墜
12475,瓦雷利亞巫師指環
12476,猞牙戰盔
12477,猞牙胸甲
12478,猞牙手鎧
12479,猞牙馬褲
12480,猞牙鎧靴
12481,猞牙腰帶
12482,猞式戰盔
12483,猞式胸甲
12484,猞式手鎧
12485,猞式馬褲
12486,猞式鎧靴
12487,猞式腰帶
12488,鸚喙面罩
12489,鸚喙外套
12490,鸚喙手套
12491,鸚喙馬褲
12492,鸚喙長靴
12493,鸚喙腰帶
12494,鸚式面罩
12495,鸚式外套
12496,鸚式手套
12497,鸚式馬褲
12498,鸚式長靴
12499,鸚式腰帶
12500,梟視兜帽
12501,梟視長袍
12502,梟視護臂
12503,梟視騎兵褲
12504,梟視長靴
12505,梟視腰帶
12506,梟式兜帽
12507,梟式長袍
12508,梟式護臂
12509,梟式騎兵褲
12510,梟式長靴
12511,梟式腰帶
12512,
12513,野戰指揮官盔帽
12514,野戰指揮官外套
12515,野戰指揮官手套
12516,野戰指揮官工作褲
12517,野戰指揮官筒靴
12518,靈銀塊
12519,靈銀錠
12520,硬銀塊
12521,硬銀錠
12522,皇金塊
12523,皇金錠
12524,白鈦塊
12525,白鈦錠
12526,堅鋼塊
12527,堅鋼錠
12528,靈銀鉚釘
12529,白鈦鉚釘
12530,堅鋼鉚釘
12531,靈銀沙
12532,硬銀沙
12533,皇金沙
12534,靈銀礦
12535,硬銀礦
12536,皇金礦
12537,白鈦礦
12538,堅鋼礦
12539,白雲母
12540,金雲母
12541,水淙石
12542,虎眼石
12543,瑪瑙
12544,星紅石
12545,星藍石
12546,蛋白石
12547,黃水晶
12548,貴橄欖石
12549,煙晶
12550,紅玉髓
12551,水淙石原石
12552,虎眼石原石
12553,瑪瑙原石
12554,星紅石原石
12555,星藍石原石
12556,蛋白石原石
12557,黃水晶原石
12558,貴橄欖石原石
12559,煙晶原石
12560,紅玉髓原石
12561,白雲母磨刀石
12562,古鳥革
12563,飛龍革
12564,長頸駝革
12565,巨龍革
12566,安菲瑟龍革
12567,獅鷲革
12568,古鳥的粗皮
12569,飛龍的粗皮
12570,長頸駝的粗皮
12571,巨龍的粗皮
12572,安菲瑟龍的粗皮
12573,獅鷲的粗皮
12574,巨熊的粗皮
12575,雪人之牙
12576,巨龍之牙
12577,獅鷲鉤爪
12578,暗栗木原木
12579,樺木原木
12580,聖雪松材
12581,暗栗木木材
12582,祝聖栗木木材
12583,樺木木材
12584,星樺木木材
12585,暗栗樹枝
12586,樺樹枝
12587,金合歡樹皮
12588,虹布
12589,聖虹布
12590,青麻布
12591,聖青麻布
12592,奇美纖維
12593,星絹布
12594,虹線
12595,青麻線
12596,毛蟲絲
12597,虹棉
12598,青麻
12599,奇美鬃毛
12600,毛蟲繭
12601,靈銀附魔墨水
12602,硬銀附魔墨水
12603,皇金附魔墨水
12604,聖水
12605,祝聖水
12606,星極油
12607,植物成長劑5型
12608,植物成長劑6型
12609,熊脂
12610,水晶玻璃片
12611,黑火藥
12612,1級剛力鍊金溶劑
12613,1級巧力鍊金溶劑
12614,1級耐力鍊金溶劑
12615,1級智力鍊金溶劑
12616,1級意力鍊金溶劑
12617,2級剛力鍊金溶劑
12618,2級巧力鍊金溶劑
12619,2級耐力鍊金溶劑
12620,2級智力鍊金溶劑
12621,2級意力鍊金溶劑
12622,剛力之龍藥
12623,巧力之龍藥
12624,耐力之龍藥
12625,智力之龍藥
12626,意力之龍藥
12627,龍鱗
12628,深瞳之淚
12629,長頸駝的唾液
12630,龍族之血
12631,德拉瓦尼亞天然水
12632,阿巴拉提亞天然水
12633,浮島泉水
12634,星極花
12635,明膠怪的肉
12636,雙足飛龍的翼膜
12637,寒冰陷阱草的葉子
12638,紫錐花
12639,菊蒿
12640,蒲公英
12641,貓薄荷
12642,芸香
12643,香菜
12644,皇金圓筒
12645,薩維奈鞣革
12646,薩維奈絹布
12647,亞特蒙斯的肉片
12648,金屬發條
12649,金屬軸承
12650,魯冰花苗
12651,鐵巨人的殘骸
12652,7號哥布林鋼板
12653,東方小判金幣
12654,玩具箱設計圖
12655,除臭明礬
12656,灌木樹苗
12657,莫古利的王冠
12658,黃昏鞣革
12659,木工師圖紙
12660,鍛造師圖紙
12661,甲冑師圖紙
12662,金工師圖紙
12663,皮革師圖紙
12664,裁縫師圖紙
12665,鍊金術師圖紙
12666,烹調師圖紙
12667,商用工程學指南
12668,商用生存學指南
12669,高級強心劑
12670,薩雷安木人
12671,向日葵花叢
12672,雲神圖騰
12673,武神圖騰
12674,戈耳狄透鏡
12675,戈耳狄長杆
12676,戈耳狄曲柄
12677,戈耳狄彈簧
12678,戈耳狄踏板
12679,戈耳狄鎖鏈
12680,戈耳狄螺栓
12681,第1頁戈耳狄斷章
12682,第2頁戈耳狄斷章
12683,第3頁戈耳狄斷章
12684,第4頁戈耳狄斷章
12685,
12686,
12687,
12688,
12689,
12690,
12691,
12692,
12693,
12694,
12695,
12696,
12697,
12698,草木傳承錄·庫爾札斯篇
12699,草木傳承錄·德拉瓦尼亞篇
12700,草木傳承錄·阿巴拉提亞篇
12701,魚類傳承錄·庫爾札斯篇
12702,魚類傳承錄·德拉瓦尼亞篇
12703,魚類傳承錄·阿巴拉提亞篇
12704,石蠅幼蟲
12705,土蜘蛛
12706,哥布林釣鉤
12707,葉片釣鉤
12708,紅氣球蟲
12709,熔岩蠕蟲
12710,惡魔蠕蟲
12711,殘暴水蛭
12712,巨型大蚊
12713,碎冰魚
12714,白雲珊瑚
12715,冰戰神
12716,天蟲
12717,
12718,山峰蟹
12719,利齒蛤蜊
12720,湖膽
12721,赤刺
12722,藍螯蝦
12723,星花
12724,冰川核
12725,魔角蝸牛
12726,黑巫魚
12727,熱破
12728,麻伊博伊
12729,三唇鯉
12730,牛蛙
12731,雲魚
12732,馬湖瓦伊
12733,石蚌
12734,飄浮蛋
12735,白影
12736,藍天珊瑚
12737,顯貴櫻鱒
12738,角菊石
12739,凸眼金魚
12740,草魚
12741,皮皮拉皮拉魚
12742,倒仰鯰魚
12743,親吻魚
12744,法冠蛞蝓
12745,熔岩鱟
12746,風暴核
12747,知識神杜父魚
12748,基迦石斑魚
12749,瓦努頭
12750,圖麗魚
12751,肺魚
12752,虎魚
12753,夕月天女
12754,花崗蟹
12755,火妖小馬
12756,船蟲
12757,螻蛄
12758,莫古球球
12759,岩漿樹
12760,雲上騎士
12761,德拉瓦尼亞鱸
12762,山地魨
12763,求雪魚
12764,龍骨魚
12765,冰神魚
12766,食冰水母
12767,多鰭魚
12768,白麗魚
12769,暗影鬚
12770,哥布面具
12771,藍色美杜莎
12772,鱗匠螺
12773,黑鞭
12774,小鈍口螈
12775,亞拉戈高位鋼盔鱟
12776,白金魚
12777,乙太之眼
12778,阿濟茲魚
12779,水晶鰭
12780,香魚
12781,蝴蝶魚
12782,百鰭
12783,秋葉魚
12784,魔帆
12785,天空清道夫
12786,岩漿虱
12787,隕龜
12788,魔科學物質123
12789,褐飛刀
12790,學士貝
12791,水劍魚
12792,西水弓鰭魚
12793,氣球魨
12794,朝日天女
12795,黃昏珊瑚
12796,白章魚
12797,龍魂
12798,龍捲鯊
12799,高風水母
12800,化石骨舌魚
12801,原型洛浦肯
12802,凱門鱷
12803,真光層巨骨舌魚
12804,青藍之手刺魚
12805,高天魚
12806,瓦斯魨
12807,魔魚
12808,不明飛行物
12809,溫泉醫生魚
12810,蛉蠍
12811,攀岩魚
12812,鮮血跳魚
12813,眼鏡蛇魚
12814,飛靈
12815,油鰻
12816,寶石水母
12817,戰艦魚
12818,星碼龍蝦
12819,內陸刺魚
12820,熔岩鯰魚
12821,無齒翼龍
12822,飛翼魴
12823,溫泉膽
12824,櫻鱒魚
12825,驚龜
12826,黑魔法魚
12827,桶眼魚
12828,落雷鰻
12829,飛貓殺手
12830,哲學骨舌魚
12831,沙利亞克鱷
12832,熔岩王
12833,妖精翼龍
12834,吸血魔毯
12835,風暴騎士
12836,狂鬥魚
12837,毛鱗魚
12838,製作紅票的票據
12839,製作藍票的票據
12840,採集紅票的票據
12841,採集藍票的票據
12842,伊修加爾德奶茶
12843,凍霧雞尾酒
12844,熱巧克力
12845,無花果奶凍
12846,索姆阿爾栗子蛋糕
12847,栗子冰糕
12848,焦糖烤布蕾
12849,凱撒麵包
12850,伊修加爾德瑪芬
12851,伊修加爾德三明治
12852,扁桃仁牛角麵包
12853,煎牛肝菌
12854,傘蘑沙拉
12855,鹽烤香魚
12856,菌蒸皮皮拉魚
12857,香烤湖膽
12858,石化雞蛇肉丸
12859,皇家蒸蛋
12860,俄刻阿尼斯炸肉排
12861,起司焗洋蔥湯
12862,洛夫坦山羊湯
12863,綠寶石湯
12864,鮮貝羹
12865,番茄海鮮濃湯
12866,菜包肉
12867,千層長頸駝焗野菜
12868,包心卡貝基
12869,千層長頸駝燉野菜
12870,鮮紅羅蘭莓派
12871,冠恐鳥蛋
12872,俄刻阿尼斯蛋
12873,洛夫坦山羊雪花肉
12874,長頸駝肉
12875,俄刻阿尼斯肉
12876,石化雞蛇肉
12877,小包心菜
12878,雲海洋蔥
12879,綠寶石豆
12880,高地小麥
12881,高地小麥粉
12882,庫爾札斯茶葉
12883,茴香
12884,庫爾札斯青蔥
12885,熔岩甜菜
12886,皇家可可豆粉
12887,美拉西迪亞芝麻
12888,犛牛奶
12889,伊修加爾德檸檬
12890,蛋黃醬
12891,樺木樹汁
12892,樺木糖漿
12893,毛栗子
12894,犛牛奶油
12895,發酵奶油
12896,舊世界無花果
12897,雲海香蕉
12898,傘蘑
12899,牛肝菌
12900,卡貝基野菜
12901,阿巴拉提亞岩鹽
12902,甜扁桃
12903,德拉瓦尼亞紅彩椒
12904,鮮紅羅蘭莓
12905,鮮湯寶
12906,醬油
12907,味噌
12908,高地乾麵
12909,長滿生苔的石刀
12910,長滿生苔的石槍
12911,長滿生苔的石盤
12912,蒼天石
12913,加隆德鋼
12914,深紅附魔墨水
12915,深紅高位附魔墨水
12916,翠綠附魔墨水
12917,翠綠高位附魔墨水
12918,碧藍附魔墨水
12919,碧藍高位附魔墨水
12920,天然黏土
12921,石粉黏土
12922,鍊金樹脂
12923,竹片
12924,輕木廢材
12925,輕木木材
12926,鍊金纖維
12927,魔科學纖維
12928,深色水晶
12929,深色晶簇
12930,
12931,高純度焦炭
12932,拉吉克硬化觸媒
12933,靈木樹液塊
12934,月光絲
12935,無味獸脂
12936,微光靈砂
12937,曉光靈砂
12938,大地靈砂
12939,大樹靈砂
12940,大海靈砂
12941,輝銅礦
12942,赤銅礦
12943,德拉瓦尼亞槲寄生
12944,阿巴拉提亞槲寄生
12945,紅明礬
12946,紅卵石
12947,綠卵石
12948,藍卵石
12949,黃卵石
12950,紫卵石
12951,紅圓石
12952,綠圓石
12953,藍圓石
12954,黃圓石
12955,紫圓石
12956,毛地黃
12957,刃葉
12958,飛龍菇
12959,虛無堅果
12960,黑天鵝之羽
12961,野生毛地黃
12962,劍葉
12963,巨龍菇
12964,蒼天堅果
12965,白天鵝之羽
12966,強火性岩
12967,強雷性岩
12968,赤玉土
12969,灰玉土
12970,黑土
12971,牛至
12972,留蘭
12973,鼠尾草
12974,一類木工收據
12975,一類鍛造收據
12976,一類甲冑收據
12977,一類金工收據
12978,一類皮革收據
12979,一類裁縫收據
12980,一類鍊金收據
12981,一類烹調收據
12982,一類石材收據
12983,一類木材收據
12984,一類魚類收據
12985,凶惡巨獸耳墜
12986,盧恩耳墜
12987,暗鱗黑龍禦敵腰帶
12988,暗鱗黑龍強攻腰帶
12989,暗鱗黑龍黑巫腰帶
12990,黑線鱈
12991,正教裝甲
12992,雙塔尼亞認證金鑰
12993,紅大陸行鳥笛
12994,黃金陸行鳥的羽毛
12995,白銀陸行鳥的羽毛
12996,騎士禦敵外套
12997,騎士制敵外套
12998,騎士強襲外套
12999,騎士精準作戰服
13000,騎士游擊外套
13001,騎士治癒工作服
13002,騎士詠咒工作服
13003,鐵巨人核心
13004,演技教材·勝利歡呼
13005,珍木大師手鋸
13006,鑌鐵大師鳥嘴錘
13007,戎甲大師圓頭錘
13008,鏤金大師工藝錘
13009,精革大師裁皮刀
13010,錦衣大師縫針
13011,煉真大師蒸餾器
13012,烹飪大師廚鍋
13013,珍木大師皮帽
13014,珍木大師圍裙
13015,珍木大師手套
13016,珍木大師工作褲
13017,珍木大師工作靴
13018,鑌鐵大師護目鏡
13019,鑌鐵大師圍裙
13020,鑌鐵大師手套
13021,鑌鐵大師工作褲
13022,鑌鐵大師涼鞋
13023,戎甲大師面罩
13024,戎甲大師圍裙
13025,戎甲大師工作手套
13026,戎甲大師工作褲
13027,戎甲大師工作靴
13028,鏤金大師頭冠
13029,鏤金大師外衣
13030,鏤金大師手甲
13031,鏤金大師軟甲褲
13032,鏤金大師涼鞋
13033,精革大師花帽
13034,精革大師圍裙
13035,精革大師手套
13036,精革大師軟甲褲
13037,精革大師工作靴
13038,錦衣大師禮帽
13039,錦衣大師外套
13040,錦衣大師手套
13041,錦衣大師長褲
13042,錦衣大師矮靴
13043,煉真大師眼鏡
13044,煉真大師長袍
13045,煉真大師手套
13046,煉真大師長裙
13047,煉真大師長筒靴
13048,烹飪大師廚帽
13049,烹飪大師圍裙
13050,烹飪大師手套
13051,烹飪大師軟甲褲
13052,烹飪大師矮靴
13053,
13054,
13055,傭人契約
13056,
13057,
13058,棺材板
13059,賽菲羅特樹液
13060,賽菲羅特魔液
13061,美容師傳喚鈴
13062,毛絨絨魅魔
13063,南瓜桌台
13064,星芒掛飾
13065,雙星掛飾
13066,星芒樹
13067,東方橘籃
13068,猴面達摩
13069,旅行筆錄
13070,東方午茶組合
13071,莊園爐
13072,莊園案板
13073,成堆的藏書
13074,零散的藏書
13075,東方圓桌
13076,瑪哈之棺
13077,魔菇座椅
13078,紅木隔板門
13079,南瓜座椅
13080,半心椅（右）
13081,半心椅（左）
13082,戀心床
13083,巧兒陸行鳥檯燈
13084,陸行鳥綠雕
13085,究極水壺
13086,究極水壺·天極
13087,究極水壺·鎮魂
13088,賽菲羅特之根
13089,魔神之樹
13090,多瑪芒草
13091,德拉瓦尼亞絨樹
13092,小型莫古外牆
13093,中型莫古外牆
13094,大型莫古外牆
13095,綠砂內牆
13096,莊園地板
13097,小仙女吊燈
13098,魔女掃帚
13099,魔女帽
13100,魔女短上衣
13101,魔女手套
13102,魔女長靴
13103,
13104,喜鵲兒
13105,
13106,
13107,
13108,
13109,
13110,
13111,野玫瑰裝甲
13112,迷你弗利歐尼爾
13113,南瓜管家
13114,無瑕白染劑
13115,煤玉黑染劑
13116,閃耀銀染劑
13117,閃耀金染劑
13118,福爾唐鳶盾
13119,方舟禦敵頭盔
13120,方舟禦敵戰甲
13121,方舟禦敵手鎧
13122,方舟禦敵長裙
13123,方舟禦敵鎧靴
13124,方舟禦敵腰帶
13125,方舟制敵頭盔
13126,方舟制敵戰鎧
13127,方舟制敵手鎧
13128,方舟制敵馬褲
13129,方舟制敵脛甲
13130,方舟制敵腰帶
13131,方舟強襲半假面
13132,方舟強襲外套
13133,方舟強襲半指手套
13134,方舟強襲軟甲褲
13135,方舟強襲長靴
13136,方舟強襲腰帶
13137,方舟精準無簷帽
13138,方舟精準短衣
13139,方舟精準手套
13140,方舟精準馬褲
13141,方舟精準長靴
13142,方舟精準腰帶
13143,方舟游擊無簷帽
13144,方舟游擊短衣
13145,方舟游擊手套
13146,方舟游擊馬褲
13147,方舟游擊皮靴
13148,方舟游擊腰帶
13149,方舟治癒寬邊帽
13150,方舟治癒長袍
13151,方舟治癒手套
13152,方舟治癒馬褲
13153,方舟治癒長靴
13154,方舟治癒腰帶
13155,方舟詠咒寬邊帽
13156,方舟詠咒長袍
13157,方舟詠咒手套
13158,方舟詠咒馬褲
13159,方舟詠咒長靴
13160,方舟詠咒腰帶
13161,狂妄船形帽
13162,狂妄長衣
13163,狂妄手套
13164,狂妄軟甲褲
13165,狂妄筒靴
13166,狂妄腰帶
13167,莽撞船形帽
13168,莽撞長衣
13169,莽撞手套
13170,莽撞軟甲褲
13171,莽撞筒靴
13172,莽撞腰帶
13173,紅盜寬邊帽
13174,紅盜外套
13175,紅盜手套
13176,紅盜軟甲褲
13177,紅盜皮靴
13178,紅盜腰帶
13179,匿盜寬邊帽
13180,匿盜外套
13181,匿盜手套
13182,匿盜軟甲褲
13183,匿盜皮靴
13184,匿盜腰帶
13185,鬼盜寬邊帽
13186,鬼盜外套
13187,鬼盜手套
13188,鬼盜軟甲褲
13189,鬼盜皮靴
13190,鬼盜腰帶
13191,瘟疫醫生面具
13192,瘟疫醫生長衣
13193,瘟疫醫生手套
13194,瘟疫醫生軟甲褲
13195,瘟疫醫生筒靴
13196,瘟疫醫生腰帶
13197,瘟疫使者面具
13198,瘟疫使者長衣
13199,瘟疫使者手套
13200,瘟疫使者軟甲褲
13201,瘟疫使者筒靴
13202,瘟疫使者腰帶
13203,狂妄項環
13204,狂妄耳墜
13205,狂妄手鐲
13206,狂妄戒指
13207,莽撞項環
13208,莽撞耳墜
13209,莽撞手鐲
13210,莽撞戒指
13211,匿盜項環
13212,匿盜耳墜
13213,匿盜手鐲
13214,匿盜戒指
13215,瘟疫醫生項環
13216,瘟疫醫生耳墜
13217,瘟疫醫生手鐲
13218,瘟疫醫生戒指
13219,瘟疫使者項環
13220,瘟疫使者耳墜
13221,瘟疫使者手鐲
13222,瘟疫使者戒指
13223,全能劍阿爾瑪斯
13224,軍神護拳
13225,天雷神斧
13226,先鋒槍隆格米安特
13227,鋼迪瓦神弓
13228,神無
13229,諾統
13230,末日
13231,天威杖
13232,無盡魔源杖
13233,巨龍之書
13234,星象四書
13235,天津四天儀
13236,安喀勒盾
13237,蒼天之劍
13238,蒼天之拳
13239,蒼天之斧
13240,蒼天之戟
13241,蒼天之弓
13242,蒼天之刀
13243,蒼天之大劍
13244,蒼天之火
13245,蒼天之幻杖
13246,蒼天之咒杖
13247,蒼天之書
13248,蒼天之典
13249,蒼天之儀
13250,蒼天之盾
13251,兔女郎折耳
13252,黑兔女郎上衣
13253,黑兔女郎腕帶
13254,黑兔女郎網襪
13255,黑兔女郎禮鞋
13256,平頂帽
13257,紅色貝雷帽
13258,綠色貝雷帽
13259,白色貝雷帽
13260,基迦巨斧
13261,哥布林砲
13262,典雅無框眼鏡
13263,閱讀眼鏡
13264,遮光面罩
13265,燒雞帽
13266,高貴緊身上衣
13267,高貴馬褲
13268,高貴筒靴
13269,高貴鐘形帽
13270,高貴澎裙禮服
13271,高貴皮靴
13272,鷹獵人襯衫
13273,擊拳手套
13274,
13275,猴面雀兒
13276,青藍小手
13277,小小艾奇德娜
13278,迷你瑞姆
13279,獵鷹
13280,淺瞳
13281,企鵝王子
13282,發條雙塔尼亞
13283,葉小妖妖
13284,伊弗利特之形
13285,索恩王朝展示台
13286,圓桌裝甲
13287,天馬笛
13288,飛龍角笛
13289,盟友的肖像畫
13290,馴鹿茸角
13291,馴鹿手套
13292,馴鹿蹄靴
13293,聖人鬍鬚
13294,聖人帽
13295,勿視武士盔
13296,勿言武士盔
13297,勿聽武士盔
13298,黑羽平頂帽
13299,白金情人耳墜
13300,君子水干
13301,樟木禦敵項鍊
13302,荒神鋼禦敵耳墜
13303,樟木禦敵腕環
13304,荒神鋼禦敵指環
13305,樟木強攻項鍊
13306,荒神鋼強攻耳墜
13307,樟木強攻腕環
13308,荒神鋼強攻指環
13309,樟木精準項鍊
13310,荒神鋼精準耳墜
13311,樟木精準腕環
13312,荒神鋼精準指環
13313,樟木治癒項鍊
13314,荒神鋼治癒耳墜
13315,樟木治癒腕環
13316,荒神鋼治癒指環
13317,樟木詠咒項鍊
13318,荒神鋼詠咒耳墜
13319,樟木詠咒腕環
13320,荒神鋼詠咒指環
13321,敏菲利亞套裝
13322,雅·修朵拉厚袍
13323,桑克瑞德束腰衣
13324,血盟拳手面罩
13325,伊達衣裝
13326,帕帕力莫長袍
13327,尤里安傑僧袍
13328,風箏帽
13329,惡魔磚塊耳墜
13330,天水影流缽鐵
13331,天水影流鬥衣
13332,天水影流手甲
13333,天水影流佩楯
13334,天水影流護脛
13335,卡邦庫爾 黃寶石檯燈
13336,高級毛絨絨莫古利
13337,巴哈姆特模型
13338,
13339,星芒祭掛畫
13340,
13341,卡邦庫爾 紅寶石檯燈
13342,卡邦庫爾 綠寶石檯燈
13343,
13344,
13345,
13346,
13347,
13348,
13349,
13350,
13351,
13352,
13353,
13354,騎兵火爐
13355,多瑪風格雪屋
13356,
13357,雲海探索用桶裝青磷水
13358,雲海探索用青磷水兌換券
13359,
13360,九宮幻卡：深瞳
13361,九宮幻卡：古鳥
13362,九宮幻卡：猴面雀
13363,九宮幻卡：長頸駝
13364,九宮幻卡：邦達斯那奇
13365,九宮幻卡：爬蟲
13366,九宮幻卡：智蛙
13367,九宮幻卡：維茲爾弗尼爾
13368,九宮幻卡：夸爾女王
13369,九宮幻卡：炸彈之母
13370,九宮幻卡：劇毒美人
13371,九宮幻卡：艾奇德娜
13372,九宮幻卡：皮平·塔魯平
13373,九宮幻卡：茱莉安·曼德維爾
13374,九宮幻卡：莫古靈
13375,九宮幻卡：沙里貝爾
13376,九宮幻卡：朗德洛克斯
13377,九宮幻卡：仙人掌先生
13378,九宮幻卡：雷古拉·范·休著斯
13379,九宮幻卡：托爾丹七世
13380,九宮幻卡靈銀包
13381,落霧禦敵角盔
13382,落霧禦敵鎖子鎧
13383,落霧禦敵手鎧
13384,落霧禦敵腰甲
13385,落霧禦敵馬褲
13386,落霧禦敵鎧靴
13387,落霧制敵角盔
13388,落霧制敵鎖子鎧
13389,落霧制敵手鎧
13390,落霧制敵腰甲
13391,落霧制敵馬褲
13392,落霧制敵鎧靴
13393,落霧強襲頭冠
13394,落霧強襲外套
13395,落霧強襲手套
13396,落霧強襲腰帶
13397,落霧強襲及膝褲
13398,落霧強襲筒靴
13399,落霧精準小丑帽
13400,落霧精準長袍
13401,落霧精準手套
13402,落霧精準腰圍
13403,落霧精準長褲
13404,落霧精準尖頭靴
13405,落霧游擊兜帽
13406,落霧游擊襯衫
13407,落霧游擊半指手套
13408,落霧游擊腰圍
13409,落霧游擊垮褲
13410,落霧游擊短靴
13411,落霧單片眼鏡
13412,落霧治癒長袍
13413,落霧治癒半手套
13414,落霧治癒腰帶
13415,落霧治癒燈籠褲
13416,落霧治癒法靴
13417,落霧作業眼鏡
13418,落霧詠咒長袍
13419,落霧詠咒半手套
13420,落霧詠咒腰帶
13421,落霧詠咒燈籠褲
13422,落霧詠咒法靴
13423,落霧禦敵項鍊
13424,落霧禦敵腕環
13425,落霧禦敵耳墜
13426,落霧禦敵指環
13427,落霧強攻項鍊
13428,落霧強攻腕環
13429,落霧強攻耳墜
13430,落霧強攻指環
13431,落霧精準項鍊
13432,落霧精準腕環
13433,落霧精準耳墜
13434,落霧精準指環
13435,落霧治癒項鍊
13436,落霧治癒腕環
13437,落霧治癒耳墜
13438,落霧治癒指環
13439,落霧詠咒項鍊
13440,落霧詠咒腕環
13441,落霧詠咒耳墜
13442,落霧詠咒指環
13443,濃霧禦敵頭盔
13444,濃霧禦敵胸甲
13445,濃霧禦敵臂甲
13446,濃霧禦敵腰甲
13447,濃霧禦敵馬褲
13448,濃霧禦敵鎧靴
13449,濃霧制敵面具
13450,濃霧制敵戰鎧
13451,濃霧制敵臂甲
13452,濃霧制敵腰帶
13453,濃霧制敵馬褲
13454,濃霧制敵鎖甲靴
13455,濃霧強襲面具
13456,濃霧強襲短衣
13457,濃霧強襲護臂
13458,濃霧強襲腰帶
13459,濃霧強襲軟甲褲
13460,濃霧強襲護腿
13461,濃霧精準面具
13462,濃霧精準短衣
13463,濃霧精準護臂
13464,濃霧精準腰帶
13465,濃霧精準軟甲褲
13466,濃霧精準護腿
13467,濃霧游擊面具
13468,濃霧游擊短衣
13469,濃霧游擊護臂
13470,濃霧游擊腰帶
13471,濃霧游擊軟甲褲
13472,濃霧游擊護腿
13473,濃霧治癒面具
13474,濃霧治癒工作服
13475,濃霧治癒手套
13476,濃霧治癒腰圍
13477,濃霧治癒束膝褲
13478,濃霧治癒法靴
13479,濃霧詠咒面具
13480,濃霧詠咒工作服
13481,濃霧詠咒手套
13482,濃霧詠咒腰圍
13483,濃霧詠咒束膝褲
13484,濃霧詠咒法靴
13485,濃霧禦敵項鍊
13486,濃霧禦敵腕環
13487,濃霧禦敵耳墜
13488,濃霧禦敵指環
13489,濃霧強攻項鍊
13490,濃霧強攻腕環
13491,濃霧強攻耳墜
13492,濃霧強攻指環
13493,濃霧精準項鍊
13494,濃霧精準腕環
13495,濃霧精準耳墜
13496,濃霧精準指環
13497,濃霧治癒項鍊
13498,濃霧治癒腕環
13499,濃霧治癒耳墜
13500,濃霧治癒指環
13501,濃霧詠咒項鍊
13502,濃霧詠咒腕環
13503,濃霧詠咒耳墜
13504,濃霧詠咒指環
13505,破霧禦敵頭盔
13506,破霧禦敵戰甲
13507,破霧禦敵手鎧
13508,破霧禦敵腰甲
13509,破霧禦敵鎖甲騎兵褲
13510,破霧禦敵鎧靴
13511,破霧制敵頭盔
13512,破霧制敵戰甲
13513,破霧制敵手鎧
13514,破霧制敵腰甲
13515,破霧制敵鎖甲騎兵褲
13516,破霧制敵鎧靴
13517,破霧強襲無簷帽
13518,破霧強襲鬥服
13519,破霧強襲護臂
13520,破霧強襲環帶
13521,破霧強襲騎兵褲
13522,破霧強襲筒靴
13523,破霧精準無簷帽
13524,破霧精準鬥服
13525,破霧精準護臂
13526,破霧精準環帶
13527,破霧精準騎兵褲
13528,破霧精準筒靴
13529,破霧游擊無簷帽
13530,破霧游擊鬥服
13531,破霧游擊護臂
13532,破霧游擊環帶
13533,破霧游擊騎兵褲
13534,破霧游擊筒靴
13535,破霧治癒修道帽
13536,破霧治癒聖職衣
13537,破霧治癒手套
13538,破霧治癒圍腰
13539,破霧治癒褲襪
13540,破霧治癒高筒靴
13541,破霧詠咒魔術帽
13542,破霧詠咒長袍
13543,破霧詠咒禮服手套
13544,破霧詠咒圍腰
13545,破霧詠咒馬褲
13546,破霧詠咒高筒靴
13547,破霧禦敵項鍊
13548,破霧禦敵腕環
13549,破霧禦敵耳墜
13550,破霧禦敵指環
13551,破霧強攻項鍊
13552,破霧強攻腕環
13553,破霧強攻耳墜
13554,破霧強攻指環
13555,破霧精準項鍊
13556,破霧精準腕環
13557,破霧精準耳墜
13558,破霧精準指環
13559,破霧治癒項鍊
13560,破霧治癒腕環
13561,破霧治癒耳墜
13562,破霧治癒指環
13563,破霧詠咒項鍊
13564,破霧詠咒腕環
13565,破霧詠咒耳墜
13566,破霧詠咒指環
13567,紅羽平頂帽
13568,情人耳墜
13569,流光冰之水晶
13570,流光風之水晶
13571,流光火之水晶
13572,流光土之水晶
13573,流光雷之水晶
13574,流光水之水晶
13575,星極水晶
13576,靈極水晶
13577,附魔橡膠
13578,亞拉戈上級硬化藥
13579,神聖水
13580,亞拉戈上級魔觸媒
13581,高精度戈耳狄螺栓
13582,神秘骨片
13583,高精度戈耳狄透鏡
13584,神秘貝殼
13585,高精度戈耳狄彈簧
13586,神秘原石
13587,高精度戈耳狄長杆
13588,神秘種子
13589,堅鋼投斧
13590,翼手龍革細繩
13591,鈦合金鏡
13592,鈦合金方板
13593,破魔箭
13594,受祝箭羽
13595,國王餅
13596,迷你莫古利
13597,高潔之劍·覺醒
13598,旭日·覺醒
13599,羅摩斧·覺醒
13600,貫雷槍布里歐納克·覺醒
13601,撥鈴波琴弓·覺醒
13602,不動行光·覺醒
13603,死亡使者·覺醒
13604,斐迪南·覺醒
13605,熾天使杖·覺醒
13606,彎月杖·覺醒
13607,四方天使錄·覺醒
13608,幾何原本·覺醒
13609,天宇星象·覺醒
13610,聖女盾·覺醒
13611,高潔之劍·聖靈
13612,旭日·聖靈
13613,羅摩斧·聖靈
13614,貫雷槍布里歐納克·聖靈
13615,撥鈴波琴弓·聖靈
13616,不動行光·聖靈
13617,死亡使者·聖靈
13618,斐迪南·聖靈
13619,熾天使杖·聖靈
13620,彎月杖·聖靈
13621,四方天使錄·聖靈
13622,幾何原本·聖靈
13623,天宇星象·聖靈
13624,聖女盾·聖靈
13625,兵團成員的手冊
13626,瑪哈古錢
13627,蒼天甲胄碎片
13628,夸爾面具
13629,魅魔角
13630,空賊黃銅通貨
13631,空賊白鋼通貨
13632,白骨幣證書
13633,金葉幣證書
13634,白鋼刀幣證書
13635,虹貝殼幣證書
13636,鈷鐵錘幣證書
13637,頂級治療劑
13638,頂級乙太藥
13639,淑女水干
13640,空賊禦敵頭盔
13641,空賊禦敵外套
13642,空賊禦敵手鎧
13643,空賊禦敵鬥褲
13644,空賊禦敵長靴
13645,
13646,空賊制敵頭盔
13647,空賊制敵外套
13648,空賊制敵手鎧
13649,空賊制敵鬥褲
13650,空賊制敵長靴
13651,
13652,空賊強襲面具
13653,空賊強襲短衣
13654,空賊強襲手套
13655,空賊強襲軟甲褲
13656,空賊強襲長靴
13657,
13658,空賊精準貝雷帽
13659,空賊精準坎肩
13660,空賊精準手套
13661,空賊精準五分褲
13662,空賊精準筒靴
13663,
13664,空賊游擊面具
13665,空賊游擊短衣
13666,空賊游擊手套
13667,空賊游擊軟甲褲
13668,空賊游擊長靴
13669,
13670,空賊治癒航空帽
13671,空賊治癒長衣
13672,空賊治癒手套
13673,空賊治癒打底褲
13674,空賊治癒長筒靴
13675,
13676,空賊詠咒航空帽
13677,空賊詠咒長衣
13678,空賊詠咒手套
13679,空賊詠咒打底褲
13680,空賊詠咒長筒靴
13681,
13682,虹布緊身上衣
13683,虹布馬褲
13684,古鳥革筒靴
13685,古鳥革鐘形帽
13686,虹布澎裙禮服
13687,古鳥革皮靴
13688,青麻襯衫
13689,莉維亞專用魔導裝甲認證金鑰
13690,尼祿專用魔導裝甲認證金鑰
13691,雅·修朵拉長褲
13692,雅·修朵拉木鞋
13693,桑克瑞德半指手套
13694,桑克瑞德束膝褲
13695,桑克瑞德戰靴
13696,帕帕力莫單片眼鏡
13697,帕帕力莫手鎧
13698,帕帕力莫束膝褲
13699,帕帕力莫狩獵靴
13700,尤里安傑手箍
13701,尤里安傑緊身褲
13702,尤里安傑戰靴
13703,髮型樣式：拂曉盟主
13704,髮型樣式：爆炸頭
13705,髮型樣式：冒險者
13706,演技教材·薩維奈舞
13707,演技教材·黃金之舞
13708,柔彩粉染劑
13709,黑暗紅染劑
13710,黑暗棕染劑
13711,柔彩綠染劑
13712,黑暗綠染劑
13713,柔彩藍染劑
13714,黑暗藍染劑
13715,柔彩紫染劑
13716,黑暗紫染劑
13717,金屬紅染劑
13718,金屬橙染劑
13719,金屬黃染劑
13720,金屬綠染劑
13721,金屬藍染劑
13722,金屬靛染劑
13723,金屬紫染劑
13724,君子木屐
13725,淑女木屐
13726,黑鐵鐘錘
13727,歐洛浦肯
13728,庫爾札斯海若螺
13729,德拉瓦尼亞公魚
13730,天空珊瑚
13731,太陽帆
13732,哥布林鱸
13733,翼手龍
13734,真鼻龍
13735,
13736,珠寶球藻
13737,雲冠鱒
13738,風神魚
13739,盜鬥魚
13740,金工蟹
13741,管家之王證書2017
13742,清蒸風神魚
13743,芝麻餅乾
13744,風絹
13745,恐龍革
13746,鷹獵人草布
13747,鈦合金錠
13748,雲布
13749,翼手龍革
13750,閃鋅礦
13751,浮島陶石
13752,雲冠槲寄生
13753,雲棉
13754,血椒
13755,血椒種子
13756,德拉瓦尼亞浮草
13757,多瑪芒草苗
13758,鐵刀木角材
13759,似曜岩
13760,日暮翡翠
13761,古龍骨片
13762,長春花
13763,雲菇
13764,風寡婦
13765,舊世界無花果種子
13766,庫爾札斯青蔥種子
13767,小包心菜種子
13768,庫爾札斯茶樹種子
13769,鷹獵人打底褲
13770,鷹獵人矮靴
13771,巨龍革打底褲
13772,巨龍革矮靴
13773,尊杜玩偶
13774,迷你奧爾什方
13775,皇帝的新拳套
13776,高潔之劍·覺醒（複製品）
13777,旭日·覺醒（複製品）
13778,羅摩斧·覺醒（複製品）
13779,貫雷槍布里歐納克·覺醒（複製品）
13780,撥鈴波琴弓·覺醒（複製品）
13781,不動行光·覺醒（複製品）
13782,死亡使者·覺醒（複製品）
13783,斐迪南·覺醒（複製品）
13784,熾天使杖·覺醒（複製品）
13785,彎月杖·覺醒（複製品）
13786,四方天使錄·覺醒（複製品）
13787,幾何原本·覺醒（複製品）
13788,天宇星象·覺醒（複製品）
13789,聖女盾·覺醒（複製品）
13790,亞拉戈劍（複製品）
13791,亞拉戈虎爪（複製品）
13792,亞拉戈戰斧（複製品）
13793,亞拉戈長槍（複製品）
13794,亞拉戈複合弓（複製品）
13795,亞拉戈牧杖（複製品）
13796,亞拉戈咒杖（複製品）
13797,亞拉戈詠咒魔導書（複製品）
13798,亞拉戈治癒魔導書（複製品）
13799,亞拉戈小刀（複製品）
13800,亞拉戈斷頭劍（複製品）
13801,亞拉戈手槍（複製品）
13802,亞拉戈天球儀（複製品）
13803,亞拉戈圓盾（複製品）
13804,亞拉戈頭盔（複製品）
13805,亞拉戈重甲（複製品）
13806,亞拉戈重手鎧（複製品）
13807,亞拉戈重腿甲（複製品）
13808,亞拉戈重鎖甲靴（複製品）
13809,亞拉戈制敵面罩（複製品）
13810,亞拉戈制敵胸甲（複製品）
13811,亞拉戈制敵手鎧（複製品）
13812,亞拉戈制敵軟甲褲（複製品）
13813,亞拉戈制敵鎖甲靴（複製品）
13814,亞拉戈強襲面罩（複製品）
13815,亞拉戈強襲胸甲（複製品）
13816,亞拉戈強襲手鎧（複製品）
13817,亞拉戈強襲軟甲褲（複製品）
13818,亞拉戈強襲鎖甲靴（複製品）
13819,亞拉戈精準面罩（複製品）
13820,亞拉戈精準胸甲（複製品）
13821,亞拉戈精準手鎧（複製品）
13822,亞拉戈精準軟甲褲（複製品）
13823,亞拉戈精準鎖甲靴（複製品）
13824,亞拉戈治癒頭冠（複製品）
13825,亞拉戈治癒束腰衣（複製品）
13826,亞拉戈治癒手套（複製品）
13827,亞拉戈治癒軟甲褲（複製品）
13828,亞拉戈治癒法靴（複製品）
13829,亞拉戈詠咒頭冠（複製品）
13830,亞拉戈詠咒束腰衣（複製品）
13831,亞拉戈詠咒手套（複製品）
13832,亞拉戈詠咒軟甲褲（複製品）
13833,亞拉戈詠咒法靴（複製品）
13834,亞拉戈高位鳶盾（複製品）
13835,亞拉戈高位長刀（複製品）
13836,亞拉戈高位虎爪（複製品）
13837,亞拉戈高位戰斧（複製品）
13838,亞拉戈高位長槍（複製品）
13839,亞拉戈高位複合弓（複製品）
13840,亞拉戈高位手杖（複製品）
13841,亞拉戈高位長杖（複製品）
13842,亞拉戈高位詠咒魔導書（複製品）
13843,亞拉戈高位治癒魔導書（複製品）
13844,亞拉戈高位輝刀（複製品）
13845,亞拉戈高位斷頭劍（複製品）
13846,亞拉戈高位手槍（複製品）
13847,亞拉戈高位天球儀（複製品）
13848,亞拉戈高位禦敵頭冠（複製品）
13849,亞拉戈高位重長衣（複製品）
13850,亞拉戈高位禦敵手鎧（複製品）
13851,亞拉戈高位禦敵軟甲褲（複製品）
13852,亞拉戈高位禦敵鎧靴（複製品）
13853,亞拉戈高位制敵頭甲（複製品）
13854,亞拉戈高位制敵胸甲（複製品）
13855,亞拉戈高位制敵手鎧（複製品）
13856,亞拉戈高位制敵軟甲褲（複製品）
13857,亞拉戈高位制敵鎧靴（複製品）
13858,亞拉戈高位強襲頭甲（複製品）
13859,亞拉戈高位強襲胸甲（複製品）
13860,亞拉戈高位強襲手鎧（複製品）
13861,亞拉戈高位強襲軟甲褲（複製品）
13862,亞拉戈高位強襲鎧靴（複製品）
13863,亞拉戈高位精準口罩（複製品）
13864,亞拉戈高位精準長衣（複製品）
13865,亞拉戈高位精準手套（複製品）
13866,亞拉戈高位精準馬褲（複製品）
13867,亞拉戈高位精準筒靴（複製品）
13868,亞拉戈高位治癒頭冠（複製品）
13869,亞拉戈高位治癒長衣（複製品）
13870,亞拉戈高位治癒手套（複製品）
13871,亞拉戈高位治癒喇叭褲（複製品）
13872,亞拉戈高位治癒長靴（複製品）
13873,亞拉戈高位詠咒口罩（複製品）
13874,亞拉戈高位詠咒長衣（複製品）
13875,亞拉戈高位詠咒手套（複製品）
13876,亞拉戈高位詠咒馬褲（複製品）
13877,亞拉戈高位詠咒筒靴（複製品）
13878,女巫會之盾
13879,女巫會之劍
13880,女巫會之牙
13881,女巫會之斧
13882,女巫會之長槍
13883,女巫會之弓
13884,女巫會之爪
13885,女巫會之幻杖
13886,女巫會之咒杖
13887,女巫會之書
13888,女巫會之典
13889,女巫會之巨劍
13890,女巫會之火槍
13891,女巫會之儀
13892,龍神禦敵戰冠（複製品）
13893,龍神禦敵戰甲（複製品）
13894,龍神禦敵手鎧（複製品）
13895,龍神禦敵垮褲（複製品）
13896,龍神禦敵鎧靴（複製品）
13897,龍神制敵開面盔（複製品）
13898,龍神制敵戰鎧（複製品）
13899,龍神制敵臂甲（複製品）
13900,龍神制敵馬褲（複製品）
13901,龍神制敵脛甲（複製品）
13902,龍神強襲頭冠（複製品）
13903,龍神強襲鬥服（複製品）
13904,龍神強襲手套（複製品）
13905,龍神強襲長褲（複製品）
13906,龍神強襲筒靴（複製品）
13907,龍神精準禮帽（複製品）
13908,龍神精準罩衣（複製品）
13909,龍神精準臂甲（複製品）
13910,龍神精準馬褲（複製品）
13911,龍神精準脛甲（複製品）
13912,龍神治癒兜帽（複製品）
13913,龍神治癒長袍（複製品）
13914,龍神治癒手套（複製品）
13915,龍神治癒束腳褲（複製品）
13916,龍神治癒皮靴（複製品）
13917,龍神詠咒闊邊帽（複製品）
13918,龍神詠咒長袍（複製品）
13919,龍神詠咒手套（複製品）
13920,龍神詠咒燈籠褲（複製品）
13921,龍神詠咒法靴（複製品）
13922,龍神游擊頭冠（複製品）
13923,龍神游擊鬥服（複製品）
13924,龍神游擊手套（複製品）
13925,龍神游擊長褲（複製品）
13926,龍神游擊筒靴（複製品）
13927,
13928,
13929,
13930,
13931,
13932,
13933,
13934,
13935,
13936,
13937,
13938,
13939,
13940,
13941,
13942,
13943,
13944,
13945,
13946,
13947,
13948,
13949,
13950,
13951,
13952,
13953,
13954,
13955,
13956,
13957,
13958,
13959,
13960,
13961,
13962,
13963,
13964,
13965,
13966,
13967,
13968,
13969,
13970,
13971,
13972,
13973,
13974,
13975,
13976,
13977,
13978,
13979,
13980,
13981,
13982,
13983,
13984,
13985,
13986,
13987,坦塔羅斯坎肩
13988,坦塔羅斯護袖
13989,坦塔羅斯馬褲
13990,坦塔羅斯短靴
13991,新生冒險錄
13992,
13993,
13994,
13995,
13996,
13997,
13998,
13999,
14000,
14001,
14002,
14003,威爾特甘斯級船體
14004,威爾特甘斯級靈翼
14005,威爾特甘斯級船首
14006,威爾特甘斯級船尾
14007,古典玫瑰種子
14008,海濱裝飾花瓶
14009,林間裝飾花瓶
14010,綠洲裝飾花瓶
14011,緋紅色油粕
14012,青藍色油粕
14013,金黃色油粕
14014,一類製作收據
14015,一類採集收據
14016,魔神之劍
14017,魔神之拳
14018,魔神之斧
14019,魔神之戟
14020,魔神之弓
14021,魔神之刀
14022,魔神之幻杖
14023,魔神之咒杖
14024,魔神之書
14025,魔神之典
14026,魔神之大劍
14027,魔神之火
14028,魔神之儀
14029,魔神之盾
14030,
14031,初學者胸甲
14032,初學者手鎧
14033,初學者軟甲褲
14034,初學者鎧靴
14035,初學者罩衣
14036,初學者手套
14037,初學者短裙
14038,初學者長靴
14039,初學者外套
14040,初學者半指手套
14041,初學者皮裙
14042,初學者高筒靴
14043,初學者指環
14044,特職心得
14045,管弦樂琴
14046,
14047,毛絨絨洋蔥王子
14048,布丁落地燈
14049,布丁地毯
14050,布丁沙發
14051,布丁圓桌
14052,伊修加爾德晚餐組合
14053,高貴晚餐組合
14054,仙人掌先生獎盃
14055,海濱花盆
14056,林間花盆
14057,綠洲花盆
14058,古代野獸的頭骨標本
14059,古代野獸的骨骼標本
14060,古代野獸的尾骨標本
14061,仙人掌綠雕
14062,預言蛋巨塔
14063,蒲公英花叢
14064,綠蔭拱橋
14065,添水
14066,浮士德木人
14067,骨頜燈樹
14068,伊修加爾德枝形吊燈
14069,伊修加爾德地板
14070,伊修加爾德內牆
14071,紅色古典玫瑰
14072,藍色古典玫瑰
14073,黃色古典玫瑰
14074,綠色古典玫瑰
14075,橙色古典玫瑰
14076,紫色古典玫瑰
14077,白色古典玫瑰
14078,黑色古典玫瑰
14079,混色古典玫瑰
14080,賽菲羅特裝甲
14081,獵蛋人裝甲
14082,恐甲螞蜓笛
14083,祖角笛
14084,貝努鳥角笛
14085,白雲獵鷹笛
14086,怒武獵鷹笛
14087,圓桌獵鷹笛
14088,戰爭獵鷹笛
14089,榮耀號啟動鑰匙
14090,初代胖陸行鳥笛
14091,骨頜玩偶
14092,自由腦玩偶
14093,迦樓羅之形
14094,泰坦之形
14095,利維坦之形
14096,迷你尼祿
14097,迷你浮士德
14098,卡爾克
14099,布莉娜
14100,藍閃蝶
14101,波羅·羅格
14102,迷你吉伯特
14103,芬里爾幼獸
14104,哥布林青銅杯
14105,哥布林骰子
14106,珍木羊角錘
14107,鑌鐵銼刀
14108,戎甲手鉗
14109,鏤金砂輪機
14110,精革平斬
14111,錦衣紡車
14112,煉真研缽
14113,烹飪廚刀
14114,富礦碎石錘
14115,園野鐮刀
14116,巧手之主工具腰帶
14117,巧手之主耳環
14118,巧手之主項環
14119,巧手之主腕環
14120,巧手之主指環
14121,大地之主生存腰帶
14122,大地之主耳環
14123,大地之主項環
14124,大地之主手環
14125,大地之主指環
14126,木工秘笈第四卷
14127,鍛冶秘笈第四卷
14128,甲胄秘笈第四卷
14129,金工秘笈第四卷
14130,皮革秘笈第四卷
14131,裁縫秘笈第四卷
14132,鍊金秘笈第四卷
14133,烹調秘笈第四卷
14134,果香特飲
14135,蘋果卷
14136,風味拌細麵
14137,山珍番茄麵
14138,洛夫坦山羊排
14139,油封牡蠣
14140,燉鮟鱇
14141,糖沼鯥
14142,金蘋果
14143,至日大蒜
14144,完熟橄欖油
14145,洛夫坦山羊里肌
14146,光銀錠
14147,荒神靈銀
14148,光銀礦
14149,荒神鋼錠
14150,荒神合金
14151,菱鋅礦
14152,荒神布
14153,荒神纖維
14154,雪棉
14155,荒神革
14156,荒神精革
14157,硬化樟木木材
14158,樟木木材
14159,樟木原木
14160,樟木枝
14161,樟腦
14162,
14163,
14164,哥布林樹脂
14165,
14166,
14167,
14168,
14169,
14170,
14171,3級剛力鍊金溶劑
14172,3級巧力鍊金溶劑
14173,3級耐力鍊金溶劑
14174,3級智力鍊金溶劑
14175,3級意力鍊金溶劑
14176,剛力之仙藥
14177,巧力之仙藥
14178,耐力之仙藥
14179,智力之仙藥
14180,意力之仙藥
14181,1級空白管弦樂琴樂譜
14182,2級空白管弦樂琴樂譜
14183,3級空白管弦樂琴樂譜
14184,光銀塊
14185,
14186,刺繡針
14187,獅鷲革細繩
14188,刺繡線
14189,角粉
14190,枯角
14191,九宮幻卡：奧諾魯瓦
14192,九宮幻卡：赫利·博爾達&庫爾特內
14193,九宮幻卡：腕龍
14194,九宮幻卡：暗鱗黑龍
14195,九宮幻卡：芬里爾
14196,九宮幻卡：克拉肯
14197,九宮幻卡：審理神代言者
14198,九宮幻卡：光鱗兄弟莫拉加加
14199,九宮幻卡：弗迪亞
14200,九宮幻卡：卡爾克布莉娜
14201,九宮幻卡：基路伯
14202,九宮幻卡：提坦
14203,九宮幻卡：阿圖瓦雷爾·德·福爾唐
14204,九宮幻卡：艾馬內蘭·德·福爾唐
14205,九宮幻卡：贊德
14206,九宮幻卡：殘暴正義號
14207,九宮幻卡：賽菲羅特
14208,九宮幻卡：芙·拉敏
14209,九宮幻卡：維德弗尼爾
14210,九宮幻卡：黑暗之雲
14211,琥珀火焰蜥蜴
14212,沼鯥
14213,棉雲魟
14214,夜翼魚龍
14215,熔岩蝸牛
14216,祭司魚
14217,庫爾札斯牡蠣
14218,古象鼻魚
14219,妖禍克拉肯
14220,鱗鯰
14221,管弦樂琴樂譜：雪風
14222,管弦樂琴樂譜：水車低鳴
14223,管弦樂琴樂譜：偉大的母港
14224,管弦樂琴樂譜：希望之都
14225,管弦樂琴樂譜：監牢
14226,管弦樂琴樂譜：砂之家
14227,管弦樂琴樂譜：曼德維爾金碟遊樂園
14228,管弦樂琴樂譜：陸行鳥競賽
14229,管弦樂琴樂譜：再來一杯！
14230,管弦樂琴樂譜：華彩的山麓
14231,管弦樂琴樂譜：雲中匿影
14232,管弦樂琴樂譜：水晶序曲
14233,管弦樂琴樂譜：非著名調查員
14234,管弦樂琴樂譜：唯一的行路
14235,管弦樂琴樂譜：走向世界
14236,管弦樂琴樂譜：啪啪呀
14237,管弦樂琴樂譜：揮汗如雨
14238,管弦樂琴樂譜：堅毅
14239,管弦樂琴樂譜：以血洗血
14240,管弦樂琴樂譜：餓狼群集
14241,管弦樂琴樂譜：激潮
14242,管弦樂琴樂譜：漆黑的誓言
14243,管弦樂琴樂譜：黑暗的擁抱
14244,管弦樂琴樂譜：風暴中的燈火
14245,管弦樂琴樂譜：異想天開
14246,管弦樂琴樂譜：上下易位
14247,管弦樂琴樂譜：魔大戰的傷痕
14248,管弦樂琴樂譜：天降之力
14249,管弦樂琴樂譜：究極武器
14250,管弦樂琴樂譜：諸神已死
14251,管弦樂琴樂譜：原始的審判
14252,管弦樂琴樂譜：墮天使
14253,管弦樂琴樂譜：重壓滅頂
14254,管弦樂琴樂譜：英傑
14255,管弦樂琴樂譜：魔神
14256,管弦樂琴樂譜：傲慢
14257,管弦樂琴樂譜：一落千丈
14258,管弦樂琴樂譜：絢爛
14259,管弦樂琴樂譜：多加與烏內之心
14260,管弦樂琴樂譜：暗淡
14261,管弦樂琴樂譜：最後的死鬥
14262,管弦樂琴樂譜：悠久之風
14263,管弦樂琴樂譜：雷鳴
14264,管弦樂琴樂譜：白銀凶鳥展翅翱翔
14265,管弦樂琴樂譜：死灰復燃
14266,管弦樂琴樂譜：鬥爭
14267,管弦樂琴樂譜：Answers -生死答問-
14268,陳舊的樂譜：再來一杯！
14269,陳舊的樂譜：華彩的山麓
14270,陳舊的樂譜：雲中匿影
14271,陳舊的樂譜：唯一的行路
14272,陳舊的樂譜：走向世界
14273,陳舊的樂譜：以血洗血
14274,陳舊的樂譜：餓狼群集
14275,陳舊的樂譜：激潮
14276,陳舊的樂譜：漆黑的誓言
14277,陳舊的樂譜：黑暗的擁抱
14278,陳舊的樂譜：風暴中的燈火
14279,陳舊的樂譜：異想天開
14280,陳舊的樂譜：上下易位
14281,陳舊的樂譜：魔大戰的傷痕
14282,陳舊的樂譜：諸神已死
14283,陳舊的樂譜：原始的審判
14284,陳舊的樂譜：墮天使
14285,陳舊的樂譜：重壓滅頂
14286,陳舊的樂譜：英傑
14287,陳舊的樂譜：魔神
14288,陳舊的樂譜：傲慢
14289,陳舊的樂譜：一落千丈
14290,陳舊的樂譜：絢爛
14291,陳舊的樂譜：多加與烏內之心
14292,陳舊的樂譜：暗淡
14293,陳舊的樂譜：最後的死鬥
14294,陳舊的樂譜：雷鳴
14295,陳舊的樂譜：白銀凶鳥展翅翱翔
14296,陳舊的樂譜：死灰復燃
14297,陳舊的樂譜：Answers -生死答問-
14298,羅薇娜的傳承票據
14299,大容量神典石
14300,魔神圖騰
14301,彌達斯透鏡
14302,彌達斯長杆
14303,彌達斯曲柄
14304,彌達斯彈簧
14305,彌達斯踏板
14306,彌達斯鎖鏈
14307,彌達斯螺栓
14308,第1頁彌達斯斷章
14309,第2頁彌達斯斷章
14310,第3頁彌達斯斷章
14311,第4頁彌達斯斷章
14312,獄炎劍
14313,獄炎爪
14314,獄炎斧
14315,天風槍
14316,洪潮弓
14317,洪潮波刃
14318,獄炎大劍
14319,洪潮火槍
14320,暴冰牧杖
14321,暴冰法杖
14322,暴冰魔導書
14323,暴冰魔導典
14324,暴冰量天儀
14325,獄炎盾
14326,獄炎禦敵面具
14327,天風制敵頭盔
14328,獄炎強襲面具
14329,洪潮精準半假面
14330,洪潮游擊半假面
14331,暴冰治癒王冠
14332,暴冰詠咒王冠
14333,獄炎禦敵戰甲
14334,天風制敵鏈甲
14335,獄炎強襲戰鎧
14336,洪潮精準罩衣
14337,洪潮游擊罩衣
14338,暴冰治癒長衣
14339,暴冰詠咒長衣
14340,獄炎禦敵手鎧
14341,天風制敵手鎧
14342,獄炎強襲手鎧
14343,洪潮精準護臂
14344,洪潮游擊護臂
14345,暴冰治癒手套
14346,暴冰詠咒手套
14347,蠻神禦敵腰帶
14348,蠻神制敵腰帶
14349,蠻神強襲腰帶
14350,蠻神精準腰帶
14351,蠻神游擊腰帶
14352,蠻神治癒腰帶
14353,蠻神詠咒腰帶
14354,獄炎禦敵馬褲
14355,天風制敵馬褲
14356,獄炎強襲馬褲
14357,洪潮精準緊身褲
14358,洪潮游擊緊身褲
14359,暴冰治癒打底褲
14360,暴冰詠咒打底褲
14361,獄炎禦敵鎧靴
14362,天風制敵鎧靴
14363,獄炎強襲鎧靴
14364,洪潮精準長靴
14365,洪潮游擊長靴
14366,暴冰治癒法靴
14367,暴冰詠咒法靴
14368,蠻神禦敵耳墜
14369,蠻神強攻耳墜
14370,蠻神精準耳墜
14371,蠻神治癒耳墜
14372,蠻神詠咒耳墜
14373,蠻神禦敵項環
14374,蠻神強攻項環
14375,蠻神精準項環
14376,蠻神治癒項環
14377,蠻神詠咒項環
14378,蠻神禦敵手鐲
14379,蠻神強攻手鐲
14380,蠻神精準手鐲
14381,蠻神治癒手鐲
14382,蠻神詠咒手鐲
14383,蠻神禦敵戒指
14384,蠻神強攻戒指
14385,蠻神精準戒指
14386,蠻神治癒戒指
14387,蠻神詠咒戒指
14388,改良型獄炎劍
14389,改良型獄炎爪
14390,改良型獄炎斧
14391,改良型天風槍
14392,改良型洪潮弓
14393,改良型洪潮波刃
14394,改良型獄炎大劍
14395,改良型洪潮火槍
14396,改良型暴冰牧杖
14397,改良型暴冰法杖
14398,改良型暴冰魔導書
14399,改良型暴冰魔導典
14400,改良型暴冰量天儀
14401,改良型獄炎盾
14402,改良型獄炎禦敵面具
14403,改良型天風制敵頭盔
14404,改良型獄炎強襲面具
14405,改良型洪潮精準半假面
14406,改良型洪潮游擊半假面
14407,改良型暴冰治癒王冠
14408,改良型暴冰詠咒王冠
14409,改良型獄炎禦敵戰甲
14410,改良型天風制敵鏈甲
14411,改良型獄炎強襲戰鎧
14412,改良型洪潮精準罩衣
14413,改良型洪潮游擊罩衣
14414,改良型暴冰治癒長衣
14415,改良型暴冰詠咒長衣
14416,改良型獄炎禦敵手鎧
14417,改良型天風制敵手鎧
14418,改良型獄炎強襲手鎧
14419,改良型洪潮精準護臂
14420,改良型洪潮游擊護臂
14421,改良型暴冰治癒手套
14422,改良型暴冰詠咒手套
14423,改良型蠻神禦敵腰帶
14424,改良型蠻神制敵腰帶
14425,改良型蠻神強襲腰帶
14426,改良型蠻神精準腰帶
14427,改良型蠻神游擊腰帶
14428,改良型蠻神治癒腰帶
14429,改良型蠻神詠咒腰帶
14430,改良型獄炎禦敵馬褲
14431,改良型天風制敵馬褲
14432,改良型獄炎強襲馬褲
14433,改良型洪潮精準緊身褲
14434,改良型洪潮游擊緊身褲
14435,改良型暴冰治癒打底褲
14436,改良型暴冰詠咒打底褲
14437,改良型獄炎禦敵鎧靴
14438,改良型天風制敵鎧靴
14439,改良型獄炎強襲鎧靴
14440,改良型洪潮精準長靴
14441,改良型洪潮游擊長靴
14442,改良型暴冰治癒法靴
14443,改良型暴冰詠咒法靴
14444,改良型蠻神禦敵耳墜
14445,改良型蠻神強攻耳墜
14446,改良型蠻神精準耳墜
14447,改良型蠻神治癒耳墜
14448,改良型蠻神詠咒耳墜
14449,改良型蠻神禦敵項環
14450,改良型蠻神強攻項環
14451,改良型蠻神精準項環
14452,改良型蠻神治癒項環
14453,改良型蠻神詠咒項環
14454,改良型蠻神禦敵手鐲
14455,改良型蠻神強攻手鐲
14456,改良型蠻神精準手鐲
14457,改良型蠻神治癒手鐲
14458,改良型蠻神詠咒手鐲
14459,改良型蠻神禦敵戒指
14460,改良型蠻神強攻戒指
14461,改良型蠻神精準戒指
14462,改良型蠻神治癒戒指
14463,改良型蠻神詠咒戒指
14464,
14465,
14466,
14467,
14468,
14469,
14470,
14471,
14472,
14473,
14474,
14475,
14476,
14477,
14478,
14479,
14480,
14481,
14482,
14483,
14484,
14485,
14486,
14487,
14488,
14489,
14490,
14491,
14492,
14493,
14494,
14495,
14496,
14497,
14498,
14499,
14500,
14501,
14502,
14503,
14504,
14505,
14506,
14507,
14508,
14509,
14510,
14511,
14512,彌達斯原型禦敵頭帶
14513,彌達斯原型制敵面具
14514,彌達斯原型強襲面具
14515,彌達斯原型精準護目鏡
14516,彌達斯原型游擊護目鏡
14517,彌達斯原型治癒長角
14518,彌達斯原型詠咒長角
14519,彌達斯原型禦敵外套
14520,彌達斯原型制敵短衣
14521,彌達斯原型強襲短衣
14522,彌達斯原型精準長衣
14523,彌達斯原型游擊外套
14524,彌達斯原型治癒長衣
14525,彌達斯原型詠咒長衣
14526,彌達斯原型禦敵手鎧
14527,彌達斯原型制敵手套
14528,彌達斯原型強襲手套
14529,彌達斯原型精準手套
14530,彌達斯原型游擊手套
14531,彌達斯原型治癒手套
14532,彌達斯原型詠咒手套
14533,彌達斯原型禦敵腰帶
14534,彌達斯原型制敵腰帶
14535,彌達斯原型強襲腰帶
14536,彌達斯原型精準腰帶
14537,彌達斯原型游擊腰帶
14538,彌達斯原型治癒腰帶
14539,彌達斯原型詠咒腰帶
14540,彌達斯原型禦敵馬褲
14541,彌達斯原型制敵馬褲
14542,彌達斯原型強襲馬褲
14543,彌達斯原型精準護膝褲
14544,彌達斯原型游擊護膝褲
14545,彌達斯原型治癒軟甲褲
14546,彌達斯原型詠咒軟甲褲
14547,彌達斯原型禦敵鎧靴
14548,彌達斯原型制敵長靴
14549,彌達斯原型強襲長靴
14550,彌達斯原型精準筒靴
14551,彌達斯原型游擊筒靴
14552,彌達斯原型治癒法靴
14553,彌達斯原型詠咒法靴
14554,彌達斯原型禦敵耳墜
14555,彌達斯原型強攻耳墜
14556,彌達斯原型精準耳墜
14557,彌達斯原型治癒耳墜
14558,彌達斯原型詠咒耳墜
14559,彌達斯原型禦敵項環
14560,彌達斯原型強攻項環
14561,彌達斯原型精準項環
14562,彌達斯原型治癒項環
14563,彌達斯原型詠咒項環
14564,彌達斯原型禦敵手鐲
14565,彌達斯原型強攻手鐲
14566,彌達斯原型精準手鐲
14567,彌達斯原型治癒手鐲
14568,彌達斯原型詠咒手鐲
14569,彌達斯原型禦敵指環
14570,彌達斯原型強攻指環
14571,彌達斯原型精準指環
14572,彌達斯原型治癒指環
14573,彌達斯原型詠咒指環
14574,彌達斯金屬長劍
14575,彌達斯金屬指虎
14576,彌達斯金屬戰斧
14577,彌達斯金屬長槍
14578,彌達斯金屬長弓
14579,彌達斯金屬小刀
14580,彌達斯金屬巨劍
14581,彌達斯金屬火槍
14582,彌達斯金屬牧杖
14583,彌達斯金屬法杖
14584,彌達斯金屬魔導書
14585,彌達斯金屬魔導典
14586,彌達斯金屬量天儀
14587,彌達斯金屬圓盾
14588,彌達斯禦敵頭帶
14589,彌達斯制敵面具
14590,彌達斯強襲面具
14591,彌達斯精準護目鏡
14592,彌達斯游擊護目鏡
14593,彌達斯治癒長角
14594,彌達斯詠咒長角
14595,彌達斯禦敵外套
14596,彌達斯制敵短衣
14597,彌達斯強襲短衣
14598,彌達斯精準長衣
14599,彌達斯游擊外套
14600,彌達斯治癒長衣
14601,彌達斯詠咒長衣
14602,彌達斯禦敵手鎧
14603,彌達斯制敵手套
14604,彌達斯強襲手套
14605,彌達斯精準手套
14606,彌達斯游擊手套
14607,彌達斯治癒手套
14608,彌達斯詠咒手套
14609,彌達斯禦敵腰帶
14610,彌達斯制敵腰帶
14611,彌達斯強襲腰帶
14612,彌達斯精準腰帶
14613,彌達斯游擊腰帶
14614,彌達斯治癒腰帶
14615,彌達斯詠咒腰帶
14616,彌達斯禦敵馬褲
14617,彌達斯制敵馬褲
14618,彌達斯強襲馬褲
14619,彌達斯精準護膝褲
14620,彌達斯游擊護膝褲
14621,彌達斯治癒軟甲褲
14622,彌達斯詠咒軟甲褲
14623,彌達斯禦敵鎧靴
14624,彌達斯制敵長靴
14625,彌達斯強襲長靴
14626,彌達斯精準筒靴
14627,彌達斯游擊筒靴
14628,彌達斯治癒法靴
14629,彌達斯詠咒法靴
14630,彌達斯禦敵耳墜
14631,彌達斯強攻耳墜
14632,彌達斯精準耳墜
14633,彌達斯治癒耳墜
14634,彌達斯詠咒耳墜
14635,彌達斯禦敵項環
14636,彌達斯強攻項環
14637,彌達斯精準項環
14638,彌達斯治癒項環
14639,彌達斯詠咒項環
14640,彌達斯禦敵手鐲
14641,彌達斯強攻手鐲
14642,彌達斯精準手鐲
14643,彌達斯治癒手鐲
14644,彌達斯詠咒手鐲
14645,彌達斯禦敵指環
14646,彌達斯強攻指環
14647,彌達斯精準指環
14648,彌達斯治癒指環
14649,彌達斯詠咒指環
14650,德拉瓦尼亞禦敵髮夾
14651,德拉瓦尼亞禦敵外套
14652,德拉瓦尼亞禦敵手鎧
14653,德拉瓦尼亞禦敵長裙
14654,德拉瓦尼亞禦敵脛甲
14655,德拉瓦尼亞禦敵護腰帶
14656,德拉瓦尼亞制敵髮夾
14657,德拉瓦尼亞制敵外套
14658,德拉瓦尼亞制敵手鎧
14659,德拉瓦尼亞制敵長裙
14660,德拉瓦尼亞制敵脛甲
14661,德拉瓦尼亞制敵護腰帶
14662,德拉瓦尼亞強襲寬邊帽
14663,德拉瓦尼亞強襲束腰獵衣
14664,德拉瓦尼亞強襲護手
14665,德拉瓦尼亞強襲軟甲褲
14666,德拉瓦尼亞強襲高筒靴
14667,德拉瓦尼亞強襲交叉腰帶
14668,德拉瓦尼亞精準寬邊帽
14669,德拉瓦尼亞精準束腰獵衣
14670,德拉瓦尼亞精準護手
14671,德拉瓦尼亞精準軟甲褲
14672,德拉瓦尼亞精準高筒靴
14673,德拉瓦尼亞精準交叉腰帶
14674,德拉瓦尼亞游擊寬邊帽
14675,德拉瓦尼亞游擊束腰獵衣
14676,德拉瓦尼亞游擊護手
14677,德拉瓦尼亞游擊軟甲褲
14678,德拉瓦尼亞游擊高筒靴
14679,德拉瓦尼亞游擊交叉腰帶
14680,德拉瓦尼亞治癒寬邊帽
14681,德拉瓦尼亞治癒長袍
14682,德拉瓦尼亞治癒護臂
14683,德拉瓦尼亞治癒長裙
14684,德拉瓦尼亞治癒長筒靴
14685,德拉瓦尼亞治癒腰圍
14686,德拉瓦尼亞詠咒寬邊帽
14687,德拉瓦尼亞詠咒長袍
14688,德拉瓦尼亞詠咒護臂
14689,德拉瓦尼亞詠咒長裙
14690,德拉瓦尼亞詠咒長筒靴
14691,德拉瓦尼亞詠咒腰圍
14692,德拉瓦尼亞禦敵項環
14693,德拉瓦尼亞禦敵耳墜
14694,德拉瓦尼亞禦敵手鐲
14695,德拉瓦尼亞禦敵指環
14696,德拉瓦尼亞強攻項環
14697,德拉瓦尼亞強攻耳墜
14698,德拉瓦尼亞強攻手鐲
14699,德拉瓦尼亞強攻指環
14700,德拉瓦尼亞精準項環
14701,德拉瓦尼亞精準耳墜
14702,德拉瓦尼亞精準手鐲
14703,德拉瓦尼亞精準指環
14704,德拉瓦尼亞治癒項環
14705,德拉瓦尼亞治癒耳墜
14706,德拉瓦尼亞治癒手鐲
14707,德拉瓦尼亞治癒指環
14708,德拉瓦尼亞詠咒項環
14709,德拉瓦尼亞詠咒耳墜
14710,德拉瓦尼亞詠咒手鐲
14711,德拉瓦尼亞詠咒指環
14712,光銀禦敵頭盔
14713,光銀禦敵胸甲
14714,光銀禦敵手鎧
14715,荒神革禦敵馬褲
14716,光銀禦敵鎧靴
14717,荒神革制敵頭甲
14718,荒神革制敵護甲
14719,荒神革制敵護臂
14720,荒神布制敵襯褲
14721,荒神革制敵腿甲靴
14722,荒神革強襲頭甲
14723,荒神革強襲護甲
14724,荒神革強襲護臂
14725,荒神布強襲襯褲
14726,荒神革強襲腿甲靴
14727,荒神布精準狩獵帽
14728,荒神布精準棉甲
14729,荒神布精準袖套
14730,荒神布精準及膝褲
14731,荒神革精準高筒靴
14732,荒神布游擊狩獵帽
14733,荒神布游擊棉甲
14734,荒神布游擊袖套
14735,荒神布游擊及膝褲
14736,荒神革游擊高筒靴
14737,荒神布治癒狩獵帽
14738,荒神布治癒棉甲
14739,荒神布治癒袖套
14740,荒神布治癒長裙
14741,荒神革治癒長靴
14742,荒神革詠咒頭甲
14743,荒神革詠咒護甲
14744,荒神革詠咒護臂
14745,荒神布詠咒長裙
14746,荒神革詠咒長靴
14747,光銀禦敵腰帶
14748,光銀制敵腰甲
14749,光銀強襲腰甲
14750,荒神革精準腰帶
14751,荒神革游擊環帶
14752,荒神布治癒圍腰
14753,荒神布詠咒圍腰
14754,戰爭神之劍
14755,光陰神指虎
14756,戰爭神戰斧
14757,戰爭神之槍
14758,放浪神之弓
14759,光陰神輔劍
14760,戰爭神斷頭劍
14761,放浪神左輪槍
14762,知識神幻杖
14763,知識神長杖
14764,知識神之書
14765,知識神之典
14766,知識神天球儀
14767,戰爭神之盾
14768,戰爭神禦敵頭盔
14769,戰爭神禦敵戰鎧
14770,戰爭神禦敵手鎧
14771,戰爭神禦敵馬褲
14772,戰爭神禦敵鎖甲靴
14773,戰爭神制敵頭盔
14774,戰爭神制敵戰鎧
14775,戰爭神制敵手鎧
14776,戰爭神制敵馬褲
14777,戰爭神制敵鎖甲靴
14778,光陰神強襲頭盔
14779,光陰神強襲戰鎧
14780,光陰神強襲手鎧
14781,光陰神強襲短褲
14782,光陰神強襲鎖甲靴
14783,放浪神精準頭盔
14784,放浪神精準戰鎧
14785,放浪神精準手鎧
14786,放浪神精準短褲
14787,放浪神精準高筒靴
14788,光陰神游擊頭盔
14789,光陰神游擊鏈甲
14790,光陰神游擊手鎧
14791,光陰神游擊短褲
14792,光陰神游擊鎖甲靴
14793,知識神治癒頭巾
14794,知識神治癒鬥服
14795,知識神治癒護臂
14796,知識神治癒長褲
14797,知識神治癒涼鞋
14798,知識神詠咒頭巾
14799,知識神詠咒鬥服
14800,知識神詠咒護臂
14801,知識神詠咒長褲
14802,知識神詠咒涼鞋
14803,戰爭神禦敵腰帶
14804,戰爭神制敵腰帶
14805,光陰神強襲腰帶
14806,放浪神精準腰帶
14807,光陰神游擊腰帶
14808,知識神治癒腰帶
14809,知識神詠咒腰帶
14810,十二神禦敵項鍊
14811,十二神禦敵耳墜
14812,十二神禦敵手鐲
14813,十二神禦敵指環
14814,十二神強攻項鍊
14815,十二神強攻耳墜
14816,十二神強攻手鐲
14817,十二神強攻指環
14818,十二神精準項鍊
14819,十二神精準耳墜
14820,十二神精準手鐲
14821,十二神精準指環
14822,十二神治癒項鍊
14823,十二神治癒耳墜
14824,十二神治癒手鐲
14825,十二神治癒指環
14826,十二神詠咒項鍊
14827,十二神詠咒耳墜
14828,十二神詠咒手鐲
14829,十二神詠咒指環
14830,遠征外套
14831,遠征腿套
14832,遠征狩獵靴
14833,遠征罩衣
14834,遠征手套
14835,遠征熱褲
14836,遠征長靴
14837,遠征護耳帽
14838,遠征航空帽
14839,火神面具
14840,土神面具
14841,紅色古典玫瑰頭花
14842,藍色古典玫瑰頭花
14843,黃色古典玫瑰頭花
14844,綠色古典玫瑰頭花
14845,橙色古典玫瑰頭花
14846,紫色古典玫瑰頭花
14847,白色古典玫瑰頭花
14848,黑色古典玫瑰頭花
14849,混色古典玫瑰頭花
14850,聖蜥蜴革背心
14851,聖蜥蜴革馬褲
14852,駿鷹革護胸
14853,駿鷹革短褲
14854,東方公子長衫
14855,東方公子長褲
14856,東方公子布鞋
14857,東方秀女旗袍
14858,東方秀女旗裙
14859,東方秀女布鞋
14860,東方裝甲
14861,首席機工師護目鏡
14862,首席機工師套裝
14863,煉鐵廠護目鏡
14864,煉鐵廠工作服
14865,煉鐵廠手套
14866,煉鐵廠長褲
14867,煉鐵廠長靴
14868,聖蜥蜴革短裙
14869,聖蜥蜴革外套
14870,全能劍阿爾瑪斯·超導
14871,軍神護拳·超導
14872,天雷神斧·超導
14873,先鋒槍隆格米安特·超導
14874,鋼迪瓦神弓·超導
14875,神無·超導
14876,諾統·超導
14877,末日·超導
14878,天威杖·超導
14879,無盡魔源杖·超導
14880,巨龍之書·超導
14881,星象四書·超導
14882,天津四天儀·超導
14883,安喀勒盾·超導
14884,鬥壺
14885,鬥壺·天極
14886,鬥壺·鎮魂
14887,水神牧杖
14888,淵水牧杖
14889,風神牧杖
14890,莫古莫古法杖
14891,火神法杖
14892,亞拉戈法杖
14893,土神長杖
14894,邪鬼長靴
14895,彌達斯齒輪
14896,群青強化藥
14897,群青強化纖維
14898,群青硬化藥
14899,亞拉戈絕靈油
14900,毛絨絨茄子騎士
14901,毛絨絨蒜頭明星
14902,毛絨絨番茄國王
14903,毛絨絨曼德拉王后
14904,陸行鳥競賽教材：陸行鳥吸收
14905,陸行鳥競賽教材：陸行鳥吸收II
14906,陸行鳥競賽教材：陸行鳥吸收III
14907,陸行鳥競賽教材：道具變換
14908,陸行鳥競賽教材：模仿
14909,陸行鳥競賽教材：模仿II
14910,陸行鳥競賽教材：模仿III
14911,陸行鳥競賽教材：鳥羽結界
14912,陸行鳥競賽教材：鳥羽結界II
14913,陸行鳥競賽教材：鳥羽結界III
14914,陸行鳥競賽教材：超級衝刺
14915,陸行鳥競賽教材：陸行鳥復生
14916,陸行鳥競賽教材：陸行鳥復生II
14917,陸行鳥競賽教材：陸行鳥復生III
14918,陸行鳥競賽教材：弱化耐性
14919,陸行鳥競賽教材：弱化耐性II
14920,陸行鳥競賽教材：弱化耐性III
14921,陸行鳥競賽教材：減速休息
14922,陸行鳥競賽教材：減速休息II
14923,陸行鳥競賽教材：減速休息III
14924,長頸駝革外套
14925,青麻腿套
14926,長頸駝革狩獵靴
14927,青麻短袖罩衣
14928,暗長頸駝革手套
14929,青麻熱褲
14930,長頸駝革長靴
14931,古董毯
14932,古董革
14933,八面硼砂
14934,古代野獸的化石片
14935,超硬加隆德鋼
14936,浮士德裝甲板
14937,靈獸的角粉
14938,偽黑銅幣證書
14939,風絹無簷帽
14940,風絹短上衣
14941,恐龍革手套
14942,風絹打底褲
14943,恐龍革禮鞋
14944,幸運彩蛋2016
14945,軍用徵兵指南
14946,軍票預支單
14947,金碟優待券
14948,軍用戰鬥指南
14949,軍用生存學指南第三卷
14950,軍用工程學指南第三卷
14951,軍用精神學指南
14952,軍用營養學指南
14953,軍用工具指南
14954,傳送網使用優惠券
14955,光銀沙
14956,淡雪棉
14957,樟木古樹
14958,黃金煙花棒
14959,特製蒼天煙花
14960,
14961,
14962,
14963,
14964,
14965,
14966,
14967,
14968,
14969,
14970,髮型樣式：雷光&冰雪
14971,金碟幣金卡
14972,女僕髮帶
14973,女僕圍裙裝
14974,女僕腕帶
14975,女僕蓬鬆褲
14976,女僕禮鞋
14977,管家單片眼鏡
14978,管家燕尾服
14979,管家手套
14980,管家長褲
14981,管家禮鞋
14982,筋鬥雲之書
14983,如意金箍棒
14984,
14985,
14986,
14987,
14988,
14989,
14990,
14991,
14992,
14993,
14994,
14995,
14996,
14997,
14998,
14999,
15000,
15001,
15002,
15003,
15004,
15005,
15006,
15007,
15008,
15009,
15010,
15011,
15012,
15013,
15014,
15015,
15016,
15017,
15018,
15019,
15020,
15021,
15022,
15023,
15024,
15025,
15026,
15027,
15028,
15029,
15030,
15031,
15032,
15033,
15034,
15035,
15036,
15037,
15038,
15039,
15040,
15041,
15042,
15043,
15044,
15045,
15046,
15047,
15048,
15049,
15050,
15051,
15052,
15053,
15054,
15055,
15056,
15057,
15058,
15059,
15060,
15061,
15062,
15063,
15064,
15065,
15066,
15067,
15068,
15069,
15070,
15071,
15072,
15073,
15074,
15075,
15076,
15077,
15078,
15079,
15080,
15081,
15082,
15083,
15084,
15085,
15086,
15087,
15088,
15089,
15090,
15091,
15092,
15093,
15094,
15095,演技教材·抱拳禮
15096,演技教材·後空翻
15097,亞拉戈法杖（複製品）
15098,亞拉戈乙太石：武器
15099,亞拉戈乙太石：頭部防具
15100,亞拉戈乙太石：身體防具
15101,亞拉戈乙太石：手部防具
15102,亞拉戈乙太石：腿部防具
15103,亞拉戈乙太石：腳部防具
15104,亞拉戈高位乙太石：武器
15105,亞拉戈高位乙太石：頭部防具
15106,亞拉戈高位乙太石：身體防具
15107,亞拉戈高位乙太石：手部防具
15108,亞拉戈高位乙太石：腿部防具
15109,亞拉戈高位乙太石：腳部防具
15110,瑪哈物質
15111,遠航黃銅通貨
15112,遠航白鋼通貨
15113,
15114,
15115,全能劍阿爾瑪斯（複製品）
15116,軍神護拳（複製品）
15117,天雷神斧（複製品）
15118,先鋒槍隆格米安特（複製品）
15119,鋼迪瓦神弓（複製品）
15120,神無（複製品）
15121,諾統（複製品）
15122,末日（複製品）
15123,天威杖（複製品）
15124,無盡魔源杖（複製品）
15125,巨龍之書（複製品）
15126,星象四書（複製品）
15127,天津四天儀（複製品）
15128,安喀勒盾（複製品）
15129,競賽裝甲
15130,新秀項環
15131,新秀耳環
15132,新秀手鏈
15133,新秀指環
15134,碧海獎盃左部
15135,碧海獎盃中部
15136,碧海獎盃右部
15137,密林獎盃左部
15138,密林獎盃中部
15139,密林獎盃右部
15140,黃沙獎盃左部
15141,黃沙獎盃中部
15142,黃沙獎盃右部
15143,博古架
15144,洗面台
15145,毛絨絨小熊
15146,伊修加爾德早餐組合
15147,衣帽架
15148,煙灰缸
15149,間接照明
15150,直立型間接照明
15151,外科室幕簾
15152,尼德霍格模型
15153,莫古莫古沙發
15154,巨龍落地燈
15155,第1賽季獨狼獎盃
15156,新生錦旗
15157,沙灘椅
15158,牽牛花叢
15159,大型庭院水塘
15160,東方木橋
15161,東方廊椅
15162,南瓜馬車
15163,螢籠
15164,薩雷安地板
15165,藍天內牆
15166,金碟吊燈
15167,妖怪徽章
15168,妖怪傳奇徽章：吉胖喵
15169,妖怪傳奇徽章：小石獅
15170,妖怪傳奇徽章：威斯帕
15171,妖怪傳奇徽章：吹雪姬
15172,妖怪傳奇徽章：九尾
15173,妖怪傳奇徽章：小石次郎
15174,妖怪傳奇徽章：人面犬
15175,妖怪傳奇徽章：小土龍
15176,妖怪傳奇徽章：大蛇
15177,妖怪傳奇徽章：武士喵
15178,妖怪傳奇徽章：浮游喵
15179,妖怪傳奇徽章：機器喵F型
15180,妖怪傳奇徽章：USA蹦
15181,角尊劍
15182,角尊指虎
15183,角尊斧
15184,角尊長槍
15185,角尊長弓
15186,角尊小刀
15187,角尊巨劍
15188,角尊左輪槍
15189,角尊牧杖
15190,角尊法杖
15191,角尊魔導書
15192,角尊魔導典
15193,角尊量天儀
15194,角尊盾
15195,吉胖喵
15196,小石獅
15197,威斯帕
15198,吹雪姬
15199,九尾
15200,小石次郎
15201,人面犬
15202,小土龍
15203,大蛇
15204,武士喵
15205,浮游喵
15206,機器喵F型
15207,USA蹦
15208,妖刀·貓丸
15209,宇宙拳套
15210,百斬斧·赤貓
15211,蛇槍·鴉丸
15212,智者大弓
15213,九尾雙劍
15214,同田貫·冬貓
15215,F型波動砲
15216,白犬杖
15217,雪姬杖
15218,憑依教典
15219,朱犬之書
15220,幸運天球儀
15221,圓陣貓盾
15222,妖怪手錶
15223,雙子領主之利劍
15224,強權蘇丹之對拳
15225,鮮血皇帝之巨斧
15226,蓋世霸王之尖槍
15227,獨裁帝王之長弓
15228,荊棘親王之銳刺
15229,無道暴君之斬首
15230,王朝君主之烈火
15231,純白沙皇之法杖
15232,漆黑可汗之魔杖
15233,瘋狂女王之書卷
15234,絕世巨擘之諾言
15235,末代王儲之天球
15236,雙子領主之堅盾
15237,雙子領主之利劍·靈慧
15238,強權蘇丹之對拳·靈慧
15239,鮮血皇帝之巨斧·靈慧
15240,蓋世霸王之尖槍·靈慧
15241,獨裁帝王之長弓·靈慧
15242,荊棘親王之銳刺·靈慧
15243,無道暴君之斬首·靈慧
15244,王朝君主之烈火·靈慧
15245,純白沙皇之法杖·靈慧
15246,漆黑可汗之魔杖·靈慧
15247,瘋狂女王之書卷·靈慧
15248,絕世巨擘之諾言·靈慧
15249,末代王儲之天球·靈慧
15250,雙子領主之堅盾·靈慧
15251,血族劍
15252,尼耶佩爾鬥拳
15253,米諾斯斧
15254,屠龍戟
15255,特爾潘德弓
15256,藏骨短刀
15257,柯羅諾斯巨劍
15258,死鎖
15259,辛德利幻杖
15260,死亡命運
15261,摹仿論
15262,遠征記
15263,壽星儀
15264,聖母盾
15265,第1賽季群狼獎盃
15266,新生立柱
15267,第1賽季霸者之證（單人）
15268,第1賽季猛者之證（單人）
15269,第1賽季強者之證（單人）
15270,第1賽季霸者之證（固定隊）
15271,第1賽季猛者之證（固定隊）
15272,第1賽季強者之證（固定隊）
15273,獨狼王冠
15274,獨狼長衣
15275,獨狼手鎧
15276,獨狼馬褲
15277,獨狼長靴
15278,群狼王冠
15279,群狼長衣
15280,群狼手鎧
15281,群狼馬褲
15282,群狼長靴
15283,獨狼鑽石項環
15284,獨狼鑽石耳墜
15285,獨狼鑽石手鐲
15286,獨狼鑽石指環
15287,獨狼白金項環
15288,獨狼白金耳墜
15289,獨狼白金手鐲
15290,獨狼白金指環
15291,獨狼黃金項環
15292,獨狼黃金耳墜
15293,獨狼黃金手鐲
15294,獨狼黃金指環
15295,獨狼白銀項環
15296,獨狼白銀耳墜
15297,獨狼白銀手鐲
15298,獨狼白銀指環
15299,獨狼青銅項環
15300,獨狼青銅耳墜
15301,獨狼青銅手鐲
15302,獨狼青銅指環
15303,邪龍劍
15304,邪龍之拳
15305,邪龍大斧
15306,邪龍長槍
15307,邪龍弓
15308,邪龍小刀
15309,邪龍大劍
15310,邪龍手砲
15311,邪龍牧杖
15312,邪龍魔杖
15313,邪龍魔導書
15314,邪龍魔導典
15315,邪龍天球儀
15316,邪龍盾
15317,亞菲姆禦敵頭冠
15318,亞菲姆禦敵戰鎧
15319,亞菲姆禦敵手鎧
15320,亞菲姆禦敵鎖甲騎兵褲
15321,亞菲姆禦敵鎧靴
15322,亞菲姆禦敵腰帶
15323,亞菲姆制敵頭冠
15324,亞菲姆制敵戰鎧
15325,亞菲姆制敵手鎧
15326,亞菲姆制敵鎖甲騎兵褲
15327,亞菲姆制敵鎧靴
15328,亞菲姆制敵腰帶
15329,亞菲姆強襲頭冠
15330,亞菲姆強襲鬥服
15331,亞菲姆強襲手套
15332,亞菲姆強襲束膝褲
15333,亞菲姆革強襲涼鞋
15334,亞菲姆強襲腰帶
15335,亞菲姆精準包頭巾
15336,亞菲姆精準罩衣
15337,亞菲姆精準半指手套
15338,亞菲姆精準襯褲
15339,亞菲姆精準長靴
15340,亞菲姆精準腰帶
15341,亞菲姆游擊頭冠
15342,亞菲姆游擊鬥服
15343,亞菲姆游擊手套
15344,亞菲姆游擊束膝褲
15345,亞菲姆游擊涼鞋
15346,亞菲姆游擊腰帶
15347,亞菲姆治癒寬邊帽
15348,亞菲姆治癒外套
15349,亞菲姆治癒半手套
15350,亞菲姆治癒軟甲褲
15351,亞菲姆治癒矮靴
15352,亞菲姆治癒腰帶
15353,亞菲姆詠咒寬邊帽
15354,亞菲姆詠咒外套
15355,亞菲姆詠咒半手套
15356,亞菲姆詠咒軟甲褲
15357,亞菲姆詠咒矮靴
15358,亞菲姆詠咒腰帶
15359,狂戰頭盔
15360,狂戰鱗鎧
15361,狂戰護臂
15362,狂戰騎兵褲
15363,狂戰腿甲靴
15364,狂戰腰帶
15365,維京頭盔
15366,維京鱗鎧
15367,維京護臂
15368,維京騎兵褲
15369,維京腿甲靴
15370,維京腰帶
15371,征服包頭巾
15372,征服坎肩
15373,征服護臂
15374,征服襯褲
15375,征服涼鞋
15376,征服腰帶
15377,牧人禮帽
15378,牧人外套
15379,牧人手套
15380,牧人皮套褲
15381,牧人長靴
15382,牧人腰帶
15383,克服包頭巾
15384,克服坎肩
15385,克服護臂
15386,克服襯褲
15387,克服涼鞋
15388,克服腰帶
15389,預言面具
15390,預言鬥服
15391,預言臂環
15392,預言及膝褲
15393,預言涼鞋
15394,預言腰帶
15395,頌贊面具
15396,頌贊鬥服
15397,頌贊臂環
15398,頌贊及膝褲
15399,頌贊涼鞋
15400,頌贊腰帶
15401,狂戰圍巾
15402,狂戰耳墜
15403,狂戰手鐲
15404,狂戰指環
15405,維京圍巾
15406,維京耳墜
15407,維京手鐲
15408,維京指環
15409,牧人圍巾
15410,牧人耳墜
15411,牧人手鐲
15412,牧人指環
15413,預言圍巾
15414,預言耳墜
15415,預言手鐲
15416,預言指環
15417,頌贊圍巾
15418,頌贊耳墜
15419,頌贊手鐲
15420,頌贊指環
15421,邪龍圖騰
15422,格爾莫拉陶器碎片
15423,精雕咕波果幣證書
15424,紅蓮祭票據2017
15425,羅蘭莓刨冰
15426,
15427,邪龍裝甲
15428,管家裝甲
15429,孢雲棉花糖種子
15430,胖莫古利角笛
15431,威斯帕號鑰匙
15432,暗黑獵鷹笛
15433,天陽馬笛
15434,新型迷你雅·修朵拉
15435,幼龍玩偶
15436,拉姆之形
15437,濕婆之形
15438,波奇
15439,魔法水桶
15440,觸手
15441,腕龍玩偶
15442,啦啦隊小姑娘
15443,迷你可露兒
15444,迷你艾默里克
15445,卡洛菲斯提莉玩偶
15446,大腳小猿
15447,小矮兔
15448,百目
15449,道士莫古利娃娃
15450,莫古利拖鞋
15451,巨龍單片眼鏡
15452,瓦努袞杜頭套
15453,瓦努袞杜身體
15454,瓦努袞杜手臂
15455,瓦努袞杜打底褲
15456,瓦努袞杜長靴
15457,骨頜頭套
15458,骨頜自由腦身體
15459,骨頜手臂
15460,骨頜打底褲
15461,骨頜長靴
15462,新世界頭飾
15463,新世界外套
15464,新世界臂環
15465,新世界喇叭褲
15466,新世界狩獵靴
15467,傳代戰士戰冠
15468,傳代戰士鎧甲
15469,傳代戰士護臂
15470,傳代戰士馬褲
15471,傳代戰士鎧靴
15472,倖存者牛仔帽
15473,倖存者襯衫
15474,倖存者七分褲
15475,倖存者矮靴
15476,極限倖存者襯衫
15477,極限倖存者長褲
15478,波奇頭套
15479,波奇服
15480,風雅長羽織
15481,風雅袴
15482,東方貴人爵弁
15483,東方貴人玄端
15484,東方貴人腕飾
15485,東方貴人帷裳
15486,東方貴人舄履
15487,上仙緊箍
15488,上仙鬥衣
15489,上仙數珠
15490,上仙長褲
15491,上仙纏足
15492,
15493,
15494,
15495,副甲士三角帽
15496,副甲士外套
15497,
15498,
15499,牙軍曹圓帽
15500,牙軍曹長衣
15501,
15502,
15503,副鬥士盔帽
15504,副鬥士長衣
15505,加隆德大地皮帽
15506,加隆德大地坎肩
15507,加隆德大地手套
15508,加隆德大地工作褲
15509,加隆德大地矮靴
15510,碳纖布大地皮帽
15511,碳纖布大地坎肩
15512,碳纖布大地手套
15513,碳纖布大地工作褲
15514,碳纖布大地矮靴
15515,加隆德巧匠無簷帽
15516,加隆德巧匠圍裙
15517,加隆德巧匠袖套
15518,加隆德巧匠馬褲
15519,加隆德巧匠長靴
15520,碳纖布巧匠無簷帽
15521,碳纖布巧匠圍裙
15522,碳纖布巧匠袖套
15523,碳纖布巧匠馬褲
15524,碳纖布巧匠長靴
15525,加隆德大地項鍊
15526,加隆德大地耳墜
15527,加隆德大地腕環
15528,加隆德大地指環
15529,加隆德大地腰帶
15530,加隆德巧匠項鍊
15531,加隆德巧匠耳墜
15532,加隆德巧匠腕環
15533,加隆德巧匠指環
15534,加隆德巧匠腰帶
15535,光銀手鋸
15536,光銀橫頭錘
15537,光銀圓頭錘
15538,荒神工藝錘
15539,光銀圓革刀
15540,荒神縫針
15541,光銀蒸餾器
15542,光銀平底鍋
15543,光銀十字鎬
15544,光銀手斧
15545,光流釣竿
15546,光銀羊角錘
15547,光銀銼刀
15548,光銀手鉗
15549,荒神砂輪機
15550,光銀平斬
15551,樟木紡車
15552,光銀研缽
15553,光銀廚刀
15554,光銀碎石錘
15555,光銀鐮刀
15556,驚雷電閃
15557,驚雷萬鈞
15558,驚雷風暴
15559,驚雷霹靂
15560,驚雷風行
15561,驚雷爍光
15562,驚雷驚天
15563,驚雷暴雨
15564,驚雷轟鳴
15565,驚雷怒震
15566,驚雷咆哮
15567,驚雷電繞
15568,驚雷觀天
15569,驚雷雲砧
15570,無盡雲神劍
15571,無盡雲神拳刺
15572,無盡雲神戰斧
15573,無盡雲神游擊槍
15574,無盡雲神長弓
15575,無盡雲神匕首
15576,無盡雲神巨劍
15577,無盡雲神手砲
15578,無盡雲神牧杖
15579,無盡雲神長玉杖
15580,無盡雲神魔導書
15581,無盡雲神魔導典
15582,無盡雲神量天儀
15583,無盡雲神盾
15584,偃武長刀
15585,偃武利爪
15586,偃武戰斧
15587,偃武長槍
15588,偃武長弓
15589,偃武匕首
15590,偃武大劍
15591,偃武火槍
15592,偃武牧杖
15593,偃武長玉杖
15594,偃武魔導書
15595,偃武魔導典
15596,偃武天星盤
15597,偃武盾
15598,圓桌之劍
15599,圓桌之拳
15600,圓桌之斧
15601,圓桌之戟
15602,圓桌之弓
15603,圓桌之刀
15604,圓桌之大劍
15605,圓桌之火
15606,圓桌之幻杖
15607,圓桌之咒杖
15608,圓桌之書
15609,圓桌之典
15610,圓桌之儀
15611,圓桌之盾
15612,髮型樣式：桑克瑞德
15613,髮型樣式：雅·修朵拉
15614,隕石煙花
15615,九宮幻卡：羅羅力特·納納力特
15616,九宮幻卡：吉布里隆
15617,九宮幻卡：拉妮艾特·德·艾因哈特
15618,九宮幻卡：羅絲溫
15619,九宮幻卡：卡爾瓦蘭·德·戈爾加涅
15620,九宮幻卡：卡爾·米克
15621,九宮幻卡：招雷巨蛇
15622,九宮幻卡：博物總管
15623,九宮幻卡：大海盜霧鬚王
15624,九宮幻卡：烏內&多加
15625,九宮幻卡：提亞馬特
15626,鼓錢袋
15627,雪人殺手
15628,拉·雷亞爾
15629,龍鱗撕裂者
15630,惡夢之種
15631,巨隕龜
15632,水瓶王
15633,維德弗尼爾
15634,拉塔托斯克之魂
15635,水墨魚
15636,卷風鯊
15637,進化型亞拉戈高位鋼盔鱟
15638,無光層巨骨舌魚
15639,東方警衛帽
15640,東方警衛制服
15641,東方警衛長靴
15642,東方女官帽
15643,東方女官服
15644,東方女官靴
15645,光流纖維
15646,隕石
15647,樹汁結晶
15648,白光靈砂
15649,玻璃纖維
15650,蒼天雞蛋湯
15651,田園番茄麵
15652,蒼天雞蛋
15653,邪龍之鱗
15654,改良型珍木手鋸
15655,改良型鑌鐵鳥嘴錘
15656,改良型戎甲圓頭錘
15657,改良型鏤金工藝錘
15658,改良型精革裁皮刀
15659,改良型錦衣縫針
15660,改良型煉真蒸餾器
15661,改良型烹飪廚鍋
15662,改良型富礦十字鎬
15663,改良型園野手斧
15664,改良型漁燈釣竿
15665,改良型珍木皮帽
15666,改良型珍木圍裙
15667,改良型珍木手套
15668,改良型珍木工作褲
15669,改良型珍木工作靴
15670,改良型鑌鐵護目鏡
15671,改良型鑌鐵圍裙
15672,改良型鑌鐵手套
15673,改良型鑌鐵工作褲
15674,改良型鑌鐵涼鞋
15675,改良型戎甲面罩
15676,改良型戎甲圍裙
15677,改良型戎甲工作手套
15678,改良型戎甲工作褲
15679,改良型戎甲工作靴
15680,改良型鏤金頭冠
15681,改良型鏤金外衣
15682,改良型鏤金手甲
15683,改良型鏤金軟甲褲
15684,改良型鏤金涼鞋
15685,改良型精革花帽
15686,改良型精革圍裙
15687,改良型精革手套
15688,改良型精革軟甲褲
15689,改良型精革工作靴
15690,改良型錦衣禮帽
15691,改良型錦衣外套
15692,改良型錦衣手套
15693,改良型錦衣長褲
15694,改良型錦衣矮靴
15695,改良型煉真單片眼鏡
15696,改良型煉真長袍
15697,改良型煉真手套
15698,改良型煉真長裙
15699,改良型煉真長筒靴
15700,改良型烹飪廚帽
15701,改良型烹飪圍裙
15702,改良型烹飪手套
15703,改良型烹飪軟甲褲
15704,改良型烹飪矮靴
15705,改良型富礦頭燈帽
15706,改良型富礦工作衫
15707,改良型富礦工作手套
15708,改良型富礦工作褲
15709,改良型富礦工作靴
15710,改良型園野寬邊草帽
15711,改良型園野襯衫
15712,改良型園野護手
15713,改良型園野工作褲
15714,改良型園野護膝靴
15715,改良型漁燈釣帽
15716,改良型漁燈坎肩
15717,改良型漁燈手套
15718,改良型漁燈束膝褲
15719,改良型漁燈防水靴
15720,假果實
15721,超級喇叭組件
15722,莫古利用工具組件
15723,石像修復組件
15724,名牌加工組件
15725,訓練用組件
15726,再利用建築物資
15727,基建物資
15728,編織籃組件
15729,牆壁修補組件
15730,採集工具修理組件
15731,石磚加工用品
15732,絕靈容器
15733,調整後的石材
15734,煙霧果實
15735,龍族報酬
15736,剪裁機組件
15737,泉水修補組件
15738,烹調所需品
15739,雕像樣本
15740,飛空艇模型
15741,龍鱗銼刀
15742,雲海釣餌
15743,晚餐所需品
15744,捲揚機組件
15745,特製獎勵
15746,假果實的材料
15747,超級喇叭組件的材料
15748,莫古利用工具組件的材料
15749,石像修復組件的材料
15750,名牌加工組件的材料
15751,訓練用組件的材料
15752,建築物資的材料
15753,基建物資的材料
15754,編織籃組件的材料
15755,牆壁修補組件的材料
15756,採集工具修理組件的材料
15757,石磚加工用品的材料
15758,絕靈容器的材料
15759,石材和調整材料
15760,煙霧果實的材料
15761,龍族報酬的材料
15762,剪裁機組件的材料
15763,泉水修補組件的材料
15764,烹調所需品的材料
15765,雕像樣本的材料
15766,飛空艇模型的材料
15767,龍鱗銼刀的材料
15768,雲海釣餌的材料
15769,晚餐所需品的材料
15770,捲揚機組件的材料
15771,特製獎勵的材料
15772,戰鬥技巧教材：守勢
15773,戰鬥技巧教材：攻勢
15774,戰鬥技巧教材：魔法
15775,1級水族箱
15776,2級水族箱
15777,3級水族箱
15778,4級水族箱
15779,群狼鑽石項環
15780,群狼鑽石耳墜
15781,群狼鑽石手鐲
15782,群狼鑽石指環
15783,群狼白金項環
15784,群狼白金耳墜
15785,群狼白金手鐲
15786,群狼白金指環
15787,群狼黃金項環
15788,群狼黃金耳墜
15789,群狼黃金手鐲
15790,群狼黃金指環
15791,群狼白銀項環
15792,群狼白銀耳墜
15793,群狼白銀手鐲
15794,群狼白銀指環
15795,群狼青銅項環
15796,群狼青銅耳墜
15797,群狼青銅手鐲
15798,群狼青銅指環
15799,管弦樂琴樂譜：女王的美夢
15800,管弦樂琴樂譜：水手不眠
15801,管弦樂琴樂譜：螢火之舞
15802,管弦樂琴樂譜：位高責重
15803,管弦樂琴樂譜：瑪托雅的洞穴
15804,管弦樂琴樂譜：歇宿
15805,管弦樂琴樂譜：迎風
15806,管弦樂琴樂譜：人王
15807,管弦樂琴樂譜：缺失的書頁
15808,管弦樂琴樂譜：灼熱之地
15809,管弦樂琴樂譜：乘上西風
15810,管弦樂琴樂譜：沉靜
15811,管弦樂琴樂譜：紅蓮祭
15812,管弦樂琴樂譜：Heavensward　-飛向蒼天-
15813,管弦樂琴樂譜：密道
15814,管弦樂琴樂譜：凶兆
15815,管弦樂琴樂譜：萬世箴言
15816,管弦樂琴樂譜：堅不可摧
15817,管弦樂琴樂譜：謝罪之詩
15818,管弦樂琴樂譜：越過地平線
15819,管弦樂琴樂譜：水手遇難
15820,管弦樂琴樂譜：混沌的漩渦
15821,管弦樂琴樂譜：善王莫古爾·莫古XII世
15822,管弦樂琴樂譜：絕命怒嚎
15823,管弦樂琴樂譜：大橋上的死鬥
15824,管弦樂琴樂譜：死鬥
15825,管弦樂琴樂譜：蒼翼
15826,管弦樂琴樂譜：艾奧傑亞的守護者
15827,管弦樂琴樂譜：薩納蘭的黃昏
15828,管弦樂琴樂譜：拉諾西亞的疾風
15829,管弦樂琴樂譜：大地低語
15830,管弦樂琴樂譜：Dragonsong　-千年龍詩-
15831,陳舊的樂譜：迎風
15832,陳舊的樂譜：人王
15833,陳舊的樂譜：缺失的書頁
15834,陳舊的樂譜：水手遇難
15835,陳舊的樂譜：混沌的漩渦
15836,陳舊的樂譜：善王莫古爾·莫古XII世
15837,陳舊的樂譜：絕命怒嚎
15838,陳舊的樂譜：大橋上的死鬥
15839,陳舊的樂譜：蒼翼
15840,硬靈性岩
15841,水晶砂
15842,演技教材·戰隊演武紅一式
15843,演技教材·戰隊演武黑二式
15844,演技教材·戰隊演武黃三式
15845,
15846,
15847,
15848,
15849,
15850,
15851,
15852,
15853,
15854,伊修加爾德大衣
15855,阿爾基克薰衣草種子
15856,虛無界風茄種子
15857,阿爾基克薰衣草
15858,虛無界風茄
15859,
15860,
15861,
15862,
15863,
15864,
15865,火晶草種子
15866,冰晶草種子
15867,風晶草種子
15868,土晶草種子
15869,雷晶草種子
15870,水晶草種子
15871,九宮幻卡：卡洛菲斯提莉
15872,九宮幻卡：赫拉斯瓦爾格
15873,改良型珍木羊角錘
15874,改良型鑌鐵銼刀
15875,改良型戎甲手鉗
15876,改良型鏤金砂輪機
15877,改良型精革平斬
15878,改良型錦衣紡車
15879,改良型煉真研缽
15880,改良型烹飪廚刀
15881,改良型富礦碎石錘
15882,改良型園野鐮刀
15883,改良型巧手之主工具腰帶
15884,改良型巧手之主耳環
15885,改良型巧手之主項環
15886,改良型巧手之主腕環
15887,改良型巧手之主指環
15888,改良型大地之主生存腰帶
15889,改良型大地之主耳環
15890,改良型大地之主項環
15891,改良型大地之主手環
15892,改良型大地之主指環
15893,全能劍阿爾瑪斯·超導（複製品）
15894,軍神護拳·超導（複製品）
15895,天雷神斧·超導（複製品）
15896,先鋒槍隆格米安特·超導（複製品）
15897,鋼迪瓦神弓·超導（複製品）
15898,神無·超導（複製品）
15899,諾統·超導（複製品）
15900,末日·超導（複製品）
15901,天威杖·超導（複製品）
15902,無盡魔源杖·超導（複製品）
15903,巨龍之書·超導（複製品）
15904,星象四書·超導（複製品）
15905,天津四天儀·超導（複製品）
15906,安喀勒盾·超導（複製品）
15907,
15908,亞拉戈新型乙太石：頭部防具
15909,亞拉戈新型乙太石：身體防具
15910,亞拉戈新型乙太石：手部防具
15911,亞拉戈新型乙太石：腿部防具
15912,亞拉戈新型乙太石：腳部防具
15913,旋風神心
15914,善王莫古法杖
15915,獄火法杖
15916,厚土長杖
15917,
15918,老練兵團成員的手冊
15919,演技教材·熱身
15920,演技教材·東方傳統舞蹈
15921,月火帽
15922,月火男式坎肩
15923,月火男式短褲
15924,月火男式綁帶涼鞋
15925,月火女式夏衣
15926,月火女式夏褲
15927,月火女式綁帶涼鞋
15928,野豬革倖存者牛仔帽
15929,亞麻倖存者襯衫
15930,亞麻倖存者七分褲
15931,野豬革倖存者矮靴
15932,浮空系統認證金鑰
15933,顱浮魔像共鳴器
15934,瑪納加爾姆角笛
15935,凱特西貓耳
15936,巧兒鳥耳墜
15937,
15938,桑克瑞德外套
15939,桑克瑞德護臂
15940,桑克瑞德長褲
15941,桑克瑞德長靴
15942,雅·修朵拉長袍
15943,雅·修朵拉緊身短褲
15944,雅·修朵拉高筒靴
15945,除蟲菊粉末
15946,威斯帕前進號鑰匙
15947,瑪哈大古錢
15948,梅茵菲娜月桂
15949,星光礫
15950,小型陸行鳥外牆
15951,中型陸行鳥外牆
15952,大型陸行鳥外牆
15953,海濱陸行鳥廄
15954,林間陸行鳥廄
15955,綠洲陸行鳥廄
15956,小型轉輪台VI
15957,野馬級飛空艇模型
15958,無敵級飛空艇模型
15959,企業級飛空艇模型
15960,無敵改級飛空艇模型
15961,奧德賽級飛空艇模型
15962,塔塔諾拉級飛空艇模型
15963,威爾特甘斯級飛空艇模型
15964,索菲亞模型
15965,亞歷山大模型
15966,陸行鳥不倒翁
15967,卡爾克娃娃
15968,布莉娜娃娃
15969,魔法人偶檯燈
15970,壁掛格子置物架
15971,蒼天騎士圓桌
15972,
15973,南瓜燉菜
15974,壁式書櫃
15975,迦巴勒落地燈
15976,精梳毛布地毯
15977,蒸餾酒收藏瓶
15978,星芒柱
15979,第2賽季獨狼獎盃
15980,第2賽季群狼獎盃
15981,秋意楓樹
15982,秋意銀杏樹
15983,秋意楓葉堆
15984,秋意銀杏葉堆
15985,雪堆
15986,烈火飾章獎盃
15987,玻璃南瓜獎盃
15988,特製南瓜籃
15989,特製毛絨絨魅魔
15990,特製南瓜桌台
15991,特製南瓜座椅
15992,空的特製星芒禮盒
15993,特製星芒祭小盧恩族
15994,特製星芒祭花環
15995,特製星芒掛飾
15996,特製雙星掛飾
15997,特製星芒樹
15998,特製夫妻羊羊
15999,特製鏡餅
16000,特製東方橘籃
16001,特製猴面達摩
16002,特製南瓜燭臺
16003,特製明星星芒樹
16004,特製彎月星芒樹
16005,特製旭日星芒樹
16006,特製雪人
16007,空的特製星芒禮箱
16008,特製門松
16009,特製守護天內牆
16010,特製星芒內牆
16011,
16012,
16013,水晶吊燈
16014,死者宮殿地板
16015,死者宮殿內牆
16016,三色堇種子
16017,紅色三色堇
16018,藍色三色堇
16019,黃色三色堇
16020,綠色三色堇
16021,橙色三色堇
16022,紫色三色堇
16023,白色三色堇
16024,黑色三色堇
16025,混色三色堇
16026,園藝土壤
16027,迷你優娜
16028,迷你琉克
16029,迷你露露
16030,迷你命名威
16031,迷你巴茲
16032,迷你赤魔道士
16033,
16034,
16035,
16036,
16037,希爾德拉角笛
16038,弱雞匕首
16039,阿拉米格耳墜
16040,演技教材·斬鐵劍
16041,演技教材·寒冰的幻想
16042,艾普上衣
16043,艾普手套
16044,艾普短褲
16045,艾普矮靴
16046,大召喚士禮服
16047,大召喚士護臂
16048,大召喚士長靴
16049,異界證書
16050,血族劍·靈光
16051,尼耶佩爾鬥拳·靈光
16052,米諾斯斧·靈光
16053,屠龍戟·靈光
16054,特爾潘德弓·靈光
16055,藏骨短刀·靈光
16056,柯羅諾斯巨劍·靈光
16057,死鎖·靈光
16058,辛德利幻杖·靈光
16059,死亡命運·靈光
16060,摹仿論·靈光
16061,遠征記·靈光
16062,壽星儀·靈光
16063,聖母盾·靈光
16064,活性化晶簇
16065,水族箱內飾：清流
16066,水族箱內飾：南洋
16067,牙狼劍
16068,魔戒拳
16069,暗黑斬
16070,白夜槍
16071,魔戒弓
16072,銀狼劍
16073,閻魔斬光劍
16074,魔戒銃
16075,魔導杖
16076,魔導筆
16077,魔導錄
16078,魔戒書
16079,魔導球
16080,英靈的加護
16081,金狼之面
16082,金狼之胴
16083,金狼之手
16084,金狼之腿
16085,金狼之足
16086,漆黑之面
16087,漆黑之胴
16088,漆黑之手
16089,漆黑之腿
16090,漆黑之足
16091,暗黑之面
16092,暗黑之胴
16093,暗黑之手
16094,暗黑之腿
16095,暗黑之足
16096,白夜之面
16097,白夜之胴
16098,白夜之手
16099,白夜之腿
16100,白夜之足
16101,銀狼之面
16102,銀狼之胴
16103,銀狼之手
16104,銀狼之腿
16105,銀狼之足
16106,魔戒鬥師之面·陽
16107,魔戒鬥師之胴·陽
16108,魔戒鬥師之手·陽
16109,魔戒鬥師之腿·陽
16110,魔戒鬥師之足·陽
16111,魔戒鬥師之面·陰
16112,魔戒鬥師之胴·陰
16113,魔戒鬥師之手·陰
16114,魔戒鬥師之腿·陰
16115,魔戒鬥師之足·陰
16116,魔戒弓師之面·陽
16117,魔戒弓師之胴·陽
16118,魔戒弓師之手·陽
16119,魔戒弓師之腿·陽
16120,魔戒弓師之足·陽
16121,魔戒弓師之面·陰
16122,魔戒弓師之胴·陰
16123,魔戒弓師之手·陰
16124,魔戒弓師之腿·陰
16125,魔戒弓師之足·陰
16126,魔戒導師之面·陽
16127,魔戒導師之胴·陽
16128,魔戒導師之手·陽
16129,魔戒導師之腿·陽
16130,魔戒導師之足·陽
16131,魔戒導師之面·陰
16132,魔戒導師之胴·陰
16133,魔戒導師之手·陰
16134,魔戒導師之腿·陰
16135,魔戒導師之足·陰
16136,魔戒法師之面·陽
16137,魔戒法師之胴·陽
16138,魔戒法師之手·陽
16139,魔戒法師之腿·陽
16140,魔戒法師之足·陽
16141,魔戒法師之面·陰
16142,魔戒法師之胴·陰
16143,魔戒法師之手·陰
16144,魔戒法師之腿·陰
16145,魔戒法師之足·陰
16146,
16147,特製東方風鈴
16148,特製轟擊怪燈籠
16149,特製紅蓮燈籠
16150,特製東方的許願竹
16151,特製西瓜水盆
16152,閃熠劍
16153,閃熠爪
16154,閃熠斧
16155,閃熠三尖槍
16156,閃熠長弓
16157,閃熠小刀
16158,閃熠巨劍
16159,閃熠火槍
16160,閃熠牧杖
16161,閃熠法杖
16162,閃熠魔導書
16163,閃熠魔導典
16164,閃熠量天儀
16165,閃熠盾
16166,烈火飾章耳墜
16167,玻璃南瓜耳墜
16168,烈火飾章
16169,玻璃南瓜
16170,銅飾寶藏
16171,鐵飾寶藏
16172,銀飾寶藏
16173,金飾寶藏
16174,女神之劍
16175,女神之拳
16176,女神之斧
16177,女神之戟
16178,女神之弓
16179,女神之刃
16180,女神之巨劍
16181,女神之火
16182,女神之幻杖
16183,女神之玉杖
16184,女神之書
16185,女神之典
16186,女神之儀
16187,女神之盾
16188,女神圖騰
16189,女武神禦敵頭盔
16190,女武神禦敵胸甲
16191,女武神禦敵手套
16192,女武神禦敵襯褲
16193,女武神禦敵長筒靴
16194,女武神禦敵環帶
16195,女武神制敵頭盔
16196,女武神制敵胸甲
16197,女武神制敵手套
16198,女武神制敵襯褲
16199,女武神制敵長筒靴
16200,女武神制敵環帶
16201,女武神強襲船形帽
16202,女武神強襲長衣
16203,女武神強襲手套
16204,女武神強襲軟甲褲
16205,女武神強襲筒靴
16206,女武神強襲腰帶
16207,女武神精準船形帽
16208,女武神精準長衣
16209,女武神精準手套
16210,女武神精準軟甲褲
16211,女武神精準筒靴
16212,女武神精準腰帶
16213,女武神游擊船形帽
16214,女武神游擊長衣
16215,女武神游擊手套
16216,女武神游擊軟甲褲
16217,女武神游擊筒靴
16218,女武神游擊腰帶
16219,女武神治癒牛仔帽
16220,女武神治癒外套
16221,女武神治癒手套
16222,女武神治癒軟甲褲
16223,女武神治癒矮靴
16224,女武神治癒腰帶
16225,女武神詠咒牛仔帽
16226,女武神詠咒外套
16227,女武神詠咒手套
16228,女武神詠咒軟甲褲
16229,女武神詠咒矮靴
16230,女武神詠咒腰帶
16231,女武神禦敵項環
16232,女武神禦敵耳墜
16233,女武神禦敵手鐲
16234,女武神禦敵指環
16235,女武神強攻項環
16236,女武神強攻耳墜
16237,女武神強攻手鐲
16238,女武神強攻指環
16239,女武神精準項環
16240,女武神精準耳墜
16241,女武神精準手鐲
16242,女武神精準指環
16243,女武神治癒項環
16244,女武神治癒耳墜
16245,女武神治癒手鐲
16246,女武神治癒指環
16247,女武神詠咒項環
16248,女武神詠咒耳墜
16249,女武神詠咒手鐲
16250,女武神詠咒指環
16251,田園劍
16252,田園鋼拳
16253,田園長刃斧
16254,田園戰戟
16255,田園長弓
16256,田園匕首
16257,田園巨劍
16258,田園火槍
16259,田園手杖
16260,田園法杖
16261,田園魔導書
16262,田園魔導典
16263,田園量天儀
16264,田園盾
16265,田園管理者頭冠
16266,田園管理者戰甲
16267,田園管理者手鎧
16268,田園管理者騎兵褲
16269,田園管理者鎖甲靴
16270,田園管理者腰帶
16271,田園探索者頭冠
16272,田園探索者戰甲
16273,田園探索者手鎧
16274,田園探索者騎兵褲
16275,田園探索者鎖甲靴
16276,田園探索者腰帶
16277,田園混鬥者頭帶
16278,田園混鬥者短衣
16279,田園混鬥者手套
16280,田園混鬥者騎兵褲
16281,田園混鬥者短靴
16282,田園混鬥者腰帶
16283,田園監督者寬邊帽
16284,田園監督者外套
16285,田園監督者手套
16286,田園監督者騎兵褲
16287,田園監督者高筒靴
16288,田園監督者腰帶
16289,田園出使者頭帶
16290,田園出使者短衣
16291,田園出使者手套
16292,田園出使者騎兵褲
16293,田園出使者高筒靴
16294,田園出使者腰帶
16295,田園訓導者無簷帽
16296,田園訓導者外套
16297,田園訓導者手套
16298,田園訓導者騎兵褲
16299,田園訓導者高筒靴
16300,田園訓導者腰帶
16301,田園哲學者禮帽
16302,田園哲學者外套
16303,田園哲學者手套
16304,田園哲學者騎兵褲
16305,田園哲學者高筒靴
16306,田園哲學者腰帶
16307,田園管理者耳墜
16308,田園混鬥者耳墜
16309,田園監督者耳墜
16310,田園訓導者耳墜
16311,田園哲學者耳墜
16312,田園管理者項環
16313,田園混鬥者項環
16314,田園監督者項環
16315,田園訓導者項環
16316,田園哲學者項環
16317,田園管理者手鐲
16318,田園混鬥者手鐲
16319,田園監督者手鐲
16320,田園訓導者手鐲
16321,田園哲學者手鐲
16322,田園管理者指環
16323,田園混鬥者指環
16324,田園監督者指環
16325,田園訓導者指環
16326,田園哲學者指環
16327,改良型田園劍
16328,改良型田園鋼拳
16329,改良型田園長刃斧
16330,改良型田園戰戟
16331,改良型田園長弓
16332,改良型田園匕首
16333,改良型田園巨劍
16334,改良型田園火槍
16335,改良型田園手杖
16336,改良型田園法杖
16337,改良型田園魔導書
16338,改良型田園魔導典
16339,改良型田園量天儀
16340,改良型田園盾
16341,改良型田園管理者頭冠
16342,改良型田園管理者戰甲
16343,改良型田園管理者手鎧
16344,改良型田園管理者騎兵褲
16345,改良型田園管理者鎖甲靴
16346,改良型田園管理者腰帶
16347,改良型田園探索者頭冠
16348,改良型田園探索者戰甲
16349,改良型田園探索者手鎧
16350,改良型田園探索者騎兵褲
16351,改良型田園探索者鎖甲靴
16352,改良型田園探索者腰帶
16353,改良型田園混鬥者頭帶
16354,改良型田園混鬥者短衣
16355,改良型田園混鬥者手套
16356,改良型田園混鬥者騎兵褲
16357,改良型田園混鬥者短靴
16358,改良型田園混鬥者腰帶
16359,改良型田園監督者寬邊帽
16360,改良型田園監督者外套
16361,改良型田園監督者手套
16362,改良型田園監督者騎兵褲
16363,改良型田園監督者高筒靴
16364,改良型田園監督者腰帶
16365,改良型田園出使者頭帶
16366,改良型田園出使者短衣
16367,改良型田園出使者手套
16368,改良型田園出使者騎兵褲
16369,改良型田園出使者高筒靴
16370,改良型田園出使者腰帶
16371,改良型田園訓導者無簷帽
16372,改良型田園訓導者外套
16373,改良型田園訓導者手套
16374,改良型田園訓導者騎兵褲
16375,改良型田園訓導者高筒靴
16376,改良型田園訓導者腰帶
16377,改良型田園哲學者禮帽
16378,改良型田園哲學者外套
16379,改良型田園哲學者手套
16380,改良型田園哲學者騎兵褲
16381,改良型田園哲學者高筒靴
16382,改良型田園哲學者腰帶
16383,改良型田園管理者耳墜
16384,改良型田園混鬥者耳墜
16385,改良型田園監督者耳墜
16386,改良型田園訓導者耳墜
16387,改良型田園哲學者耳墜
16388,改良型田園管理者項環
16389,改良型田園混鬥者項環
16390,改良型田園監督者項環
16391,改良型田園訓導者項環
16392,改良型田園哲學者項環
16393,改良型田園管理者手鐲
16394,改良型田園混鬥者手鐲
16395,改良型田園監督者手鐲
16396,改良型田園訓導者手鐲
16397,改良型田園哲學者手鐲
16398,改良型田園管理者指環
16399,改良型田園混鬥者指環
16400,改良型田園監督者指環
16401,改良型田園訓導者指環
16402,改良型田園哲學者指環
16403,亞歷山大原型禦敵面罩
16404,亞歷山大原型禦敵戰鎧
16405,亞歷山大原型禦敵手鎧
16406,亞歷山大原型禦敵馬褲
16407,亞歷山大原型禦敵鎖甲靴
16408,亞歷山大原型禦敵腰帶
16409,亞歷山大原型制敵面罩
16410,亞歷山大原型制敵短衣
16411,亞歷山大原型制敵手鎧
16412,亞歷山大原型制敵馬褲
16413,亞歷山大原型制敵鎖甲靴
16414,亞歷山大原型制敵腰帶
16415,亞歷山大原型強襲面具
16416,亞歷山大原型強襲短衣
16417,亞歷山大原型強襲手套
16418,亞歷山大原型強襲馬褲
16419,亞歷山大原型強襲高筒靴
16420,亞歷山大原型強襲腰帶
16421,亞歷山大原型精準頭冠
16422,亞歷山大原型精準短衣
16423,亞歷山大原型精準手套
16424,亞歷山大原型精準束膝褲
16425,亞歷山大原型精準高筒靴
16426,亞歷山大原型精準腰帶
16427,亞歷山大原型游擊面具
16428,亞歷山大原型游擊長衣
16429,亞歷山大原型游擊手套
16430,亞歷山大原型游擊束膝褲
16431,亞歷山大原型游擊高筒靴
16432,亞歷山大原型游擊腰帶
16433,亞歷山大原型治癒兜帽
16434,亞歷山大原型治癒外套
16435,亞歷山大原型治癒手套
16436,亞歷山大原型治癒打底褲
16437,亞歷山大原型治癒法靴
16438,亞歷山大原型治癒腰帶
16439,亞歷山大原型詠咒兜帽
16440,亞歷山大原型詠咒外套
16441,亞歷山大原型詠咒手套
16442,亞歷山大原型詠咒打底褲
16443,亞歷山大原型詠咒法靴
16444,亞歷山大原型詠咒腰帶
16445,亞歷山大原型禦敵耳墜
16446,亞歷山大原型強攻耳墜
16447,亞歷山大原型精準耳墜
16448,亞歷山大原型治癒耳墜
16449,亞歷山大原型詠咒耳墜
16450,亞歷山大原型禦敵項環
16451,亞歷山大原型強攻項環
16452,亞歷山大原型精準項環
16453,亞歷山大原型治癒項環
16454,亞歷山大原型詠咒項環
16455,亞歷山大原型禦敵手鐲
16456,亞歷山大原型強攻手鐲
16457,亞歷山大原型精準手鐲
16458,亞歷山大原型治癒手鐲
16459,亞歷山大原型詠咒手鐲
16460,亞歷山大原型禦敵指環
16461,亞歷山大原型強攻指環
16462,亞歷山大原型精準指環
16463,亞歷山大原型治癒指環
16464,亞歷山大原型詠咒指環
16465,亞歷山大金屬長劍
16466,亞歷山大金屬指虎
16467,亞歷山大金屬戰斧
16468,亞歷山大金屬長槍
16469,亞歷山大金屬長弓
16470,亞歷山大金屬小刀
16471,亞歷山大金屬斷頭劍
16472,亞歷山大金屬加農砲
16473,亞歷山大金屬牧杖
16474,亞歷山大金屬法杖
16475,亞歷山大金屬魔導書
16476,亞歷山大金屬魔導典
16477,亞歷山大金屬量天儀
16478,亞歷山大金屬圓盾
16479,亞歷山大禦敵面罩
16480,亞歷山大禦敵戰鎧
16481,亞歷山大禦敵手鎧
16482,亞歷山大禦敵馬褲
16483,亞歷山大禦敵鎖甲靴
16484,亞歷山大禦敵腰帶
16485,亞歷山大制敵面罩
16486,亞歷山大制敵短衣
16487,亞歷山大制敵手鎧
16488,亞歷山大制敵馬褲
16489,亞歷山大制敵鎖甲靴
16490,亞歷山大制敵腰帶
16491,亞歷山大強襲面具
16492,亞歷山大強襲短衣
16493,亞歷山大強襲手套
16494,亞歷山大強襲馬褲
16495,亞歷山大強襲高筒靴
16496,亞歷山大強襲腰帶
16497,亞歷山大精準頭冠
16498,亞歷山大精準短衣
16499,亞歷山大精準手套
16500,亞歷山大精準束膝褲
16501,亞歷山大精準高筒靴
16502,亞歷山大精準腰帶
16503,亞歷山大游擊面具
16504,亞歷山大游擊長衣
16505,亞歷山大游擊手套
16506,亞歷山大游擊束膝褲
16507,亞歷山大游擊高筒靴
16508,亞歷山大游擊腰帶
16509,亞歷山大治癒兜帽
16510,亞歷山大治癒外套
16511,亞歷山大治癒手套
16512,亞歷山大治癒打底褲
16513,亞歷山大治癒法靴
16514,亞歷山大治癒腰帶
16515,亞歷山大詠咒兜帽
16516,亞歷山大詠咒外套
16517,亞歷山大詠咒手套
16518,亞歷山大詠咒打底褲
16519,亞歷山大詠咒法靴
16520,亞歷山大詠咒腰帶
16521,亞歷山大禦敵耳墜
16522,亞歷山大強攻耳墜
16523,亞歷山大精準耳墜
16524,亞歷山大治癒耳墜
16525,亞歷山大詠咒耳墜
16526,亞歷山大禦敵項環
16527,亞歷山大強攻項環
16528,亞歷山大精準項環
16529,亞歷山大治癒項環
16530,亞歷山大詠咒項環
16531,亞歷山大禦敵手鐲
16532,亞歷山大強攻手鐲
16533,亞歷山大精準手鐲
16534,亞歷山大治癒手鐲
16535,亞歷山大詠咒手鐲
16536,亞歷山大禦敵指環
16537,亞歷山大強攻指環
16538,亞歷山大精準指環
16539,亞歷山大治癒指環
16540,亞歷山大詠咒指環
16541,超小型神典石
16542,紺青硬化藥
16543,紺青強化纖維
16544,紺青強化藥
16545,亞歷山大齒輪
16546,亞歷山大透鏡
16547,亞歷山大長杆
16548,亞歷山大曲柄
16549,亞歷山大彈簧
16550,亞歷山大踏板
16551,亞歷山大鎖鏈
16552,亞歷山大螺栓
16553,第1頁亞歷山大斷章
16554,第2頁亞歷山大斷章
16555,第3頁亞歷山大斷章
16556,第4頁亞歷山大斷章
16557,索菲亞裝甲
16558,女僕裝甲
16559,天使裝甲
16560,惡魔裝甲
16561,仙術熊貓笛
16562,睿智獵鷹笛
16563,阿里達烏斯主金鑰
16564,黑天馬笛
16565,轟天角笛
16566,銀牙角笛
16567,雷剛角笛
16568,新型迷你桑克瑞德
16569,
16570,新型迷你阿莉塞
16571,
16572,疣豬小子
16573,迷你艾坦
16574,迷你亞歷山大
16575,小惡精靈·巫師
16576,
16577,
16578,天使光環
16579,天使羽衣
16580,天使手環
16581,天使長褲
16582,天使長靴
16583,惡魔彎角
16584,惡魔羽衣
16585,惡魔手套
16586,惡魔長褲
16587,惡魔長靴
16588,東方雅人帽
16589,東方雅人服
16590,東方雅人佩楯
16591,東方雅人靴
16592,東方麗人髮飾
16593,東方麗人服
16594,東方麗人襯裙
16595,東方麗人靴
16596,青麻毛邊帽
16597,青麻斗篷
16598,長頸駝革毛邊靴
16599,羊絨毛邊帽
16600,羊絨斗篷
16601,蛟蜥革毛邊靴
16602,鷹翼王冠
16603,鷹翼長衣
16604,鷹翼手鎧
16605,鷹翼馬褲
16606,鷹翼長靴
16607,鷹喙王冠
16608,鷹喙長衣
16609,鷹喙手鎧
16610,鷹喙馬褲
16611,鷹喙長靴
16612,星芒長袍
16613,吸血鬼坎肩
16614,朱漆雄雞武士盔
16615,黑漆雄雞武士盔
16616,紅色三色堇頭花
16617,藍色三色堇頭花
16618,黃色三色堇頭花
16619,綠色三色堇頭花
16620,橙色三色堇頭花
16621,紫色三色堇頭花
16622,白色三色堇頭花
16623,黑色三色堇頭花
16624,混色三色堇頭花
16625,星絹布長袍
16626,獅鷲革護袖
16627,重合金長劍
16628,重合金爪
16629,重合金戰斧
16630,重合金騎槍
16631,柚木複合弓
16632,重合金小刀
16633,重合金巨劍
16634,重合金重砲
16635,柚木牧杖
16636,閃爍長杖
16637,半熊革魔導書
16638,半熊革魔導典
16639,閃爍天星盤
16640,重合金鳶盾
16641,重合金禦敵鎖甲頭罩
16642,重合金禦敵胸甲
16643,重合金禦敵手鎧
16644,半熊革禦敵襯褲
16645,重合金禦敵鎧靴
16646,重合金禦敵護腰帶
16647,重合金制敵鎖甲頭罩
16648,重合金制敵胸甲
16649,重合金制敵手鎧
16650,半熊革制敵襯褲
16651,重合金制敵鎧靴
16652,重合金制敵護腰帶
16653,閃爍強襲頭冠
16654,星絨強襲罩衣
16655,半熊革強襲手套
16656,半熊革強襲軟甲褲
16657,半熊革強襲護腿
16658,重合金強襲腰甲
16659,閃爍精準頭冠
16660,星絨精準罩衣
16661,半熊革精準手套
16662,半熊革精準軟甲褲
16663,半熊革精準護腿
16664,重合金精準腰甲
16665,閃爍游擊頭冠
16666,星絨游擊罩衣
16667,半熊革游擊手套
16668,半熊革游擊軟甲褲
16669,半熊革游擊護腿
16670,重合金游擊腰甲
16671,星絨治癒兜帽
16672,星絨治癒長衫
16673,星絨治癒長手套
16674,星絨治癒打底褲
16675,半熊革露趾長靴
16676,星絨治癒腰圍
16677,星絨詠咒兜帽
16678,星絨詠咒長衫
16679,星絨詠咒長手套
16680,星絨詠咒打底褲
16681,半熊革詠咒露趾長靴
16682,星絨詠咒腰圍
16683,閃爍禦敵耳墜
16684,閃爍強攻耳墜
16685,閃爍精準耳墜
16686,閃爍治癒耳墜
16687,閃爍詠咒耳墜
16688,柚木禦敵項環
16689,柚木強攻項環
16690,柚木精準項環
16691,柚木治癒項環
16692,柚木詠咒項環
16693,柚木禦敵手鐲
16694,柚木強攻手鐲
16695,柚木精準手鐲
16696,柚木治癒手鐲
16697,柚木詠咒手鐲
16698,閃爍禦敵指環
16699,閃爍強攻指環
16700,閃爍精準指環
16701,閃爍治癒指環
16702,閃爍詠咒指環
16703,髮型樣式：長髮
16704,魔晶石師傅契約
16705,重合金錠
16706,閃爍錠
16707,星絨
16708,半熊革
16709,蒼天蛋奶酒
16710,蘋果芙紐多
16711,煙燻肉蛋醬拌麵
16712,嫩炒蛋
16713,海鮮拌麵
16714,藍帶肉排
16715,祭司蛋包飯
16716,剛力之強化仙藥
16717,巧力之強化仙藥
16718,耐力之強化仙藥
16719,智力之強化仙藥
16720,意力之強化仙藥
16721,星棉
16722,棕菇
16723,顯貴鼠尾草
16724,鎢華
16725,輝金礦
16726,沸石
16727,碳化鈦
16728,閃爍塊
16729,極細絹絲
16730,半熊的粗皮
16731,哥布林噴漆
16732,哥布亞油酸
16733,半水晶
16734,甜牛奶
16735,岩石乳酪
16736,第2賽季霸者之證（單人）
16737,第2賽季猛者之證（單人）
16738,第2賽季強者之證（單人）
16739,第2賽季霸者之證（固定隊）
16740,第2賽季猛者之證（固定隊）
16741,第2賽季強者之證（固定隊）
16742,雙型齒翼龍
16743,姥鯊
16744,亞拉戈劍鯊
16745,吞冰水母
16746,核爆魚
16747,叉舌魚
16748,蝴蝶夫人
16749,莫古爾古球球
16750,捲層雲魟
16751,聖龍淚
16752,魔科學物質666
16753,百目螈
16754,萬事通鱸
16755,
16756,冰之巫女
16757,九宮幻卡：碧企鵝
16758,九宮幻卡：蜂鳥
16759,九宮幻卡：魔導死亡爪
16760,九宮幻卡：液態火焰
16761,九宮幻卡：迷途羔羊
16762,九宮幻卡：郵差莫古利
16763,九宮幻卡：魔導巨兵
16764,九宮幻卡：博學林鴞
16765,九宮幻卡：晴天霹靂托佐爾·法托特爾
16766,九宮幻卡：至尊亞歷山大
16767,九宮幻卡：直爽的三兄弟
16768,九宮幻卡：桑克瑞德（蒼天）
16769,九宮幻卡：雅·修朵拉（蒼天）
16770,九宮幻卡：奈爾·范·達納斯
16771,九宮幻卡：索菲亞
16772,九宮幻卡：奧猴
16773,九宮幻卡：堅鋼龜
16774,九宮幻卡：魔導先鋒
16775,九宮幻卡：魔導砲艇
16776,九宮幻卡：兔女郎
16777,星芒禮盒
16778,南瓜餅乾2017
16779,壁掛型間接照明
16780,地宮方台
16781,豪華舞臺
16782,圓形舞臺
16783,半瑪哈物質
16784,金碟幣白金卡
16785,華美型加隆德大地皮帽
16786,華美型加隆德大地坎肩
16787,華美型加隆德大地手套
16788,華美型加隆德大地工作褲
16789,華美型加隆德大地矮靴
16790,華美型加隆德巧匠無簷帽
16791,華美型加隆德巧匠圍裙
16792,華美型加隆德巧匠袖套
16793,華美型加隆德巧匠馬褲
16794,華美型加隆德巧匠長靴
16795,管弦樂琴樂譜：守護天節
16796,管弦樂琴樂譜：徹夜狂歡
16797,管弦樂琴樂譜：星芒祭
16798,管弦樂琴樂譜：降神祭
16799,管弦樂琴樂譜：第七星曆
16800,管弦樂琴樂譜：熏灰
16801,管弦樂琴樂譜：豁達的家
16802,管弦樂琴樂譜：貴族沉眠
16803,管弦樂琴樂譜：夜霧繚繞
16804,管弦樂琴樂譜：安樂小屋
16805,管弦樂琴樂譜：倒影
16806,管弦樂琴樂譜：天上世界
16807,管弦樂琴樂譜：庫爾札斯的寂靜
16808,管弦樂琴樂譜：心靈的歸處
16809,管弦樂琴樂譜：家園
16810,管弦樂琴樂譜：災厄蔓延
16811,管弦樂琴樂譜：戰鬥1.X
16812,管弦樂琴樂譜：漆黑的艾坦
16813,管弦樂琴樂譜：幽幻夜霧
16814,管弦樂琴樂譜：瀆神魔王
16815,管弦樂琴樂譜：死亡報告
16816,管弦樂琴樂譜：永眠
16817,管弦樂琴樂譜：銀淚
16818,管弦樂琴樂譜：地殼
16819,管弦樂琴樂譜：雪上的足跡
16820,管弦樂琴樂譜：忘卻的彼岸
16821,管弦樂琴樂譜：電閃雷鳴
16822,管弦樂琴樂譜：平衡
16823,管弦樂琴樂譜：父子之罪
16824,管弦樂琴樂譜：軌跡
16825,管弦樂琴樂譜：金屬
16826,管弦樂琴樂譜：金屬 - 正義無情
16827,管弦樂琴樂譜：指數崩壞
16828,管弦樂琴樂譜：起義
16829,管弦樂琴樂譜：無邊無際（身心二元）
16830,管弦樂琴樂譜：不屈之刃（身心二元）
16831,陳舊的樂譜：雪上的足跡
16832,陳舊的樂譜：忘卻的彼岸
16833,陳舊的樂譜：電閃雷鳴
16834,陳舊的樂譜：平衡
16835,陽紋禦敵頭盔
16836,陽紋禦敵外套
16837,陽紋禦敵手鎧
16838,陽紋禦敵腰帶
16839,陽紋禦敵鬥褲
16840,陽紋禦敵長靴
16841,陽紋制敵頭盔
16842,陽紋制敵外套
16843,陽紋制敵手鎧
16844,陽紋制敵腰帶
16845,陽紋制敵鬥褲
16846,陽紋制敵長靴
16847,陽紋強襲面具
16848,陽紋強襲短衣
16849,陽紋強襲手套
16850,陽紋強襲腰帶
16851,陽紋強襲軟甲褲
16852,陽紋強襲長靴
16853,陽紋精準貝雷帽
16854,陽紋精準坎肩
16855,陽紋精準手套
16856,陽紋精準腰帶
16857,陽紋精準五分褲
16858,陽紋精準筒靴
16859,陽紋游擊面具
16860,陽紋游擊短衣
16861,陽紋游擊手套
16862,陽紋游擊腰帶
16863,陽紋游擊軟甲褲
16864,陽紋游擊長靴
16865,陽紋治癒航空帽
16866,陽紋治癒長衣
16867,陽紋治癒手套
16868,陽紋治癒腰帶
16869,陽紋治癒打底褲
16870,陽紋治癒長筒靴
16871,陽紋詠咒航空帽
16872,陽紋詠咒長衣
16873,陽紋詠咒手套
16874,陽紋詠咒腰帶
16875,陽紋詠咒打底褲
16876,陽紋詠咒長筒靴
16877,陽紋禦敵項鍊
16878,陽紋禦敵腕環
16879,陽紋禦敵耳墜
16880,陽紋禦敵指環
16881,陽紋強攻項鍊
16882,陽紋強攻腕環
16883,陽紋強攻耳墜
16884,陽紋強攻指環
16885,陽紋精準項鍊
16886,陽紋精準腕環
16887,陽紋精準耳墜
16888,陽紋精準指環
16889,陽紋治癒項鍊
16890,陽紋治癒腕環
16891,陽紋治癒耳墜
16892,陽紋治癒指環
16893,陽紋詠咒項鍊
16894,陽紋詠咒腕環
16895,陽紋詠咒耳墜
16896,陽紋詠咒指環
16897,女神寶珠碎片
16898,亞歷山大裝甲板
16899,華美型重合金禦敵胸甲
16900,華美型重合金制敵胸甲
16901,華美型星絨強襲罩衣
16902,華美型星絨精準罩衣
16903,華美型星絨游擊罩衣
16904,華美型星絨治癒長衫
16905,華美型星絨詠咒長衫
16906,精梳毛布
16907,土著絲繩
16908,強化玻璃板
16909,青麻工作褲
16910,羊絨工作褲
16911,輕型強心劑
16912,雙子領主之利劍（複製品）
16913,強權蘇丹之對拳（複製品）
16914,鮮血皇帝之巨斧（複製品）
16915,蓋世霸王之尖槍（複製品）
16916,獨裁帝王之長弓（複製品）
16917,荊棘親王之銳刺（複製品）
16918,無道暴君之斬首（複製品）
16919,王朝君主之烈火（複製品）
16920,純白沙皇之法杖（複製品）
16921,漆黑可汗之魔杖（複製品）
16922,瘋狂女王之書卷（複製品）
16923,絕世巨擘之諾言（複製品）
16924,末代王儲之天球（複製品）
16925,雙子領主之堅盾（複製品）
16926,曼德維爾女僕裝甲
16927,迷你穆恩布瑞達
16928,羅薇娜的聖典票據
16929,魔法棱晶（南瓜頭）
16930,演技教材·裝死
16931,演技教材·撒嬌
16932,新生魂石
16933,神秘結晶
16934,古代附魔墨水
16935,1級畫框
16936,2級畫框
16937,3級畫框
16938,風景畫：梭魚碼頭
16939,風景畫：阿斯塔利西亞號海盜船
16940,風景畫：海詞石窟的紀念碑
16941,風景畫：天梯
16942,風景畫：拉撒格蘭東路
16943,風景畫：砂鹽海岸
16944,風景畫：赤血雄雞農場的田地
16945,風景畫：釀酒師燈塔
16946,風景畫：皮革師行會
16947,風景畫：碧企鵝瀑布
16948,風景畫：彎枝牧場
16949,風景畫：十二神大聖堂
16950,風景畫：風精靈暫留地
16951,風景畫：御道
16952,風景畫：黃金廣場
16953,風景畫：貿易城邦烏爾達哈
16954,風景畫：希拉狄哈遺跡
16955,風景畫：古卜的遺骸
16956,風景畫：消逝王都
16957,風景畫：跨天橋
16958,賜福珍木手鋸
16959,賜福鑌鐵鳥嘴錘
16960,賜福戎甲圓頭錘
16961,賜福鏤金工藝錘
16962,賜福精革裁皮刀
16963,賜福錦衣縫針
16964,賜福煉真蒸餾器
16965,賜福烹飪廚鍋
16966,賜福富礦十字鎬
16967,賜福園野手斧
16968,賜福漁燈釣竿
16969,素材商人契約2
16970,雜用商人契約2
16971,修理工契約2
16972,雙子領主之利劍·靈慧（複製品）
16973,強權蘇丹之對拳·靈慧（複製品）
16974,鮮血皇帝之巨斧·靈慧（複製品）
16975,蓋世霸王之尖槍·靈慧（複製品）
16976,獨裁帝王之長弓·靈慧（複製品）
16977,荊棘親王之銳刺·靈慧（複製品）
16978,無道暴君之斬首·靈慧（複製品）
16979,王朝君主之烈火·靈慧（複製品）
16980,純白沙皇之法杖·靈慧（複製品）
16981,漆黑可汗之魔杖·靈慧（複製品）
16982,瘋狂女王之書卷·靈慧（複製品）
16983,絕世巨擘之諾言·靈慧（複製品）
16984,末代王儲之天球·靈慧（複製品）
16985,雙子領主之堅盾·靈慧（複製品）
16986,血族劍（複製品）
16987,尼耶佩爾鬥拳（複製品）
16988,米諾斯斧（複製品）
16989,屠龍戟（複製品）
16990,特爾潘德弓（複製品）
16991,藏骨短刀（複製品）
16992,柯羅諾斯巨劍（複製品）
16993,死鎖（複製品）
16994,辛德利幻杖（複製品）
16995,死亡命運（複製品）
16996,摹仿論（複製品）
16997,遠征記（複製品）
16998,壽星儀（複製品）
16999,聖母盾（複製品）
17000,管家之王證書2018
17001,
17002,老練僱員冒險錄
17003,凶惡巨獸寶寶玩偶
17004,小型猴面雀外牆
17005,中型猴面雀外牆
17006,大型猴面雀外牆
17007,厲鬼獵鷹笛
17008,鳳皇魔笛
17009,彩蛋系統認證金鑰
17010,孤傲煉獄獵犬笛
17011,首領煉獄獵犬笛
17012,賢者座椅
17013,祖爾宛模型
17014,迪亞布羅斯模型
17015,斯卡哈模型
17016,情人裝飾花瓶
17017,
17018,伊達和帕帕力莫的肖像畫
17019,仿製財寶
17020,毛線籃
17021,早餐蛋包飯
17022,女兒節海報
17023,猴面雀落地燈
17024,商店置物櫃
17025,常春藤石柱
17026,第3賽季獨狼獎盃
17027,第3賽季群狼獎盃
17028,白色隔離牆
17029,東方落櫻
17030,猴面雀綠雕
17031,月光草盆栽
17032,福爾唐府邸內牆
17033,預言蛋內牆
17034,白色內牆
17035,裁判所地板
17036,盆栽吊燈
17037,特製半心椅（右）
17038,特製半心椅（左）
17039,特製戀心床
17040,特製索恩王朝展示台
17041,特製彩蛋落地燈
17042,特製仙人掌先生獎盃
17043,特製激情之火
17044,特製東方櫻花樹
17045,特製鮮紅纖維毯
17046,特製預言蛋巨塔
17047,水族箱內飾：水晶
17048,紅色櫻花
17049,藍色櫻花
17050,黃色櫻花
17051,綠色櫻花
17052,橙色櫻花
17053,紫色櫻花
17054,白色櫻花
17055,黑色櫻花
17056,粉色櫻花
17057,風景畫：輕聲谷
17058,風景畫：盛夏農莊
17059,風景畫：灰艦風車群
17060,風景畫：隱密瀑布
17061,風景畫：白鷗塔
17062,風景畫：小麥酒港的利姆萊茵像
17063,風景畫：船舶墓場
17064,風景畫：骷髏谷營地
17065,風景畫：南北防波堤
17066,風景畫：石綠湖營地
17067,風景畫：撒拉奧斯的遺骸
17068,風景畫：尼姆浮游遺跡
17069,風景畫：瞭望陣營地
17070,風景畫：武伽瑪羅武裝礦山
17071,風景畫：隱者庵
17072,風景畫：魔女咖啡館和大水車
17073,風景畫：槍術士行會
17074,風景畫：烤餅練兵所
17075,風景畫：靜語莊園
17076,風景畫：長老樹
17077,風景畫：虹橋瀑布
17078,風景畫：搖籃樹
17079,風景畫：巴斯卡隆酒家
17080,風景畫：森南飛艇坪
17081,風景畫：兀爾德恩惠地
17082,風景畫：石場水車
17083,風景畫：鳥人軍採伐所
17084,風景畫：隕石背陰地
17085,風景畫：榿木泉
17086,風景畫：帝國海上基地
17087,風景畫：黃昏灣的羅羅力特像
17088,風景畫：黑塵驛站
17089,風景畫：納爾之門
17090,風景畫：火牆
17091,風景畫：黃金市集
17092,風景畫：札爾神祠
17093,風景畫：納爾神祠
17094,風景畫：不悔戰陣
17095,風景畫：工藝神擊
17096,風景畫：喀恩埋沒聖堂
17097,風景畫：米諾陶洛斯里程
17098,風景畫：東側監視塔
17099,風景畫：青磷水輸送管
17100,風景畫：藍霧
17101,風景畫：勞班緩衝地
17102,風景畫：艾瑪姬娜秘銀廢礦
17103,風景畫：劍峰
17104,風景畫：阿德內爾占星台
17105,風景畫：龍族遺骸
17106,風景畫：皇都伊修加爾德
17107,風景畫：巨石丘
17108,風景畫：戰爭神秘石
17109,風景畫：披雪大冰壁
17110,風景畫：巨龍首營地
17111,風景畫：鋼衛塔
17112,風景畫：帝國中央堡
17113,風景畫：水晶塔
17114,風景畫：早霜頂
17115,風景畫：密約之塔
17116,水彩畫：拉撒格蘭關
17117,插畫：十二神石碑
17118,油彩畫：魚人軍陣營
17119,油彩畫：幻影群島
17120,風景畫：吉吉盧恩交易商店
17121,油彩畫：加比諾老爹的小屋
17122,水彩畫：懸鉤群
17123,插畫：巴斯卡隆酒家
17124,油彩畫：鳥人軍採伐所
17125,水彩畫：林場水車
17126,油彩畫：白銀市集
17127,油彩畫：金庫靈柩亭
17128,水彩畫：狼煙丘
17129,插畫：紫紅瀑布
17130,油彩畫：喀恩埋沒聖堂
17131,插畫：風揚殖民地
17132,油彩畫：白雲崖前哨
17133,插畫：水晶塔
17134,油彩畫：糾纏濕地林
17135,水彩畫：歌詠裂谷
17136,插畫：吉吉盧恩交易商店
17137,東洋陸行鳥廄
17138,魔戒禦敵項環
17139,魔戒禦敵手鐲
17140,魔戒禦敵耳墜
17141,魔戒禦敵指環
17142,魔戒強攻項環
17143,魔戒強攻手鐲
17144,魔戒強攻耳墜
17145,魔戒強攻指環
17146,魔戒精準項環
17147,魔戒精準手鐲
17148,魔戒精準耳墜
17149,魔戒精準指環
17150,魔戒治癒項環
17151,魔戒治癒手鐲
17152,魔戒治癒耳墜
17153,魔戒治癒指環
17154,魔戒詠咒項環
17155,魔戒詠咒手鐲
17156,魔戒詠咒耳墜
17157,魔戒詠咒指環
17158,金狼腰甲
17159,白夜腰甲
17160,魔戒鬥師腰帶
17161,魔戒弓師腰帶
17162,銀狼腰甲
17163,魔戒導師腰帶
17164,魔戒法師腰帶
17165,牙狼劍【鋼】
17166,魔戒拳【鋼】
17167,暗黑斬【鋼】
17168,白夜槍【鋼】
17169,魔戒弓【鋼】
17170,銀狼劍【鋼】
17171,閻魔斬光劍【鋼】
17172,魔戒銃【鋼】
17173,魔導杖【鋼】
17174,魔導筆【鋼】
17175,魔導錄【鋼】
17176,魔戒書【鋼】
17177,魔導球【鋼】
17178,神獸的加護
17179,金狼之面【鋼】
17180,金狼之胴【鋼】
17181,金狼之手【鋼】
17182,金狼之腿【鋼】
17183,金狼之足【鋼】
17184,漆黑之面【鋼】
17185,漆黑之胴【鋼】
17186,漆黑之手【鋼】
17187,漆黑之腿【鋼】
17188,漆黑之足【鋼】
17189,暗黑之面【鋼】
17190,暗黑之胴【鋼】
17191,暗黑之手【鋼】
17192,暗黑之腿【鋼】
17193,暗黑之足【鋼】
17194,白夜之面【鋼】
17195,白夜之胴【鋼】
17196,白夜之手【鋼】
17197,白夜之腿【鋼】
17198,白夜之足【鋼】
17199,銀狼之面【鋼】
17200,銀狼之胴【鋼】
17201,銀狼之手【鋼】
17202,銀狼之腿【鋼】
17203,銀狼之足【鋼】
17204,魔戒鬥師之面·陽【眾】
17205,魔戒鬥師之胴·陽【眾】
17206,魔戒鬥師之手·陽【眾】
17207,魔戒鬥師之腿·陽【眾】
17208,魔戒鬥師之足·陽【眾】
17209,魔戒鬥師之面·陰【眾】
17210,魔戒鬥師之胴·陰【眾】
17211,魔戒鬥師之手·陰【眾】
17212,魔戒鬥師之腿·陰【眾】
17213,魔戒鬥師之足·陰【眾】
17214,魔戒弓師之面·陽【眾】
17215,魔戒弓師之胴·陽【眾】
17216,魔戒弓師之手·陽【眾】
17217,魔戒弓師之腿·陽【眾】
17218,魔戒弓師之足·陽【眾】
17219,魔戒弓師之面·陰【眾】
17220,魔戒弓師之胴·陰【眾】
17221,魔戒弓師之手·陰【眾】
17222,魔戒弓師之腿·陰【眾】
17223,魔戒弓師之足·陰【眾】
17224,魔戒導師之面·陽【眾】
17225,魔戒導師之胴·陽【眾】
17226,魔戒導師之手·陽【眾】
17227,魔戒導師之腿·陽【眾】
17228,魔戒導師之足·陽【眾】
17229,魔戒導師之面·陰【眾】
17230,魔戒導師之胴·陰【眾】
17231,魔戒導師之手·陰【眾】
17232,魔戒導師之腿·陰【眾】
17233,魔戒導師之足·陰【眾】
17234,魔戒法師之面·陽【眾】
17235,魔戒法師之胴·陽【眾】
17236,魔戒法師之手·陽【眾】
17237,魔戒法師之腿·陽【眾】
17238,魔戒法師之足·陽【眾】
17239,魔戒法師之面·陰【眾】
17240,魔戒法師之胴·陰【眾】
17241,魔戒法師之手·陰【眾】
17242,魔戒法師之腿·陰【眾】
17243,魔戒法師之足·陰【眾】
17244,旭日禦敵頭盔
17245,旭日禦敵胸甲
17246,旭日禦敵手鎧
17247,旭日禦敵護腰帶
17248,旭日禦敵馬褲
17249,旭日禦敵鎧靴
17250,旭日制敵頭甲
17251,旭日制敵護甲
17252,旭日制敵護臂
17253,旭日制敵腰甲
17254,旭日制敵襯褲
17255,旭日制敵腿甲靴
17256,旭日強襲頭甲
17257,旭日強襲護甲
17258,旭日強襲護臂
17259,旭日強襲腰甲
17260,旭日強襲襯褲
17261,旭日強襲腿甲靴
17262,旭日精準狩獵帽
17263,旭日精準棉甲
17264,旭日精準袖套
17265,旭日精準腰帶
17266,旭日精準及膝褲
17267,旭日精準高筒靴
17268,旭日游擊狩獵帽
17269,旭日游擊棉甲
17270,旭日游擊袖套
17271,旭日游擊環帶
17272,旭日游擊及膝褲
17273,旭日游擊高筒靴
17274,旭日治癒狩獵帽
17275,旭日治癒棉甲
17276,旭日治癒袖套
17277,旭日治癒圍腰
17278,旭日治癒長裙
17279,旭日治癒長靴
17280,旭日詠咒頭甲
17281,旭日詠咒護甲
17282,旭日詠咒護臂
17283,旭日詠咒圍腰
17284,旭日詠咒長裙
17285,旭日詠咒長靴
17286,旭日禦敵項鍊
17287,旭日禦敵腕環
17288,旭日禦敵耳墜
17289,旭日禦敵指環
17290,旭日強攻項鍊
17291,旭日強攻腕環
17292,旭日強攻耳墜
17293,旭日強攻指環
17294,旭日精準項鍊
17295,旭日精準腕環
17296,旭日精準耳墜
17297,旭日精準指環
17298,旭日治癒項鍊
17299,旭日治癒腕環
17300,旭日治癒耳墜
17301,旭日治癒指環
17302,旭日詠咒項鍊
17303,旭日詠咒腕環
17304,旭日詠咒耳墜
17305,旭日詠咒指環
17306,空鼠禦敵面具
17307,空鼠禦敵格鬥服
17308,空鼠禦敵鐵鉤護臂
17309,空鼠禦敵馬褲
17310,空鼠禦敵鐵鉤筒靴
17311,空鼠制敵面具
17312,空鼠制敵格鬥服
17313,空鼠制敵鐵鉤護臂
17314,空鼠制敵馬褲
17315,空鼠制敵鐵鉤筒靴
17316,空鼠強襲面具
17317,空鼠強襲格鬥服
17318,空鼠強襲半指護手
17319,空鼠強襲馬褲
17320,空鼠強襲黑鐵筒靴
17321,空鼠精準面具
17322,空鼠精準格鬥服
17323,空鼠精準半指護手
17324,空鼠精準馬褲
17325,空鼠精準黑鐵筒靴
17326,空鼠游擊面具
17327,空鼠游擊格鬥服
17328,空鼠游擊鐵鉤護臂
17329,空鼠游擊馬褲
17330,空鼠游擊鐵鉤筒靴
17331,空鼠治癒面具
17332,空鼠治癒格鬥服
17333,空鼠治癒鐵鉤護臂
17334,空鼠治癒馬褲
17335,空鼠治癒鐵鉤筒靴
17336,空鼠詠咒面具
17337,空鼠詠咒格鬥服
17338,空鼠詠咒半指護手
17339,空鼠詠咒馬褲
17340,空鼠詠咒黑鐵筒靴
17341,上鎖的寶箱
17342,壞掉的寶箱
17343,暗魔禦敵頭盔
17344,暗魔禦敵戰鎧
17345,暗魔禦敵手鎧
17346,暗魔禦敵打底褲
17347,暗魔禦敵鎧靴
17348,暗魔禦敵腰帶
17349,暗魔制敵頭冠
17350,暗魔制敵戰鎧
17351,暗魔制敵手鎧
17352,暗魔制敵打底褲
17353,暗魔制敵鎧靴
17354,暗魔制敵腰帶
17355,暗魔強襲包頭巾
17356,暗魔強襲外套
17357,暗魔強襲手套
17358,暗魔強襲打底褲
17359,暗魔強襲長靴
17360,暗魔強襲腰帶
17361,暗魔精準寬邊帽
17362,暗魔精準長衣
17363,暗魔精準半指手套
17364,暗魔精準打底褲
17365,暗魔精準筒靴
17366,暗魔精準腰帶
17367,暗魔游擊包頭巾
17368,暗魔游擊外套
17369,暗魔游擊手套
17370,暗魔游擊打底褲
17371,暗魔游擊高筒靴
17372,暗魔游擊腰帶
17373,暗魔治癒禮帽
17374,暗魔治癒長衣
17375,暗魔治癒禮服手套
17376,暗魔治癒軟甲褲
17377,暗魔治癒長靴
17378,暗魔治癒腰帶
17379,暗魔詠咒寬邊帽
17380,暗魔詠咒長衣
17381,暗魔詠咒半指手套
17382,暗魔詠咒打底褲
17383,暗魔詠咒長靴
17384,暗魔詠咒腰帶
17385,煽動兵禦敵頭盔
17386,煽動兵禦敵大衣
17387,煽動兵禦敵手鎧
17388,煽動兵禦敵軟甲褲
17389,煽動兵禦敵重鎧靴
17390,煽動兵禦敵腰帶
17391,煽動兵制敵頭盔
17392,煽動兵制敵緊身衣
17393,煽動兵制敵護臂
17394,煽動兵制敵軟甲褲
17395,煽動兵制敵重鎧靴
17396,煽動兵制敵腰帶
17397,煽動兵強襲目鏡
17398,煽動兵強襲外套
17399,煽動兵強襲手鎧
17400,煽動兵強襲軟甲褲
17401,煽動兵強襲長靴
17402,煽動兵強襲腰帶
17403,煽動兵精準貝雷帽
17404,煽動兵精準緊身衣
17405,煽動兵精準半指護手
17406,煽動兵精準軟甲褲
17407,煽動兵精準長靴
17408,煽動兵精準腰帶
17409,煽動兵游擊半假面
17410,煽動兵游擊緊身衣
17411,煽動兵游擊護臂
17412,煽動兵游擊軟甲褲
17413,煽動兵游擊長靴
17414,煽動兵游擊腰帶
17415,煽動兵治癒兜帽
17416,煽動兵治癒長衣
17417,煽動兵治癒手套
17418,煽動兵治癒軟甲褲
17419,煽動兵治癒長靴
17420,煽動兵治癒腰帶
17421,煽動兵詠咒兜帽
17422,煽動兵詠咒長衣
17423,煽動兵詠咒手套
17424,煽動兵詠咒軟甲褲
17425,煽動兵詠咒長靴
17426,煽動兵詠咒腰帶
17427,煽動兵禦敵項環
17428,煽動兵禦敵耳墜
17429,煽動兵禦敵手鐲
17430,煽動兵禦敵盔甲戒指
17431,煽動兵強攻項環
17432,煽動兵強攻耳墜
17433,煽動兵強攻手鐲
17434,煽動兵強攻盔甲戒指
17435,煽動兵精準項環
17436,煽動兵精準耳墜
17437,煽動兵精準手鐲
17438,煽動兵精準盔甲戒指
17439,煽動兵治癒項環
17440,煽動兵治癒耳墜
17441,煽動兵治癒手鐲
17442,煽動兵治癒盔甲戒指
17443,煽動兵詠咒項環
17444,煽動兵詠咒耳墜
17445,煽動兵詠咒手鐲
17446,煽動兵詠咒盔甲戒指
17447,鬼神之劍
17448,鬼神之拳
17449,鬼神之斧
17450,鬼神之戟
17451,鬼神之弓
17452,鬼神之刀
17453,鬼神之大劍
17454,鬼神之火
17455,鬼神之幻杖
17456,鬼神之咒杖
17457,鬼神之書
17458,鬼神之典
17459,鬼神之儀
17460,鬼神之盾
17461,鬼神圖騰
17462,呢絨針織帽
17463,呢絨背帶襯衫
17464,呢絨七分褲
17465,盜龍革皮靴
17466,法蘭絨針織帽
17467,法蘭絨背帶襯衫
17468,法蘭絨七分褲
17469,翼手龍革皮靴
17470,火神夾克衫
17471,髮型樣式：金碟嘉年華
17472,髮型樣式：總騎士長
17473,總騎士長戰甲
17474,總騎士長手套
17475,
17476,小黃鶯禮帽
17477,小黃鶯上衣
17478,小黃鶯手套
17479,小黃鶯短裙
17480,小黃鶯矮靴
17481,總管禮帽
17482,總管外套
17483,總管半指護手
17484,總管馬褲
17485,總管矮靴
17486,瓦努尊杜頭套
17487,瓦努尊杜身體
17488,瓦努尊杜手臂
17489,瓦努尊杜打底褲
17490,骨頜唯一腦身體
17491,血盟冒險者單片眼鏡
17492,血盟冒險者外套
17493,血盟冒險者打底褲
17494,血盟冒險者矮靴
17495,猴面雀耳墜
17496,獅心夾克
17497,獅心手套
17498,獅心打底褲
17499,獅心矮靴
17500,究極武器原型短衣
17501,究極武器原型禦敵項鍊
17502,究極武器原型禦敵護身手鐲
17503,究極武器原型禦敵耳墜
17504,究極武器原型禦敵指環
17505,究極武器原型強攻項鍊
17506,究極武器原型強攻護身手鐲
17507,究極武器原型強攻耳墜
17508,究極武器原型強攻指環
17509,究極武器原型精準項鍊
17510,究極武器原型精準護身手鐲
17511,究極武器原型精準耳墜
17512,究極武器原型精準指環
17513,究極武器原型治癒項鍊
17514,究極武器原型治癒護身手鐲
17515,究極武器原型治癒耳墜
17516,究極武器原型治癒指環
17517,究極武器原型詠咒項鍊
17518,究極武器原型詠咒護身手鐲
17519,究極武器原型詠咒耳墜
17520,究極武器原型詠咒指環
17521,究極武器原型裝甲片
17522,祖爾宛裝甲
17523,新銳兵團成員的手冊
17524,天馬幼獸
17525,鬥牛小犬
17526,復活小天使
17527,迷你艾斯蒂尼安
17528,迷你赫拉斯瓦爾格
17529,吉吉
17530,人造聖靈
17531,迷你斯卡哈
17532,迷你尼德霍格
17533,煉獄小犬
17534,妖精小犬
17535,迷你奧爾·迪
17536,發條月亮
17537,紅色櫻花頭花
17538,藍色櫻花頭花
17539,黃色櫻花頭花
17540,綠色櫻花頭花
17541,橙色櫻花頭花
17542,紫色櫻花頭花
17543,白色櫻花頭花
17544,黑色櫻花頭花
17545,粉色櫻花頭花
17546,櫻花樹幼苗
17547,雲海橡果種子
17548,雲海橡果
17549,近東風格的收藏品
17550,寒冷地帶的特產
17551,黑渦團軍需品
17552,別具匠心的禮物
17553,孤兒院的日用品
17554,近東風格的收藏品組件
17555,寒冷地帶的特產組件
17556,黑渦團軍需品組件
17557,拉札漢古錢
17558,冰筍
17559,黃昏苔蘚
17560,天然玻璃彈珠
17561,彩虹色素
17562,薩維奈秋葉魚
17563,清澈冰戰神
17564,雲海紅珊瑚
17565,心貝
17566,河蝦
17567,雲銀錠
17568,群雲布
17569,蓓天翼龍革
17570,雲銀礦
17571,群雲棉
17572,鬼神甲殼碎片
17573,虛無礦
17574,法蘭絨
17575,仙人掌先生玩偶
17576,蜂蜜圓麵包
17577,大祭司魚
17578,尼摩船長
17579,猴面雀殺手
17580,賽緹
17581,水晶飛鴿
17582,雷鱗蠑螈
17583,里德爾
17584,熔岩帝王
17585,能言者
17586,千鰭
17587,風暴血騎士
17588,莫名熔岩魚
17589,歐巴賓海蠍
17590,鎧魚
17591,雲海蝴蝶螺
17592,沙里貝涅
17593,蘭代勒翼龍
17594,蓓天翼龍
17595,稀有瑪哈古錢
17596,蒼天騎士鎧甲
17597,蒼天騎士手鎧
17598,蒼天騎士軟甲褲
17599,蒼天騎士鎧靴
17600,蒼天法師長袍
17601,蒼天法師禮服手套
17602,蒼天法師軟甲褲
17603,蒼天法師鎧靴
17604,生命之劍
17605,生命之拳
17606,生命之斧
17607,生命之戟
17608,生命之弓
17609,生命之刀
17610,生命之刃
17611,生命之火
17612,生命之幻杖
17613,生命之咒杖
17614,生命之書
17615,生命之典
17616,生命之儀
17617,生命之盾
17618,瓦努尊杜長靴
17619,管弦樂琴樂譜：純愛之吻
17620,管弦樂琴樂譜：小小搗蛋鬼
17621,管弦樂琴樂譜：離群一族
17622,管弦樂琴樂譜：邊境
17623,管弦樂琴樂譜：一瞬的光彩
17624,管弦樂琴樂譜：海風飄香
17625,管弦樂琴樂譜：厚於利刃
17626,管弦樂琴樂譜：寶石
17627,管弦樂琴樂譜：向勝利衝鋒
17628,管弦樂琴樂譜：帝國的意志
17629,管弦樂琴樂譜：鋼鐵理念
17630,管弦樂琴樂譜：祈禱之歌
17631,管弦樂琴樂譜：永遠的離別
17632,管弦樂琴樂譜：超越極限
17633,管弦樂琴樂譜：聖座
17634,管弦樂琴樂譜：塵沙
17635,管弦樂琴樂譜：另一塊磚
17636,管弦樂琴樂譜：斬
17637,管弦樂琴樂譜：無盡蒼空
17638,管弦樂琴樂譜：災厄狂起
17639,管弦樂琴樂譜：武神降臨
17640,管弦樂琴樂譜：不屈之刃
17641,管弦樂琴樂譜：無限
17642,管弦樂琴樂譜：戰亂
17643,管弦樂琴樂譜：螺旋
17644,管弦樂琴樂譜：無限循環
17645,管弦樂琴樂譜：乙太圈
17646,管弦樂琴樂譜：虛無之棺
17647,管弦樂琴樂譜：雨中淚
17648,管弦樂琴樂譜：千面
17649,管弦樂琴樂譜：希望之地
17650,管弦樂琴樂譜：泡影
17651,陳舊的樂譜：斬
17652,陳舊的樂譜：無盡蒼空
17653,陳舊的樂譜：災厄狂起
17654,陳舊的樂譜：武神降臨
17655,陳舊的樂譜：不屈之刃
17656,陳舊的樂譜：無限
17657,第3賽季霸者之證（單人）
17658,第3賽季猛者之證（單人）
17659,第3賽季強者之證（單人）
17660,第3賽季霸者之證（固定隊）
17661,第3賽季猛者之證（固定隊）
17662,第3賽季強者之證（固定隊）
17663,孤傲煉獄獵犬耳墜
17664,首領煉獄獵犬耳墜
17665,第4賽季霸者之證（單人）
17666,第4賽季猛者之證（單人）
17667,第4賽季強者之證（單人）
17668,第4賽季霸者之證（固定隊）
17669,第4賽季猛者之證（固定隊）
17670,第4賽季強者之證（固定隊）
17671,孤傲妖精犬耳墜
17672,首領妖精犬耳墜
17673,
17674,
17675,孤傲妖精犬笛
17676,首領妖精犬笛
17677,第4賽季獨狼獎盃
17678,第4賽季群狼獎盃
17679,赤喙圍巾
17680,九宮幻卡：熔岩蠍
17681,九宮幻卡：魔導獵手
17682,九宮幻卡：魔導浮空裝甲
17683,九宮幻卡：鐵面公卿
17684,九宮幻卡：羅蘭德
17685,九宮幻卡：虛空迪亞布羅斯
17686,九宮幻卡：武裝重甲
17687,九宮幻卡：吉吉
17688,九宮幻卡：祖爾宛
17689,雲冠香草
17690,曼德維爾九宮幻卡銅包
17691,曼德維爾九宮幻卡銀包
17692,曼德維爾九宮幻卡金包
17693,命運神九宮幻卡銅包
17694,命運神九宮幻卡銀包
17695,命運神九宮幻卡金包
17696,奧蘭九宮幻卡銅包
17697,奧蘭九宮幻卡銀包
17698,奧蘭九宮幻卡金包
17699,羅薇娜九宮幻卡銅包
17700,羅薇娜九宮幻卡銀包
17701,羅薇娜九宮幻卡金包
17702,帝國九宮幻卡包
17703,神學院制服
17704,蒼天騎士盾
17705,光輝
17706,終斬
17707,灰雲
17708,血腥安妮
17709,潰逃
17710,寒冬
17711,龍禍
17712,神益
17713,奇思妙想
17714,幽谷蠕蟲
17715,絕孀
17716,碎心
17717,調查員眼鏡
17718,特製上仙緊箍
17719,特製上仙鬥衣
17720,特製上仙數珠
17721,特製上仙長褲
17722,特製上仙纏足
17723,收藏品組件的材料
17724,特產組件的材料
17725,軍需品組件的材料
17726,魚叉
17727,別具匠心的禮物組件
17728,孤兒院的日用品組件
17729,禮物組件的材料
17730,日用品組件的材料
17731,木製東洋小屋房產證書
17732,混合製東洋小屋房產證書
17733,石製東洋小屋房產證書
17734,木製東洋公館房產證書
17735,混合製東洋公館房產證書
17736,石製東洋公館房產證書
17737,木製東洋別墅房產證書
17738,混合製東洋別墅房產證書
17739,石製東洋別墅房產證書
17740,赤魔道士之證
17741,武士之證
17742,舊化的俠義頭冠
17743,舊化的俠義戰甲
17744,舊化的俠義手鎧
17745,舊化的俠義腿甲
17746,舊化的俠義鎖甲靴
17747,舊化的和平頭冠
17748,舊化的和平坎肩
17749,舊化的和平護臂
17750,舊化的和平短褲
17751,舊化的和平筒靴
17752,舊化的殘暴面罩
17753,舊化的殘暴兜甲
17754,舊化的殘暴手鎧
17755,舊化的殘暴馬褲
17756,舊化的殘暴鎖甲靴
17757,舊化的真血戰盔
17758,舊化的真血戰鎧
17759,舊化的真血手鎧
17760,舊化的真血長褲
17761,舊化的真血脛甲
17762,舊化的述事禮帽
17763,舊化的述事外套
17764,舊化的述事手套
17765,舊化的述事打底褲
17766,舊化的述事長靴
17767,舊化的七天頭冠
17768,舊化的七天上裝
17769,舊化的七天半指護手
17770,舊化的七天打底褲
17771,舊化的七天長靴
17772,舊化的七獄闊邊帽
17773,舊化的七獄外套
17774,舊化的七獄手套
17775,舊化的七獄馬褲
17776,舊化的七獄長靴
17777,舊化的通靈長角
17778,舊化的通靈坎肩
17779,舊化的通靈護臂
17780,舊化的通靈五分褲
17781,舊化的通靈筒靴
17782,舊化的雄辯方帽
17783,舊化的雄辯外套
17784,舊化的雄辯護袖
17785,舊化的雄辯打底褲
17786,舊化的雄辯皮靴
17787,舊化的影隱總面
17788,舊化的影隱鎖帷子
17789,舊化的影隱手甲
17790,舊化的影隱袴
17791,舊化的影隱纏足
17792,舊化的深淵輕盔
17793,舊化的深淵胸甲
17794,舊化的深淵手鎧
17795,舊化的深淵重足鎧
17796,舊化的深淵鎖甲靴
17797,舊化的砲手護目鏡
17798,舊化的砲手外套
17799,舊化的砲手手套
17800,舊化的砲手馬褲
17801,舊化的砲手長靴
17802,舊化的星座包頭巾
17803,舊化的星座上裝
17804,舊化的星座護臂
17805,舊化的星座長褲
17806,舊化的星座涼鞋
17807,舊化的明珍陣笠
17808,舊化的明珍羽織
17809,舊化的明珍手甲
17810,舊化的明珍袴
17811,舊化的明珍木屐
17812,舊化的鬥劍禮帽
17813,舊化的鬥劍罩衣
17814,舊化的鬥劍手套
17815,舊化的鬥劍馬褲
17816,舊化的鬥劍長靴
17817,舊化的嘉拉汀
17818,舊化的善見神輪
17819,舊化的伐煞斧
17820,舊化的龍鬚
17821,舊化的必中琴弓
17822,舊化的息風
17823,舊化的裂斬劍卡拉德博爾格
17824,舊化的外來者
17825,舊化的驅除之杖
17826,舊化的破壞之杖
17827,舊化的雷蒙蓋頓
17828,舊化的工具論
17829,舊化的昴星團天儀
17830,舊化的菊一文字
17831,舊化的死印劍
17832,舊化的艾瓦拉克血十字盾
17833,巧手黃票
17834,大地黃票
17835,陳舊的迦迦納怪鳥革地圖
17836,陳舊的瞪羚革地圖
17837,7級黑暗物質
17838,礦物傳承錄·基拉巴尼亞篇
17839,礦物傳承錄·奧薩德篇
17840,草木傳承錄·基拉巴尼亞篇
17841,草木傳承錄·奧薩德篇
17842,魚類傳承錄·基拉巴尼亞篇
17843,魚類傳承錄·奧薩德篇
17844,管弦樂琴樂譜：超級虹彩戰隊Z
17845,管弦樂琴樂譜：生死答問 - 迴響
17846,管弦樂琴樂譜：Stormblood　-血雨狂潮-
17847,管弦樂琴樂譜：濤聲
17848,管弦樂琴樂譜：鳥鳴
17849,管弦樂琴樂譜：雨聲
17850,管弦樂琴樂譜：蟬鳴
17851,管弦樂琴樂譜：有毒植物
17852,管弦樂琴樂譜：恐書症
17853,管弦樂琴樂譜：啟示
17854,管弦樂琴樂譜：陰謀美計
17855,管弦樂琴樂譜：天王
17856,管弦樂琴樂譜：寂靜的星空
17857,管弦樂琴樂譜：鐵壁之外
17858,管弦樂琴樂譜：火焰之海
17859,管弦樂琴樂譜：沉沒於天際
17860,管弦樂琴樂譜：隱忍之刃
17861,管弦樂琴樂譜：匯集的海風
17862,管弦樂琴樂譜：喧囂的樹叢
17863,管弦樂琴樂譜：交錯的命運
17864,陳舊的樂譜：啟示
17865,陳舊的樂譜：陰謀美計
17866,
17867,
17868,源氏之武器箱（品級345）
17869,木工秘笈第五卷
17870,鍛冶秘笈第五卷
17871,甲胄秘笈第五卷
17872,金工秘笈第五卷
17873,皮革秘笈第五卷
17874,裁縫秘笈第五卷
17875,鍊金秘笈第五卷
17876,烹調秘笈第五卷
17877,化妝盒的材料
17878,高級化妝盒
17879,煙袋盒的材料
17880,高級煙袋盒
17881,屏風的材料
17882,高級屏風
17883,茶屋長椅的材料
17884,茶屋長椅
17885,短劍的材料
17886,輕量短劍
17887,生鏽的廢鐵
17888,厚重的打刀
17889,鍛造師行會制金屬錠
17890,小型錘
17891,刀的材料
17892,投標用的打刀
17893,板金鎧的材料
17894,騎士板金鎧
17895,手甲的材料
17896,白鈦手甲
17897,總面的材料
17898,殿前比試用總面
17899,腹當的材料
17900,利姆薩·羅敏薩式腹當
17901,戒指的材料
17902,樣品白銀戒指
17903,眼鏡的材料
17904,高精度眼鏡
17905,臺鐘的材料
17906,樣品臺鐘
17907,禮物的組件
17908,王冠寶石工坊的特製禮物
17909,亨格長頸駝的粗皮
17910,亨格長頸駝的毛皮
17911,威羅迪納灰熊的粗皮
17912,灰熊手套
17913,皮夾克的材料
17914,高級長頸駝夾克
17915,大迦迦納怪鳥的粗皮
17916,大迦迦納怪鳥的毛皮
17917,澎裙禮服的材料
17918,澎裙禮服禮服
17919,春意禮服的材料
17920,高級春意禮服
17921,舞裙的材料
17922,高級薩維奈舞裙
17923,羽衣的材料
17924,天女的羽衣
17925,秘藥的材料
17926,甜味智力之秘藥
17927,慰問品的材料
17928,特製姆恩·圖伊豆汁
17929,血液反應藥的材料
17930,血液反應藥
17931,溶解液的材料
17932,特製溶解液
17933,飯團材料
17934,多瑪飯團
17935,湯底材料
17936,多瑪烏龍麵湯底
17937,壽司材料
17938,手握壽司
17939,壽喜燒材料
17940,多瑪壽喜燒
17941,廢靈礦
17942,輕鋼礦
17943,蛇紋石
17944,硬拳石
17945,野生新薯
17946,女王薯
17947,莫告藻
17948,破壞神之杖
17949,威羅迪納烏鯉
17950,迎春魚的幼魚
17951,大方士
17952,大鰭龍
17953,卡邦庫爾睡床
17954,臺式管弦樂琴
17955,壁掛式花瓶
17956,長頸駝標本
17957,迦迦納怪鳥標本
17958,東方煙袋盒
17959,東方化妝盒
17960,多瑪屏風
17961,吉祥天女模型
17962,須佐之男模型
17963,第5賽季獨狼獎盃
17964,
17965,艾坦娃娃
17966,新生氣球
17967,東方午餐組合：壽司
17968,東方午餐組合：蕎麥麵
17969,東方午餐組合：烏龍麵
17970,東方午餐組合：飯團
17971,畫架
17972,聖靈藥瓶
17973,東方坐墊
17974,白色隔離矮牆
17975,紅蓮祭掛畫
17976,七彩刨冰
17977,招財莫古利
17978,象魔燈
17979,庫洛·阿里亞珀人偶
17980,狐狸玩偶
17981,伊克西翁獎盃
17982,東方松樹
17983,東方茶屋長椅
17984,卡邦庫爾綠雕
17985,摩艾石像
17986,答塔克族旗幟
17987,基拉巴尼亞木人
17988,中桅塔內牆
17989,百合嶺內牆
17990,娜娜莫大風車內牆
17991,中桅塔地板
17992,百合嶺地板
17993,娜娜莫大風車地板
17994,福爾唐枝形吊燈
17995,水族箱內飾：紅玉
17996,雛菊種子
17997,紅色雛菊
17998,藍色雛菊
17999,黃色雛菊
18000,綠色雛菊
18001,橙色雛菊
18002,紫色雛菊
18003,白色雛菊
18004,黑色雛菊
18005,混色雛菊
18006,剛力魔晶石陸型
18007,耐力魔晶石陸型
18008,巧力魔晶石陸型
18009,智力魔晶石陸型
18010,意力魔晶石陸型
18011,信力魔晶石陸型
18012,創火魔晶石陸型
18013,創冰魔晶石陸型
18014,創風魔晶石陸型
18015,創土魔晶石陸型
18016,創雷魔晶石陸型
18017,創水魔晶石陸型
18018,神眼魔晶石陸型
18019,武略魔晶石陸型
18020,雄略魔晶石陸型
18021,剛柔魔晶石陸型
18022,達識魔晶石陸型
18023,博識魔晶石陸型
18024,器識魔晶石陸型
18025,名匠魔晶石陸型
18026,魔匠魔晶石陸型
18027,巨匠魔晶石陸型
18028,戰技魔晶石陸型
18029,詠唱魔晶石陸型
18030,惰性晶簇
18031,惰性水晶
18032,幽獄灰
18033,硬鋼鬥劍
18034,硬鋼指虎
18035,硬鋼頭人斧
18036,硬鋼三尖槍
18037,山毛櫸複合弓
18038,硬鋼左手劍
18039,硬鋼斷頭劍
18040,硬鋼重砲
18041,山毛櫸法杖
18042,白銅長杖
18043,白銅魔導書
18044,白銅魔導典
18045,白銅天星盤
18046,硬鋼太刀
18047,白銅花劍
18048,硬鋼重盾
18049,硬鋼禦敵頭盔
18050,硬鋼禦敵鱗鎧
18051,硬鋼禦敵護臂
18052,迦迦納怪鳥革禦敵騎兵褲
18053,迦迦納怪鳥革禦敵腿甲靴
18054,迦迦納怪鳥革禦敵腰帶
18055,硬鋼制敵頭盔
18056,硬鋼制敵鱗鎧
18057,硬鋼制敵護臂
18058,迦迦納怪鳥革制敵騎兵褲
18059,迦迦納怪鳥革制敵腿甲靴
18060,迦迦納怪鳥革制敵腰帶
18061,白銅強襲包頭巾
18062,赤麻強襲坎肩
18063,赤麻強襲護臂
18064,赤麻強襲襯褲
18065,迦迦納怪鳥革強襲涼鞋
18066,迦迦納怪鳥革強襲腰帶
18067,迦迦納怪鳥革精準狩獵帽
18068,迦迦納怪鳥革精準短衣
18069,迦迦納怪鳥革精準手套
18070,迦迦納怪鳥革精準皮套褲
18071,迦迦納怪鳥革精準筒靴
18072,迦迦納怪鳥革精準腰帶
18073,白銅游擊包頭巾
18074,赤麻游擊坎肩
18075,赤麻游擊護臂
18076,赤麻游擊襯褲
18077,迦迦納怪鳥革游擊涼鞋
18078,迦迦納怪鳥革游擊腰帶
18079,山毛櫸治癒面具
18080,赤麻治癒束胸
18081,白銅治癒臂環
18082,赤麻治癒短褲
18083,迦迦納怪鳥革治癒涼鞋
18084,迦迦納怪鳥革治癒腰帶
18085,山毛櫸詠咒面具
18086,赤麻詠咒束胸
18087,白銅詠咒臂環
18088,赤麻詠咒短褲
18089,迦迦納怪鳥革詠咒涼鞋
18090,迦迦納怪鳥革詠咒腰帶
18091,鋰輝石禦敵耳墜
18092,鋰輝石強攻耳墜
18093,鋰輝石精準耳墜
18094,鋰輝石治癒耳墜
18095,鋰輝石詠咒耳墜
18096,鋰輝石禦敵項環
18097,鋰輝石強攻項環
18098,鋰輝石精準項環
18099,鋰輝石治癒項環
18100,鋰輝石詠咒項環
18101,鋰輝石禦敵手鐲
18102,鋰輝石強攻手鐲
18103,鋰輝石精準手鐲
18104,鋰輝石治癒手鐲
18105,鋰輝石詠咒手鐲
18106,鋰輝石禦敵指環
18107,鋰輝石強攻指環
18108,鋰輝石精準指環
18109,鋰輝石治癒指環
18110,鋰輝石詠咒指環
18111,鬼船雙刃劍
18112,鬼船三尖拳劍
18113,鬼船戰斧
18114,鬼船游擊槍
18115,鬼船複合弓
18116,鬼船五指劍
18117,鬼船大劍
18118,鬼船左輪槍
18119,鬼船牧杖
18120,鬼船法杖
18121,鬼船魔導書
18122,鬼船魔導典
18123,鬼船天球儀
18124,鬼船武士刀
18125,鬼船輕劍
18126,鬼船盾
18127,鬼船禦敵頭冠
18128,鬼船禦敵罩衣
18129,鬼船禦敵手套
18130,鬼船禦敵軟甲褲
18131,鬼船禦敵護腿
18132,鬼船禦敵腰帶
18133,鬼船制敵面具
18134,鬼船制敵束胸
18135,鬼船制敵護臂
18136,鬼船制敵及膝褲
18137,鬼船制敵涼鞋
18138,鬼船制敵腰帶
18139,鬼船強襲包頭巾
18140,鬼船強襲外套
18141,鬼船強襲臂甲
18142,鬼船強襲短裙
18143,鬼船強襲鎖甲靴
18144,鬼船強襲腰帶
18145,鬼船精準頭盔
18146,鬼船精準外套
18147,鬼船精準手鎧
18148,鬼船精準束膝褲
18149,鬼船精準筒靴
18150,鬼船精準腰帶
18151,鬼船游擊兜帽
18152,鬼船游擊長衫
18153,鬼船游擊長手套
18154,鬼船游擊打底褲
18155,鬼船游擊露趾長靴
18156,鬼船游擊腰帶
18157,鬼船治癒包頭巾
18158,鬼船治癒坎肩
18159,鬼船治癒護臂
18160,鬼船治癒襯褲
18161,鬼船治癒涼鞋
18162,鬼船治癒腰帶
18163,鬼船詠咒無簷帽
18164,鬼船詠咒短上衣
18165,鬼船詠咒手套
18166,鬼船詠咒打底褲
18167,鬼船詠咒皮靴
18168,鬼船詠咒腰帶
18169,鬼船禦敵耳墜
18170,鬼船強攻耳墜
18171,鬼船精準耳墜
18172,鬼船治癒耳墜
18173,鬼船詠咒耳墜
18174,鬼船禦敵項環
18175,鬼船強攻項環
18176,鬼船精準項環
18177,鬼船治癒項環
18178,鬼船詠咒項環
18179,鬼船禦敵手鐲
18180,鬼船強攻手鐲
18181,鬼船精準手鐲
18182,鬼船治癒手鐲
18183,鬼船詠咒手鐲
18184,鬼船禦敵戒指
18185,鬼船強攻戒指
18186,鬼船精準戒指
18187,鬼船治癒戒指
18188,鬼船詠咒戒指
18189,硬鋼長劍
18190,折鋼指虎
18191,硬鋼戰斧
18192,硬鋼戰叉
18193,落葉松複合弓
18194,硬鋼波刃
18195,硬鋼巨劍
18196,硬鋼燧發槍
18197,落葉松幻杖
18198,白銅玉杖
18199,牛鬼革魔導書
18200,牛鬼革魔導典
18201,白銅雙板天星盤
18202,硬鋼打刀
18203,白銅刺劍
18204,硬鋼步兵盾
18205,硬鋼禦敵開面盔
18206,硬鋼禦敵鏈甲
18207,硬鋼禦敵手鎧
18208,牛鬼革禦敵軟甲褲
18209,硬鋼禦敵鎖甲靴
18210,硬鋼禦敵護腰帶
18211,硬鋼制敵開面盔
18212,硬鋼制敵鏈甲
18213,硬鋼制敵手鎧
18214,牛鬼革制敵軟甲褲
18215,硬鋼制敵鎖甲靴
18216,硬鋼制敵護腰帶
18217,紅玉棉布強襲頭巾
18218,紅玉棉布強襲背心
18219,牛鬼革強襲半指手套
18220,紅玉棉布強襲束膝褲
18221,牛鬼革強襲高筒靴
18222,牛鬼革強襲交叉腰帶
18223,牛鬼革盔帽
18224,紅玉棉布緊身衣
18225,牛鬼革精準手套
18226,紅玉棉布垮褲
18227,牛鬼革精準筒靴
18228,牛鬼革精準交叉腰帶
18229,紅玉棉布游擊頭巾
18230,紅玉棉布游擊背心
18231,牛鬼革游擊半指手套
18232,紅玉棉布游擊束膝褲
18233,牛鬼革游擊高筒靴
18234,牛鬼革游擊交叉腰帶
18235,白銅頭鏈
18236,紅玉棉布長袍
18237,牛鬼革禮服手套
18238,紅玉棉布短褲
18239,牛鬼革治癒筒靴
18240,紅玉棉布治癒腰圍
18241,紅玉棉布詠咒寬邊帽
18242,紅玉棉布詠咒長袍
18243,紅玉棉布詠咒半指護手
18244,紅玉棉布長裙
18245,牛鬼革木鞋
18246,紅玉棉布詠咒腰圍
18247,白銅禦敵耳墜
18248,白銅強攻耳墜
18249,白銅精準耳墜
18250,白銅治癒耳墜
18251,白銅詠咒耳墜
18252,白銅禦敵項環
18253,白銅強攻項環
18254,白銅精準項環
18255,白銅治癒項環
18256,白銅詠咒項環
18257,白銅禦敵手鐲
18258,白銅強攻手鐲
18259,白銅精準手鐲
18260,白銅治癒手鐲
18261,白銅詠咒手鐲
18262,姆德斯德角禦敵指環
18263,姆德斯德角強攻指環
18264,姆德斯德角精準指環
18265,姆德斯德角治癒指環
18266,姆德斯德角詠咒指環
18267,紅玉劍
18268,紅玉鐵爪
18269,紅玉大斧
18270,紅玉長槍
18271,紅玉長弓
18272,紅玉短刀
18273,紅玉大劍
18274,紅玉短銃
18275,紅玉幻杖
18276,紅玉咒杖
18277,紅玉魔書
18278,紅玉賢書
18279,紅玉星盤
18280,紅玉打刀
18281,紅玉細劍
18282,紅玉盾
18283,紫水豪士面飾
18284,紫水豪士上衣
18285,紫水豪士籠手
18286,紫水豪士小袴
18287,紫水豪士草履
18288,紫水豪士帶
18289,紫水槍士面飾
18290,紫水槍士上衣
18291,紫水槍士籠手
18292,紫水槍士小袴
18293,紫水槍士草履
18294,紫水槍士帶
18295,紫水拳士面飾
18296,紫水拳士上衣
18297,紫水拳士籠手
18298,紫水拳士小袴
18299,紫水拳士草履
18300,紫水拳士帶
18301,紫水弓士面飾
18302,紫水弓士上衣
18303,紫水弓士籠手
18304,紫水弓士小袴
18305,紫水弓士草履
18306,紫水弓士帶
18307,紫水間士面飾
18308,紫水間士上衣
18309,紫水間士籠手
18310,紫水間士小袴
18311,紫水間士草履
18312,紫水間士帶
18313,紫水學士面飾
18314,紫水學士上衣
18315,紫水學士籠手
18316,紫水學士小袴
18317,紫水學士草履
18318,紫水學士帶
18319,紫水術士面飾
18320,紫水術士上衣
18321,紫水術士籠手
18322,紫水術士小袴
18323,紫水術士草履
18324,紫水術士帶
18325,紅玉豪士耳飾
18326,紅玉鬥士耳飾
18327,紅玉弓士耳飾
18328,紅玉學士耳飾
18329,紅玉術士耳飾
18330,紅玉豪士首飾
18331,紅玉鬥士首飾
18332,紅玉弓士首飾
18333,紅玉學士首飾
18334,紅玉術士首飾
18335,紅玉豪士手飾
18336,紅玉鬥士手飾
18337,紅玉弓士手飾
18338,紅玉學士手飾
18339,紅玉術士手飾
18340,紅玉豪士指飾
18341,紅玉鬥士指飾
18342,紅玉弓士指飾
18343,紅玉學士指飾
18344,紅玉術士指飾
18345,卸鐵長劍
18346,卸鐵爪
18347,卸鐵戰斧
18348,卸鐵騎槍
18349,松木複合弓
18350,卸鐵小刀
18351,卸鐵巨劍
18352,卸鐵重砲
18353,松木牧杖
18354,翠銀長杖
18355,猛虎革魔導書
18356,猛虎革魔導典
18357,翠銀量天儀
18358,卸鐵打刀
18359,翠銀小劍
18360,卸鐵鳶盾
18361,翠銀禦敵髮夾
18362,猛虎革禦敵外套
18363,卸鐵禦敵手鎧
18364,葛布禦敵長裙
18365,卸鐵禦敵脛甲
18366,卸鐵禦敵腰甲
18367,翠銀制敵髮夾
18368,猛虎革制敵外套
18369,卸鐵制敵手鎧
18370,葛布制敵長裙
18371,卸鐵制敵脛甲
18372,卸鐵制敵腰甲
18373,猛虎革強襲寬邊帽
18374,葛布強襲束腰獵衣
18375,猛虎革強襲護手
18376,葛布強襲軟甲褲
18377,猛虎革強襲高筒靴
18378,猛虎革強襲環帶
18379,猛虎革精準寬邊帽
18380,葛布精準束腰獵衣
18381,猛虎革精準護手
18382,葛布精準軟甲褲
18383,猛虎革精準高筒靴
18384,猛虎革精準環帶
18385,猛虎革游擊寬邊帽
18386,葛布游擊束腰獵衣
18387,猛虎革游擊護手
18388,葛布游擊軟甲褲
18389,猛虎革游擊高筒靴
18390,猛虎革游擊環帶
18391,葛布治癒寬邊帽
18392,葛布治癒長袍
18393,猛虎革治癒護臂
18394,葛布治癒長裙
18395,猛虎革治癒長筒靴
18396,葛布治癒圍腰
18397,葛布詠咒寬邊帽
18398,葛布詠咒長袍
18399,猛虎革詠咒護臂
18400,葛布詠咒長裙
18401,猛虎革詠咒長筒靴
18402,葛布詠咒圍腰
18403,星尖石禦敵耳墜
18404,星尖石強攻耳墜
18405,星尖石精準耳墜
18406,星尖石治癒耳墜
18407,星尖石詠咒耳墜
18408,星尖石禦敵項環
18409,星尖石強攻項環
18410,星尖石精準項環
18411,星尖石治癒項環
18412,星尖石詠咒項環
18413,星尖石禦敵手鐲
18414,星尖石強攻手鐲
18415,星尖石精準手鐲
18416,星尖石治癒手鐲
18417,星尖石詠咒手鐲
18418,星尖石禦敵指環
18419,星尖石強攻指環
18420,星尖石精準指環
18421,星尖石治癒指環
18422,星尖石詠咒指環
18423,遼闊的大地
18424,奔流的江河
18425,嚴峻的高山
18426,迅猛的野獸
18427,呼嘯的狂風
18428,搖曳的勁草
18429,燃燒的太陽
18430,猛烈的暴雨
18431,沉默的皎月
18432,雄辯的暗月
18433,遮天的陰雲
18434,流動的卷雲
18435,夜空的明星
18436,清澈的天空
18437,浸地的鮮血
18438,模兒的盾牌
18439,遊牧禦敵頭盔
18440,遊牧禦敵外套
18441,遊牧禦敵護臂
18442,遊牧禦敵馬褲
18443,遊牧禦敵筒靴
18444,遊牧禦敵腰帶
18445,遊牧制敵無簷帽
18446,遊牧制敵外套
18447,遊牧制敵護臂
18448,遊牧制敵馬褲
18449,遊牧制敵筒靴
18450,遊牧制敵腰帶
18451,遊牧強襲無簷帽
18452,遊牧強襲外套
18453,遊牧強襲護臂
18454,遊牧強襲馬褲
18455,遊牧強襲筒靴
18456,遊牧強襲腰帶
18457,遊牧精準無簷帽
18458,遊牧精準外套
18459,遊牧精準護臂
18460,遊牧精準馬褲
18461,遊牧精準筒靴
18462,遊牧精準腰帶
18463,遊牧游擊無簷帽
18464,遊牧游擊外套
18465,遊牧游擊護臂
18466,遊牧游擊馬褲
18467,遊牧游擊筒靴
18468,遊牧游擊腰帶
18469,遊牧治癒無簷帽
18470,遊牧治癒外套
18471,遊牧治癒護臂
18472,遊牧治癒馬褲
18473,遊牧治癒筒靴
18474,遊牧治癒腰帶
18475,遊牧詠咒無簷帽
18476,遊牧詠咒外套
18477,遊牧詠咒護臂
18478,遊牧詠咒馬褲
18479,遊牧詠咒筒靴
18480,遊牧詠咒腰帶
18481,遊牧禦敵耳墜
18482,遊牧強攻耳墜
18483,遊牧精準耳墜
18484,遊牧治癒耳墜
18485,遊牧詠咒耳墜
18486,遊牧禦敵項環
18487,遊牧強攻項環
18488,遊牧精準項環
18489,遊牧治癒項環
18490,遊牧詠咒項環
18491,遊牧禦敵手環
18492,遊牧強攻手環
18493,遊牧精準手環
18494,遊牧治癒手環
18495,遊牧詠咒手環
18496,遊牧禦敵戒指
18497,遊牧強攻戒指
18498,遊牧精準戒指
18499,遊牧治癒戒指
18500,遊牧詠咒戒指
18501,玉鋼長劍
18502,玉鋼拳劍
18503,玉鋼戰斧
18504,玉鋼戰戟
18505,柿木長弓
18506,玉鋼左手劍
18507,玉鋼巨劍
18508,玉鋼火槍
18509,柿木牧杖
18510,翠銀法杖
18511,魔象革魔導書
18512,魔象革魔導典
18513,翠銀天星盤
18514,玉鋼太刀
18515,翠銀花劍
18516,玉鋼長盾
18517,玉鋼禦敵戰盔
18518,玉鋼禦敵罩衣
18519,玉鋼禦敵手鎧
18520,魔象革禦敵馬褲
18521,玉鋼禦敵脛甲
18522,魔象革禦敵腰帶
18523,玉鋼制敵戰盔
18524,玉鋼制敵罩衣
18525,玉鋼制敵手鎧
18526,魔象革制敵馬褲
18527,玉鋼制敵脛甲
18528,魔象革制敵腰帶
18529,魔象革強襲兜帽
18530,魔象革強襲外套
18531,玉鋼強襲手鎧
18532,魔象革強襲馬褲
18533,玉鋼強襲脛甲
18534,嗶嘰強襲長腰圍
18535,嗶嘰精準狩獵帽
18536,嗶嘰精準緊身衣
18537,魔象革精準手套
18538,嗶嘰精準騎兵褲
18539,魔象革精準筒靴
18540,魔象革精準圍腰
18541,魔象革游擊兜帽
18542,魔象革游擊外套
18543,玉鋼游擊手鎧
18544,魔象革游擊馬褲
18545,玉鋼游擊脛甲
18546,嗶嘰游擊長腰圍
18547,嗶嘰治癒寬邊帽
18548,嗶嘰治癒緊身衣
18549,魔象革治癒手套
18550,嗶嘰治癒騎兵褲
18551,魔象革治癒法靴
18552,魔象革治癒圍腰
18553,嗶嘰詠咒寬邊帽
18554,嗶嘰詠咒緊身衣
18555,魔象革詠咒手套
18556,嗶嘰詠咒騎兵褲
18557,魔象革詠咒法靴
18558,魔象革詠咒圍腰
18559,石青禦敵耳墜
18560,石青強攻耳墜
18561,石青精準耳墜
18562,石青治癒耳墜
18563,石青詠咒耳墜
18564,石青禦敵項環
18565,石青強攻項環
18566,石青精準項環
18567,石青治癒項環
18568,石青詠咒項環
18569,石青禦敵手鐲
18570,石青強攻手鐲
18571,石青精準手鐲
18572,石青治癒手鐲
18573,石青詠咒手鐲
18574,石青禦敵指環
18575,石青強攻指環
18576,石青精準指環
18577,石青治癒指環
18578,石青詠咒指環
18579,鬼切·真打
18580,千手·真打
18581,公時·真打
18582,岩融·真打
18583,雷上動·真打
18584,大保昌·真打
18585,蜘蛛切丸·真打
18586,國友·真打
18587,真榊·真打
18588,九條·真打
18589,五行相剋·真打
18590,五行相生·真打
18591,天干地支·真打
18592,大包平·真打
18593,舞草·真打
18594,延夏大盾
18595,延夏豪士缽鐵
18596,延夏豪士腹當
18597,延夏豪士籠手
18598,延夏豪士佩楯
18599,延夏豪士護脛
18600,延夏豪士帶
18601,延夏槍士缽鐵
18602,延夏槍士鬥衣
18603,延夏槍士手甲
18604,延夏槍士佩楯
18605,延夏槍士護脛
18606,延夏槍士帶
18607,延夏拳士缽鐵
18608,延夏拳士鬥衣
18609,延夏拳士手甲
18610,延夏拳士佩楯
18611,延夏拳士護脛
18612,延夏拳士帶
18613,延夏弓士缽鐵
18614,延夏弓士道衣
18615,延夏弓士護手
18616,延夏弓士佩楯
18617,延夏弓士護脛
18618,延夏弓士帶
18619,延夏間士缽鐵
18620,延夏間士鬥衣
18621,延夏間士手甲
18622,延夏間士佩楯
18623,延夏間士護脛
18624,延夏間士帶
18625,延夏學士缽鐵
18626,延夏學士道衣
18627,延夏學士手甲
18628,延夏學士袴
18629,延夏學士護脛
18630,延夏學士帶
18631,延夏術士缽鐵
18632,延夏術士道衣
18633,延夏術士手甲
18634,延夏術士袴
18635,延夏術士護脛
18636,延夏術士帶
18637,延夏豪士耳飾
18638,延夏鬥士耳飾
18639,延夏弓士耳飾
18640,延夏學士耳飾
18641,延夏術士耳飾
18642,延夏豪士首飾
18643,延夏鬥士首飾
18644,延夏弓士首飾
18645,延夏學士首飾
18646,延夏術士首飾
18647,延夏豪士手飾
18648,延夏鬥士手飾
18649,延夏弓士手飾
18650,延夏學士手飾
18651,延夏術士手飾
18652,延夏豪士指飾
18653,延夏鬥士指飾
18654,延夏弓士指飾
18655,延夏學士指飾
18656,延夏術士指飾
18657,鉬鋼長劍
18658,鉬鋼指虎
18659,鉬鋼戰斧
18660,鉬鋼三尖槍
18661,櫸木長弓
18662,鉬鋼小刀
18663,鉬鋼巨刃
18664,鉬鋼火彈
18665,櫸木牧杖
18666,鈀金法杖
18667,瞪羚革魔導書
18668,瞪羚革魔導典
18669,鈀金天星盤
18670,鉬鋼打刀
18671,鈀金穿甲劍
18672,鉬鋼鳶盾
18673,鉬鋼禦敵頭甲
18674,瞪羚革禦敵外套
18675,瞪羚革禦敵手套
18676,玉綢禦敵長褲
18677,鉬鋼禦敵脛甲
18678,鉬鋼禦敵護腰帶
18679,鉬鋼制敵頭甲
18680,瞪羚革制敵護甲
18681,鉬鋼制敵護臂
18682,瞪羚革制敵襯褲
18683,瞪羚革制敵露趾長靴
18684,鉬鋼制敵護腰帶
18685,玉綢強襲兜帽
18686,瞪羚革強襲護甲
18687,鉬鋼強襲護臂
18688,瞪羚革強襲襯褲
18689,瞪羚革強襲露趾長靴
18690,瞪羚革強襲交叉腰帶
18691,玉綢精準包頭巾
18692,玉綢精準長袍
18693,瞪羚革精準護臂
18694,玉綢精準長褲
18695,瞪羚革精準筒靴
18696,瞪羚革精準交叉腰帶
18697,玉綢游擊包頭巾
18698,瞪羚革游擊護甲
18699,鉬鋼游擊護臂
18700,瞪羚革游擊襯褲
18701,瞪羚革游擊露趾長靴
18702,瞪羚革游擊交叉腰帶
18703,玉綢治癒兜帽
18704,瞪羚革治癒長衣
18705,瞪羚革治癒手套
18706,玉綢治癒長褲
18707,瞪羚革治癒法靴
18708,玉綢治癒腰圍
18709,玉綢詠咒兜帽
18710,玉綢詠咒長袍
18711,瞪羚革詠咒護臂
18712,玉綢詠咒長褲
18713,瞪羚革詠咒法靴
18714,玉綢詠咒腰圍
18715,鉬鋼禦敵耳墜
18716,鉬鋼強攻耳墜
18717,鉬鋼精準耳墜
18718,鉬鋼治癒耳墜
18719,鉬鋼詠咒耳墜
18720,鈀金禦敵項環
18721,鈀金強攻項環
18722,鈀金精準項環
18723,鈀金治癒項環
18724,鈀金詠咒項環
18725,鈀金禦敵手環
18726,鈀金強攻手環
18727,鈀金精準手環
18728,鈀金治癒手環
18729,鈀金詠咒手環
18730,鈀金禦敵盔甲戒指
18731,鈀金強攻盔甲戒指
18732,鈀金精準盔甲戒指
18733,鈀金治癒盔甲戒指
18734,鈀金詠咒盔甲戒指
18735,魔化劍
18736,削脊拳
18737,斯帕斯戰斧
18738,獨角鯨
18739,卡曼弓
18740,卡德懷劍
18741,光明劍庫魯亞丹
18742,偉人
18743,女神之恩
18744,軍神之智
18745,極光之書
18746,倫理之書
18747,參宿七天儀
18748,虎徹
18749,斯勒格爾打擊劍
18750,騎士盾
18751,芝諾比亞兜帽
18752,芝諾比亞戰甲
18753,芝諾比亞手鎧
18754,芝諾比亞馬褲
18755,芝諾比亞鎖甲靴
18756,芝諾比亞腰帶
18757,瓦雷利亞魔劍士翼冠
18758,瓦雷利亞魔劍士戰鎧
18759,瓦雷利亞魔劍士手鎧
18760,瓦雷利亞魔劍士馬褲
18761,瓦雷利亞魔劍士長靴
18762,瓦雷利亞魔劍士腰帶
18763,瓦雷利亞鬥手寬邊帽
18764,瓦雷利亞鬥手棉甲
18765,瓦雷利亞鬥手手套
18766,瓦雷利亞鬥手打底褲
18767,瓦雷利亞鬥手長靴
18768,瓦雷利亞鬥手腰帶
18769,瓦雷利亞射手寬邊帽
18770,瓦雷利亞射手棉甲
18771,瓦雷利亞射手手套
18772,瓦雷利亞射手打底褲
18773,瓦雷利亞射手筒靴
18774,瓦雷利亞射手腰帶
18775,瓦雷利亞探馬寬邊帽
18776,瓦雷利亞探馬棉甲
18777,瓦雷利亞探馬手套
18778,瓦雷利亞探馬打底褲
18779,瓦雷利亞探馬長靴
18780,瓦雷利亞探馬腰帶
18781,瓦雷利亞祭司寬邊帽
18782,瓦雷利亞祭司上裝
18783,瓦雷利亞祭司手套
18784,瓦雷利亞祭司打底褲
18785,瓦雷利亞祭司筒靴
18786,瓦雷利亞祭司腰帶
18787,瓦雷利亞黑暗祭司寬邊帽
18788,瓦雷利亞黑暗祭司上裝
18789,瓦雷利亞黑暗祭司手套
18790,瓦雷利亞黑暗祭司打底褲
18791,瓦雷利亞黑暗祭司筒靴
18792,瓦雷利亞黑暗祭司腰帶
18793,芝諾比亞聖騎士耳墜
18794,瓦雷利亞鬥手耳墜
18795,瓦雷利亞射手耳墜
18796,瓦雷利亞祭司耳墜
18797,瓦雷利亞黑暗祭司耳墜
18798,芝諾比亞聖騎士項環
18799,瓦雷利亞鬥手項環
18800,瓦雷利亞射手項環
18801,瓦雷利亞祭司項環
18802,瓦雷利亞黑暗祭司項環
18803,芝諾比亞聖騎士手鐲
18804,瓦雷利亞鬥手手鐲
18805,瓦雷利亞射手手鐲
18806,瓦雷利亞祭司手鐲
18807,瓦雷利亞黑暗祭司手鐲
18808,芝諾比亞聖騎士戒指
18809,瓦雷利亞鬥手戒指
18810,瓦雷利亞射手戒指
18811,瓦雷利亞祭司戒指
18812,瓦雷利亞黑暗祭司戒指
18813,紅蓮劍
18814,紅蓮鐵爪
18815,紅蓮大斧
18816,紅蓮長槍
18817,紅蓮長弓
18818,紅蓮短刀
18819,紅蓮大劍
18820,紅蓮短銃
18821,紅蓮幻杖
18822,紅蓮咒杖
18823,紅蓮魔書
18824,紅蓮賢書
18825,紅蓮星盤
18826,紅蓮打刀
18827,紅蓮細劍
18828,紅蓮盾
18829,羅漢豪士兜鍪
18830,羅漢豪士腹當
18831,羅漢豪士籠手
18832,羅漢豪士筒袴
18833,羅漢豪士纏足
18834,羅漢豪士帶
18835,羅漢槍士兜鍪
18836,羅漢槍士腹當
18837,羅漢槍士籠手
18838,羅漢槍士筒袴
18839,羅漢槍士纏足
18840,羅漢槍士帶
18841,羅漢拳士半頰
18842,羅漢拳士鬥衣
18843,羅漢拳士手甲
18844,羅漢拳士筒袴
18845,羅漢拳士纏足
18846,羅漢拳士帶
18847,羅漢弓士三度笠
18848,羅漢弓士鬥衣
18849,羅漢弓士手甲
18850,羅漢弓士袴
18851,羅漢弓士纏足
18852,羅漢弓士帶
18853,羅漢間士兜鍪
18854,羅漢間士鬥衣
18855,羅漢間士手甲
18856,羅漢間士袴
18857,羅漢間士纏足
18858,羅漢間士帶
18859,羅漢學士半頰
18860,羅漢學士道衣
18861,羅漢學士手甲
18862,羅漢學士袴
18863,羅漢學士護脛
18864,羅漢學士帶
18865,羅漢術士三度笠
18866,羅漢術士道衣
18867,羅漢術士手甲
18868,羅漢術士袴
18869,羅漢術士護脛
18870,羅漢術士帶
18871,羅漢豪士耳飾
18872,羅漢鬥士耳飾
18873,羅漢弓士耳飾
18874,羅漢學士耳飾
18875,羅漢術士耳飾
18876,羅漢豪士首飾
18877,羅漢鬥士首飾
18878,羅漢弓士首飾
18879,羅漢學士首飾
18880,羅漢術士首飾
18881,羅漢豪士手飾
18882,羅漢鬥士手飾
18883,羅漢弓士手飾
18884,羅漢學士手飾
18885,羅漢術士手飾
18886,羅漢豪士指飾
18887,羅漢鬥士指飾
18888,羅漢弓士指飾
18889,羅漢學士指飾
18890,羅漢術士指飾
18891,
18892,
18893,
18894,
18895,
18896,
18897,
18898,
18899,
18900,
18901,
18902,
18903,
18904,
18905,
18906,
18907,
18908,
18909,
18910,
18911,
18912,鉬鋼禦敵腰甲
18913,
18914,
18915,
18916,
18917,
18918,鉬鋼制敵腰甲
18919,
18920,
18921,
18922,
18923,
18924,瞪羚革強襲環帶
18925,
18926,
18927,
18928,
18929,
18930,瞪羚革精準環帶
18931,
18932,
18933,
18934,
18935,
18936,瞪羚革游擊環帶
18937,
18938,
18939,
18940,
18941,
18942,玉綢治癒圍腰
18943,
18944,
18945,
18946,
18947,
18948,玉綢詠咒圍腰
18949,琅玕禦敵耳墜
18950,琅玕強攻耳墜
18951,琅玕精準耳墜
18952,琅玕治癒耳墜
18953,琅玕詠咒耳墜
18954,琅玕禦敵項環
18955,琅玕強攻項環
18956,琅玕精準項環
18957,琅玕治癒項環
18958,琅玕詠咒項環
18959,琅玕禦敵腕環
18960,琅玕強攻腕環
18961,琅玕精準腕環
18962,琅玕治癒腕環
18963,琅玕詠咒腕環
18964,琅玕禦敵指環
18965,琅玕強攻指環
18966,琅玕精準指環
18967,琅玕治癒指環
18968,琅玕詠咒指環
18969,鉻鐵長劍
18970,鉻鐵拳套
18971,鉻鐵戰斧
18972,鉻鐵長槍
18973,榧木長弓
18974,鉻鐵小刀
18975,鉻鐵巨劍
18976,鉻鐵火槍
18977,榧木牧杖
18978,鈀金長杖
18979,真獅鷲革魔導書
18980,真獅鷲革魔導典
18981,鈀金太陽儀
18982,鉻鐵打刀
18983,鈀金刺劍
18984,鉻鐵盾
18985,鉻鐵禦敵頭盔
18986,鉻鐵禦敵戰甲
18987,鉻鐵禦敵手鎧
18988,真獅鷲革禦敵馬褲
18989,鉻鐵禦敵鎧靴
18990,紵布禦敵腰圍
18991,鈀金制敵頭冠
18992,鉻鐵制敵戰鎧
18993,鉻鐵制敵手鎧
18994,真獅鷲革制敵馬褲
18995,鉻鐵制敵脛甲
18996,紵布制敵腰圍
18997,鈀金強襲頭冠
18998,真獅鷲革強襲胸衣
18999,真獅鷲革強襲手套
19000,紵布強襲垮褲
19001,真獅鷲革強襲戰靴
19002,紵布強襲腰圍
19003,真獅鷲革精準狩獵帽
19004,紵布精準罩衣
19005,真獅鷲革精準手套
19006,真獅鷲革精準馬褲
19007,真獅鷲革精準筒靴
19008,紵布精準腰圍
19009,鈀金游擊頭冠
19010,真獅鷲革游擊胸衣
19011,真獅鷲革游擊手套
19012,紵布游擊垮褲
19013,真獅鷲革游擊戰靴
19014,紵布游擊腰圍
19015,真獅鷲革治癒寬邊帽
19016,紵布治癒長袍
19017,真獅鷲革治癒手套
19018,紵布治癒長裙
19019,真獅鷲革治癒涼鞋
19020,紵布治癒腰圍
19021,真獅鷲革詠咒寬邊帽
19022,紵布詠咒長袍
19023,真獅鷲革詠咒手套
19024,紵布詠咒長裙
19025,真獅鷲革詠咒涼鞋
19026,紵布詠咒腰圍
19027,鈀金禦敵耳墜
19028,鈀金強攻耳墜
19029,鈀金精準耳墜
19030,鈀金治癒耳墜
19031,鈀金詠咒耳墜
19032,榧木禦敵項環
19033,榧木強攻項環
19034,榧木精準項環
19035,榧木治癒項環
19036,榧木詠咒項環
19037,榧木禦敵手鐲
19038,榧木強攻手鐲
19039,榧木精準手鐲
19040,榧木治癒手鐲
19041,榧木詠咒手鐲
19042,鈀金禦敵指環
19043,鈀金強攻指環
19044,鈀金精準指環
19045,鈀金治癒指環
19046,鈀金詠咒指環
19047,赤鬼偃月刀
19048,天狗鐵甲
19049,升龍大斧
19050,青鬼錫槍
19051,奴延大弓
19052,夜鴉短刀
19053,赤鬼金棒
19054,升龍銃
19055,白狐僧杖
19056,黑狐咒杖
19057,黑狐新月
19058,白狐滿月
19059,白狐八卦鏡
19060,天狗刀
19061,黑狐細劍
19062,珀犬盾
19063,赤鬼總面
19064,赤鬼腹當
19065,赤鬼籠手
19066,赤鬼筒袴
19067,赤鬼護脛
19068,
19069,青鬼總面
19070,青鬼腹當
19071,青鬼籠手
19072,青鬼筒袴
19073,青鬼護脛
19074,
19075,天狗護頰
19076,天狗鬥衣
19077,天狗手甲
19078,天狗袴
19079,天狗纏足
19080,
19081,奴延面具
19082,奴延鬥衣
19083,奴延籠手
19084,奴延筒袴
19085,奴延護脛
19086,
19087,夜鴉護頰
19088,夜鴉鬥衣
19089,夜鴉手甲
19090,夜鴉袴
19091,夜鴉纏足
19092,
19093,白狐面具
19094,白狐道衣
19095,白狐手甲
19096,白狐筒袴
19097,白狐纏足
19098,
19099,黑狐面具
19100,黑狐道衣
19101,黑狐手甲
19102,黑狐筒袴
19103,黑狐纏足
19104,亞拉戈失傳強化藥
19105,亞拉戈失傳強化纖維
19106,亞拉戈失傳硬化藥
19107,羅薇娜的萬物票據
19108,舊規格神典石
19109,豪神圖騰
19110,美神圖騰
19111,德爾塔透鏡
19112,德爾塔長杆
19113,德爾塔曲柄
19114,德爾塔彈簧
19115,德爾塔踏板
19116,德爾塔鎖鏈
19117,德爾塔螺栓
19118,德爾塔戰鬥記錄之一
19119,德爾塔戰鬥記錄之二
19120,德爾塔戰鬥記錄之三
19121,德爾塔戰鬥記錄之四
19122,德爾塔幻晶
19123,須佐之男魔刃
19124,吉祥天女羽衣
19125,阿拉米格曲劍
19126,阿拉米格對拳
19127,阿拉米格戰斧
19128,阿拉米格大刀
19129,阿拉米格長弓
19130,阿拉米格小刀
19131,阿拉米格斷頭劍
19132,阿拉米格火槍
19133,阿拉米格牧杖
19134,阿拉米格法杖
19135,阿拉米格魔導書
19136,阿拉米格魔導典
19137,阿拉米格天球儀
19138,阿拉米格武士刀
19139,阿拉米格刺劍
19140,阿拉米格塔盾
19141,阿拉米格禦敵頭甲
19142,阿拉米格禦敵外套
19143,阿拉米格禦敵半指護手
19144,阿拉米格禦敵打底褲
19145,阿拉米格禦敵戰靴
19146,阿拉米格禦敵腰帶
19147,阿拉米格制敵頭甲
19148,阿拉米格制敵短衣
19149,阿拉米格制敵半指護手
19150,阿拉米格制敵打底褲
19151,阿拉米格制敵戰靴
19152,阿拉米格制敵腰帶
19153,阿拉米格強襲頭帶
19154,阿拉米格強襲短衣
19155,阿拉米格強襲半指護手
19156,阿拉米格強襲打底褲
19157,阿拉米格強襲戰靴
19158,阿拉米格強襲腰帶
19159,阿拉米格精準毛帽
19160,阿拉米格精準外套
19161,阿拉米格精準半指護手
19162,阿拉米格精準短裙
19163,阿拉米格精準戰靴
19164,阿拉米格精準腰帶
19165,阿拉米格游擊毛帽
19166,阿拉米格游擊束腰獵衣
19167,阿拉米格游擊半指護手
19168,阿拉米格游擊打底褲
19169,阿拉米格游擊涼鞋
19170,阿拉米格游擊腰帶
19171,阿拉米格治癒皮毛帽
19172,阿拉米格治癒束腰獵衣
19173,阿拉米格治癒半指護手
19174,阿拉米格治癒打底褲
19175,阿拉米格治癒涼鞋
19176,阿拉米格治癒腰帶
19177,阿拉米格詠咒皮毛帽
19178,阿拉米格詠咒外套
19179,阿拉米格詠咒半指護手
19180,阿拉米格詠咒短裙
19181,阿拉米格詠咒戰靴
19182,阿拉米格詠咒腰帶
19183,阿拉米格禦敵耳墜
19184,阿拉米格強攻耳墜
19185,阿拉米格精準耳墜
19186,阿拉米格治癒耳墜
19187,阿拉米格詠咒耳墜
19188,阿拉米格禦敵項環
19189,阿拉米格強攻項環
19190,阿拉米格精準項環
19191,阿拉米格治癒項環
19192,阿拉米格詠咒項環
19193,阿拉米格禦敵手鐲
19194,阿拉米格強攻手鐲
19195,阿拉米格精準手鐲
19196,阿拉米格治癒手鐲
19197,阿拉米格詠咒手鐲
19198,阿拉米格禦敵戒指
19199,阿拉米格強攻戒指
19200,阿拉米格精準戒指
19201,阿拉米格治癒戒指
19202,阿拉米格詠咒戒指
19203,亞拉戈失傳利劍
19204,亞拉戈失傳指虎
19205,亞拉戈失傳戰斧
19206,亞拉戈失傳戰戟
19207,亞拉戈失傳複合弓
19208,亞拉戈失傳彎刀
19209,亞拉戈失傳大劍
19210,亞拉戈失傳手槍
19211,亞拉戈失傳牧杖
19212,亞拉戈失傳法杖
19213,亞拉戈失傳魔導書
19214,亞拉戈失傳魔導典
19215,亞拉戈失傳量天儀
19216,亞拉戈失傳武士刀
19217,亞拉戈失傳花劍
19218,亞拉戈失傳堅盾
19219,亞拉戈失傳禦敵頭盔
19220,亞拉戈失傳禦敵戰甲
19221,亞拉戈失傳禦敵手鎧
19222,亞拉戈失傳禦敵軟甲褲
19223,亞拉戈失傳禦敵鎧靴
19224,亞拉戈失傳禦敵腰帶
19225,亞拉戈失傳制敵頭盔
19226,亞拉戈失傳制敵戰甲
19227,亞拉戈失傳制敵手套
19228,亞拉戈失傳制敵軟甲褲
19229,亞拉戈失傳制敵鎧靴
19230,亞拉戈失傳制敵腰帶
19231,亞拉戈失傳強襲頭甲
19232,亞拉戈失傳強襲外套
19233,亞拉戈失傳強襲手套
19234,亞拉戈失傳強襲馬褲
19235,亞拉戈失傳強襲高筒靴
19236,亞拉戈失傳強襲腰帶
19237,亞拉戈失傳精準頭盔
19238,亞拉戈失傳精準短衣
19239,亞拉戈失傳精準手套
19240,亞拉戈失傳精準馬褲
19241,亞拉戈失傳精準高筒靴
19242,亞拉戈失傳精準腰帶
19243,亞拉戈失傳游擊頭甲
19244,亞拉戈失傳游擊短衣
19245,亞拉戈失傳游擊手套
19246,亞拉戈失傳游擊軟甲褲
19247,亞拉戈失傳游擊鎧靴
19248,亞拉戈失傳游擊腰帶
19249,亞拉戈失傳治癒頭盔
19250,亞拉戈失傳治癒長衣
19251,亞拉戈失傳治癒手套
19252,亞拉戈失傳治癒軟甲褲
19253,亞拉戈失傳治癒鎧靴
19254,亞拉戈失傳治癒腰帶
19255,亞拉戈失傳詠咒頭盔
19256,亞拉戈失傳詠咒長衣
19257,亞拉戈失傳詠咒手套
19258,亞拉戈失傳詠咒軟甲褲
19259,亞拉戈失傳詠咒鎧靴
19260,亞拉戈失傳詠咒腰帶
19261,亞拉戈失傳禦敵耳墜
19262,亞拉戈失傳強攻耳墜
19263,亞拉戈失傳精準耳墜
19264,亞拉戈失傳治癒耳墜
19265,亞拉戈失傳詠咒耳墜
19266,亞拉戈失傳禦敵項環
19267,亞拉戈失傳強攻項環
19268,亞拉戈失傳精準項環
19269,亞拉戈失傳治癒項環
19270,亞拉戈失傳詠咒項環
19271,亞拉戈失傳禦敵手鐲
19272,亞拉戈失傳強攻手鐲
19273,亞拉戈失傳精準手鐲
19274,亞拉戈失傳治癒手鐲
19275,亞拉戈失傳詠咒手鐲
19276,亞拉戈失傳禦敵戒指
19277,亞拉戈失傳強攻戒指
19278,亞拉戈失傳精準戒指
19279,亞拉戈失傳治癒戒指
19280,亞拉戈失傳詠咒戒指
19281,改良型亞拉戈失傳利劍
19282,改良型亞拉戈失傳指虎
19283,改良型亞拉戈失傳戰斧
19284,改良型亞拉戈失傳戰戟
19285,改良型亞拉戈失傳複合弓
19286,改良型亞拉戈失傳彎刀
19287,改良型亞拉戈失傳大劍
19288,改良型亞拉戈失傳手槍
19289,改良型亞拉戈失傳牧杖
19290,改良型亞拉戈失傳法杖
19291,改良型亞拉戈失傳魔導書
19292,改良型亞拉戈失傳魔導典
19293,改良型亞拉戈失傳量天儀
19294,改良型亞拉戈失傳武士刀
19295,改良型亞拉戈失傳花劍
19296,改良型亞拉戈失傳堅盾
19297,改良型亞拉戈失傳禦敵頭盔
19298,改良型亞拉戈失傳禦敵戰甲
19299,改良型亞拉戈失傳禦敵手鎧
19300,改良型亞拉戈失傳禦敵軟甲褲
19301,改良型亞拉戈失傳禦敵鎧靴
19302,改良型亞拉戈失傳禦敵腰帶
19303,改良型亞拉戈失傳制敵頭盔
19304,改良型亞拉戈失傳制敵戰甲
19305,改良型亞拉戈失傳制敵手套
19306,改良型亞拉戈失傳制敵軟甲褲
19307,改良型亞拉戈失傳制敵鎧靴
19308,改良型亞拉戈失傳制敵腰帶
19309,改良型亞拉戈失傳強襲頭甲
19310,改良型亞拉戈失傳強襲外套
19311,改良型亞拉戈失傳強襲手套
19312,改良型亞拉戈失傳強襲馬褲
19313,改良型亞拉戈失傳強襲高筒靴
19314,改良型亞拉戈失傳強襲腰帶
19315,改良型亞拉戈失傳精準頭盔
19316,改良型亞拉戈失傳精準短衣
19317,改良型亞拉戈失傳精準手套
19318,改良型亞拉戈失傳精準馬褲
19319,改良型亞拉戈失傳精準高筒靴
19320,改良型亞拉戈失傳精準腰帶
19321,改良型亞拉戈失傳游擊頭甲
19322,改良型亞拉戈失傳游擊短衣
19323,改良型亞拉戈失傳游擊手套
19324,改良型亞拉戈失傳游擊軟甲褲
19325,改良型亞拉戈失傳游擊鎧靴
19326,改良型亞拉戈失傳游擊腰帶
19327,改良型亞拉戈失傳治癒頭盔
19328,改良型亞拉戈失傳治癒長衣
19329,改良型亞拉戈失傳治癒手套
19330,改良型亞拉戈失傳治癒軟甲褲
19331,改良型亞拉戈失傳治癒鎧靴
19332,改良型亞拉戈失傳治癒腰帶
19333,改良型亞拉戈失傳詠咒頭盔
19334,改良型亞拉戈失傳詠咒長衣
19335,改良型亞拉戈失傳詠咒手套
19336,改良型亞拉戈失傳詠咒軟甲褲
19337,改良型亞拉戈失傳詠咒鎧靴
19338,改良型亞拉戈失傳詠咒腰帶
19339,改良型亞拉戈失傳禦敵耳墜
19340,改良型亞拉戈失傳強攻耳墜
19341,改良型亞拉戈失傳精準耳墜
19342,改良型亞拉戈失傳治癒耳墜
19343,改良型亞拉戈失傳詠咒耳墜
19344,改良型亞拉戈失傳禦敵項環
19345,改良型亞拉戈失傳強攻項環
19346,改良型亞拉戈失傳精準項環
19347,改良型亞拉戈失傳治癒項環
19348,改良型亞拉戈失傳詠咒項環
19349,改良型亞拉戈失傳禦敵手鐲
19350,改良型亞拉戈失傳強攻手鐲
19351,改良型亞拉戈失傳精準手鐲
19352,改良型亞拉戈失傳治癒手鐲
19353,改良型亞拉戈失傳詠咒手鐲
19354,改良型亞拉戈失傳禦敵戒指
19355,改良型亞拉戈失傳強攻戒指
19356,改良型亞拉戈失傳精準戒指
19357,改良型亞拉戈失傳治癒戒指
19358,改良型亞拉戈失傳詠咒戒指
19359,源氏之七支刀
19360,源氏之環刃
19361,源氏之鐵斧
19362,源氏之薙刀
19363,源氏之大弓
19364,源氏之法具
19365,源氏之長卷刀
19366,源氏之種子島
19367,源氏之錫杖
19368,源氏之咒杖
19369,源氏之經典
19370,源氏之文書
19371,源氏之干支
19372,源氏之刀
19373,源氏之細劍
19374,源氏之盾
19375,源氏之豪士兜鍪
19376,源氏之豪士大鎧
19377,源氏之豪士籠手
19378,源氏之豪士筒袴
19379,源氏之豪士護脛
19380,源氏之豪士帶
19381,源氏之槍士兜鍪
19382,源氏之槍士陣羽織
19383,源氏之槍士籠手
19384,源氏之槍士筒袴
19385,源氏之槍士護脛
19386,源氏之槍士帶
19387,源氏之拳士兜鍪
19388,源氏之拳士胴丸
19389,源氏之拳士籠手
19390,源氏之拳士筒袴
19391,源氏之拳士護脛
19392,源氏之拳士帶
19393,源氏之弓士烏帽子
19394,源氏之弓士大鎧
19395,源氏之弓士籠手
19396,源氏之弓士筒袴
19397,源氏之弓士護脛
19398,源氏之弓士帶
19399,源氏之間士總面
19400,源氏之間士陣羽織
19401,源氏之間士籠手
19402,源氏之間士筒袴
19403,源氏之間士護脛
19404,源氏之間士帶
19405,源氏之學士烏帽子
19406,源氏之學士胴丸
19407,源氏之學士籠手
19408,源氏之學士筒袴
19409,源氏之學士護脛
19410,源氏之學士帶
19411,源氏之術士兜鍪
19412,源氏之術士胴丸
19413,源氏之術士籠手
19414,源氏之術士筒袴
19415,源氏之術士護脛
19416,源氏之術士帶
19417,源氏之豪士耳飾
19418,源氏之鬥士耳飾
19419,源氏之弓士耳飾
19420,源氏之學士耳飾
19421,源氏之術士耳飾
19422,源氏之豪士首飾
19423,源氏之鬥士首飾
19424,源氏之弓士首飾
19425,源氏之學士首飾
19426,源氏之術士首飾
19427,源氏之豪士手飾
19428,源氏之鬥士手飾
19429,源氏之弓士手飾
19430,源氏之學士手飾
19431,源氏之術士手飾
19432,源氏之豪士指飾
19433,源氏之鬥士指飾
19434,源氏之弓士指飾
19435,源氏之學士指飾
19436,源氏之術士指飾
19437,源太豪士兜鍪
19438,源太豪士大鎧
19439,源太豪士籠手
19440,源太豪士筒袴
19441,源太豪士護脛
19442,源太豪士帶
19443,源太槍士兜鍪
19444,源太槍士陣羽織
19445,源太槍士籠手
19446,源太槍士筒袴
19447,源太槍士護脛
19448,源太槍士帶
19449,源太拳士兜鍪
19450,源太拳士胴丸
19451,源太拳士籠手
19452,源太拳士筒袴
19453,源太拳士護脛
19454,源太拳士帶
19455,源太弓士烏帽子
19456,源太弓士大鎧
19457,源太弓士籠手
19458,源太弓士筒袴
19459,源太弓士護脛
19460,源太弓士帶
19461,源太間士總面
19462,源太間士陣羽織
19463,源太間士籠手
19464,源太間士筒袴
19465,源太間士護脛
19466,源太間士帶
19467,源太學士烏帽子
19468,源太學士胴丸
19469,源太學士籠手
19470,源太學士筒袴
19471,源太學士護脛
19472,源太學士帶
19473,源太術士兜鍪
19474,源太術士胴丸
19475,源太術士籠手
19476,源太術士筒袴
19477,源太術士護脛
19478,源太術士帶
19479,源太豪士耳飾
19480,源太鬥士耳飾
19481,源太弓士耳飾
19482,源太學士耳飾
19483,源太術士耳飾
19484,源太豪士首飾
19485,源太鬥士首飾
19486,源太弓士首飾
19487,源太學士首飾
19488,源太術士首飾
19489,源太豪士手飾
19490,源太鬥士手飾
19491,源太弓士手飾
19492,源太學士手飾
19493,源太術士手飾
19494,源太豪士指飾
19495,源太鬥士指飾
19496,源太弓士指飾
19497,源太學士指飾
19498,源太術士指飾
19499,華美型鉻鐵禦敵戰甲
19500,華美型鉻鐵制敵戰鎧
19501,華美型真獅鷲革強襲胸衣
19502,華美型紵布精準罩衣
19503,華美型真獅鷲革游擊胸衣
19504,華美型紵布治癒長袍
19505,華美型紵布詠咒長袍
19506,硬鋼手鋸
19507,硬鋼橫頭錘
19508,硬鋼甲冑錘
19509,白銅金工錘
19510,硬鋼裁皮刀
19511,刺球縫針
19512,硬鋼蒸餾器
19513,硬鋼煎鍋
19514,硬鋼十字鎬
19515,硬鋼手斧
19516,姆德斯德角釣竿
19517,硬鋼羊角錘
19518,硬鋼銼刀
19519,硬鋼手鉗
19520,矽岩砂輪機
19521,硬鋼平斬
19522,落葉松紡車
19523,硬鋼研缽
19524,硬鋼廚刀
19525,硬鋼碎石錘
19526,硬鋼鐮刀
19527,卸鐵圓手鋸
19528,卸鐵鍛造錘
19529,卸鐵圓頭錘
19530,翠銀金工錘
19531,卸鐵裁皮刀
19532,牛角縫針
19533,卸鐵蒸餾器
19534,卸鐵煎鍋
19535,卸鐵十字鎬
19536,卸鐵手斧
19537,松木釣竿
19538,卸鐵羊角錘
19539,卸鐵銼刀
19540,卸鐵手鉗
19541,板岩砂輪機
19542,卸鐵平斬
19543,松木紡車
19544,卸鐵研缽
19545,卸鐵廚刀
19546,卸鐵碎石錘
19547,卸鐵鐮刀
19548,玉鋼手鋸
19549,玉鋼橫頭錘
19550,玉鋼圓頭錘
19551,翠銀工藝錘
19552,玉鋼圓革刀
19553,瞪羚角縫針
19554,玉鋼蒸餾器
19555,玉鋼煎鍋
19556,玉鋼十字鎬
19557,玉鋼手斧
19558,瞪羚角釣竿
19559,玉鋼羊角錘
19560,玉鋼銼刀
19561,玉鋼手鉗
19562,翠銀砂輪機
19563,玉鋼平斬
19564,柿木紡車
19565,玉鋼研缽
19566,玉鋼廚刀
19567,玉鋼碎石錘
19568,玉鋼鐮刀
19569,鉬鋼圓手鋸
19570,鉬鋼鍛造錘
19571,鉬鋼球頂錘
19572,鈀金金工錘
19573,鉬鋼皮革刀
19574,鈀金縫針
19575,鉬鋼蒸餾器
19576,鉬鋼煎鍋
19577,鉬鋼十字鎬
19578,鉬鋼手斧
19579,櫸木釣竿
19580,鉬鋼羊角錘
19581,鉬鋼銼刀
19582,鉬鋼手鉗
19583,貴榴石砂輪機
19584,鉬鋼平斬
19585,櫸木紡車
19586,鉬鋼研缽
19587,鉬鋼廚刀
19588,鉬鋼碎石錘
19589,鉬鋼鐮刀
19590,仙木手鋸
19591,聖鐵鳥嘴錘
19592,玄甲圓頭錘
19593,鎏金工藝錘
19594,韋革裁皮刀
19595,綺衣縫針
19596,煉師蒸餾器
19597,烹炙廚鍋
19598,精礦十字鎬
19599,百草手斧
19600,漁採釣竿
19601,阿拉米格手鋸
19602,阿拉米格橫頭錘
19603,阿拉米格圓頭錘
19604,阿拉米格工藝錘
19605,阿拉米格圓革刀
19606,阿拉米格縫針
19607,阿拉米格蒸餾器
19608,阿拉米格煎鍋
19609,阿拉米格十字鎬
19610,阿拉米格手斧
19611,阿拉米格釣竿
19612,赤麻巧匠包頭巾
19613,赤麻巧匠工作服
19614,迦迦納怪鳥革半指手套
19615,赤麻短裙
19616,迦迦納怪鳥革皮靴
19617,迦迦納怪鳥革翻邊帽
19618,迦迦納怪鳥革坎肩
19619,迦迦納怪鳥革手套
19620,赤麻大地軟甲褲
19621,迦迦納怪鳥革流蘇靴
19622,紅玉棉布無簷帽
19623,紅玉棉布短上衣
19624,牛鬼革巧匠手套
19625,紅玉棉布打底褲
19626,牛鬼革皮靴
19627,牛鬼革寬邊帽
19628,牛鬼革短衣
19629,牛鬼革大地手套
19630,牛鬼革皮套褲
19631,牛鬼革大地筒靴
19632,葛布巧匠無簷帽
19633,葛布巧匠長袍
19634,翠銀手甲
19635,葛布巧匠及膝褲
19636,猛虎革巧匠筒靴
19637,猛虎革大地無簷帽
19638,葛布大地外套
19639,猛虎革大地半指護手
19640,葛布大地及膝褲
19641,猛虎革大地筒靴
19642,嗶嘰巧匠包頭巾
19643,魔象革巧匠短外套
19644,魔象革巧匠手套
19645,嗶嘰巧匠垮褲
19646,魔象革巧匠尖頭鞋
19647,嗶嘰大地包頭巾
19648,魔象革大地短外套
19649,魔象革大地手套
19650,嗶嘰大地垮褲
19651,魔象革大地尖頭鞋
19652,嗶嘰針織帽
19653,玉綢背帶襯衫
19654,瞪羚革巧匠手套
19655,玉綢七分褲
19656,瞪羚革皮靴
19657,嗶嘰兜帽
19658,嗶嘰斗篷
19659,嗶嘰工作手套
19660,玉綢大地長褲
19661,瞪羚革毛邊靴
19662,仙木皮帽
19663,仙木長袍
19664,仙木手套
19665,仙木工作褲
19666,仙木靴
19667,聖鐵頭巾
19668,聖鐵圍裙
19669,聖鐵手套
19670,聖鐵工作褲
19671,聖鐵靴
19672,玄甲面罩
19673,玄甲圍裙
19674,玄甲手套
19675,玄甲工作褲
19676,玄甲靴
19677,鎏金包頭巾
19678,鎏金長袍
19679,鎏金手套
19680,鎏金工作褲
19681,鎏金靴
19682,韋革頭巾
19683,韋革短衣
19684,韋革手套
19685,韋革長褲
19686,韋革長靴
19687,綺衣皮帽
19688,綺衣夾克
19689,綺衣手套
19690,綺衣工作褲
19691,綺衣靴
19692,煉師帽
19693,煉師長袍
19694,煉師禮服手套
19695,煉師工作褲
19696,煉師靴
19697,烹炙廚帽
19698,烹炙圍裙
19699,烹炙連指手套
19700,烹炙軟甲褲
19701,烹炙皮鞋
19702,精礦頭燈帽
19703,精礦工作衫
19704,精礦工作手套
19705,精礦工作褲
19706,精礦工作靴
19707,百草帽
19708,百草襯衫
19709,百草手套
19710,百草工作褲
19711,百草靴
19712,漁採頭巾
19713,漁採工作坎肩
19714,漁採半指護手
19715,漁採五分褲
19716,漁採涼鞋
19717,阿拉米格巧匠包頭巾
19718,阿拉米格巧匠工作坎肩
19719,阿拉米格巧匠手套
19720,阿拉米格巧匠打底褲
19721,阿拉米格巧匠皮鞋
19722,阿拉米格大地包頭巾
19723,阿拉米格大地外套
19724,阿拉米格大地手套
19725,阿拉米格大地打底褲
19726,阿拉米格大地皮鞋
19727,紅玉棉布圍裙
19728,落葉松耳墜
19729,落葉松項鍊
19730,落葉松手鏈
19731,落葉松戒指
19732,迦迦納怪鳥革大地腰帶
19733,牛鬼革耳墜
19734,牛鬼革項環
19735,牛鬼革手環
19736,牛鬼革指環
19737,嗶嘰圍裙
19738,柿木耳墜
19739,柿木項鍊
19740,柿木手鏈
19741,柿木戒指
19742,猛虎革大地腰帶
19743,魔象革耳墜
19744,魔象革項環
19745,魔象革手環
19746,魔象革指環
19747,玉綢圍裙
19748,櫸木耳墜
19749,櫸木項鍊
19750,櫸木手鏈
19751,櫸木戒指
19752,瞪羚革大地腰帶
19753,瞪羚革耳墜
19754,瞪羚革項環
19755,瞪羚革手環
19756,瞪羚革指環
19757,華美型阿拉米格巧匠包頭巾
19758,華美型阿拉米格巧匠工作坎肩
19759,華美型阿拉米格巧匠手套
19760,華美型阿拉米格巧匠打底褲
19761,華美型阿拉米格巧匠皮鞋
19762,華美型阿拉米格大地包頭巾
19763,華美型阿拉米格大地外套
19764,華美型阿拉米格大地手套
19765,華美型阿拉米格大地打底褲
19766,華美型阿拉米格大地皮鞋
19767,小型卡邦庫爾外牆
19768,中型卡邦庫爾外牆
19769,大型卡邦庫爾外牆
19770,深層傳送魔紋的地圖
19771,須佐之男直劍
19772,須佐之男鐵甲
19773,須佐之男戰斧
19774,須佐之男長矛
19775,須佐之男大弓
19776,須佐之男苦無
19777,須佐之男大劍
19778,須佐之男短銃
19779,須佐之男錫杖
19780,須佐之男咒杖
19781,須佐之男經典
19782,須佐之男文書
19783,須佐之男干支
19784,須佐之男太刀
19785,須佐之男細劍
19786,須佐之男之盾
19787,吉祥禦敵耳墜
19788,吉祥強攻耳墜
19789,吉祥精準耳墜
19790,吉祥治癒耳墜
19791,吉祥詠咒耳墜
19792,吉祥禦敵項環
19793,吉祥強攻項環
19794,吉祥精準項環
19795,吉祥治癒項環
19796,吉祥詠咒項環
19797,吉祥禦敵手環
19798,吉祥強攻手環
19799,吉祥精準手環
19800,吉祥治癒手環
19801,吉祥詠咒手環
19802,吉祥禦敵戒指
19803,吉祥強攻戒指
19804,吉祥精準戒指
19805,吉祥治癒戒指
19806,吉祥詠咒戒指
19807,多瑪茶
19808,枇杷果飲
19809,蕎麥茶
19810,草原奶茶
19811,果仁蜜餅
19812,糖煮水果果凍
19813,柿子布丁
19814,散壽司
19815,柿葉壽司
19816,山芋泥蕎麥麵
19817,牛肉串
19818,燉豬肉
19819,長頸駱肉乾
19820,芙蓉蟹
19821,鬼殼燒
19822,烤海螺
19823,燉黃尾鰤魚頭
19824,清蒸赤點石斑魚
19825,澆汁菜蛙
19826,天婦羅拼盤
19827,燉河鯛
19828,鹽烤石楠嘉魚
19829,味噌田樂
19830,長頸駱焗菜
19831,筑前煮
19832,根菜沙拉
19833,油炸蟹肉餅
19834,豆腐味噌汁
19835,魚汁
19836,豬肉醬湯
19837,暮暉牛肉湯
19838,蕎麥糊
19839,遊牧民風味肉餅
19840,茶餅
19841,高原小麥粉
19842,木棉豆腐
19843,米醋
19844,甜菜糖
19845,味醂酒
19846,棉籽油
19847,鹽鹵
19848,海藻鹽
19849,粳米
19850,蕎麥果實
19851,枇杷
19852,奧薩德梅
19853,葛根
19854,多瑪茄子
19855,白蘿蔔
19856,甜菜
19857,長頸駱薑
19858,基拉巴尼亞胡蘿蔔
19859,綠韭蔥
19860,竹筍
19861,山芋
19862,大豆
19863,香菇
19864,孜然
19865,蓮藕
19866,日出甘藍
19867,甜茴香
19868,高原小麥
19869,柿子
19870,柿子葉
19871,基拉巴尼亞礦泉水
19872,石間清水
19873,犏牛肩肉
19874,紅角犀鳥胸肉
19875,長頸駱肉
19876,紅州黑豬肉
19877,迦迦納怪鳥蛋
19878,草原牛奶
19879,紫菜
19880,紅玉海帶
19881,紅玉藻
19882,名匠藥茶
19883,巨匠藥茶
19884,魔匠藥茶
19885,強精煉藥
19886,剛力之藥湯
19887,巧力之藥湯
19888,耐力之藥湯
19889,智力之藥湯
19890,意力之藥湯
19891,1級剛力之靈水
19892,1級巧力之靈水
19893,1級耐力之靈水
19894,1級智力之靈水
19895,1級意力之靈水
19896,2級剛力之靈水
19897,2級巧力之靈水
19898,2級耐力之靈水
19899,2級智力之靈水
19900,2級意力之靈水
19901,白銅附魔墨水
19902,翠銀附魔墨水
19903,鈀金附魔墨水
19904,植物成長劑7型
19905,植物成長劑8型
19906,甲膠
19907,阿拉米格鹽
19908,松脂
19909,柿漆
19910,基拉巴尼亞明礬
19911,延夏芹
19912,香薺
19913,鼠曲草
19914,繁縷
19915,稻槎草
19916,風茶葉
19917,神聖羅勒草
19918,祝聖羅勒草
19919,姆德斯德角
19920,瞪羚角
19921,犏牛角
19922,鱗粉
19923,刺球炸彈的刺
19924,犀甲蟲甲殼
19925,山毛櫸木材
19926,落葉松木材
19927,柿木木材
19928,櫸木木材
19929,榧木木材
19930,山毛櫸原木
19931,落葉松原木
19932,柿木原木
19933,櫸木原木
19934,榧木原木
19935,朱漆
19936,山毛櫸樹枝
19937,榧樹枝
19938,白銅塊
19939,硬鋼塊
19940,白銅錠
19941,硬鋼錠
19942,翠銀塊
19943,卸鐵錠
19944,翠銀錠
19945,玉鋼錠
19946,鈀金塊
19947,鉬鋼錠
19948,鈀金錠
19949,鉻鐵錠
19950,魔銅沙
19951,魔銅礦
19952,翠銀沙
19953,餅鐵礦
19954,翠銀礦
19955,真沙沙鐵
19956,鈀金沙
19957,輝鉬礦
19958,鈀金礦
19959,鉻鐵礦
19960,秘製硬化觸媒
19961,秘製骸炭
19962,鋰輝石
19963,藍晶石
19964,星尖石
19965,石青
19966,琅玕
19967,薔薇輝石
19968,鋰輝石原石
19969,藍晶石原石
19970,星尖石原石
19971,石青原石
19972,琅玕原石
19973,薔薇輝石原石
19974,赤麻布
19975,赤麻線
19976,赤麻
19977,紅玉棉布
19978,紅玉棉線
19979,紅玉棉
19980,葛布
19981,葛線
19982,葛藤
19983,草原嗶嘰
19984,精紡毛紗
19985,刺草鬃毛
19986,曼殊師里的毛髮
19987,玉綢
19988,玉絲
19989,玉繭
19990,紵布
19991,苧麻
19992,緦布
19993,迦迦納怪鳥革
19994,牛鬼革
19995,猛虎革
19996,魔象革
19997,瞪羚革
19998,真獅鷲革
19999,迦迦納怪鳥的粗皮
20000,牛鬼的粗皮
20001,猛虎的粗皮
20002,魔象的粗皮
20003,瞪羚的粗皮
20004,真獅鷲的粗皮
20005,秘製蠟
20006,矽藻土
20007,板岩
20008,板岩磨刀石
20009,黑電氣石
20010,珍珠岩
20011,貴榴石
20012,黃土
20013,夜光靈砂
20014,極光靈砂
20015,悠久靈砂
20016,豐饒靈砂
20017,深淵靈砂
20018,鰭龍
20019,阿拉米格緞帶魚
20020,延夏紅眼鱸
20021,天女魚
20022,扇貝海蛇
20023,紅翅魚
20024,汗魚
20025,岩鹽鹹魚
20026,彗星鰷
20027,無二草魚
20028,武士魚
20029,金麗魚
20030,哈克苦魚
20031,亞特鰕虎
20032,白姑魚
20033,谷爬魚
20034,大天竺魚
20035,白馬
20036,青鯧
20037,黑斑花蛇鰻
20038,赤點石斑魚
20039,鹽盾
20040,雕塑家
20041,珍珠眼
20042,阿巴拉提亞苦魚
20043,白鋼鯊
20044,塔奧苦魚
20045,暗縞鰕虎
20046,河紅眼鱸
20047,幻象鰱魚
20048,迎春魚
20049,頭鐵鱒
20050,石楠嘉魚
20051,絹鯉
20052,黃彩魚
20053,青彩魚
20054,花海馬
20055,破損蟹
20056,基拉巴尼亞鱒
20057,唾血龍蝦
20058,繆恩魚
20059,武鬥魚
20060,電鯰魚
20061,非信仰巨骨舌魚
20062,寺院鯽魚
20063,銀貨魚
20064,氣球蛙
20065,燈籠球藻
20066,死亡鰍
20067,夫蟹
20068,婦蝦
20069,素面小龍蝦
20070,逆流魚
20071,阿巴拉提亞火焰蜥蜴
20072,堅鋼多鰭魚
20073,冥想魚
20074,裁定魚
20075,高山骨舌魚
20076,猛牛口食
20077,窺視魚
20078,彎刀魚
20079,基迦鱸
20080,月神恩惠
20081,洞穴鯧
20082,溶骨蝸牛
20083,落葉魚
20084,小流星
20085,傾仰鯰魚
20086,涅槃蟹
20087,威羅迪納草魚
20088,威羅迪納黑鯉
20089,拉爾戈落雷
20090,高地刺魚
20091,砂礫魚
20092,鯷魚
20093,琉璃鯡
20094,地獄水母
20095,紅玉珊瑚
20096,蒼玉珊瑚
20097,白骨珊瑚
20098,東洲蝴蝶魚
20099,魚大夫
20100,劍旗魚
20101,木葉龍
20102,琉璃鰈魚
20103,絕鬼鱷
20104,大王烏賊
20105,毯子章魚
20106,滑翔魚
20107,刺魨
20108,圓扇貝
20109,石頭魚
20110,琉璃金槍魚
20111,多瑪小龍蝦
20112,紅玉蝦
20113,虎紋河豚
20114,雷遁魚
20115,白紙魚
20116,龍魚
20117,王室鮭
20118,延夏鯉
20119,東洲巨骨舌魚
20120,長鬚鯰魚
20121,賞梅魚
20122,熊貓蝶尾魚
20123,多瑪鱒
20124,多瑪鰻
20125,黃銅魚
20126,東洲鱒
20127,嘎牙子
20128,草跳魚
20129,枯草跳魚
20130,太陽鱸
20131,青空淚
20132,晨曦小龍蝦
20133,暮暉小龍蝦
20134,弓魚
20135,翡翠河鹿魚
20136,角尊鰍
20137,野鯉
20138,天幕魚
20139,
20140,硬鱗魚
20141,東方刺魚
20142,幽靈魚
20143,小珀琉喀斯
20144,旋螺
20145,黑箱魨
20146,飛魟
20147,王魚
20148,雪花蛇鱔
20149,跳鰕虎
20150,光鱗魚
20151,星點東方魨
20152,花鰻鱺
20153,寄居蟲
20154,高腳蟹
20155,海天狗
20156,黑頭巾
20157,虎斑鯊
20158,骨螺
20159,漁魚
20160,奧薩德螺
20161,無鬚魚
20162,燭光魚
20163,絲鰺
20164,狆鰻
20165,海參
20166,鞍帶石斑魚
20167,毒鮋
20168,赤備
20169,黑鰱
20170,古錢貝
20171,食死魚
20172,浪人鰺
20173,褐石斑魚
20174,蠑螺
20175,紅玉海星
20176,藻屑蟹
20177,泥仙人
20178,修仙空棘魚
20179,白烏賊
20180,類鰺
20181,楚蟹
20182,紅眼鱸
20183,斜方鱊
20184,半壽魚
20185,蛇頭魚
20186,紅衣
20187,斑節蝦
20188,天狗團扇
20189,星輪螺
20190,青魚
20191,菜蛙
20192,斬馬魚
20193,紅鰭
20194,月輪
20195,白骨舌魚
20196,鹽鯊
20197,皇家披風
20198,磯燈籠
20199,黃尾鰤
20200,櫻鮭
20201,溫泉花蟹
20202,朵塔兒鮈
20203,河蜆
20204,草鯊
20205,颱風蝦
20206,岩牡蠣
20207,鹽湖膽
20208,木工蟹
20209,刺足龍蝦
20210,箕作鯊
20211,多瑪金魚
20212,逆龍
20213,太陽神使者
20214,鹽螺
20215,白鱘
20216,巨型稅官
20217,圓翅燕魚
20218,河鯛
20219,繩魚
20220,飛天魚
20221,月神使者
20222,瞪親刺魚
20223,阿巴拉提亞皮皮拉魚
20224,白鋼泥鰍
20225,象牙鰨
20226,條石鯛
20227,千牙龍
20228,魚龍
20229,八角魚
20230,方士魚
20231,焰魚
20232,不忠蛇
20233,永恆眼
20234,名馬魂
20235,泛洪金槍魚
20236,傭兵蟹
20237,不死魚
20238,絲綢翻車魚
20239,滄龍
20240,九宮幻卡：鯰魚精
20241,九宮幻卡：甲人
20242,九宮幻卡：阿難陀族
20243,九宮幻卡：梅·娜格
20244,九宮幻卡：琴風
20245,九宮幻卡：長毛象
20246,九宮幻卡：弗巴德
20247,九宮幻卡：須佐之男
20248,九宮幻卡：吉祥天女
20249,九宮幻卡：格林瓦特
20250,九宮幻卡：羅生
20251,九宮幻卡：其日娜
20252,九宮幻卡：瑪格奈
20253,九宮幻卡：紗都
20254,九宮幻卡：神龍
20255,九宮幻卡：夜露
20256,九宮幻卡：可露兒·巴爾德西昂
20257,九宮幻卡：莉瑟
20258,九宮幻卡：芝諾斯·耶·加爾烏斯
20259,九宮幻卡：飛燕
20260,傳承錄的一類交換票據
20261,紅色雛菊頭花
20262,藍色雛菊頭花
20263,黃色雛菊頭花
20264,綠色雛菊頭花
20265,橙色雛菊頭花
20266,紫色雛菊頭花
20267,白色雛菊頭花
20268,黑色雛菊頭花
20269,混色雛菊頭花
20270,納夏薄絹
20271,拉坦尼葉
20272,道士布
20273,納夏鞣革
20274,
20275,俠義裝備箱（品級290）
20276,和平裝備箱（品級290）
20277,殘暴裝備箱（品級290）
20278,述事裝備箱（品級290）
20279,七天裝備箱（品級290）
20280,七獄裝備箱（品級290）
20281,通靈裝備箱（品級290）
20282,雄辯裝備箱（品級290）
20283,影隱裝備箱（品級290）
20284,深淵裝備箱（品級290）
20285,砲手裝備箱（品級290）
20286,星座裝備箱（品級290）
20287,明珍裝備箱（品級290）
20288,鬥劍裝備箱（品級290）
20289,蒼天冒險錄
20290,騎士冒險錄·蒼天之章
20291,武僧冒險錄·蒼天之章
20292,戰士冒險錄·蒼天之章
20293,龍騎士冒險錄·蒼天之章
20294,忍者冒險錄·蒼天之章
20295,吟遊詩人冒險錄·蒼天之章
20296,白魔道士冒險錄·蒼天之章
20297,黑魔道士冒險錄·蒼天之章
20298,召喚士冒險錄·蒼天之章
20299,學者冒險錄·蒼天之章
20300,暗黑騎士冒險錄·蒼天之章
20301,機工士冒險錄·蒼天之章
20302,占星術師冒險錄·蒼天之章
20303,真血裝備箱（品級290）
20304,紅蓮祭票據2018
20305,戌狗娃娃
20306,夕霧和豪雪的肖像畫
20307,馬頭琴
20308,著名兵團成員的手冊
20309,生者秘藥
20310,仿製方窗
20311,風景畫：威羅迪納基地
20312,風景畫：幻我園
20313,風景畫：開宗堂
20314,風景畫：帝國東方堡
20315,風景畫：昏暗林
20316,風景畫：賈萳寢宮
20317,風景畫：對等石
20318,風景畫：藏淚丘
20319,風景畫：寒爐村
20320,風景畫：紐恩克雷夫的方舟
20321,風景畫：阿拉加納
20322,風景畫：御制監望塔
20323,風景畫：贖罪之腕
20324,風景畫：赤紅神塔
20325,風景畫：啟程回廊
20326,風景畫：要塞城邦阿拉米格
20327,風景畫：阿拉米格人居住區
20328,風景畫：望雲塔
20329,風景畫：聖禮拜台
20330,風景畫：地下水路
20331,風景畫：天營門
20332,風景畫：赤誠組營房前
20333,風景畫：望海樓
20334,風景畫：小金街
20335,風景畫：小金街後巷
20336,風景畫：潮風亭
20337,風景畫：碧玉水
20338,風景畫：沖之岩
20339,風景畫：天之御柱
20340,風景畫：酒杯島
20341,風景畫：絕鬼島
20342,風景畫：漁村
20343,風景畫：岩燕廟
20344,風景畫：帝國河畔堡
20345,風景畫：茨菰村
20346,風景畫：七彩溝
20347,風景畫：多瑪城
20348,風景畫：大龍月門
20349,風景畫：弓束官邸
20350,風景畫：喬爾艾恩石環
20351,風景畫：朵塔兒水洲
20352,風景畫：暮暉王座
20353,風景畫：重逢市集
20354,風景畫：恰佳遺骨堂
20355,風景畫：晨曦王座
20356,火神打刀
20357,火神刺劍
20358,獄火打刀
20359,獄火刺劍
20360,風神血
20361,風神傲
20362,旋風神血
20363,旋風神傲
20364,土神打刀
20365,土神花劍
20366,厚土打刀
20367,厚土花劍
20368,莫古莫古打刀
20369,莫古莫古刺劍
20370,極王莫古打刀
20371,善王莫古刺劍
20372,水神打刀
20373,水神刺劍
20374,淵水打刀
20375,淵水刺劍
20376,雷神震霆
20377,雷神電掣
20378,驚雷震霆
20379,驚雷電掣
20380,冰神寒冰打刀
20381,冰神寒冰重刺劍
20382,冰神鑽石打刀
20383,冰神鑽石重刺劍
20384,加隆德魔導武士刀
20385,加隆德魔導重刺劍
20386,改良型加隆德魔導武士刀
20387,改良型加隆德魔導重刺劍
20388,靈銀打刀
20389,靈銀刺劍
20390,靈銀太刀
20391,靈銀花劍
20392,硬銀打刀
20393,硬銀刺劍
20394,硬銀太刀
20395,硬銀花劍
20396,堅鋼打刀
20397,皇金刺劍
20398,軍用刀
20399,軍用花劍
20400,群狼丸
20401,胡蜂巢
20402,片山一文字
20403,凡爾登
20404,戰女神修士打刀
20405,戰女神驅魔花劍
20406,景秀
20407,貝拉哈迪亞重刺劍
20408,龍華之刀
20409,黑獅鷲刺劍
20410,光陰神打刀
20411,知識神刺劍
20412,大包平
20413,舞草
20414,大包平·改
20415,舞草·改
20416,獄炎刀
20417,暴冰刺劍
20418,改良型獄炎刀
20419,改良型暴冰刺劍
20420,田園刀
20421,田園刺劍
20422,改良型田園刀
20423,改良型田園刺劍
20424,神光太刀
20425,神光穿甲劍
20426,雲神刀
20427,雲神刺劍
20428,無盡雲神刀
20429,無盡雲神刺劍
20430,武神太刀
20431,武神刺劍
20432,偃武太刀
20433,偃武刺劍
20434,蒼天之太刀
20435,蒼天之刺劍
20436,圓桌之太刀
20437,圓桌之刺劍
20438,魔神之太刀
20439,魔神之刺劍
20440,生命之太刀
20441,生命之刺劍
20442,邪龍太刀
20443,邪龍刺劍
20444,女神之刀
20445,女神之刺劍
20446,鬼神之太刀
20447,鬼神之刺劍
20448,戈耳狄太刀
20449,戈耳狄刺劍
20450,彌達斯金屬太刀
20451,彌達斯金屬刺劍
20452,亞歷山大金屬太刀
20453,亞歷山大金屬刺劍
20454,女巫會之刀
20455,女巫會之刺劍
20456,角尊太刀
20457,角尊刺劍
20458,閃熠太刀
20459,閃熠小劍
20460,無名缽鐵
20461,無名鬥衣
20462,無名手甲
20463,無名袴
20464,無名護脛
20465,赤紅騎士帽
20466,赤紅外袍
20467,赤紅手套
20468,赤紅束膝褲
20469,赤紅皮靴
20470,道士冠巾
20471,道士袍服
20472,道士手套
20473,道士長褲
20474,道士雲履
20475,斗笠
20476,奧黛
20477,闊腿褲
20478,木涼鞋
20479,哪吒赤蓮花鈿
20480,哪吒赤蓮鬥衣
20481,哪吒赤蓮手套
20482,哪吒赤蓮鬥褲
20483,哪吒赤蓮鬥靴
20484,哪吒白蓮花鈿
20485,哪吒白蓮鬥衣
20486,哪吒白蓮手套
20487,哪吒白蓮短褲
20488,哪吒白蓮鬥靴
20489,特製女僕髮帶
20490,特製女僕圍裙裝
20491,特製女僕腕帶
20492,特製女僕蓬鬆褲
20493,特製女僕禮鞋
20494,特製管家單片眼鏡
20495,特製管家燕尾服
20496,特製管家手套
20497,特製管家長褲
20498,特製管家禮鞋
20499,仙人掌先生的燈劍
20500,仙人掌先生的刺頭
20501,仙人掌先生的牌斧
20502,仙人掌先生的長柱
20503,仙人掌先生的星弓
20504,仙人掌先生的圓扇
20505,仙人掌先生的刺棒
20506,仙人掌先生的超槍
20507,仙人掌先生的牌杖
20508,仙人掌先生的燈杖
20509,仙人掌先生的亮書
20510,仙人掌先生的亮典
20511,仙人掌先生的星光
20512,仙人掌先生的光刀
20513,仙人掌先生的尖刺
20514,仙人掌先生的板盾
20515,烈火飾章手鐲
20516,烈火飾章項環
20517,烈火飾章戒指
20518,玻璃南瓜手鐲
20519,玻璃南瓜項環
20520,玻璃南瓜戒指
20521,殺生石碎片
20522,玉藻狐耳
20523,鬼童丸
20524,巧兒海陸行鳥
20525,獺獺
20526,小妖狐
20527,虎斑次郎
20528,龍之孫
20529,刺球球
20530,分福
20531,旅雀兒
20532,迷你莉瑟
20533,新型迷你夕霧
20534,迷你豪雪
20535,迷你夜露
20536,迷你格林瓦特
20537,迷你鯰魚精
20538,伊沃恩玩偶
20539,迷你奇美拉
20540,迷你食肉者
20541,魔導復仇者追蹤型
20542,吉多
20543,迷你艾克斯迪司
20544,迷你庫洛
20545,須佐之男之形
20546,吉祥天女之形
20547,俾斯麥之形
20548,飛隼號啟動鑰匙
20549,極樂神威魔笛
20550,狂歡神威魔笛
20551,魔導獵手認證金鑰
20552,鬥獅角笛
20553,鬥熊角笛
20554,鬥豹鈴
20555,胡鷹笛
20556,老者水晶
20557,兵團虎角笛
20558,須佐之男裝甲
20559,峻嶺陸行鳥裝甲
20560,吉祥天女裝甲
20561,遠東裝甲
20562,東洋裝甲
20563,哪吒裝甲
20564,紅蓮祭上衣
20565,紅蓮祭小袴
20566,紅蓮祭草履
20567,演技教材·蓄力迸發
20568,血盟雙劍士頭巾
20569,黑衣森林中央林區詳細地圖
20570,黑衣森林東部林區詳細地圖
20571,黑衣森林南部林區詳細地圖
20572,黑衣森林北部林區詳細地圖
20573,西薩納蘭詳細地圖
20574,中薩納蘭詳細地圖
20575,東薩納蘭詳細地圖
20576,南薩納蘭詳細地圖
20577,北薩納蘭詳細地圖
20578,中拉諾西亞詳細地圖
20579,拉諾西亞低地詳細地圖
20580,東拉諾西亞詳細地圖
20581,西拉諾西亞詳細地圖
20582,拉諾西亞高地詳細地圖
20583,拉諾西亞外地詳細地圖
20584,摩杜納詳細地圖
20585,庫爾札斯中央高地詳細地圖
20586,庫爾札斯西部高地詳細地圖
20587,德拉瓦尼亞山麓地詳細地圖
20588,德拉瓦尼亞河谷地詳細地圖
20589,德拉瓦尼亞雲海詳細地圖
20590,阿巴拉提亞雲海詳細地圖
20591,魔大陸阿濟茲拉詳細地圖
20592,
20593,
20594,
20595,
20596,河畔堡駐軍鐵盔
20597,河畔堡駐軍上衣
20598,河畔堡駐軍手甲
20599,河畔堡駐軍長褲
20600,河畔堡駐軍長靴
20601,獄炎禦敵裝備箱（品級240）
20602,天風制敵裝備箱（品級240）
20603,獄炎強襲裝備箱（品級240）
20604,洪潮精準裝備箱（品級240）
20605,洪潮游擊裝備箱（品級240）
20606,暴冰治癒裝備箱（品級240）
20607,暴冰詠咒裝備箱（品級240）
20608,蠻神禦敵飾品箱（品級240）
20609,蠻神強攻飾品箱（品級240）
20610,蠻神精準飾品箱（品級240）
20611,蠻神治癒飾品箱（品級240）
20612,蠻神詠咒飾品箱（品級240）
20613,鮭魚籽
20614,肥蚯蚓
20615,赤蟲
20616,蠶蛹
20617,活蝦
20618,蔓菁擬餌
20619,懸浮誘餌魚
20620,無名裝備箱（品級115）
20621,赤紅裝備箱（品級115）
20622,魔法棱晶（繁花似錦）
20623,特製新生錦旗
20624,特製螢籠
20625,特製新生立柱
20626,
20627,頭部繃帶
20628,漆黑的死亡巨鐮
20629,漆黑的命運巨鐮
20630,漆黑的精魂巨鐮
20631,漆黑的心靈巨鐮
20632,漆黑的鮮血巨鐮
20633,漆黑的寬邊帽
20634,漆黑的禮服
20635,漆黑的禮服手套
20636,漆黑的長靴
20637,伊克西翁號角
20638,伊克西翁的雷角
20639,模兒吊旗
20640,演技教材·靈光一現
20641,演技教材·小黃鶯之舞
20642,精騎裝備箱（品級90）
20643,泰武裝備箱（品級90）
20644,猛戰裝備箱（品級90）
20645,真龍裝備箱（品級90）
20646,賦詩裝備箱（品級90）
20647,甲賀裝備箱（品級90）
20648,白宗裝備箱（品級90）
20649,黑巫裝備箱（品級90）
20650,喚心裝備箱（品級90）
20651,學苑裝備箱（品級90）
20652,暗黑騎士裝備箱（品級90）
20653,機工士裝備箱（品級90）
20654,占星術師裝備箱（品級90）
20655,忠騎裝備箱（品級210）
20656,秘武裝備箱（品級210）
20657,凶戰裝備箱（品級210）
20658,槍龍裝備箱（品級210）
20659,敘詩裝備箱（品級210）
20660,伊賀裝備箱（品級210）
20661,白祈裝備箱（品級210）
20662,黑咒裝備箱（品級210）
20663,喚魂裝備箱（品級210）
20664,學術裝備箱（品級210）
20665,混沌裝備箱（品級210）
20666,機工裝備箱（品級210）
20667,司天裝備箱（品級210）
20668,
20669,
20670,田園管理者飾品箱
20671,田園混鬥者飾品箱
20672,田園監督者飾品箱
20673,田園訓導者飾品箱
20674,田園哲學者飾品箱
20675,嗡嗡石蠅
20676,藍磯沙蠶
20677,統治者之冠
20678,白漆忠犬武士盔
20679,黑漆忠犬武士盔
20680,木製東洋小屋房頂
20681,混合製東洋小屋房頂
20682,石製東洋小屋房頂
20683,木製東洋公館房頂
20684,混合製東洋公館房頂
20685,石製東洋公館房頂
20686,木製東洋別墅房頂
20687,混合製東洋別墅房頂
20688,石製東洋別墅房頂
20689,木製東洋小屋外牆
20690,混合製東洋小屋外牆
20691,石製東洋小屋外牆
20692,木製東洋公館外牆
20693,混合製東洋公館外牆
20694,石製東洋公館外牆
20695,木製東洋別墅外牆
20696,混合製東洋別墅外牆
20697,石製東洋別墅外牆
20698,東洋方窗
20699,東洋格窗
20700,東洋拱窗
20701,東洋雕花門
20702,東洋鑲金門
20703,東洋描花門
20704,東洋木製煙囪
20705,東洋朱漆煙囪
20706,東洋石製煙囪
20707,東洋木製遮蓬
20708,東洋朱漆遮蓬
20709,東洋石製遮蓬
20710,東洋木製門牌
20711,東洋鑲金門牌
20712,東洋古典門牌
20713,東洋紋飾圍牆
20714,東洋鑲金圍牆
20715,東洋石製圍牆
20716,東洋內牆
20717,貼金內牆
20718,東洋地板
20719,貼金地板
20720,東洋吊頂雪洞燈
20721,東洋吊頂行燈
20722,東洋吊頂燈籠
20723,小型東洋城堡外牆
20724,中型東洋城堡外牆
20725,大型東洋城堡外牆
20726,東洋書桌
20727,東洋矮桌
20728,東洋長凳
20729,東洋座椅
20730,東洋長椅
20731,東洋睡床
20732,東洋矮櫃
20733,東洋衣櫃
20734,東洋書櫃
20735,東洋櫥櫃
20736,東洋開架書櫃
20737,東洋烹飪台
20738,東洋地爐
20739,紙窗屏風
20740,翠竹盆栽
20741,東洋置行燈
20742,手持提燈
20743,東洋掛軸
20744,裝飾摺扇
20745,衣架
20746,紅珊瑚擺件
20747,虎徹複製品
20748,現代鎧甲
20749,東方筆
20750,東方卷軸
20751,瓷壺
20752,仿製圓窗
20753,仿製彩繪玻璃窗
20754,神龍之翼
20755,甲人族玩偶
20756,茄子騎士花瓶
20757,蒜頭明星花瓶
20758,曼德拉王后花瓶
20759,洋蔥王子花瓶
20760,番茄國王花瓶
20761,南瓜派組合
20762,南瓜布丁組合
20763,幽靈燭臺
20764,守護天節的海報
20765,南瓜塔
20766,星芒燉牛肉組合
20767,星芒樹樁蛋糕組合
20768,星芒祭的海報
20769,小型星芒樹
20770,巧兒陸行鳥大檯燈
20771,胖陸行鳥臺鐘
20772,東方垂柳
20773,燈籠
20774,水族箱內飾：財寶
20775,基拉巴尼亞的特產
20776,東方風格的收藏品
20777,金碟遊樂園的紀念品
20778,梅氏一族的日用品
20779,解放軍的軍需品
20780,碎星沙
20781,紫州小判
20782,柯特王朝的寶石飾品
20783,基拉巴尼亞色素
20784,黃葛根
20785,基拉巴尼亞鰱魚
20786,珊瑚海馬
20787,戀心球藻
20788,威羅迪納鮭魚
20789,紫圓盾
20790,冒險者分隊用復活藥
20791,白雲花
20792,白雲花種子
20793,魔蕨菜
20794,魔蕨菜孢子
20795,光明百合種子
20796,紅色光明百合
20797,藍色光明百合
20798,黃色光明百合
20799,綠色光明百合
20800,橙色光明百合
20801,紫色光明百合
20802,白色光明百合
20803,黑色光明百合
20804,混色光明百合
20805,紅色光明百合頭花
20806,藍色光明百合頭花
20807,黃色光明百合頭花
20808,綠色光明百合頭花
20809,橙色光明百合頭花
20810,紫色光明百合頭花
20811,白色光明百合頭花
20812,黑色光明百合頭花
20813,混色光明百合頭花
20814,特製南瓜燉菜
20815,特製星芒柱
20816,特製星芒祭掛畫
20817,特製雪堆
20818,特製陸行鳥不倒翁
20819,斯卡拉禦敵護目鏡
20820,斯卡拉禦敵長衣
20821,斯卡拉禦敵護臂
20822,斯卡拉禦敵軟甲褲
20823,斯卡拉禦敵筒靴
20824,斯卡拉禦敵腰帶
20825,斯卡拉制敵頭甲
20826,斯卡拉制敵長衣
20827,斯卡拉制敵護臂
20828,斯卡拉制敵軟甲褲
20829,斯卡拉制敵筒靴
20830,斯卡拉制敵腰帶
20831,斯卡拉強襲無簷帽
20832,斯卡拉強襲長衣
20833,斯卡拉強襲手套
20834,斯卡拉強襲打底褲
20835,斯卡拉強襲厚底鞋
20836,斯卡拉強襲腰帶
20837,斯卡拉精準儀仗帽
20838,斯卡拉精準長衣
20839,斯卡拉精準手套
20840,斯卡拉精準打底褲
20841,斯卡拉精準厚底鞋
20842,斯卡拉精準腰帶
20843,斯卡拉游擊無簷帽
20844,斯卡拉游擊短衣
20845,斯卡拉游擊護臂
20846,斯卡拉游擊垮褲
20847,斯卡拉游擊厚底鞋
20848,斯卡拉游擊腰帶
20849,斯卡拉治癒無簷帽
20850,斯卡拉治癒短衣
20851,斯卡拉治癒手套
20852,斯卡拉治癒打底褲
20853,斯卡拉治癒厚底鞋
20854,斯卡拉治癒腰帶
20855,斯卡拉詠咒儀仗帽
20856,斯卡拉詠咒長袍
20857,斯卡拉詠咒護臂
20858,斯卡拉詠咒垮褲
20859,斯卡拉詠咒厚底鞋
20860,斯卡拉詠咒腰帶
20861,斯卡拉禦敵耳墜
20862,斯卡拉強攻耳墜
20863,斯卡拉精準耳墜
20864,斯卡拉治癒耳墜
20865,斯卡拉詠咒耳墜
20866,斯卡拉禦敵項環
20867,斯卡拉強攻項環
20868,斯卡拉精準項環
20869,斯卡拉治癒項環
20870,斯卡拉詠咒項環
20871,斯卡拉禦敵手鐲
20872,斯卡拉強攻手鐲
20873,斯卡拉精準手鐲
20874,斯卡拉治癒手鐲
20875,斯卡拉詠咒手鐲
20876,斯卡拉禦敵戒指
20877,斯卡拉強攻戒指
20878,斯卡拉精準戒指
20879,斯卡拉治癒戒指
20880,斯卡拉詠咒戒指
20881,伊瓦利斯護衛頭甲
20882,伊瓦利斯護衛束腰獵衣
20883,伊瓦利斯護衛手鎧
20884,伊瓦利斯護衛軟甲褲
20885,伊瓦利斯護衛鎧靴
20886,伊瓦利斯護衛腰帶
20887,伊瓦利斯槍兵頭甲
20888,伊瓦利斯槍兵束腰獵衣
20889,伊瓦利斯槍兵手鎧
20890,伊瓦利斯槍兵軟甲褲
20891,伊瓦利斯槍兵鎧靴
20892,伊瓦利斯槍兵腰帶
20893,伊瓦利斯武士頭帶
20894,伊瓦利斯武士長衣
20895,伊瓦利斯武士籠手
20896,伊瓦利斯武士筒袴
20897,伊瓦利斯武士纏足
20898,伊瓦利斯武士腰帶
20899,伊瓦利斯射手面罩
20900,伊瓦利斯射手短衣
20901,伊瓦利斯射手手套
20902,伊瓦利斯射手長褲
20903,伊瓦利斯射手短靴
20904,伊瓦利斯射手腰帶
20905,伊瓦利斯武者頭帶
20906,伊瓦利斯武者長衣
20907,伊瓦利斯武者籠手
20908,伊瓦利斯武者筒袴
20909,伊瓦利斯武者纏足
20910,伊瓦利斯武者腰帶
20911,伊瓦利斯占星家眼鏡
20912,伊瓦利斯占星家束腰獵衣
20913,伊瓦利斯占星家手套
20914,伊瓦利斯占星家長褲
20915,伊瓦利斯占星家長靴
20916,伊瓦利斯占星家腰帶
20917,伊瓦利斯魔道士眼鏡
20918,伊瓦利斯魔道士束腰獵衣
20919,伊瓦利斯魔道士手套
20920,伊瓦利斯魔道士長褲
20921,伊瓦利斯魔道士長靴
20922,伊瓦利斯魔道士腰帶
20923,
20924,
20925,
20926,
20927,
20928,
20929,
20930,
20931,胖陸行鳥巧克力
20932,莫古莫古餅乾
20933,
20934,
20935,
20936,
20937,
20938,
20939,
20940,
20941,
20942,
20943,神龍直劍
20944,神龍鬥器
20945,神龍戰斧
20946,神龍長槍
20947,神龍大弓
20948,神龍雙劍
20949,神龍大劍
20950,神龍短銃
20951,神龍錫杖
20952,神龍咒杖
20953,神龍經典
20954,神龍文書
20955,神龍天儀
20956,神龍刀
20957,神龍細劍
20958,神龍大盾
20959,絕境龍神劍
20960,絕境龍神爪
20961,絕境龍神斧
20962,絕境龍神槍
20963,絕境龍神弓
20964,絕境龍神匕首
20965,絕境龍神大劍
20966,絕境龍神手砲
20967,絕境龍神牧杖
20968,絕境龍神長杖
20969,絕境龍神書
20970,絕境龍神典
20971,絕境龍神黃道儀
20972,絕境龍神刀
20973,絕境龍神刺劍
20974,絕境龍神盾
20975,龍神刀
20976,龍神刺劍
20977,煉獄獵犬頭盔
20978,煉獄獵犬鎧甲
20979,煉獄獵犬手鎧
20980,煉獄獵犬腿甲
20981,煉獄獵犬鎧靴
20982,煉獄獵犬戰鎬
20983,煉獄獵犬利爪
20984,煉獄獵犬戰斧
20985,煉獄獵犬長槍
20986,煉獄獵犬長弓
20987,煉獄獵犬破刃刀
20988,煉獄獵犬大彎刀
20989,煉獄獵犬手槍
20990,煉獄獵犬牧杖
20991,煉獄獵犬長杖
20992,煉獄獵犬魔導書
20993,煉獄獵犬魔導典
20994,煉獄獵犬天星盤
20995,煉獄獵犬武士刀
20996,煉獄獵犬穿甲劍
20997,煉獄獵犬鳶盾
20998,血族劍·靈光（複製品）
20999,尼耶佩爾鬥拳·靈光（複製品）
21000,米諾斯斧·靈光（複製品）
21001,屠龍戟·靈光（複製品）
21002,特爾潘德弓·靈光（複製品）
21003,藏骨短刀·靈光（複製品）
21004,柯羅諾斯巨劍·靈光（複製品）
21005,死鎖·靈光（複製品）
21006,辛德利幻杖·靈光（複製品）
21007,死亡命運·靈光（複製品）
21008,摹仿論·靈光（複製品）
21009,遠征記·靈光（複製品）
21010,壽星儀·靈光（複製品）
21011,聖母盾·靈光（複製品）
21012,碧甲頭盔
21013,碧甲大鎧
21014,碧甲籠手
21015,碧甲筒袴
21016,碧甲護脛
21017,人狼耳朵
21018,人狼身體
21019,人狼手臂
21020,人狼臀部
21021,人狼腳掌
21022,
21023,
21024,
21025,
21026,人狼腳爪
21027,卡邦庫爾 綠寶石髮箍
21028,卡邦庫爾 黃寶石髮箍
21029,卡邦庫爾 綠寶石外套
21030,卡邦庫爾 黃寶石外套
21031,卡邦庫爾 綠寶石長靴
21032,卡邦庫爾 黃寶石長靴
21033,卡邦庫爾 綠寶石耳墜
21034,卡邦庫爾 黃寶石耳墜
21035,卡邦庫爾 綠寶石拖鞋
21036,
21037,
21038,
21039,
21040,
21041,
21042,神龍裝甲
21043,伊克西翁裝甲
21044,第5賽季霸者之證
21045,第5賽季猛者之證
21046,第5賽季強者之證
21047,夢幻神威魔笛
21048,鬼蝠魟海螺號角
21049,風火輪笛
21050,星芒熊角笛
21051,卡邦庫爾 海藍石笛
21052,飛行座椅
21053,魔導復仇者騎乘型認證金鑰
21054,葉大妖角笛
21055,迷你飛燕
21056,甲人玩偶
21057,羅波那之形
21058,豆豆柴
21059,天狗玩偶
21060,象魔人偶
21061,迷你拉姆札
21062,伊克西翁玩偶
21063,六角小螈螈
21064,小無尾熊
21065,神龍玩偶
21066,新型迷你勞班
21067,凶狼項圈
21068,煉獄獵犬裝備箱
21069,黑渦團傳送網使用券
21070,雙蛇黨傳送網使用券
21071,不滅隊傳送網使用券
21072,探險幣
21073,櫟木幣
21074,白骨幣
21075,金葉幣
21076,白鋼刀幣
21077,虹貝殼幣
21078,鈷鐵錘幣
21079,偽黑銅幣
21080,精雕咕波果幣
21081,珊瑚幣
21082,基拉巴尼亞鍊金藥
21083,阿拉米格纖維
21084,獅子魚油
21085,基拉巴尼亞清水
21086,太陽棉
21087,王室鮭魚排
21088,茶碗蒸
21089,秘製高湯
21090,神龍之鱗
21091,基拉巴尼亞的特產組件
21092,東方風格的收藏品組件
21093,金碟遊樂園的紀念品組件
21094,梅氏一族的日用品組件
21095,解放軍的軍需品組件
21096,基拉巴尼亞的特產組件材料
21097,東方風格的收藏品組件材料
21098,紀念品組件材料
21099,梅氏一族的日用品組件材料
21100,解放軍的軍需品組件材料
21101,
21102,演技教材·祝禱
21103,傑出兵團成員的手冊
21104,男性人狼裝備箱
21105,女性人狼裝備箱
21106,海濱空白隔離牆
21107,林間空白隔離牆
21108,綠洲空白隔離牆
21109,東洋空白隔離牆
21110,風景畫：隼巢
21111,風景畫：交匯河營地
21112,風景畫：臥龍島
21113,風景畫：暮衛塔
21114,風景畫：戈爾加涅牧場
21115,風景畫：鐵杉村
21116,風景畫：雪人居所
21117,風景畫：征龍像
21118,風景畫：黑鐵大橋
21119,風景畫：龍涎
21120,風景畫：板岩連峰
21121,風景畫：骨頜族墓穴
21122,風景畫：不潔村落
21123,風景畫：不潔三塔
21124,風景畫：悲嘆飛泉
21125,風景畫：光輪祭壇
21126,風景畫：尾羽部落
21127,風景畫：索姆阿爾靈峰
21128,風景畫：宗匠大工坊
21129,風景畫：薩雷安治學區
21130,風景畫：先賢偉業紀念碑
21131,風景畫：知識神水瓶
21132,風景畫：迦巴勒幻想圖書館
21133,風景畫：奧恩原生林
21134,風景畫：聖茉夏娜植物園
21135,風景畫：莫古利之家
21136,風景畫：龍巢神殿
21137,風景畫：惋惜之晶遺跡
21138,風景畫：天極白堊宮
21139,風景畫：人王像
21140,風景畫：書信之家
21141,風景畫：飛龍港
21142,風景畫：寬慰河
21143,風景畫：自由腦巢穴
21144,風景畫：悄聲小道
21145,風景畫：龍人路
21146,風景畫：沙利亞克大瀑布
21147,風景畫：碩學之路
21148,風景畫：小刀石柱群
21149,風景畫：無名的龍雕像
21150,風景畫：人王遺跡
21151,風景畫：最高大的樹
21152,風景畫：雲頂營地
21153,風景畫：候鳥雲巢
21154,風景畫：沃仙曦染
21155,風景畫：魔窟離島
21156,風景畫：落羽大房
21157,風景畫：瓦納溫杜部落
21158,風景畫：亨格坩堝
21159,風景畫：飛空戰艦格拉提翁號
21160,風景畫：無限回廊
21161,風景畫：對偶處刑台
21162,風景畫：魔科學研究所
21163,風景畫：螺旋港
21164,風景畫：隔離實驗島
21165,風景畫：重組實驗室
21166,風景畫：寒風島
21167,風景畫：破碎脊骨
21168,風景畫：起源島
21169,風景畫：水晶增殖爐
21170,風景畫：生體培養局
21171,風景畫：古代大教堂
21172,成就幣
21173,
21174,樞機魚
21175,岩石魚
21176,浮木魚
21177,紫彩魚
21178,虹鯧
21179,一文字
21180,滑溜獅子魚
21181,九宮幻卡：苔小妖
21182,九宮幻卡：洽普利蚱蜢
21183,九宮幻卡：盧恩族食肉者
21184,九宮幻卡：直言不諱赫羅德里克
21185,九宮幻卡：芙朵拉·雷姆·盧普斯
21186,九宮幻卡：人馬王洛弗卡勒
21187,九宮幻卡：冷血劍阿加斯
21188,九宮幻卡：勞班&皮平
21189,九宮幻卡：高加顱
21190,九宮幻卡：安居鮟鱇
21191,赤紅裝甲
21192,卡邦庫爾 黃寶石笛
21193,椒鹽海豹
21194,
21195,
21196,神龍圖騰
21197,龍神圖騰
21198,拉巴納斯塔古錢
21199,素材商人契約3
21200,雜用商人契約3
21201,修理工契約3
21202,薩維奈秋意襯衫
21203,薩維奈秋意禮服
21204,拉札漢秋意襯衫
21205,拉札漢斜紋布
21206,薩維奈斜紋布
21207,東洋隔離牆
21208,改良型仙木手鋸
21209,改良型聖鐵鳥嘴錘
21210,改良型玄甲圓頭錘
21211,改良型鎏金工藝錘
21212,改良型韋革裁皮刀
21213,改良型綺衣縫針
21214,改良型煉師蒸餾器
21215,改良型烹炙廚鍋
21216,改良型精礦十字鎬
21217,改良型百草手斧
21218,改良型漁採釣竿
21219,改良型仙木皮帽
21220,改良型仙木長袍
21221,改良型仙木手套
21222,改良型仙木工作褲
21223,改良型仙木靴
21224,改良型聖鐵頭巾
21225,改良型聖鐵圍裙
21226,改良型聖鐵手套
21227,改良型聖鐵工作褲
21228,改良型聖鐵靴
21229,改良型玄甲面罩
21230,改良型玄甲圍裙
21231,改良型玄甲手套
21232,改良型玄甲工作褲
21233,改良型玄甲靴
21234,改良型鎏金包頭巾
21235,改良型鎏金長袍
21236,改良型鎏金手套
21237,改良型鎏金工作褲
21238,改良型鎏金靴
21239,改良型韋革頭巾
21240,改良型韋革短衣
21241,改良型韋革手套
21242,改良型韋革長褲
21243,改良型韋革長靴
21244,改良型綺衣皮帽
21245,改良型綺衣夾克
21246,改良型綺衣手套
21247,改良型綺衣工作褲
21248,改良型綺衣靴
21249,改良型煉師帽
21250,改良型煉師長袍
21251,改良型煉師禮服手套
21252,改良型煉師工作褲
21253,改良型煉師靴
21254,改良型烹炙廚帽
21255,改良型烹炙圍裙
21256,改良型烹炙連指手套
21257,改良型烹炙軟甲褲
21258,改良型烹炙皮鞋
21259,改良型精礦頭燈帽
21260,改良型精礦工作衫
21261,改良型精礦工作手套
21262,改良型精礦工作褲
21263,改良型精礦工作靴
21264,改良型百草帽
21265,改良型百草襯衫
21266,改良型百草手套
21267,改良型百草工作褲
21268,改良型百草靴
21269,改良型漁採頭巾
21270,改良型漁採工作坎肩
21271,改良型漁採半指護手
21272,改良型漁採五分褲
21273,改良型漁採涼鞋
21274,管弦樂琴樂譜：蟲鳴
21275,管弦樂琴樂譜：篝火
21276,管弦樂琴樂譜：晨間廚房
21277,管弦樂琴樂譜：猛禽獵食
21278,管弦樂琴樂譜：神拳之痕
21279,管弦樂琴樂譜：衝擊
21280,管弦樂琴樂譜：紅色黎明
21281,管弦樂琴樂譜：登高遠望
21282,管弦樂琴樂譜：鹽與苦難之歌
21283,管弦樂琴樂譜：光宗耀祖
21284,管弦樂琴樂譜：硬甲
21285,管弦樂琴樂譜：打開的玉手箱
21286,管弦樂琴樂譜：英雄未成
21287,管弦樂琴樂譜：策謀
21288,管弦樂琴樂譜：離鄉
21289,管弦樂琴樂譜：神龍見首
21290,管弦樂琴樂譜：神龍見尾
21291,管弦樂琴樂譜：三等分
21292,管弦樂琴樂譜：橋上之戰
21293,管弦樂琴樂譜：阿爾蒂瑪優雅形態
21294,管弦樂琴樂譜：主角主題曲
21295,管弦樂琴樂譜：背景故事
21296,管弦樂琴樂譜：究極武器（交響樂版）
21297,管弦樂琴樂譜：英傑（交響樂版）
21298,陳舊的樂譜：神龍見尾
21299,南瓜餅乾2018
21300,星芒禮箱
21301,粉紅胡椒
21302,血盟解放者短衣
21303,血盟解放者半指護手
21304,血盟解放者熱褲
21305,血盟解放者鎧靴
21306,血盟解放者耳墜
21307,演技教材·表達愛意
21308,特製南瓜派組合
21309,特製南瓜布丁組合
21310,特製幽靈燭臺
21311,特製守護天節的海報
21312,特製南瓜塔
21313,特製星芒燉牛肉組合
21314,特製星芒樹樁蛋糕組合
21315,特製星芒祭的海報
21316,特製小型星芒樹
21317,管弦樂琴樂譜：帝國之威
21318,管弦樂琴樂譜：星芒之門
21319,演技教材·立正
21320,演技教材·稍息
21321,焰
21322,實基
21323,三日月
21324,御手杵
21325,孔雀王
21326,二王清綱
21327,大傳多
21328,一貫齋
21329,白蓮華
21330,真備
21331,金葉集
21332,紅葉集
21333,渾天儀
21334,兼定
21335,獅子王
21336,三葉
21337,龍脈豪士缽鐵
21338,龍脈豪士戎服
21339,龍脈豪士籠手
21340,龍脈豪士戎裝
21341,龍脈豪士護脛
21342,龍脈豪士帶
21343,龍脈槍士缽鐵
21344,龍脈槍士戎服
21345,龍脈槍士籠手
21346,龍脈槍士筒袴
21347,龍脈槍士護脛
21348,龍脈槍士帶
21349,龍脈拳士缽鐵
21350,龍脈拳士鬥衣
21351,龍脈拳士籠手
21352,龍脈拳士筒袴
21353,龍脈拳士護脛
21354,龍脈拳士帶
21355,龍脈弓士缽鐵
21356,龍脈弓士戎服
21357,龍脈弓士籠手
21358,龍脈弓士戎裝
21359,龍脈弓士護脛
21360,龍脈弓士帶
21361,龍脈間士缽鐵
21362,龍脈間士鬥衣
21363,龍脈間士籠手
21364,龍脈間士筒袴
21365,龍脈間士護脛
21366,龍脈間士帶
21367,龍脈學士額當
21368,龍脈學士道衣
21369,龍脈學士手甲
21370,龍脈學士筒袴
21371,龍脈學士靴
21372,龍脈學士帶
21373,龍脈術士制帽
21374,龍脈術士道衣
21375,龍脈術士手甲
21376,龍脈術士筒袴
21377,龍脈術士靴
21378,龍脈術士帶
21379,龍脈豪士耳飾
21380,龍脈鬥士耳飾
21381,龍脈弓士耳飾
21382,龍脈學士耳飾
21383,龍脈術士耳飾
21384,龍脈豪士首飾
21385,龍脈鬥士首飾
21386,龍脈弓士首飾
21387,龍脈學士首飾
21388,龍脈術士首飾
21389,龍脈豪士念珠
21390,龍脈鬥士念珠
21391,龍脈弓士念珠
21392,龍脈學士念珠
21393,龍脈術士念珠
21394,龍脈豪士指飾
21395,龍脈鬥士指飾
21396,龍脈弓士指飾
21397,龍脈學士指飾
21398,龍脈術士指飾
21399,焰·改
21400,實基·改
21401,三日月·改
21402,御手杵·改
21403,孔雀王·改
21404,二王清綱·改
21405,大傳多·改
21406,一貫齋·改
21407,白蓮華·改
21408,真備·改
21409,金葉集·改
21410,紅葉集·改
21411,渾天儀·改
21412,兼定·改
21413,獅子王·改
21414,三葉·改
21415,大龍脈豪士缽鐵
21416,大龍脈豪士戎服
21417,大龍脈豪士籠手
21418,大龍脈豪士戎裝
21419,大龍脈豪士護脛
21420,大龍脈豪士帶
21421,大龍脈槍士缽鐵
21422,大龍脈槍士戎服
21423,大龍脈槍士籠手
21424,大龍脈槍士筒袴
21425,大龍脈槍士護脛
21426,大龍脈槍士帶
21427,大龍脈拳士缽鐵
21428,大龍脈拳士鬥衣
21429,大龍脈拳士籠手
21430,大龍脈拳士筒袴
21431,大龍脈拳士護脛
21432,大龍脈拳士帶
21433,大龍脈弓士缽鐵
21434,大龍脈弓士戎服
21435,大龍脈弓士籠手
21436,大龍脈弓士戎裝
21437,大龍脈弓士護脛
21438,大龍脈弓士帶
21439,大龍脈間士缽鐵
21440,大龍脈間士鬥衣
21441,大龍脈間士籠手
21442,大龍脈間士筒袴
21443,大龍脈間士護脛
21444,大龍脈間士帶
21445,大龍脈學士額當
21446,大龍脈學士道衣
21447,大龍脈學士手甲
21448,大龍脈學士筒袴
21449,大龍脈學士靴
21450,大龍脈學士帶
21451,大龍脈術士制帽
21452,大龍脈術士道衣
21453,大龍脈術士手甲
21454,大龍脈術士筒袴
21455,大龍脈術士靴
21456,大龍脈術士帶
21457,大龍脈豪士耳飾
21458,大龍脈鬥士耳飾
21459,大龍脈弓士耳飾
21460,大龍脈學士耳飾
21461,大龍脈術士耳飾
21462,大龍脈豪士首飾
21463,大龍脈鬥士首飾
21464,大龍脈弓士首飾
21465,大龍脈學士首飾
21466,大龍脈術士首飾
21467,大龍脈豪士念珠
21468,大龍脈鬥士念珠
21469,大龍脈弓士念珠
21470,大龍脈學士念珠
21471,大龍脈術士念珠
21472,大龍脈豪士指飾
21473,大龍脈鬥士指飾
21474,大龍脈弓士指飾
21475,大龍脈學士指飾
21476,大龍脈術士指飾
21477,白虎石劍
21478,白虎鬥手甲
21479,白虎大斧
21480,白虎長槍
21481,白虎琵琶弓
21482,白虎忍鐮
21483,白虎斬馬刀
21484,白虎短銃
21485,白虎錫杖
21486,白虎咒杖
21487,白虎經典
21488,白虎文書
21489,白虎天儀
21490,白虎刀
21491,白虎寶劍
21492,白虎大盾
21493,鑽石劍
21494,鑽石拳套
21495,鑽石大斧
21496,鑽石戰戟
21497,鑽石長弓
21498,鑽石小刀
21499,鑽石巨劍
21500,鑽石火槍
21501,鑽石幻杖
21502,鑽石咒杖
21503,鑽石魔導書
21504,鑽石魔導典
21505,鑽石六分儀
21506,鑽石刀
21507,鑽石細劍
21508,鑽石盾
21509,鑽石禦敵頭冠
21510,鑽石禦敵戰甲
21511,鑽石禦敵手鎧
21512,鑽石禦敵軟甲褲
21513,鑽石禦敵脛甲
21514,鑽石禦敵腰甲
21515,鑽石制敵頭盔
21516,鑽石制敵戰甲
21517,鑽石制敵手鎧
21518,鑽石制敵軟甲褲
21519,鑽石制敵脛甲
21520,鑽石制敵腰甲
21521,鑽石強襲頭巾
21522,鑽石強襲戰甲
21523,鑽石強襲手鎧
21524,鑽石強襲軟甲褲
21525,鑽石強襲長靴
21526,鑽石強襲腰甲
21527,鑽石精準頭盔
21528,鑽石精準長衣
21529,鑽石精準手鎧
21530,鑽石精準軟甲褲
21531,鑽石精準長靴
21532,鑽石精準腰甲
21533,鑽石游擊頭巾
21534,鑽石游擊戰甲
21535,鑽石游擊手鎧
21536,鑽石游擊軟甲褲
21537,鑽石游擊長靴
21538,鑽石游擊腰甲
21539,鑽石治癒頭冠
21540,鑽石治癒長袍
21541,鑽石治癒手套
21542,鑽石治癒軟甲褲
21543,鑽石治癒長靴
21544,鑽石治癒腰甲
21545,鑽石詠咒寬邊帽
21546,鑽石詠咒長袍
21547,鑽石詠咒手套
21548,鑽石詠咒軟甲褲
21549,鑽石詠咒長靴
21550,鑽石詠咒腰甲
21551,鑽石禦敵耳墜
21552,鑽石強攻耳墜
21553,鑽石精準耳墜
21554,鑽石治癒耳墜
21555,鑽石詠咒耳墜
21556,鑽石禦敵項鍊
21557,鑽石強攻項鍊
21558,鑽石精準項鍊
21559,鑽石治癒項鍊
21560,鑽石詠咒項鍊
21561,鑽石禦敵手鐲
21562,鑽石強攻手鐲
21563,鑽石精準手鐲
21564,鑽石治癒手鐲
21565,鑽石詠咒手鐲
21566,鑽石禦敵戒指
21567,鑽石強攻戒指
21568,鑽石精準戒指
21569,鑽石治癒戒指
21570,鑽石詠咒戒指
21571,碳矽晶禦敵頭冠
21572,碳矽晶禦敵戰甲
21573,碳矽晶禦敵手鎧
21574,碳矽晶禦敵軟甲褲
21575,碳矽晶禦敵脛甲
21576,碳矽晶禦敵腰甲
21577,碳矽晶制敵頭盔
21578,碳矽晶制敵戰甲
21579,碳矽晶制敵手鎧
21580,碳矽晶制敵軟甲褲
21581,碳矽晶制敵脛甲
21582,碳矽晶制敵腰甲
21583,碳矽晶強襲頭巾
21584,碳矽晶強襲戰甲
21585,碳矽晶強襲手鎧
21586,碳矽晶強襲軟甲褲
21587,碳矽晶強襲長靴
21588,碳矽晶強襲腰甲
21589,碳矽晶精準頭盔
21590,碳矽晶精準長衣
21591,碳矽晶精準手鎧
21592,碳矽晶精準軟甲褲
21593,碳矽晶精準長靴
21594,碳矽晶精準腰甲
21595,碳矽晶游擊頭巾
21596,碳矽晶游擊戰甲
21597,碳矽晶游擊手鎧
21598,碳矽晶游擊軟甲褲
21599,碳矽晶游擊長靴
21600,碳矽晶游擊腰甲
21601,碳矽晶治癒頭冠
21602,碳矽晶治癒長袍
21603,碳矽晶治癒手套
21604,碳矽晶治癒軟甲褲
21605,碳矽晶治癒長靴
21606,碳矽晶治癒腰甲
21607,碳矽晶詠咒寬邊帽
21608,碳矽晶詠咒長袍
21609,碳矽晶詠咒手套
21610,碳矽晶詠咒軟甲褲
21611,碳矽晶詠咒長靴
21612,碳矽晶詠咒腰甲
21613,碳矽晶禦敵耳墜
21614,碳矽晶強攻耳墜
21615,碳矽晶精準耳墜
21616,碳矽晶治癒耳墜
21617,碳矽晶詠咒耳墜
21618,碳矽晶禦敵項鍊
21619,碳矽晶強攻項鍊
21620,碳矽晶精準項鍊
21621,碳矽晶治癒項鍊
21622,碳矽晶詠咒項鍊
21623,碳矽晶禦敵手鐲
21624,碳矽晶強攻手鐲
21625,碳矽晶精準手鐲
21626,碳矽晶治癒手鐲
21627,碳矽晶詠咒手鐲
21628,碳矽晶禦敵戒指
21629,碳矽晶強攻戒指
21630,碳矽晶精準戒指
21631,碳矽晶治癒戒指
21632,碳矽晶詠咒戒指
21633,墮獄禦敵翼冠
21634,墮獄禦敵戰鎧
21635,墮獄禦敵手鎧
21636,墮獄禦敵馬褲
21637,墮獄禦敵長靴
21638,墮獄禦敵腰帶
21639,墮獄制敵兜帽
21640,墮獄制敵戰甲
21641,墮獄制敵手鎧
21642,墮獄制敵馬褲
21643,墮獄制敵鎖甲靴
21644,墮獄制敵腰帶
21645,墮獄強襲兜帽
21646,墮獄強襲戰甲
21647,墮獄強襲手鎧
21648,墮獄強襲馬褲
21649,墮獄強襲鎖甲靴
21650,墮獄強襲腰帶
21651,墮獄精準寬邊帽
21652,墮獄精準上裝
21653,墮獄精準手套
21654,墮獄精準打底褲
21655,墮獄精準筒靴
21656,墮獄精準腰帶
21657,墮獄游擊寬邊帽
21658,墮獄游擊上裝
21659,墮獄游擊手套
21660,墮獄游擊打底褲
21661,墮獄游擊筒靴
21662,墮獄游擊腰帶
21663,墮獄治癒寬邊帽
21664,墮獄治癒棉甲
21665,墮獄治癒手套
21666,墮獄治癒打底褲
21667,墮獄治癒筒靴
21668,墮獄治癒腰帶
21669,墮獄詠咒寬邊帽
21670,墮獄詠咒棉甲
21671,墮獄詠咒手套
21672,墮獄詠咒打底褲
21673,墮獄詠咒筒靴
21674,墮獄詠咒腰帶
21675,墮獄禦敵耳墜
21676,墮獄強攻耳墜
21677,墮獄精準耳墜
21678,墮獄治癒耳墜
21679,墮獄詠咒耳墜
21680,墮獄禦敵項環
21681,墮獄強攻項環
21682,墮獄精準項環
21683,墮獄治癒項環
21684,墮獄詠咒項環
21685,墮獄禦敵手鐲
21686,墮獄強攻手鐲
21687,墮獄精準手鐲
21688,墮獄治癒手鐲
21689,墮獄詠咒手鐲
21690,墮獄禦敵戒指
21691,墮獄強攻戒指
21692,墮獄精準戒指
21693,墮獄治癒戒指
21694,墮獄詠咒戒指
21695,夜鋼長劍
21696,夜鋼爪
21697,夜鋼戰斧
21698,黑柳長槍
21699,黑柳大弓
21700,夜鋼短刀
21701,夜鋼巨劍
21702,夜鋼雷火砲
21703,黑柳牧杖
21704,清銀法杖
21705,清銀魔導書
21706,清銀魔導典
21707,清銀天星盤
21708,夜鋼刀
21709,清銀刺劍
21710,夜鋼盾
21711,夜鋼禦敵頭盔
21712,夜鋼禦敵戰甲
21713,夜鋼禦敵手鎧
21714,真麻禦敵長裙
21715,夜鋼禦敵鎧靴
21716,地懶革禦敵腰帶
21717,夜鋼制敵頭盔
21718,夜鋼制敵戰鎧
21719,夜鋼制敵手鎧
21720,真麻制敵馬褲
21721,夜鋼制敵脛甲
21722,地懶革制敵腰帶
21723,清銀強襲假面
21724,真麻強襲長衣
21725,真麻強襲半指手套
21726,真麻強襲軟甲褲
21727,地懶革強襲高筒靴
21728,地懶革強襲腰帶
21729,真麻精準無簷帽
21730,真麻精準外套
21731,地懶革精準手套
21732,真麻精準馬褲
21733,地懶革精準高筒靴
21734,地懶革精準腰帶
21735,真麻游擊無簷帽
21736,真麻游擊外套
21737,地懶革游擊手套
21738,真麻游擊馬褲
21739,地懶革游擊高筒靴
21740,地懶革游擊腰帶
21741,真麻治癒寬邊帽
21742,真麻治癒長袍
21743,真麻治癒手套
21744,真麻治癒馬褲
21745,地懶革治癒高筒靴
21746,地懶革治癒腰帶
21747,真麻詠咒寬邊帽
21748,真麻詠咒長袍
21749,真麻詠咒手套
21750,真麻詠咒馬褲
21751,地懶革詠咒高筒靴
21752,地懶革詠咒腰帶
21753,清銀禦敵耳墜
21754,清銀強攻耳墜
21755,清銀精準耳墜
21756,清銀治癒耳墜
21757,清銀詠咒耳墜
21758,黑柳禦敵項鍊
21759,黑柳強攻項鍊
21760,黑柳精準項鍊
21761,黑柳治癒項鍊
21762,黑柳詠咒項鍊
21763,黑柳禦敵腕環
21764,黑柳強攻腕環
21765,黑柳精準腕環
21766,黑柳治癒腕環
21767,黑柳詠咒腕環
21768,清銀禦敵戒指
21769,清銀強攻戒指
21770,清銀精準戒指
21771,清銀治癒戒指
21772,清銀詠咒戒指
21773,白虎圖騰
21774,西格瑪透鏡
21775,西格瑪長杆
21776,西格瑪曲柄
21777,西格瑪彈簧
21778,西格瑪踏板
21779,西格瑪鎖鏈
21780,西格瑪螺栓
21781,西格瑪戰鬥記錄之一
21782,西格瑪戰鬥記錄之二
21783,西格瑪戰鬥記錄之三
21784,西格瑪戰鬥記錄之四
21785,西格瑪幻晶
21786,龍脈強化藥
21787,龍脈強化纖維
21788,龍脈硬化藥
21789,羅薇娜的虛構票據
21790,試製型神典石
21791,鑽石武器箱（品級375）
21792,鯊魚級船首
21793,鯊魚級艦橋
21794,鯊魚級船體
21795,鯊魚級船尾
21796,甲鱟級船首
21797,甲鱟級艦橋
21798,甲鱟級船體
21799,甲鱟級船尾
21800,幻象棱晶
21801,亂屬性水晶
21802,帕祖祖的羽毛
21803,常風水晶
21804,華美型夜鋼禦敵戰甲
21805,華美型夜鋼制敵戰鎧
21806,華美型真麻強襲長衣
21807,華美型真麻精準外套
21808,華美型真麻游擊外套
21809,華美型真麻治癒長袍
21810,華美型真麻詠咒長袍
21811,被褥
21812,彩蛋狩獵錦旗
21813,獺獺提燈
21814,小豬門松
21815,莫古利掛鐘
21816,白虎邊桌
21817,白虎寶座
21818,魔石精玩偶
21819,第6賽季獨狼獎盃
21820,戀人節海報
21821,戀人節氣球
21822,麵包籃
21823,阿爾法玩偶
21824,博雷爾午茶組合
21825,哈利卡納蘇斯午茶組合
21826,磚塊內牆
21827,懸掛櫥櫃
21828,一籃蔬菜
21829,中通隔斷牆
21830,推車櫃台
21831,薩雷安收藏櫃
21832,薩雷安衣櫃
21833,卡邦庫爾浴缸
21834,藥劑台
21835,廚具架
21836,般若面具
21837,
21838,酒杯套裝
21839,舞臺背板
21840,阿難陀族玩偶
21841,1級金屬水族箱
21842,2級金屬水族箱
21843,艾奧傑亞燈籠
21844,炸彈火爐
21845,東洋立柱
21846,成堆的文件
21847,劇團化妝品
21848,禮服衣架
21849,劇團衣櫃
21850,女兒節衣櫃
21851,外套衣架
21852,帕祖祖的祭壇
21853,
21854,家僕契約
21855,素材系統契約
21856,雜用系統契約
21857,修理系統契約
21858,家務系統契約
21859,阿難陀族素材商人契約
21860,阿難陀族雜用商人契約
21861,阿難陀族修理工契約
21862,阿難陀族傭人契約
21863,玫瑰花手推車
21864,轉角樹籬隔離牆
21865,竹林
21866,東洋溫泉
21867,博雷爾內牆
21868,白色大理石地板
21869,古典枝形吊燈
21870,莫古利管弦樂琴
21871,特製情人裝飾花瓶
21872,特製女兒節海報
21873,特製東方落櫻
21874,特製預言蛋內牆
21875,鬱金香球根
21876,紅色鬱金香
21877,藍色鬱金香
21878,黃色鬱金香
21879,綠色鬱金香
21880,橙色鬱金香
21881,紫色鬱金香
21882,白色鬱金香
21883,黑色鬱金香
21884,混色鬱金香
21885,油彩畫：破壞神像
21886,油彩畫：血雨的訓誡
21887,油彩畫：呵欠洞
21888,油彩畫：阿拉基利
21889,油彩畫：御制監望塔2
21890,油彩畫：沉沒的破壞神像
21891,油彩畫：阿拉米格人居住區2
21892,油彩畫：瑞光像
21893,油彩畫：樂座街
21894,油彩畫：轉魂塔廣場
21895,油彩畫：黃金船庫
21896,油彩畫：紫水宮
21897,油彩畫：奧薩德東岸
21898,油彩畫：痙攣寨
21899,油彩畫：高速魔導驅逐艇L-XXIII
21900,油彩畫：模兒衣樓
21901,油彩畫：摩艾石像
21902,赤兔馬角笛
21903,白帝神威魔笛
21904,魔象角笛
21905,空軍裝甲認證金鑰
21906,拘束型魔導死亡爪認證金鑰
21907,暴龍角笛
21908,飛天半心椅（右）
21909,飛天半心椅（左）
21910,杜彭老師角笛
21911,白鼬
21912,迷你凱夫卡
21913,阿難陀玩偶
21914,小丑預言蛋
21915,迷你瑪格奈
21916,迷你摩艾石像
21917,米斯拉人偶
21918,迷你法夫納
21919,常風王子
21920,白小虎
21921,舞海月
21922,金鯰
21923,珀犬
21924,白虎裝甲
21925,防雨裝甲
21926,紅色鬱金香腕帶
21927,藍色鬱金香腕帶
21928,黃色鬱金香腕帶
21929,綠色鬱金香腕帶
21930,橙色鬱金香腕帶
21931,紫色鬱金香腕帶
21932,白色鬱金香腕帶
21933,黑色鬱金香腕帶
21934,混色鬱金香腕帶
21935,魔金錫幣
21936,冬意毛衣
21937,冒險者毛衣
21938,春意襯衫
21939,春意短褲
21940,春意皮鞋
21941,阿拉米格長外衣
21942,嘉拉汀
21943,善見神輪
21944,伐煞斧
21945,龍鬚
21946,必中琴弓
21947,息風
21948,裂斬劍卡拉德博爾格
21949,外來者
21950,驅除之杖
21951,破壞之杖
21952,雷蒙蓋頓
21953,工具論
21954,昴星團天儀
21955,菊一文字
21956,死印劍
21957,艾瓦拉克血十字盾
21958,嘉拉汀+1
21959,善見神輪+1
21960,伐煞斧+1
21961,龍鬚+1
21962,必中琴弓+1
21963,息風+1
21964,裂斬劍卡拉德博爾格+1
21965,外來者+1
21966,驅除之杖+1
21967,破壞之杖+1
21968,雷蒙蓋頓+1
21969,工具論+1
21970,昴星團天儀+1
21971,菊一文字+1
21972,死印劍+1
21973,艾瓦拉克血十字盾+1
21974,嘉拉汀+2
21975,善見神輪+2
21976,伐煞斧+2
21977,龍鬚+2
21978,必中琴弓+2
21979,息風+2
21980,裂斬劍卡拉德博爾格+2
21981,外來者+2
21982,驅除之杖+2
21983,破壞之杖+2
21984,雷蒙蓋頓+2
21985,工具論+2
21986,昴星團天儀+2
21987,菊一文字+2
21988,死印劍+2
21989,艾瓦拉克血十字盾+2
21990,嘉拉汀·常風
21991,善見神輪·常風
21992,伐煞斧·常風
21993,龍鬚·常風
21994,必中琴弓·常風
21995,息風·常風
21996,裂斬劍卡拉德博爾格·常風
21997,外來者·常風
21998,驅除之杖·常風
21999,破壞之杖·常風
22000,雷蒙蓋頓·常風
22001,工具論·常風
22002,昴星團天儀·常風
22003,菊一文字·常風
22004,死印劍·常風
22005,艾瓦拉克血十字盾·常風
22006,俠義頭冠
22007,俠義戰甲
22008,俠義手鎧
22009,俠義腿甲
22010,俠義鎖甲靴
22011,和平頭冠
22012,和平坎肩
22013,和平護臂
22014,和平短褲
22015,和平筒靴
22016,殘暴面罩
22017,殘暴兜甲
22018,殘暴手鎧
22019,殘暴馬褲
22020,殘暴鎖甲靴
22021,真血戰盔
22022,真血戰鎧
22023,真血手鎧
22024,真血長褲
22025,真血脛甲
22026,述事禮帽
22027,述事外套
22028,述事手套
22029,述事打底褲
22030,述事長靴
22031,七天頭冠
22032,七天上裝
22033,七天半指護手
22034,七天打底褲
22035,七天長靴
22036,七獄闊邊帽
22037,七獄外套
22038,七獄手套
22039,七獄馬褲
22040,七獄長靴
22041,通靈長角
22042,通靈坎肩
22043,通靈護臂
22044,通靈五分褲
22045,通靈筒靴
22046,雄辯方帽
22047,雄辯外套
22048,雄辯護袖
22049,雄辯打底褲
22050,雄辯皮靴
22051,影隱總面
22052,影隱鎖帷子
22053,影隱手甲
22054,影隱袴
22055,影隱纏足
22056,深淵輕盔
22057,深淵胸甲
22058,深淵手鎧
22059,深淵重足鎧
22060,深淵鎖甲靴
22061,砲手護目鏡
22062,砲手外套
22063,砲手手套
22064,砲手馬褲
22065,砲手長靴
22066,星座包頭巾
22067,星座上裝
22068,星座護臂
22069,星座長褲
22070,星座涼鞋
22071,明珍陣笠
22072,明珍羽織
22073,明珍手甲
22074,明珍袴
22075,明珍木屐
22076,鬥劍禮帽
22077,鬥劍罩衣
22078,鬥劍手套
22079,鬥劍馬褲
22080,鬥劍長靴
22081,俠義頭冠+1
22082,俠義戰甲+1
22083,俠義手鎧+1
22084,俠義腿甲+1
22085,俠義鎖甲靴+1
22086,和平頭冠+1
22087,和平坎肩+1
22088,和平護臂+1
22089,和平短褲+1
22090,和平筒靴+1
22091,殘暴面罩+1
22092,殘暴兜甲+1
22093,殘暴手鎧+1
22094,殘暴馬褲+1
22095,殘暴鎖甲靴+1
22096,真血戰盔+1
22097,真血戰鎧+1
22098,真血手鎧+1
22099,真血長褲+1
22100,真血脛甲+1
22101,述事禮帽+1
22102,述事外套+1
22103,述事手套+1
22104,述事打底褲+1
22105,述事長靴+1
22106,七天頭冠+1
22107,七天上裝+1
22108,七天半指護手+1
22109,七天打底褲+1
22110,七天長靴+1
22111,七獄闊邊帽+1
22112,七獄外套+1
22113,七獄手套+1
22114,七獄馬褲+1
22115,七獄長靴+1
22116,通靈長角+1
22117,通靈坎肩+1
22118,通靈護臂+1
22119,通靈五分褲+1
22120,通靈筒靴+1
22121,雄辯方帽+1
22122,雄辯外套+1
22123,雄辯護袖+1
22124,雄辯打底褲+1
22125,雄辯皮靴+1
22126,影隱總面+1
22127,影隱鎖帷子+1
22128,影隱手甲+1
22129,影隱袴+1
22130,影隱纏足+1
22131,深淵輕盔+1
22132,深淵胸甲+1
22133,深淵手鎧+1
22134,深淵重足鎧+1
22135,深淵鎖甲靴+1
22136,砲手護目鏡+1
22137,砲手外套+1
22138,砲手手套+1
22139,砲手馬褲+1
22140,砲手長靴+1
22141,星座包頭巾+1
22142,星座上裝+1
22143,星座護臂+1
22144,星座長褲+1
22145,星座涼鞋+1
22146,明珍陣笠+1
22147,明珍羽織+1
22148,明珍手甲+1
22149,明珍袴+1
22150,明珍木屐+1
22151,鬥劍禮帽+1
22152,鬥劍罩衣+1
22153,鬥劍手套+1
22154,鬥劍馬褲+1
22155,鬥劍長靴+1
22156,俠義頭冠+2
22157,俠義戰甲+2
22158,俠義手鎧+2
22159,俠義腿甲+2
22160,俠義鎖甲靴+2
22161,和平頭冠+2
22162,和平坎肩+2
22163,和平護臂+2
22164,和平短褲+2
22165,和平筒靴+2
22166,殘暴面罩+2
22167,殘暴兜甲+2
22168,殘暴手鎧+2
22169,殘暴馬褲+2
22170,殘暴鎖甲靴+2
22171,真血戰盔+2
22172,真血戰鎧+2
22173,真血手鎧+2
22174,真血長褲+2
22175,真血脛甲+2
22176,述事禮帽+2
22177,述事外套+2
22178,述事手套+2
22179,述事打底褲+2
22180,述事長靴+2
22181,七天頭冠+2
22182,七天上裝+2
22183,七天半指護手+2
22184,七天打底褲+2
22185,七天長靴+2
22186,七獄闊邊帽+2
22187,七獄外套+2
22188,七獄手套+2
22189,七獄馬褲+2
22190,七獄長靴+2
22191,通靈長角+2
22192,通靈坎肩+2
22193,通靈護臂+2
22194,通靈五分褲+2
22195,通靈筒靴+2
22196,雄辯方帽+2
22197,雄辯外套+2
22198,雄辯護袖+2
22199,雄辯打底褲+2
22200,雄辯皮靴+2
22201,影隱總面+2
22202,影隱鎖帷子+2
22203,影隱手甲+2
22204,影隱袴+2
22205,影隱纏足+2
22206,深淵輕盔+2
22207,深淵胸甲+2
22208,深淵手鎧+2
22209,深淵重足鎧+2
22210,深淵鎖甲靴+2
22211,砲手護目鏡+2
22212,砲手外套+2
22213,砲手手套+2
22214,砲手馬褲+2
22215,砲手長靴+2
22216,星座包頭巾+2
22217,星座上裝+2
22218,星座護臂+2
22219,星座長褲+2
22220,星座涼鞋+2
22221,明珍陣笠+2
22222,明珍羽織+2
22223,明珍手甲+2
22224,明珍袴+2
22225,明珍木屐+2
22226,鬥劍禮帽+2
22227,鬥劍罩衣+2
22228,鬥劍手套+2
22229,鬥劍馬褲+2
22230,鬥劍長靴+2
22231,俠義頭冠·常風
22232,俠義戰甲·常風
22233,俠義手鎧·常風
22234,俠義腿甲·常風
22235,俠義鎖甲靴·常風
22236,和平頭冠·常風
22237,和平坎肩·常風
22238,和平護臂·常風
22239,和平短褲·常風
22240,和平筒靴·常風
22241,殘暴面罩·常風
22242,殘暴兜甲·常風
22243,殘暴手鎧·常風
22244,殘暴馬褲·常風
22245,殘暴鎖甲靴·常風
22246,真血戰盔·常風
22247,真血戰鎧·常風
22248,真血手鎧·常風
22249,真血長褲·常風
22250,真血脛甲·常風
22251,述事禮帽·常風
22252,述事外套·常風
22253,述事手套·常風
22254,述事打底褲·常風
22255,述事長靴·常風
22256,七天頭冠·常風
22257,七天上裝·常風
22258,七天半指護手·常風
22259,七天打底褲·常風
22260,七天長靴·常風
22261,七獄闊邊帽·常風
22262,七獄外套·常風
22263,七獄手套·常風
22264,七獄馬褲·常風
22265,七獄長靴·常風
22266,通靈長角·常風
22267,通靈坎肩·常風
22268,通靈護臂·常風
22269,通靈五分褲·常風
22270,通靈筒靴·常風
22271,雄辯方帽·常風
22272,雄辯外套·常風
22273,雄辯護袖·常風
22274,雄辯打底褲·常風
22275,雄辯皮靴·常風
22276,影隱總面·常風
22277,影隱鎖帷子·常風
22278,影隱手甲·常風
22279,影隱袴·常風
22280,影隱纏足·常風
22281,深淵輕盔·常風
22282,深淵胸甲·常風
22283,深淵手鎧·常風
22284,深淵重足鎧·常風
22285,深淵鎖甲靴·常風
22286,砲手護目鏡·常風
22287,砲手外套·常風
22288,砲手手套·常風
22289,砲手馬褲·常風
22290,砲手長靴·常風
22291,星座包頭巾·常風
22292,星座上裝·常風
22293,星座護臂·常風
22294,星座長褲·常風
22295,星座涼鞋·常風
22296,明珍陣笠·常風
22297,明珍羽織·常風
22298,明珍手甲·常風
22299,明珍袴·常風
22300,明珍木屐·常風
22301,鬥劍禮帽·常風
22302,鬥劍罩衣·常風
22303,鬥劍手套·常風
22304,鬥劍馬褲·常風
22305,鬥劍長靴·常風
22306,優雷卡治療劑
22307,白虎鬃毛
22308,阿爾法之羽
22309,木工秘笈第六卷
22310,鍛冶秘笈第六卷
22311,甲胄秘笈第六卷
22312,金工秘笈第六卷
22313,皮革秘笈第六卷
22314,裁縫秘笈第六卷
22315,鍊金秘笈第六卷
22316,烹調秘笈第六卷
22317,潛水艇登記票
22318,共和劍鬥士頭甲
22319,共和劍鬥士兜甲
22320,共和劍鬥士袖甲
22321,共和劍鬥士三角褲
22322,共和劍鬥士脛甲
22323,共和騎士頭甲
22324,共和騎士長衣
22325,共和騎士袖甲
22326,共和騎士三角褲
22327,共和騎士戰靴
22328,共和拳鬥士面具
22329,共和拳鬥士兜甲
22330,共和拳鬥士袖甲
22331,共和拳鬥士三角褲
22332,共和拳鬥士戰靴
22333,共和弓鬥士頭甲
22334,共和弓鬥士長衣
22335,共和弓鬥士腕環
22336,共和弓鬥士三角褲
22337,共和弓鬥士戰靴
22338,共和雙劍鬥士面具
22339,共和雙劍鬥士兜甲
22340,共和雙劍鬥士袖甲
22341,共和雙劍鬥士三角褲
22342,共和雙劍鬥士戰靴
22343,共和醫護兵月桂冠
22344,共和醫護兵長衣
22345,共和醫護兵腕環
22346,共和醫護兵三角褲
22347,共和醫護兵戰靴
22348,共和旗手角冠
22349,共和旗手長衣
22350,共和旗手半指護手
22351,共和旗手裙褲
22352,共和旗手戰靴
22353,恆鋒耳墜
22354,恆鋒項環
22355,恆鋒手環
22356,恆鋒戒指
22357,禮物盒
22358,毒蠍格鬥服
22359,闊步高筒靴
22360,皇帝飛蟲的薄翼髮飾
22361,甲片
22362,灰犬頭盔
22363,灰犬戰甲
22364,灰犬手鎧
22365,灰犬腿甲
22366,灰犬鎧靴
22367,王子頭冠
22368,王子禮服
22369,王子手套
22370,王子長褲
22371,王子長靴
22372,公主華冠
22373,公主禮服
22374,公主手套
22375,公主長裙
22376,公主高跟鞋
22377,演技教材·魅惑擁抱
22378,演技教材·聲援小藍
22379,演技教材·聲援小黃
22380,演技教材·聲援小紅
22381,九宮幻卡：導航系統
22382,九宮幻卡：湛水
22383,九宮幻卡：玄武
22384,九宮幻卡：白虎
22385,九宮幻卡：阿雷恩瓦爾德·倫提努斯
22386,九宮幻卡：狼人族
22387,九宮幻卡：漢考克
22388,九宮幻卡：翡翠&紅
22389,幻河鯕
22390,仿麻魚
22391,鱷龜
22392,紅尾鯰
22393,薄毯章魚
22394,鹽磨鯊
22395,盆栽魚
22396,花鬚鯙
22397,紅彩魚
22398,河中長老
22399,第6賽季霸者之證
22400,第6賽季猛者之證
22401,第6賽季強者之證
22402,灰犬裝備箱
22403,戀人巧克力2019
22404,管家之王證書
22405,特製彩蛋狩獵錦旗
22406,特製小豬門松
22407,特製戀人節海報
22408,特製戀人節氣球
22409,特製女兒節衣櫃
22410,特製玫瑰花手推車
22411,魔法棱晶（彩蛋狩獵）
22412,薩維奈人造樹脂
22413,薩維奈研磨劑
22414,薩維奈棉布
22415,薩維奈明礬
22416,薩維奈黏著劑
22417,夜鐵礦
22418,清銀礦
22419,黑柳原木
22420,真麻
22421,地懶的粗皮
22422,3級剛力之靈水
22423,3級巧力之靈水
22424,3級耐力之靈水
22425,3級智力之靈水
22426,3級意力之靈水
22427,夜鋼錠
22428,清銀錠
22429,黑柳木材
22430,地懶革
22431,魔石精巧克力
22432,章魚燒
22433,什錦壽司卷
22434,關東煮
22435,犏牛肉排
22436,紅蓮特飲
22437,煎綠韭蔥
22438,犏牛里肌肉
22439,多瑪的黎明
22440,樹籬隔離牆
22441,紅蓮珊瑚
22442,石像的碎片
22443,庫洛獎狀：金獎
22444,庫洛獎狀：銀獎
22445,豆腐鬆餅
22446,甘露蜜
22447,2級剛力之藥湯
22448,2級巧力之藥湯
22449,2級耐力之藥湯
22450,2級智力之藥湯
22451,2級意力之藥湯
22452,破損的紳士單片眼鏡
22453,破損的紳士短上衣
22454,破損的紳士手套
22455,破損的紳士打底褲
22456,破損的紳士高跟鞋
22457,金豬武士盔
22458,朱漆金豬武士盔
22459,真獅鷲角笛
22460,演技教材·練武
22461,演技教材·百萬火光
22462,演技教材·單膝跪地
22463,聖麻布
22464,阿拉米格絹布
22465,管弦樂琴樂譜：小河流水
22466,管弦樂琴樂譜：街市嘈雜
22467,管弦樂琴樂譜：寺院鐘鳴
22468,管弦樂琴樂譜：教堂鐘鳴
22469,管弦樂琴樂譜：凱嚴主題曲　～紅蓮～
22470,管弦樂琴樂譜：五郎八
22471,管弦樂琴樂譜：愜意
22472,管弦樂琴樂譜：紅蓮序曲
22473,管弦樂琴樂譜：烈羽爭鋒
22474,管弦樂琴樂譜：紅色夜闌
22475,管弦樂琴樂譜：深宵之海
22476,管弦樂琴樂譜：母以子貴
22477,管弦樂琴樂譜：升起於地平
22478,管弦樂琴樂譜：邊防衛士
22479,管弦樂琴樂譜：邪風颯颯
22480,管弦樂琴樂譜：手下無情
22481,管弦樂琴樂譜：鬼島
22482,管弦樂琴樂譜：堅不可摧（身心二元）
22483,管弦樂琴樂譜：豹頭環眼
22484,管弦樂琴樂譜：自由或是死亡
22485,管弦樂琴樂譜：吶喊
22486,管弦樂琴樂譜：天雷
22487,管弦樂琴樂譜：天風
22488,管弦樂琴樂譜：復仇的怒嚎
22489,管弦樂琴樂譜：破碎
22490,管弦樂琴樂譜：永遠的碎片
22491,管弦樂琴樂譜：賽蓮的歌聲
22492,陳舊的樂譜：白帝竹林
22493,真麻布
22494,演技教材·害怕
22495,破碎的般若面具
22496,演技教材·大吃一驚
22497,演技教材·咧嘴
22498,演技教材·沉思
22499,卡邦庫爾 黃寶石拖鞋
22500,沉船戒指
22501,沉船手鐲
22502,沉船耳飾
22503,沉船項鍊
22504,上等沉船戒指
22505,上等沉船手鐲
22506,上等沉船耳飾
22507,上等沉船項鍊
22508,常風地帶上鎖的寶箱
22509,常風寬邊帽
22510,常風皮甲
22511,常風手套
22512,常風皮套褲
22513,常風筒靴
22514,常風皮盔帽
22515,常風緊身衣
22516,常風精準手套
22517,常風垮褲
22518,常風精準長靴
22519,常風背帶襯衫
22520,渡渡鳥登記台
22521,強襲水晶塔
22522,金碟幣銅卡
22523,
22524,
22525,鯰魚小判
22526,鬚鯨級船首
22527,鬚鯨級艦橋
22528,鬚鯨級船體
22529,鬚鯨級船尾
22530,紅磚內牆
22531,白色木地板
22532,獺獺吊頂行燈
22533,小型獺獺外牆
22534,中型獺獺外牆
22535,大型獺獺外牆
22536,莫古利睡床
22537,莫古利檯燈
22538,獺獺餐桌
22539,獺獺屏風
22540,獺獺椅子
22541,獺獺壁燈
22542,矛與盾
22543,裁縫師布料筐
22544,第7賽季獨狼獎盃
22545,月讀人偶
22546,獵隼錦旗
22547,渡鴉錦旗
22548,雜亂衣櫃
22549,洗衣籃
22550,皮包
22551,皮鞋組合
22552,蠟燭組合
22553,林間小型儲物櫃
22554,梯子
22555,林間隔板門
22556,綠洲隔板門
22557,葡萄酒杯
22558,吧台
22559,吧椅
22560,下裝衣架
22561,鏈甲衣架
22562,次元城的美麗花瓶
22563,次元城的艷麗花瓶
22564,鯰魚精玩偶
22565,第8賽季獨狼獎盃
22566,天之小祠
22567,饅頭蒸籠
22568,衣樓模型
22569,南海廚房
22570,東洋清潔工具
22571,室內烤肉組合
22572,仿製紙窗
22573,多瑪糖人
22574,水母檯燈
22575,咖哩飯
22576,莫古利蚊香罐
22577,怪物投籃
22578,重擊伽美什
22579,獺獺長椅
22580,野餐套裝
22581,天之御柱模型
22582,獺獺行燈
22583,烤肉組合
22584,鯰魚精雕像
22585,鯰魚精素材商人契約
22586,鯰魚精雜用商人契約
22587,鯰魚精修理工契約
22588,鯰魚精傭人契約
22589,大麗花的球根
22590,紅色大麗花
22591,藍色大麗花
22592,黃色大麗花
22593,綠色大麗花
22594,橙色大麗花
22595,紫色大麗花
22596,白色大麗花
22597,黑色大麗花
22598,混色大麗花
22599,火龍的鱗
22600,火龍笛
22601,艾路
22602,噗吱豬
22603,管弦樂琴樂譜：Cornerstone of the New World - Astera
22604,管弦樂琴樂譜：Savage of the Ancient Forest
22605,管弦樂琴樂譜：Proof of a Hero
22606,改良型火龍頭盔【男】
22607,改良型火龍鎧甲【男】
22608,改良型火龍腕甲【男】
22609,改良型火龍腰甲【男】
22610,改良型火龍護腿【男】
22611,改良型火龍頭盔【女】
22612,改良型火龍鎧甲【女】
22613,改良型火龍腕甲【女】
22614,改良型火龍腰甲【女】
22615,改良型火龍護腿【女】
22616,紅孔雀石
22617,空山石
22618,晨曦沙金
22619,月曜石
22620,耐熱石
22621,草原的雲母
22622,草原的岩鹽
22623,草原的石炭
22624,純白的矽沙
22625,草原的銅礦
22626,深色的礦石
22627,草原的寶玉
22628,草原的黏土
22629,草原的磨刀石
22630,耐熱性石材
22631,草原的天然水
22632,草原的鐵礦
22633,扁平的石材
22634,草原的朱砂
22635,草原的翡翠
22636,草原的優質岩鹽
22637,群青色的礦石
22638,草原的鎢礦
22639,草原的泥岩磨刀石
22640,草原的黑曜石
22641,草原的輝石
22642,太陽神草莓
22643,紅亞麻
22644,暮暉蠶繭
22645,筆直的枯莖
22646,莎草
22647,草原的紅花
22648,常綠的樹枝
22649,草原的枯枝
22650,草原的藤材
22651,草原的藤蔓
22652,胡鷹的羽毛
22653,草原的果實
22654,草原的花蕾
22655,草原的牧草
22656,草原的洋蔥
22657,草原的蠶豆
22658,草原的馬草
22659,草原的茶葉
22660,草原的野菜
22661,草原的根菜
22662,草原的香草
22663,草原的果菜
22664,優質的藤蔓
22665,草原的成熟果實
22666,草原的蒲公英
22667,香味濃郁的野草
22668,太陽貝
22669,太陽神紅眼鱸
22670,團扇貝
22671,箭螺
22672,奇幻鯰魚
22673,卡勒蟹
22674,供品的小魚
22675,肥鰻
22676,赤銅魚
22677,卡勒嘎牙子
22678,超大巨鯰魚
22679,彩虹青鯧
22680,草原香魚
22681,油脂鰻
22682,草原蝦
22683,杯貝
22684,月蝶貝
22685,牛皮魚
22686,夕陽紅貝
22687,棘鰭魚
22688,月神指甲貝
22689,槍尖螺
22690,優質的硬鱗魚
22691,肥滿的鱒魚
22692,蘋果貝
22693,齒輪貝
22694,法被組件的材料
22695,供台組件的材料
22696,神轎組件的材料
22697,祭弓組件的材料
22698,鯰魚精人偶組件的材料
22699,交易品組件的材料
22700,淨化用祭具的材料
22701,篝火台組件的材料
22702,團扇組件的材料
22703,薄禮組件的材料
22704,鯰魚釣具的材料
22705,遊牧民風格的商品材料
22706,祖先招待用品的材料
22707,牛毛剪刀組件的材料
22708,蒸包子用品材料
22709,茶會必需品的材料
22710,養馬必需品的材料
22711,太鼓組件的材料
22712,紙屑生產工具的材料
22713,供品材料
22714,烤鯰魚用品的材料
22715,投擲用特產的材料
22716,陸地高空彈跳用品的材料
22717,常用菜刀的組件材料
22718,謝禮材料
22719,魅惑的魔物人偶材料
22720,法被組件
22721,供台組件
22722,神轎組件
22723,祭弓組件
22724,鯰魚精人偶組件
22725,交易品組件
22726,淨化用祭具
22727,篝火台組件
22728,團扇組件
22729,禮品組件
22730,鯰魚釣具
22731,遊牧民風格的商品
22732,祖先招待用品
22733,牛毛剪刀組件
22734,蒸包子用品
22735,茶會必需品
22736,養馬必需品
22737,太鼓組件
22738,紙屑生產工具
22739,供品
22740,烤鯰魚用品
22741,投擲用特產
22742,陸地高空彈跳用品
22743,常用菜刀的組件
22744,謝禮
22745,魅惑的魔物人偶
22746,喚雨杖
22747,青魔道士之證
22748,巫骨保護者戰盔
22749,巫骨保護者長衣
22750,巫骨保護者手鎧
22751,巫骨保護者軟甲褲
22752,巫骨保護者鎧靴
22753,巫骨保護者腰帶
22754,巫骨驅趕者面罩
22755,巫骨驅趕者戰鎧
22756,巫骨驅趕者手套
22757,巫骨驅趕者軟甲褲
22758,巫骨驅趕者鎧靴
22759,巫骨驅趕者腰帶
22760,巫骨野性者戰盔
22761,巫骨野性者短衣
22762,巫骨野性者手鎧
22763,巫骨野性者垮褲
22764,巫骨野性者脛甲
22765,巫骨野性者腰帶
22766,巫骨狩獵者戰盔
22767,巫骨狩獵者長衣
22768,巫骨狩獵者手鎧
22769,巫骨狩獵者軟甲褲
22770,巫骨狩獵者鎧靴
22771,巫骨狩獵者腰帶
22772,巫骨暗影者面罩
22773,巫骨暗影者胸衣
22774,巫骨暗影者手鎧
22775,巫骨暗影者軟甲褲
22776,巫骨暗影者鎧靴
22777,巫骨暗影者腰帶
22778,巫骨撫慰者面具
22779,巫骨撫慰者胸衣
22780,巫骨撫慰者手鎧
22781,巫骨撫慰者軟甲褲
22782,巫骨撫慰者鎧靴
22783,巫骨撫慰者腰帶
22784,巫骨低吟者面具
22785,巫骨低吟者短衣
22786,巫骨低吟者手鎧
22787,巫骨低吟者垮褲
22788,巫骨低吟者脛甲
22789,巫骨低吟者腰帶
22790,巫骨禦敵耳墜
22791,巫骨強攻耳墜
22792,巫骨精準耳墜
22793,巫骨治癒耳墜
22794,巫骨詠咒耳墜
22795,巫骨禦敵項環
22796,巫骨強攻項環
22797,巫骨精準項環
22798,巫骨治癒項環
22799,巫骨詠咒項環
22800,巫骨禦敵手鐲
22801,巫骨強攻手鐲
22802,巫骨精準手鐲
22803,巫骨治癒手鐲
22804,巫骨詠咒手鐲
22805,巫骨禦敵戒指
22806,巫骨強攻戒指
22807,巫骨精準戒指
22808,巫骨治癒戒指
22809,巫骨詠咒戒指
22810,伊瓦利斯聖櫃騎士盔帽
22811,伊瓦利斯聖櫃騎士戰甲
22812,伊瓦利斯聖櫃騎士手鎧
22813,伊瓦利斯聖櫃騎士打底褲
22814,伊瓦利斯聖櫃騎士脛甲
22815,伊瓦利斯聖櫃騎士腰帶
22816,伊瓦利斯槍騎士頭巾
22817,伊瓦利斯槍騎士短衣
22818,伊瓦利斯槍騎士半指護手
22819,伊瓦利斯槍騎士軟甲褲
22820,伊瓦利斯槍騎士脛甲
22821,伊瓦利斯槍騎士腰帶
22822,伊瓦利斯獵長頭巾
22823,伊瓦利斯獵長短衣
22824,伊瓦利斯獵長半指護手
22825,伊瓦利斯獵長軟甲褲
22826,伊瓦利斯獵長脛甲
22827,伊瓦利斯獵長腰帶
22828,伊瓦利斯弓術士頭帶
22829,伊瓦利斯弓術士短衣
22830,伊瓦利斯弓術士手套
22831,伊瓦利斯弓術士打底褲
22832,伊瓦利斯弓術士高筒靴
22833,伊瓦利斯弓術士腰帶
22834,伊瓦利斯盜賊頭帶
22835,伊瓦利斯盜賊短衣
22836,伊瓦利斯盜賊手套
22837,伊瓦利斯盜賊打底褲
22838,伊瓦利斯盜賊高筒靴
22839,伊瓦利斯盜賊腰帶
22840,伊瓦利斯道具師單片眼鏡
22841,伊瓦利斯道具師長袍
22842,伊瓦利斯道具師手套
22843,伊瓦利斯道具師打底褲
22844,伊瓦利斯道具師皮靴
22845,伊瓦利斯道具師腰帶
22846,伊瓦利斯算術士單片眼鏡
22847,伊瓦利斯算術士長袍
22848,伊瓦利斯算術士手套
22849,伊瓦利斯算術士打底褲
22850,伊瓦利斯算術士皮靴
22851,伊瓦利斯算術士腰帶
22852,月讀命直劍
22853,月讀命三日月
22854,月讀命大斧
22855,月讀命長槍
22856,月讀命大弓
22857,月讀命苦無
22858,月讀命大太刀
22859,月讀命短銃
22860,月讀命錫杖
22861,月讀命咒杖
22862,月讀命經典
22863,月讀命文書
22864,月讀命天儀
22865,月讀命直刀
22866,月讀命細劍
22867,月讀命之盾
22868,無鋒劍柯塔納·究極
22869,釋法來·究極
22870,勇悍斧·究極
22871,穿心槍蓋博爾格·究極
22872,月神之弓·究極
22873,吉光·究極
22874,死亡使者·究極
22875,斐迪南·究極
22876,酒神杖·究極
22877,星塵杖·究極
22878,綠瞳列傳·究極
22879,萬辭全書·究極
22880,天宇星象·究極
22881,天座·究極
22882,刺針·究極
22883,神聖盾·究極
22884,夜鋼鋸
22885,夜鋼橫頭錘
22886,夜鋼圓頭錘
22887,夜鋼工藝錘
22888,夜鋼圓革刀
22889,清銀縫針
22890,夜鋼蒸餾器
22891,夜鋼煎鍋
22892,夜鋼十字鎬
22893,夜鋼手斧
22894,黑柳釣竿
22895,夜鋼羊角錘
22896,夜鋼銼刀
22897,夜鋼手鉗
22898,清銀砂輪機
22899,夜鋼平斬
22900,黑柳紡車
22901,夜鋼研缽
22902,夜鋼廚刀
22903,夜鋼碎石錘
22904,夜鋼鐮刀
22905,鬼師帽
22906,鬼師胴著
22907,鬼師手甲
22908,鬼師束褲
22909,鬼師草履
22910,山師笠
22911,山師胴著
22912,山師手甲
22913,山師束褲
22914,山師草履
22915,鬼師帶
22916,清銀巧匠耳墜
22917,黑柳巧匠項鍊
22918,黑柳巧匠腕環
22919,黑柳巧匠戒指
22920,山師帶
22921,清銀大地耳墜
22922,地懶革大地項鍊
22923,地懶革大地手環
22924,地懶革大地指環
22925,嘉拉汀·恆冰
22926,善見神輪·恆冰
22927,伐煞斧·恆冰
22928,龍鬚·恆冰
22929,必中琴弓·恆冰
22930,息風·恆冰
22931,裂斬劍卡拉德博爾格·恆冰
22932,外來者·恆冰
22933,驅除之杖·恆冰
22934,破壞之杖·恆冰
22935,雷蒙蓋頓·恆冰
22936,工具論·恆冰
22937,昴星團天儀·恆冰
22938,菊一文字·恆冰
22939,死印劍·恆冰
22940,艾瓦拉克血十字盾·恆冰
22941,嘉拉汀·恆冰+1
22942,善見神輪·恆冰+1
22943,伐煞斧·恆冰+1
22944,龍鬚·恆冰+1
22945,必中琴弓·恆冰+1
22946,息風·恆冰+1
22947,裂斬劍卡拉德博爾格·恆冰+1
22948,外來者·恆冰+1
22949,驅除之杖·恆冰+1
22950,破壞之杖·恆冰+1
22951,雷蒙蓋頓·恆冰+1
22952,工具論·恆冰+1
22953,昴星團天儀·恆冰+1
22954,菊一文字·恆冰+1
22955,死印劍·恆冰+1
22956,艾瓦拉克血十字盾·恆冰+1
22957,元素長劍
22958,元素指虎
22959,元素戰斧
22960,元素龍槍
22961,元素豎琴弓
22962,元素匕首
22963,元素斷頭劍
22964,元素手砲
22965,元素牧杖
22966,元素法杖
22967,元素魔導書
22968,元素魔導典
22969,元素天儀
22970,元素武士刀
22971,元素刺劍
22972,元素之盾
22973,凱西耳墜
22974,視覺尖角帽
22975,婁希的冰片
22976,恆冰水晶
22977,天之御劍
22978,天之鬥器
22979,天之戰斧
22980,天之飛槍
22981,天之大弓
22982,天之短刀
22983,天之大劍
22984,天之短銃
22985,天之錫杖
22986,天之咒杖
22987,天之經典
22988,天之文書
22989,天之干支
22990,天之太刀
22991,天之細劍
22992,天之大盾
22993,天之耳飾
22994,天之首飾
22995,天之手飾
22996,天之指飾
22997,花花公子帽
22998,花花公子皺邊禮服襯衫
22999,花花公子皺邊褲
23000,花花公子便鞋
23001,風尚褶邊連衣裙
23002,風尚花邊短裙
23003,門客帽
23004,門客鬥衣
23005,門客袖飾
23006,門客長褲
23007,門客皮鞋
23008,辨天帽
23009,辨天服
23010,辨天手套
23011,辨天襯裙
23012,辨天短靴
23013,飛燕胴著
23014,飛燕籠手
23015,飛燕長褲
23016,飛燕纏足
23017,永夏墨鏡
23018,永夏短衣
23019,永夏短褲
23020,幽夜神威魔笛
23021,鬚鯨角笛
23022,巨鯰魚神轎笛
23023,渡渡鳥角笛
23024,絕地角笛
23025,魔導運輸器認證金鑰
23026,月讀之形
23027,凱西幼苗
23028,塔魯塔魯人偶
23029,迷你其日娜
23030,迷你紗都
23031,勞動八號
23032,齊天小聖
23033,傘蜥
23034,發條提燈
23035,祭禮鯰魚精
23036,迷你熙洛
23037,月讀裝甲
23038,巴格斯特頭盔
23039,巴格斯特戰甲
23040,巴格斯特手鎧
23041,巴格斯特腿甲
23042,巴格斯特鎧靴
23043,夜神圖騰
23044,九宮幻卡：輪入道&片輪車
23045,九宮幻卡：旗本
23046,九宮幻卡：雪童子
23047,九宮幻卡：齊天大聖
23048,九宮幻卡：蛭子
23049,九宮幻卡：幸福兔
23050,九宮幻卡：婁希
23051,九宮幻卡：月讀
23052,九宮幻卡：鬼龍雅茲瑪特
23053,九宮幻卡：豪雪
23054,尖叫者
23055,白彩魚
23056,橙彩魚
23057,吞鉤苦魚
23058,藍寶石扇鯧
23059,教皇魚
23060,怨婦蝦
23061,不定魚
23062,鑽石眼
23063,花海龍
23064,賭命河豚
23065,春不知
23066,速疾鬼鱷
23067,卜傳
23068,天女鯉
23069,神諭苦魚
23070,亞特可汗
23071,康復魚
23072,釋法來豹魚
23073,熱鰭魚
23074,白銀貝
23075,青藍之面
23076,巧手之巔手鋸
23077,巧手之巔橫頭錘
23078,巧手之巔圓頭錘
23079,巧手之巔工藝錘
23080,巧手之巔圓革刀
23081,巧手之巔縫針
23082,巧手之巔蒸餾器
23083,巧手之巔煎鍋
23084,大地之峰十字鎬
23085,大地之峰手斧
23086,大地之峰釣竿
23087,巧手之巔包頭巾
23088,巧手之巔工作坎肩
23089,巧手之巔半指護手
23090,巧手之巔打底褲
23091,巧手之巔皮鞋
23092,大地之峰包頭巾
23093,大地之峰外套
23094,大地之峰半指護手
23095,大地之峰打底褲
23096,大地之峰皮鞋
23097,靠椅
23098,紅色大麗花頭花
23099,藍色大麗花頭花
23100,黃色大麗花頭花
23101,綠色大麗花頭花
23102,橙色大麗花頭花
23103,紫色大麗花頭花
23104,白色大麗花頭花
23105,黑色大麗花頭花
23106,混色大麗花頭花
23107,改良型鬼師帽
23108,改良型鬼師胴著
23109,改良型鬼師手甲
23110,改良型鬼師束褲
23111,改良型鬼師草履
23112,改良型山師笠
23113,改良型山師胴著
23114,改良型山師手甲
23115,改良型山師束褲
23116,改良型山師草履
23117,第7賽季霸者之證
23118,第7賽季猛者之證
23119,第7賽季強者之證
23120,第8賽季霸者之證
23121,第8賽季猛者之證
23122,第8賽季強者之證
23123,原型運輸器認證金鑰
23124,護送系統認證金鑰
23125,輸送系統認證金鑰
23126,嘉拉汀·常風（複製品）
23127,善見神輪·常風（複製品）
23128,伐煞斧·常風（複製品）
23129,龍鬚·常風（複製品）
23130,必中琴弓·常風（複製品）
23131,息風·常風（複製品）
23132,裂斬劍卡拉德博爾格·常風（複製品）
23133,外來者·常風（複製品）
23134,驅除之杖·常風（複製品）
23135,破壞之杖·常風（複製品）
23136,雷蒙蓋頓·常風（複製品）
23137,工具論·常風（複製品）
23138,昴星團天儀·常風（複製品）
23139,菊一文字·常風（複製品）
23140,死印劍·常風（複製品）
23141,艾瓦拉克血十字盾·常風（複製品）
23142,恆冰地帶上鎖的寶箱
23143,基拉巴尼亞醫藥品
23144,防鯊用品
23145,庫爾札斯防寒用品
23146,翠水鄉特產
23147,雲海珍寶
23148,石藥材料
23149,魚叉材料
23150,保溫材料
23151,紫水結晶
23152,雲海之羽
23153,基拉巴尼亞醫藥品組件
23154,防鯊用品組件
23155,庫爾札斯防寒用品組件
23156,翠水鄉特產組件
23157,雲海珍寶組件
23158,基拉巴尼亞醫藥品組件的材料
23159,防鯊用品組件的材料
23160,庫爾札斯防寒用品組件的材料
23161,翠水鄉特產組件的材料
23162,雲海珍寶組件的材料
23163,天之秘藥
23164,天之陶器碎片
23165,聚魔柄
23166,天之聚魔柄
23167,上級治療劑
23168,上級乙太藥
23169,神秘粉末
23170,神秘野草
23171,神秘的魚
23172,絕妙的調配用品的材料
23173,絕妙的調配用品
23174,高古古錢
23175,究極圖騰
23176,老手兵團成員的手冊
23177,天之聖遺物
23178,紫雷水
23179,鷹眼石
23180,古木樹液塊
23181,半魔晶石壹型
23182,黃昏靈砂
23183,鷹眼砂
23184,古木樹液
23185,金平糖
23186,納夏煎餅
23187,抹茶
23188,辣椒焗乳酪
23189,仙木羊角錘
23190,聖鐵銼刀
23191,玄甲手鉗
23192,鎏金砂輪機
23193,韋革平斬
23194,綺衣紡車
23195,煉師研缽
23196,烹炙廚刀
23197,精礦碎石錘
23198,百草鐮刀
23199,巧手之巔工具腰帶
23200,巧手之巔耳環
23201,巧手之巔項環
23202,巧手之巔腕環
23203,巧手之巔指環
23204,大地之峰生存腰帶
23205,大地之峰耳環
23206,大地之峰項環
23207,大地之峰手環
23208,大地之峰指環
23209,月讀綢緞
23210,解放軍的票據
23211,
23212,
23213,白澤的木之眼
23214,白澤的火之眼
23215,白澤的土之眼
23216,白澤的金之眼
23217,白澤的水之眼
23218,白澤的五行眼
23219,速度腰帶
23220,延夏沃土
23221,延夏馬鞭草
23222,海產油脂
23223,白銀寶藏
23224,黃金寶藏
23225,白金寶藏
23226,永夏涼鞋
23227,天之松材
23228,天之黏土
23229,幸福兔玩偶
23230,古董商契約
23231,改良型夜鋼長劍
23232,改良型夜鋼爪
23233,改良型夜鋼戰斧
23234,改良型黑柳長槍
23235,改良型黑柳大弓
23236,改良型夜鋼短刀
23237,改良型夜鋼巨劍
23238,改良型夜鋼雷火砲
23239,改良型黑柳牧杖
23240,改良型清銀法杖
23241,改良型清銀魔導書
23242,改良型清銀魔導典
23243,改良型清銀天星盤
23244,改良型夜鋼刀
23245,改良型清銀刺劍
23246,改良型夜鋼盾
23247,改良型夜鋼禦敵頭盔
23248,改良型夜鋼禦敵戰甲
23249,改良型夜鋼禦敵手鎧
23250,改良型真麻禦敵長裙
23251,改良型夜鋼禦敵鎧靴
23252,改良型地懶革禦敵腰帶
23253,改良型夜鋼制敵頭盔
23254,改良型夜鋼制敵戰鎧
23255,改良型夜鋼制敵手鎧
23256,改良型真麻制敵馬褲
23257,改良型夜鋼制敵脛甲
23258,改良型地懶革制敵腰帶
23259,改良型清銀強襲假面
23260,改良型真麻強襲長衣
23261,改良型真麻強襲半指手套
23262,改良型真麻強襲軟甲褲
23263,改良型地懶革強襲高筒靴
23264,改良型地懶革強襲腰帶
23265,改良型真麻精準無簷帽
23266,改良型真麻精準外套
23267,改良型地懶革精準手套
23268,改良型真麻精準馬褲
23269,改良型地懶革精準高筒靴
23270,改良型地懶革精準腰帶
23271,改良型真麻游擊無簷帽
23272,改良型真麻游擊外套
23273,改良型地懶革游擊手套
23274,改良型真麻游擊馬褲
23275,改良型地懶革游擊高筒靴
23276,改良型地懶革游擊腰帶
23277,改良型真麻治癒寬邊帽
23278,改良型真麻治癒長袍
23279,改良型真麻治癒手套
23280,改良型真麻治癒馬褲
23281,改良型地懶革治癒高筒靴
23282,改良型地懶革治癒腰帶
23283,改良型真麻詠咒寬邊帽
23284,改良型真麻詠咒長袍
23285,改良型真麻詠咒手套
23286,改良型真麻詠咒馬褲
23287,改良型地懶革詠咒高筒靴
23288,改良型地懶革詠咒腰帶
23289,改良型清銀禦敵耳墜
23290,改良型清銀強攻耳墜
23291,改良型清銀精準耳墜
23292,改良型清銀治癒耳墜
23293,改良型清銀詠咒耳墜
23294,改良型黑柳禦敵項鍊
23295,改良型黑柳強攻項鍊
23296,改良型黑柳精準項鍊
23297,改良型黑柳治癒項鍊
23298,改良型黑柳詠咒項鍊
23299,改良型黑柳禦敵腕環
23300,改良型黑柳強攻腕環
23301,改良型黑柳精準腕環
23302,改良型黑柳治癒腕環
23303,改良型黑柳詠咒腕環
23304,改良型清銀禦敵戒指
23305,改良型清銀強攻戒指
23306,改良型清銀精準戒指
23307,改良型清銀治癒戒指
23308,改良型清銀詠咒戒指
23309,結冰亂屬性水晶
23310,天青圖騰·破防
23311,天青圖騰·融合
23312,天青圖騰·強力守護
23313,天青圖騰·月之笛
23314,天青圖騰·死亡宣告
23315,管弦樂琴樂譜：風鈴輕蕩
23316,管弦樂琴樂譜：海中
23317,管弦樂琴樂譜：勝利或是死亡
23318,管弦樂琴樂譜：東方之地
23319,管弦樂琴樂譜：離別
23320,管弦樂琴樂譜：Revolutions　-變革之時-
23321,管弦樂琴樂譜：古都
23322,管弦樂琴樂譜：月亮門
23323,管弦樂琴樂譜：風水寶地
23324,管弦樂琴樂譜：黑暗與白雪
23325,管弦樂琴樂譜：天晴大鯰音頭
23326,管弦樂琴樂譜：世界地圖
23327,管弦樂琴樂譜：小禮拜堂
23328,管弦樂琴樂譜：基魯菲岡之謎
23329,管弦樂琴樂譜：卒中
23330,管弦樂琴樂譜：劍閃
23331,管弦樂琴樂譜：月下美人
23332,管弦樂琴樂譜：彼岸花開
23333,管弦樂琴樂譜：白銀凶鳥展翅翱翔（交響樂版）
23334,管弦樂琴樂譜：復仇的怒嚎（交響樂版）
23335,管弦樂琴樂譜：忘卻的彼岸（交響樂版）
23336,陳舊的樂譜：月下芳華
23337,陳舊的樂譜：海中
23338,
23339,特製紅蓮祭掛畫
23340,特製七彩刨冰
23341,特製新生氣球
23342,凶惡巨獸的毛皮
23343,凶惡巨獸頭盔（複製品）
23344,凶惡巨獸重頭盔（複製品）
23345,蜥蜴的尾巴
23346,靈芝
23347,恆冰地帶的天然水
23348,恆冰地帶的鼠尾草
23349,靜魔藥
23350,恆冰頭巾
23351,恆冰襯衫
23352,恆冰纏手帶
23353,恆冰束膝褲
23354,恆冰涼鞋
23355,恆冰頭飾
23356,恆冰短外套
23357,恆冰手套
23358,恆冰及膝褲
23359,恆冰工作靴
23360,鯰魚精的鈴鐺
23361,演技教材·方形步
23362,演技教材·側步
23363,演技教材·究極
23364,演技教材·胡鷹之舞
23365,演技教材·好熱
23366,演技教材·好冷
23367,演技教材·說明
23368,
23369,髮型樣式：基拉巴尼亞編髮
23370,髮型樣式：外翹短髮
23371,奧羅尼族的布料
23372,朵塔兒族的布料
23373,風尚禮帽
23374,風尚禮鞋
23375,風尚布
23376,風尚鞣革
23377,花花公子布
23378,花花公子鞣革
23379,發生變異的結冰上鎖寶箱
23380,永夏裝備箱
23381,新生祭票據2019
23382,薩維奈強靈藥
23383,火龍的上鱗
23384,火龍頭盔【男】
23385,火龍鎧甲【男】
23386,火龍腕甲【男】
23387,火龍腰甲【男】
23388,火龍護腿【男】
23389,火龍頭盔【女】
23390,火龍鎧甲【女】
23391,火龍腕甲【女】
23392,火龍腰甲【女】
23393,火龍護腿【女】
23394,斯卡艾瓦魔導鬥劍
23395,斯卡艾瓦魔導旋棍
23396,斯卡艾瓦魔導斧
23397,斯卡艾瓦魔導槍
23398,斯卡艾瓦魔導弓
23399,斯卡艾瓦魔導刀
23400,斯卡艾瓦魔導巨劍
23401,斯卡艾瓦魔導雷火砲
23402,斯卡艾瓦魔導牧杖
23403,斯卡艾瓦魔導咒杖
23404,斯卡艾瓦魔導書
23405,斯卡艾瓦魔導典
23406,斯卡艾瓦魔導太陽儀
23407,斯卡艾瓦魔導武士刀
23408,斯卡艾瓦魔導重刺劍
23409,斯卡艾瓦魔導盾
23410,斯卡艾瓦禦敵頭盔
23411,斯卡艾瓦禦敵戰甲
23412,斯卡艾瓦禦敵手鎧
23413,斯卡艾瓦禦敵軟甲褲
23414,斯卡艾瓦禦敵脛甲
23415,斯卡艾瓦禦敵腰甲
23416,斯卡艾瓦制敵頭盔
23417,斯卡艾瓦制敵戰甲
23418,斯卡艾瓦制敵手鎧
23419,斯卡艾瓦制敵軟甲褲
23420,斯卡艾瓦制敵脛甲
23421,斯卡艾瓦制敵腰甲
23422,斯卡艾瓦強襲頭甲
23423,斯卡艾瓦強襲短衣
23424,斯卡艾瓦強襲護臂
23425,斯卡艾瓦強襲軟甲褲
23426,斯卡艾瓦強襲脛甲
23427,斯卡艾瓦強襲腰甲
23428,斯卡艾瓦精準頭甲
23429,斯卡艾瓦精準罩衣
23430,斯卡艾瓦精準手套
23431,斯卡艾瓦精準軟甲褲
23432,斯卡艾瓦精準脛甲
23433,斯卡艾瓦精準腰甲
23434,斯卡艾瓦游擊開面罩盔
23435,斯卡艾瓦游擊罩衣
23436,斯卡艾瓦游擊手套
23437,斯卡艾瓦游擊軟甲褲
23438,斯卡艾瓦游擊脛甲
23439,斯卡艾瓦游擊腰甲
23440,斯卡艾瓦治癒口罩
23441,斯卡艾瓦治癒長衣
23442,斯卡艾瓦治癒手套
23443,斯卡艾瓦治癒軟甲褲
23444,斯卡艾瓦治癒皮靴
23445,斯卡艾瓦治癒腰甲
23446,斯卡艾瓦詠咒口罩
23447,斯卡艾瓦詠咒長衣
23448,斯卡艾瓦詠咒手套
23449,斯卡艾瓦詠咒軟甲褲
23450,斯卡艾瓦詠咒皮靴
23451,斯卡艾瓦詠咒腰甲
23452,斯卡艾瓦禦敵單耳耳夾
23453,斯卡艾瓦強攻單耳耳夾
23454,斯卡艾瓦精準單耳耳夾
23455,斯卡艾瓦治癒單耳耳夾
23456,斯卡艾瓦詠咒單耳耳夾
23457,斯卡艾瓦禦敵項環
23458,斯卡艾瓦強攻項環
23459,斯卡艾瓦精準項環
23460,斯卡艾瓦治癒項環
23461,斯卡艾瓦詠咒項環
23462,斯卡艾瓦禦敵手鐲
23463,斯卡艾瓦強攻手鐲
23464,斯卡艾瓦精準手鐲
23465,斯卡艾瓦治癒手鐲
23466,斯卡艾瓦詠咒手鐲
23467,斯卡艾瓦禦敵指環
23468,斯卡艾瓦強攻指環
23469,斯卡艾瓦精準指環
23470,斯卡艾瓦治癒指環
23471,斯卡艾瓦詠咒指環
23472,改良型斯卡艾瓦魔導鬥劍
23473,改良型斯卡艾瓦魔導旋棍
23474,改良型斯卡艾瓦魔導斧
23475,改良型斯卡艾瓦魔導槍
23476,改良型斯卡艾瓦魔導弓
23477,改良型斯卡艾瓦魔導刀
23478,改良型斯卡艾瓦魔導巨劍
23479,改良型斯卡艾瓦魔導雷火砲
23480,改良型斯卡艾瓦魔導牧杖
23481,改良型斯卡艾瓦魔導咒杖
23482,改良型斯卡艾瓦魔導書
23483,改良型斯卡艾瓦魔導典
23484,改良型斯卡艾瓦魔導太陽儀
23485,改良型斯卡艾瓦魔導武士刀
23486,改良型斯卡艾瓦魔導重刺劍
23487,改良型斯卡艾瓦魔導盾
23488,改良型斯卡艾瓦禦敵頭盔
23489,改良型斯卡艾瓦禦敵戰甲
23490,改良型斯卡艾瓦禦敵手鎧
23491,改良型斯卡艾瓦禦敵軟甲褲
23492,改良型斯卡艾瓦禦敵脛甲
23493,改良型斯卡艾瓦禦敵腰甲
23494,改良型斯卡艾瓦制敵頭盔
23495,改良型斯卡艾瓦制敵戰甲
23496,改良型斯卡艾瓦制敵手鎧
23497,改良型斯卡艾瓦制敵軟甲褲
23498,改良型斯卡艾瓦制敵脛甲
23499,改良型斯卡艾瓦制敵腰甲
23500,改良型斯卡艾瓦強襲頭甲
23501,改良型斯卡艾瓦強襲短衣
23502,改良型斯卡艾瓦強襲護臂
23503,改良型斯卡艾瓦強襲軟甲褲
23504,改良型斯卡艾瓦強襲脛甲
23505,改良型斯卡艾瓦強襲腰甲
23506,改良型斯卡艾瓦精準頭甲
23507,改良型斯卡艾瓦精準罩衣
23508,改良型斯卡艾瓦精準手套
23509,改良型斯卡艾瓦精準軟甲褲
23510,改良型斯卡艾瓦精準脛甲
23511,改良型斯卡艾瓦精準腰甲
23512,改良型斯卡艾瓦游擊開面罩盔
23513,改良型斯卡艾瓦游擊罩衣
23514,改良型斯卡艾瓦游擊手套
23515,改良型斯卡艾瓦游擊軟甲褲
23516,改良型斯卡艾瓦游擊脛甲
23517,改良型斯卡艾瓦游擊腰甲
23518,改良型斯卡艾瓦治癒口罩
23519,改良型斯卡艾瓦治癒長衣
23520,改良型斯卡艾瓦治癒手套
23521,改良型斯卡艾瓦治癒軟甲褲
23522,改良型斯卡艾瓦治癒皮靴
23523,改良型斯卡艾瓦治癒腰甲
23524,改良型斯卡艾瓦詠咒口罩
23525,改良型斯卡艾瓦詠咒長衣
23526,改良型斯卡艾瓦詠咒手套
23527,改良型斯卡艾瓦詠咒軟甲褲
23528,改良型斯卡艾瓦詠咒皮靴
23529,改良型斯卡艾瓦詠咒腰甲
23530,改良型斯卡艾瓦禦敵單耳耳夾
23531,改良型斯卡艾瓦強攻單耳耳夾
23532,改良型斯卡艾瓦精準單耳耳夾
23533,改良型斯卡艾瓦治癒單耳耳夾
23534,改良型斯卡艾瓦詠咒單耳耳夾
23535,改良型斯卡艾瓦禦敵項環
23536,改良型斯卡艾瓦強攻項環
23537,改良型斯卡艾瓦精準項環
23538,改良型斯卡艾瓦治癒項環
23539,改良型斯卡艾瓦詠咒項環
23540,改良型斯卡艾瓦禦敵手鐲
23541,改良型斯卡艾瓦強攻手鐲
23542,改良型斯卡艾瓦精準手鐲
23543,改良型斯卡艾瓦治癒手鐲
23544,改良型斯卡艾瓦詠咒手鐲
23545,改良型斯卡艾瓦禦敵指環
23546,改良型斯卡艾瓦強攻指環
23547,改良型斯卡艾瓦精準指環
23548,改良型斯卡艾瓦治癒指環
23549,改良型斯卡艾瓦詠咒指環
23550,朱雀直劍
23551,朱雀手甲
23552,朱雀大斧
23553,朱雀長槍
23554,朱雀大弓
23555,朱雀苦無
23556,朱雀大太刀
23557,朱雀短銃
23558,朱雀錫杖
23559,朱雀咒杖
23560,朱雀經典
23561,朱雀文書
23562,朱雀天儀
23563,朱雀直刀
23564,朱雀細劍
23565,朱雀大盾
23566,歐米茄長劍
23567,歐米茄拳套
23568,歐米茄戰斧
23569,歐米茄三尖槍
23570,歐米茄長弓
23571,歐米茄奪命鐮
23572,歐米茄大劍
23573,歐米茄短銃
23574,歐米茄牧杖
23575,歐米茄咒杖
23576,歐米茄魔導書
23577,歐米茄魔導典
23578,歐米茄黃道儀
23579,歐米茄武士刀
23580,歐米茄小劍
23581,歐米茄鳶盾
23582,歐米茄禦敵頭冠
23583,歐米茄禦敵緊身衣
23584,歐米茄禦敵護臂
23585,歐米茄禦敵軟甲褲
23586,歐米茄禦敵皮靴
23587,歐米茄禦敵腰甲
23588,歐米茄制敵頭冠
23589,歐米茄制敵緊身衣
23590,歐米茄制敵護臂
23591,歐米茄制敵軟甲褲
23592,歐米茄制敵皮靴
23593,歐米茄制敵腰甲
23594,歐米茄強襲頭冠
23595,歐米茄強襲緊身衣
23596,歐米茄強襲護臂
23597,歐米茄強襲軟甲褲
23598,歐米茄強襲皮靴
23599,歐米茄強襲腰甲
23600,歐米茄精準頭冠
23601,歐米茄精準外套
23602,歐米茄精準護臂
23603,歐米茄精準軟甲褲
23604,歐米茄精準皮靴
23605,歐米茄精準腰甲
23606,歐米茄游擊頭冠
23607,歐米茄游擊長衣
23608,歐米茄游擊護臂
23609,歐米茄游擊軟甲褲
23610,歐米茄游擊皮靴
23611,歐米茄游擊腰甲
23612,歐米茄治癒帽
23613,歐米茄治癒長衣
23614,歐米茄治癒手套
23615,歐米茄治癒軟甲褲
23616,歐米茄治癒皮靴
23617,歐米茄治癒腰甲
23618,歐米茄詠咒眼罩
23619,歐米茄詠咒外套
23620,歐米茄詠咒手套
23621,歐米茄詠咒軟甲褲
23622,歐米茄詠咒皮靴
23623,歐米茄詠咒腰甲
23624,歐米茄禦敵單耳耳夾
23625,歐米茄強攻單耳耳夾
23626,歐米茄精準單耳耳夾
23627,歐米茄治癒單耳耳夾
23628,歐米茄詠咒單耳耳夾
23629,歐米茄禦敵項釘
23630,歐米茄強攻項釘
23631,歐米茄精準項釘
23632,歐米茄治癒項釘
23633,歐米茄詠咒項釘
23634,歐米茄禦敵手鐲
23635,歐米茄強攻手鐲
23636,歐米茄精準手鐲
23637,歐米茄治癒手鐲
23638,歐米茄詠咒手鐲
23639,歐米茄禦敵指環
23640,歐米茄強攻指環
23641,歐米茄精準指環
23642,歐米茄治癒指環
23643,歐米茄詠咒指環
23644,奧密克戎禦敵頭冠
23645,奧密克戎禦敵緊身衣
23646,奧密克戎禦敵護臂
23647,奧密克戎禦敵軟甲褲
23648,奧密克戎禦敵皮靴
23649,奧密克戎禦敵腰甲
23650,奧密克戎制敵頭冠
23651,奧密克戎制敵緊身衣
23652,奧密克戎制敵護臂
23653,奧密克戎制敵軟甲褲
23654,奧密克戎制敵皮靴
23655,奧密克戎制敵腰甲
23656,奧密克戎強襲頭冠
23657,奧密克戎強襲緊身衣
23658,奧密克戎強襲護臂
23659,奧密克戎強襲軟甲褲
23660,奧密克戎強襲皮靴
23661,奧密克戎強襲腰甲
23662,奧密克戎精準頭冠
23663,奧密克戎精準外套
23664,奧密克戎精準手套
23665,奧密克戎精準軟甲褲
23666,奧密克戎精準高筒靴
23667,奧密克戎精準腰甲
23668,奧密克戎游擊頭冠
23669,奧密克戎游擊長衣
23670,奧密克戎游擊護臂
23671,奧密克戎游擊軟甲褲
23672,奧密克戎游擊高筒靴
23673,奧密克戎游擊腰甲
23674,奧密克戎治癒帽
23675,奧密克戎治癒長衣
23676,奧密克戎治癒手套
23677,奧密克戎治癒軟甲褲
23678,奧密克戎治癒皮靴
23679,奧密克戎治癒腰甲
23680,奧密克戎詠咒眼罩
23681,奧密克戎詠咒外套
23682,奧密克戎詠咒手套
23683,奧密克戎詠咒軟甲褲
23684,奧密克戎詠咒皮靴
23685,奧密克戎詠咒腰甲
23686,奧密克戎禦敵單耳耳夾
23687,奧密克戎強攻單耳耳夾
23688,奧密克戎精準單耳耳夾
23689,奧密克戎治癒單耳耳夾
23690,奧密克戎詠咒單耳耳夾
23691,奧密克戎禦敵項釘
23692,奧密克戎強攻項釘
23693,奧密克戎精準項釘
23694,奧密克戎治癒項釘
23695,奧密克戎詠咒項釘
23696,奧密克戎禦敵手鐲
23697,奧密克戎強攻手鐲
23698,奧密克戎精準手鐲
23699,奧密克戎治癒手鐲
23700,奧密克戎詠咒手鐲
23701,奧密克戎禦敵指環
23702,奧密克戎強攻指環
23703,奧密克戎精準指環
23704,奧密克戎治癒指環
23705,奧密克戎詠咒指環
23706,志願兵禦敵頭盔
23707,志願兵禦敵緊身衣
23708,志願兵禦敵護臂
23709,志願兵禦敵軟甲褲
23710,志願兵禦敵重鎧靴
23711,志願兵禦敵腰帶
23712,志願兵制敵頭盔
23713,志願兵制敵大衣
23714,志願兵制敵手鎧
23715,志願兵制敵軟甲褲
23716,志願兵制敵重鎧靴
23717,志願兵制敵腰帶
23718,志願兵強襲兜帽
23719,志願兵強襲長衣
23720,志願兵強襲手套
23721,志願兵強襲軟甲褲
23722,志願兵強襲長靴
23723,志願兵強襲腰帶
23724,志願兵精準目鏡
23725,志願兵精準大衣
23726,志願兵精準手鎧
23727,志願兵精準軟甲褲
23728,志願兵精準高筒靴
23729,志願兵精準腰帶
23730,志願兵游擊防毒兜帽
23731,志願兵游擊長衣
23732,志願兵游擊手套
23733,志願兵游擊軟甲褲
23734,志願兵游擊長靴
23735,志願兵游擊腰帶
23736,志願兵治癒貝雷帽
23737,志願兵治癒緊身衣
23738,志願兵治癒半指護手
23739,志願兵治癒軟甲褲
23740,志願兵治癒高筒靴
23741,志願兵治癒腰帶
23742,志願兵詠咒口罩
23743,志願兵詠咒緊身衣
23744,志願兵詠咒護臂
23745,志願兵詠咒軟甲褲
23746,志願兵詠咒長靴
23747,志願兵詠咒腰帶
23748,志願兵禦敵耳墜
23749,志願兵強攻耳墜
23750,志願兵精準耳墜
23751,志願兵治癒耳墜
23752,志願兵詠咒耳墜
23753,志願兵禦敵項環
23754,志願兵強攻項環
23755,志願兵精準項環
23756,志願兵治癒項環
23757,志願兵詠咒項環
23758,志願兵禦敵手鐲
23759,志願兵強攻手鐲
23760,志願兵精準手鐲
23761,志願兵治癒手鐲
23762,志願兵詠咒手鐲
23763,志願兵禦敵指環
23764,志願兵強攻指環
23765,志願兵精準指環
23766,志願兵治癒指環
23767,志願兵詠咒指環
23768,羅剎劍
23769,羅剎鐵甲
23770,羅剎大斧
23771,羅剎長槍
23772,羅剎大弓
23773,羅剎短刀
23774,羅剎大太刀
23775,羅剎短銃
23776,羅剎錫杖
23777,羅剎咒杖
23778,羅剎經典
23779,羅剎文書
23780,羅剎天儀
23781,羅剎刀
23782,羅剎細劍
23783,羅剎大盾
23784,羅剎豪士面飾
23785,羅剎豪士袈裟
23786,羅剎豪士籠手
23787,羅剎豪士筒袴
23788,羅剎豪士護脛
23789,羅剎豪士帶
23790,羅剎槍士面飾
23791,羅剎槍士袈裟
23792,羅剎槍士籠手
23793,羅剎槍士筒袴
23794,羅剎槍士護脛
23795,羅剎槍士帶
23796,羅剎拳士眼帶
23797,羅剎拳士羽織
23798,羅剎拳士手甲
23799,羅剎拳士袴
23800,羅剎拳士草履
23801,羅剎拳士帶
23802,羅剎弓士眼帶
23803,羅剎弓士羽織
23804,羅剎弓士手甲
23805,羅剎弓士袴
23806,羅剎弓士草履
23807,羅剎弓士帶
23808,羅剎間士眼帶
23809,羅剎間士羽織
23810,羅剎間士手甲
23811,羅剎間士袴
23812,羅剎間士草履
23813,羅剎間士帶
23814,羅剎學士冠
23815,羅剎學士道衣
23816,羅剎學士手甲
23817,羅剎學士筒袴
23818,羅剎學士草履
23819,羅剎學士帶
23820,羅剎術士冠
23821,羅剎術士道衣
23822,羅剎術士手甲
23823,羅剎術士筒袴
23824,羅剎術士草履
23825,羅剎術士帶
23826,羅剎豪士耳飾
23827,羅剎鬥士耳飾
23828,羅剎弓士耳飾
23829,羅剎學士耳飾
23830,羅剎術士耳飾
23831,羅剎豪士首飾
23832,羅剎鬥士首飾
23833,羅剎弓士首飾
23834,羅剎學士首飾
23835,羅剎術士首飾
23836,羅剎豪士手飾
23837,羅剎鬥士手飾
23838,羅剎弓士手飾
23839,羅剎學士手飾
23840,羅剎術士手飾
23841,羅剎豪士指飾
23842,羅剎鬥士指飾
23843,羅剎弓士指飾
23844,羅剎學士指飾
23845,羅剎術士指飾
23846,服裝模特
23847,羅剎豪士袈裟·改
23848,羅剎槍士袈裟·改
23849,羅剎拳士羽織·改
23850,羅剎弓士羽織·改
23851,羅剎間士羽織·改
23852,羅剎學士道衣·改
23853,羅剎術士道衣·改
23854,魔法棱晶（泡沫之心）
23855,魔法棱晶（乙太之翼）
23856,陸行鳥圓桌
23857,陸行鳥座椅
23858,獺獺圓環行燈
23859,陸行鳥餐桌
23860,第9賽季獨狼獎盃
23861,第10賽季獨狼獎盃
23862,湯鍋燉菜
23863,朱雀的壁掛雕塑
23864,多瑪燈檯樹
23865,多瑪飛地全景圖
23866,降神祭的米袋組合
23867,南瓜旗幟
23868,南瓜蛋糕組合
23869,貓咪腳印
23870,純白星芒樹
23871,星芒祭甜甜圈組合
23872,星芒祭雪人
23873,空的禮物箱
23874,羅蘭莓塔
23875,天然水晶
23876,格里達尼亞捧花
23877,仿製百葉窗
23878,扮家家酒組合
23879,木製展示櫃
23880,毛線編織物
23881,探險旅行包
23882,香料架
23883,麵包置物架
23884,紅木雙層床
23885,提籃
23886,雜亂的內衣
23887,雜亂的打底褲
23888,玻璃瓶套裝
23889,木製托盤
23890,木製杯子套裝
23891,壁掛餐盤置物架
23892,翠綠隔離牆
23893,浴室地板墊
23894,浴室瓦片牆
23895,毛巾套裝
23896,坐墊套裝
23897,小鳥浴池
23898,園藝砂礫
23899,庭園磚地
23900,絨毯
23901,十二神吊燈
23902,白色木牆
23903,腔棘魚級船首
23904,腔棘魚級艦橋
23905,腔棘魚級船體
23906,腔棘魚級船尾
23907,九宮幻卡：機關般若
23908,九宮幻卡：姆德斯德
23909,九宮幻卡：枯腐泥妖
23910,九宮幻卡：霧龍
23911,九宮幻卡：朱雀
23912,九宮幻卡：帕祖祖
23913,九宮幻卡：彭忒西勒亞
23914,九宮幻卡：朝陽·薩斯·布魯圖斯
23915,九宮幻卡：保鑣&大五郎
23916,九宮幻卡：歐米茄
23917,大准牙士劍
23918,大甲士曲刀
23919,大鬥士鬥劍
23920,大牙士拳鋒
23921,大甲士利爪
23922,大鬥士拳鋒
23923,大牙士巨斧
23924,大甲士雙刃斧
23925,大鬥士戰斧
23926,大准牙士槍
23927,大甲士長槍
23928,大鬥士長槍
23929,大牙士戰弓
23930,大甲士戰弓
23931,大鬥士戰弓
23932,大牙士匕首
23933,大甲士短劍
23934,大鬥士砍刀
23935,大牙士巨劍
23936,大甲士重刀
23937,大鬥士斷頭劍
23938,大牙士火槍
23939,大甲士火槍
23940,大鬥士手砲
23941,大牙士牧杖
23942,大甲士牧杖
23943,大鬥士牧杖
23944,大牙士咒杖
23945,大甲士咒杖
23946,大鬥士咒杖
23947,大牙士魔導書
23948,大甲士魔導書
23949,大鬥士魔導書
23950,大牙士魔導典
23951,大甲士魔導典
23952,大鬥士魔導典
23953,大牙士天星盤
23954,大甲士量天儀
23955,大鬥士天球儀
23956,大牙士太刀
23957,大甲士太刀
23958,大鬥士武士刀
23959,大牙士小劍
23960,大甲士刺劍
23961,大鬥士細劍
23962,朱雀圖騰
23963,阿爾法透鏡
23964,阿爾法長杆
23965,阿爾法曲柄
23966,阿爾法彈簧
23967,阿爾法踏板
23968,阿爾法鎖鏈
23969,阿爾法螺栓
23970,阿爾法戰鬥記錄之一
23971,阿爾法戰鬥記錄之二
23972,阿爾法戰鬥記錄之三
23973,阿爾法戰鬥記錄之四
23974,阿爾法幻晶
23975,斯卡艾瓦特製強化藥
23976,斯卡艾瓦特製強化纖維
23977,斯卡艾瓦特製硬化藥
23978,羅薇娜的創世票據
23979,軍用神典石
23980,歐米茄裝備箱（品級405）
23981,SDS芬里爾啟動鑰匙
23982,格拉尼角笛
23983,貓大胖角笛
23984,朱焰神威魔笛
23985,歐米茄認證金鑰
23986,魔導浮空裝甲認證金鑰
23987,魔導機車大魔認證金鑰
23988,黑色胖陸行鳥笛
23989,朱孔雀
23990,迷你阿爾法
23991,迷你歐米茄
23992,迷你古·拉哈
23993,陰小幽
23994,陽小靈
23995,迷你克勞德
23996,迷你艾莉絲
23997,迷你蒂法
23998,泥小點
23999,花籃莫古利
24000,艾爾凡人偶
24001,小長頸駝
24002,水豚幼獸
24003,朱雀的尾部羽毛
24004,私語呢絨大衣
24005,私語呢絨打底褲
24006,私語呢絨短靴
24007,未鑑定的新銳文理碎晶
24008,未鑑定的熟練文理碎晶
24009,未鑑定的治癒文理碎晶
24010,未鑑定的攻勢文理碎晶
24011,未鑑定的守勢文理碎晶
24012,未鑑定的斥候文理碎晶
24013,未鑑定的支援文理碎晶
24014,未鑑定的妨礙文理碎晶
24015,術士的記憶
24016,鬥士的記憶
24017,重騎兵的記憶
24018,守護者的記憶
24019,祭司的記憶
24020,武人的記憶
24021,英傑的加護
24022,文理物防護
24023,文理魔防殼
24024,文理麻痺
24025,文理飄羽步
24026,文理精神鏢
24027,文理驅魔
24028,文理虛槍
24029,文理潛行
24030,文理後跳
24031,文理鎮定
24032,文理浴血
24033,文理療傷
24034,文理中療傷
24035,文理石膚
24036,文理復原
24037,文理激怒
24038,文理復活
24039,元素長劍+1
24040,元素指虎+1
24041,元素戰斧+1
24042,元素龍槍+1
24043,元素豎琴弓+1
24044,元素匕首+1
24045,元素斷頭劍+1
24046,元素手砲+1
24047,元素牧杖+1
24048,元素法杖+1
24049,元素魔導書+1
24050,元素魔導典+1
24051,元素天儀+1
24052,元素武士刀+1
24053,元素刺劍+1
24054,元素之盾+1
24055,元素長劍+2
24056,元素指虎+2
24057,元素戰斧+2
24058,元素龍槍+2
24059,元素豎琴弓+2
24060,元素匕首+2
24061,元素斷頭劍+2
24062,元素手砲+2
24063,元素牧杖+2
24064,元素法杖+2
24065,元素魔導書+2
24066,元素魔導典+2
24067,元素天儀+2
24068,元素武士刀+2
24069,元素刺劍+2
24070,元素之盾+2
24071,湧火長劍
24072,湧火指虎
24073,湧火戰斧
24074,湧火龍槍
24075,湧火豎琴弓
24076,湧火匕首
24077,湧火斷頭劍
24078,湧火手砲
24079,湧火牧杖
24080,湧火法杖
24081,湧火魔導書
24082,湧火魔導典
24083,湧火天儀
24084,湧火武士刀
24085,湧火刺劍
24086,湧火之盾
24087,元素禦敵頭盔
24088,元素禦敵戰甲
24089,元素禦敵手鎧
24090,元素禦敵軟甲褲
24091,元素禦敵皮靴
24092,元素制敵頭盔
24093,元素制敵戰甲
24094,元素制敵手鎧
24095,元素制敵軟甲褲
24096,元素制敵皮靴
24097,元素強襲狩獵帽
24098,元素強襲短衣
24099,元素強襲手套
24100,元素強襲馬褲
24101,元素強襲長靴
24102,元素精準狩獵帽
24103,元素精準短衣
24104,元素精準手套
24105,元素精準馬褲
24106,元素精準長靴
24107,元素游擊頭冠
24108,元素游擊短衣
24109,元素游擊手套
24110,元素游擊馬褲
24111,元素游擊長靴
24112,元素治癒頭冠
24113,元素治癒長衣
24114,元素治癒手套
24115,元素治癒打底褲
24116,元素治癒皮靴
24117,元素詠咒頭冠
24118,元素詠咒長衣
24119,元素詠咒手套
24120,元素詠咒打底褲
24121,元素詠咒皮靴
24122,大火焰亂屬性水晶
24123,彭忒西勒亞的火種
24124,湧火水晶
24125,元素長劍（複製品）
24126,元素指虎（複製品）
24127,元素戰斧（複製品）
24128,元素龍槍（複製品）
24129,元素豎琴弓（複製品）
24130,元素匕首（複製品）
24131,元素斷頭劍（複製品）
24132,元素手砲（複製品）
24133,元素牧杖（複製品）
24134,元素法杖（複製品）
24135,元素魔導書（複製品）
24136,元素魔導典（複製品）
24137,元素天儀（複製品）
24138,元素武士刀（複製品）
24139,元素刺劍（複製品）
24140,元素之盾（複製品）
24141,湧火地帶上鎖的寶箱
24142,發生變異的大火焰上鎖寶箱
24143,朱雀裝甲
24144,武士裝甲
24145,唱詩班禮帽
24146,唱詩班長袍
24147,唱詩班皮靴
24148,東方武官帽
24149,東方武官服
24150,東方武官腕環
24151,東方武官褲
24152,東方武官鞋
24153,東方美姬帽
24154,東方美姬服
24155,東方美姬腕環
24156,東方美姬褲
24157,東方美姬鞋
24158,豪雪之斗笠
24159,豪雪之胴著
24160,豪雪之手甲
24161,豪雪之筒袴
24162,豪雪之木屐
24163,瑪托雅的帽子
24164,鯰魚精面具
24165,馬蹄蓮球莖
24166,紅色馬蹄蓮
24167,藍色馬蹄蓮
24168,黃色馬蹄蓮
24169,綠色馬蹄蓮
24170,橙色馬蹄蓮
24171,紫色馬蹄蓮
24172,白色馬蹄蓮
24173,黑色馬蹄蓮
24174,混色馬蹄蓮
24175,紅色馬蹄蓮頭花
24176,藍色馬蹄蓮頭花
24177,黃色馬蹄蓮頭花
24178,綠色馬蹄蓮頭花
24179,橙色馬蹄蓮頭花
24180,紫色馬蹄蓮頭花
24181,白色馬蹄蓮頭花
24182,黑色馬蹄蓮頭花
24183,混色馬蹄蓮頭花
24184,金織內牆
24185,金箔笠松內牆
24186,南瓜餅乾2019
24187,2018年度群狼盛宴區域錦標賽冠軍之證
24188,2018年度群狼盛宴區域錦標賽冠軍之證
24189,2018年度群狼盛宴區域錦標賽冠軍之證
24190,2018年度群狼盛宴區域錦標賽晉級決賽之證
24191,2018年度群狼盛宴區域錦標賽突破預選之證
24192,黯黑犬靈戰盔
24193,黯黑犬靈戰甲
24194,黯黑犬靈手鎧
24195,黯黑犬靈腿甲
24196,黯黑犬靈鎧靴
24197,第9賽季霸者之證
24198,第9賽季猛者之證
24199,第9賽季強者之證
24200,第10賽季霸者之證
24201,第10賽季猛者之證
24202,第10賽季強者之證
24203,藍彩魚
24204,綠彩魚
24205,拉爾戈鯰魚
24206,紅尾殭屍魚
24207,硬頭鱒
24208,下游魚
24209,骸鰱魚
24210,最後一滴淚
24211,黑蒙魚
24212,解脫魚
24213,公主青鯧
24214,苦爾鰻
24215,大海蛇
24216,羽衣美人
24217,暮輝魚
24218,刀片跳魚
24219,火巨人角笛
24220,演技教材·幻想舞步
24221,演技教材·波波托步
24222,演技教材·確認
24223,
24224,演技教材·說明計畫
24225,演技教材·神典石
24226,基拉巴尼亞邊區詳細地圖
24227,基拉巴尼亞山區詳細地圖
24228,基拉巴尼亞湖區詳細地圖
24229,紅玉海詳細地圖
24230,延夏詳細地圖
24231,太陽神草原詳細地圖
24232,髮型樣式：克勞德
24233,髮型樣式：髮箍式編髮
24234,髮型樣式：傭兵
24235,演技教材·優雅仙人掌
24236,朱漆福鼠武士盔
24237,青漆福鼠武士盔
24238,魔法棱晶（降神糕）
24239,降神糕片
24240,岩鐵
24241,常輝礦
24242,烏侖代硬木原木
24243,延夏棉
24244,大袋鼠的粗皮
24245,基拉巴尼亞碳晶
24246,赤目沙鐵
24247,彗星棉線
24248,基拉巴尼亞蠟
24249,黑呂色漆
24250,千種鋼
24251,常輝鋼錠
24252,烏侖代硬木木材
24253,大袋鼠革
24254,彗星棉布
24255,太陽神泉水
24256,4級剛力之靈水
24257,4級巧力之靈水
24258,4級耐力之靈水
24259,4級智力之靈水
24260,4級意力之靈水
24261,3級剛力之藥湯
24262,3級巧力之藥湯
24263,3級耐力之藥湯
24264,3級智力之藥湯
24265,3級意力之藥湯
24266,木工秘笈第七卷
24267,鍛冶秘笈第七卷
24268,甲胄秘笈第七卷
24269,金工秘笈第七卷
24270,皮革秘笈第七卷
24271,裁縫秘笈第七卷
24272,鍊金秘笈第七卷
24273,烹調秘笈第七卷
24274,路易波士紅茶
24275,生薑沙拉
24276,拉格曼
24277,僧厥鑲茄子
24278,乳酪甜甜圈
24279,鮭魚瑪芬
24280,番茄燉蛋
24281,路易波士紅茶茶葉
24282,洗浸軟質乳酪
24283,特製戌狗娃娃
24284,星芒祭執行委員的證書2019
24285,雷姆普里克斯骰子
24286,陰·陽的皮膜
24287,斯庫爾的牙
24288,延夏居民羽織
24289,管弦樂琴樂譜：星芒之歌
24290,管弦樂琴樂譜：搖籃
24291,管弦樂琴樂譜：觸礁
24292,管弦樂琴樂譜：聖域陷阱
24293,管弦樂琴樂譜：紅蓮戰旗之下
24294,管弦樂琴樂譜：泥中蓮花
24295,管弦樂琴樂譜：死亡大地
24296,管弦樂琴樂譜：千年旭光
24297,管弦樂琴樂譜：戰鬥2δ
24298,管弦樂琴樂譜：決戰δ
24299,管弦樂琴樂譜：最後之戰δ
24300,管弦樂琴樂譜：決戰σ
24301,管弦樂琴樂譜：妖星亂舞σ 第1樂章
24302,管弦樂琴樂譜：妖星亂舞σ 第2樂章
24303,管弦樂琴樂譜：妖星亂舞σ 第3樂章
24304,管弦樂琴樂譜：妖星亂舞σ 第4樂章
24305,管弦樂琴樂譜：戰鬥α
24306,管弦樂琴樂譜：萬龍之祖
24307,管弦樂琴樂譜：Escape
24308,管弦樂琴樂譜：無心者
24309,管弦樂琴樂譜：德爾塔幻境
24310,管弦樂琴樂譜：讓夢乘上翅膀
24311,管弦樂琴樂譜：結局
24312,管弦樂琴樂譜：彼岸花開（晶片音樂版）
24313,管弦樂琴樂譜：神龍見尾（晶片音樂版）
24314,管弦樂琴樂譜：起義（蠻荒神影）
24315,管弦樂琴樂譜：忘卻的彼岸（GUNN演唱版）
24316,管弦樂琴樂譜：沉靜（交響樂版）
24317,管弦樂琴樂譜：災厄蔓延（交響樂版）
24318,管弦樂琴樂譜：凶兆（交響樂版）
24319,陳舊的樂譜：千年旭光
24320,邪龍怨影劍
24321,邪龍怨影之拳
24322,邪龍怨影大斧
24323,邪龍怨影長槍
24324,邪龍怨影弓
24325,邪龍怨影小刀
24326,邪龍怨影大劍
24327,邪龍怨影手砲
24328,邪龍怨影牧杖
24329,邪龍怨影魔杖
24330,邪龍怨影魔導書
24331,邪龍怨影魔導典
24332,邪龍怨影天球儀
24333,邪龍怨影太刀
24334,邪龍怨影刺劍
24335,邪龍怨影盾
24336,私語羊毛
24337,卡托佈雷帕斯角
24338,上級惡魔角
24339,古惡魔長角
24340,巴格斯特裝備箱
24341,黯黑犬靈裝備箱
24342,管弦樂琴樂譜：從天而降者
24343,管弦樂琴樂譜：英傑起義（晶片音樂版）
24344,希爾德拉級船首
24345,希爾德拉級艦橋
24346,希爾德拉級船體
24347,希爾德拉級船尾
24348,鯊魚改級船首
24349,鯊魚改級艦橋
24350,鯊魚改級船體
24351,鯊魚改級船尾
24352,甲鱟改級船首
24353,甲鱟改級艦橋
24354,甲鱟改級船體
24355,甲鱟改級船尾
24356,鬚鯨改級船首
24357,鬚鯨改級艦橋
24358,鬚鯨改級船體
24359,鬚鯨改級船尾
24360,腔棘魚改級船首
24361,腔棘魚改級艦橋
24362,腔棘魚改級船體
24363,腔棘魚改級船尾
24364,希爾德拉改級船首
24365,希爾德拉改級艦橋
24366,希爾德拉改級船體
24367,希爾德拉改級船尾
24368,聯盟禦敵頭盔
24369,聯盟禦敵外套
24370,聯盟禦敵護臂
24371,聯盟禦敵軟甲褲
24372,聯盟禦敵長靴
24373,聯盟禦敵腰帶
24374,聯盟制敵面罩
24375,聯盟制敵坎肩
24376,聯盟制敵護臂
24377,聯盟制敵軟甲褲
24378,聯盟制敵長靴
24379,聯盟制敵腰帶
24380,聯盟強襲面罩
24381,聯盟強襲坎肩
24382,聯盟強襲半指護手
24383,聯盟強襲短裙
24384,聯盟強襲皮靴
24385,聯盟強襲腰帶
24386,聯盟精準面罩
24387,聯盟精準短衣
24388,聯盟精準護臂
24389,聯盟精準軟甲褲
24390,聯盟精準皮靴
24391,聯盟精準腰帶
24392,聯盟游擊頭盔
24393,聯盟游擊坎肩
24394,聯盟游擊半指護手
24395,聯盟游擊短裙
24396,聯盟游擊皮靴
24397,聯盟游擊腰帶
24398,聯盟治癒頭冠
24399,聯盟治癒長衣
24400,聯盟治癒半指護手
24401,聯盟治癒打底褲
24402,聯盟治癒高筒靴
24403,聯盟治癒腰帶
24404,聯盟詠咒頭冠
24405,聯盟詠咒長衣
24406,聯盟詠咒半指護手
24407,聯盟詠咒打底褲
24408,聯盟詠咒高筒靴
24409,聯盟詠咒腰帶
24410,聯盟禦敵耳墜
24411,聯盟強攻耳墜
24412,聯盟精準耳墜
24413,聯盟治癒耳墜
24414,聯盟詠咒耳墜
24415,聯盟禦敵項鍊
24416,聯盟強攻項鍊
24417,聯盟精準項鍊
24418,聯盟治癒項鍊
24419,聯盟詠咒項鍊
24420,聯盟禦敵手鐲
24421,聯盟強攻手鐲
24422,聯盟精準手鐲
24423,聯盟治癒手鐲
24424,聯盟詠咒手鐲
24425,聯盟禦敵戒指
24426,聯盟強攻戒指
24427,聯盟精準戒指
24428,聯盟治癒戒指
24429,聯盟詠咒戒指
24430,伊瓦利斯神聖騎士頭飾
24431,伊瓦利斯神聖騎士戰甲
24432,伊瓦利斯神聖騎士護臂
24433,伊瓦利斯神聖騎士打底褲
24434,伊瓦利斯神聖騎士戰靴
24435,伊瓦利斯神聖騎士腰帶
24436,伊瓦利斯皇家騎士頭飾
24437,伊瓦利斯皇家騎士戰甲
24438,伊瓦利斯皇家騎士護臂
24439,伊瓦利斯皇家騎士打底褲
24440,伊瓦利斯皇家騎士戰靴
24441,伊瓦利斯皇家騎士腰帶
24442,伊瓦利斯勇者頭冠
24443,伊瓦利斯勇者戰衣
24444,伊瓦利斯勇者手鎧
24445,伊瓦利斯勇者打底褲
24446,伊瓦利斯勇者脛甲
24447,伊瓦利斯勇者腰帶
24448,伊瓦利斯空賊帽
24449,伊瓦利斯空賊短衣
24450,伊瓦利斯空賊護身符
24451,伊瓦利斯空賊打底褲
24452,伊瓦利斯空賊鞋
24453,伊瓦利斯空賊腰帶
24454,伊瓦利斯傭兵頭冠
24455,伊瓦利斯傭兵短衣
24456,伊瓦利斯傭兵手鎧
24457,伊瓦利斯傭兵打底褲
24458,伊瓦利斯傭兵脛甲
24459,伊瓦利斯傭兵腰帶
24460,伊瓦利斯神秘人帽
24461,伊瓦利斯神秘人長衣
24462,伊瓦利斯神秘人半手套
24463,伊瓦利斯神秘人打底褲
24464,伊瓦利斯神秘人鞋
24465,伊瓦利斯神秘人腰帶
24466,伊瓦利斯神使面罩
24467,伊瓦利斯神使長衣
24468,伊瓦利斯神使半手套
24469,伊瓦利斯神使打底褲
24470,伊瓦利斯神使靴
24471,伊瓦利斯神使腰帶
24472,青龍直劍
24473,青龍手甲劍
24474,青龍戰斧
24475,青龍長槍
24476,青龍大弓
24477,青龍短刀
24478,青龍蛇腹劍
24479,青龍短銃
24480,青龍錫杖
24481,青龍咒杖
24482,青龍經典
24483,青龍文書
24484,青龍天儀
24485,青龍鱗紋刀
24486,青龍細劍
24487,青龍大盾
24488,猴面雀臺鐘
24489,塗料罐
24490,天然綠水晶
24491,莫古利書架
24492,3級金屬水族箱
24493,4級金屬水族箱
24494,冒險者的畫具
24495,青龍的雕塑
24496,戀人節特製龍蝦大餐
24497,戀人節特製蛋糕組合
24498,彩蛋特製皇冠羊排
24499,彩蛋特製巧克力蛋糕
24500,堆起來的彩蛋
24501,仿製小窗
24502,金貨袋
24503,海底的財寶
24504,仿製等級檢測儀
24505,天然青水晶
24506,貓小胖存錢罐
24507,圓木塔
24508,園藝師的脫水香草
24509,大草原式廚房
24510,四聖獸圖
24511,木製夾層樓板
24512,木製臺階
24513,木製橫樑
24514,純白隔離牆
24515,關東煮套餐
24516,水果架
24517,蔬菜架
24518,甜品架
24519,礦石架
24520,衣料架
24521,藥品架
24522,魔法棱晶袋
24523,綠燈球藻檯燈
24524,蜂蜜罐
24525,紅地毯
24526,壁掛式花盆架
24527,玩偶組合
24528,貓小胖沙發
24529,阿爾法高級玩偶
24530,人偶娃娃
24531,慶典用的散壽司
24532,慶典用的手鞠壽司
24533,第11賽季獨狼獎盃
24534,第12賽季獨狼獎盃
24535,簡易樹屋
24536,園藝師的菜園
24537,大鯰山車
24538,淡青色地毯
24539,邊境內牆
24540,水族箱內飾：月光
24541,鈴蘭的幼苗
24542,紅色鈴蘭
24543,藍色鈴蘭
24544,黃色鈴蘭
24545,綠色鈴蘭
24546,橙色鈴蘭
24547,紫色鈴蘭
24548,白色鈴蘭
24549,黑色鈴蘭
24550,混色鈴蘭
24551,瓦拉其之魂
24552,巫術師假面
24553,巫術師外套
24554,巫術師手套
24555,巫術師打底褲
24556,巫術師皮靴
24557,北境生蠔
24558,紅玉海藻
24559,脈輪鯰
24560,獄卒鮟鱇
24561,奧薩德鮭魚
24562,伊修加爾德菜餚必需品
24563,崖畔亭蒸餾酒必需品
24564,崖畔亭包子必需品
24565,崖畔亭的備用品
24566,釀造奶酒的必需品
24567,熾火玉
24568,蒸餾器素材
24569,大草原香辛料
24570,崖畔亭備用品的素材
24571,釀造道具素材
24572,伊修加爾德菜餚必需品的組件
24573,崖畔亭蒸餾酒必需品的組件
24574,崖畔亭包子必需品的組件
24575,崖畔亭備用品的組件
24576,釀造奶酒必需品的組件
24577,伊修加爾德菜餚必需品的組件的材料
24578,崖畔亭蒸餾酒必需品的組件的材料
24579,崖畔亭包子必需品的組件的材料
24580,崖畔亭備用品的組件的材料
24581,釀造奶酒必需品的組件的材料
24582,真藍禮帽
24583,真藍外衣
24584,真藍手套
24585,真藍軟甲褲
24586,真藍皮靴
24587,真藍裝備箱（品級1）
24588,巫術師裝備箱（品級130）
24589,乙太之光耳墜
24590,花冠
24591,雨兜
24592,雨衣
24593,雨靴
24594,血盟旅行者面罩
24595,血盟旅行者外套
24596,血盟旅行者手套
24597,血盟旅行者軟甲褲
24598,血盟旅行者長靴
24599,東方書生帽
24600,東方書生袴
24601,東方書生草履
24602,東方女生髮帶
24603,東方女生袴
24604,東方女生皮靴
24605,魔石精外套
24606,魔石精打底褲
24607,魔石精皮靴
24608,路希斯王子的外套
24609,路希斯王子的半指手套
24610,路希斯王子的打底褲
24611,路希斯王子的皮靴
24612,鯰魚耳飾
24613,鯰魚領巾
24614,豆柴耳飾
24615,豆柴圍巾
24616,
24617,阿難陀族的寶物
24618,甲人族素材商人契約
24619,甲人族雜用商人契約
24620,甲人族修理工契約
24621,甲人族傭人契約
24622,改良型魔導機車大魔認證金鑰
24623,青君神威魔笛
24624,雷迦利亞G型取車證
24625,九尾神威魔笛
24626,半靈奧斯瑪
24627,魔法飛毯
24628,帝王仙人掌角笛
24629,戰虎角笛
24630,優雷卡鹽藍燕角笛
24631,魔導復仇者寒冷地區特製型認證金鑰
24632,迷你芙蘭
24633,恩莫族人偶
24634,青帝
24635,有限的美德
24636,玩偶運輸機
24637,伽黎亞玩偶
24638,紅甲玩偶
24639,迷你武裝重甲
24640,小雪童子
24641,新型迷你塔塔露
24642,小精怪寶寶
24643,豐水長劍
24644,豐水指虎
24645,豐水戰斧
24646,豐水龍槍
24647,豐水豎琴弓
24648,豐水匕首
24649,豐水斷頭劍
24650,豐水手砲
24651,豐水牧杖
24652,豐水法杖
24653,豐水魔導書
24654,豐水魔導典
24655,豐水天儀
24656,豐水武士刀
24657,豐水刺劍
24658,豐水之盾
24659,豐水長劍+1
24660,豐水指虎+1
24661,豐水戰斧+1
24662,豐水龍槍+1
24663,豐水豎琴弓+1
24664,豐水匕首+1
24665,豐水斷頭劍+1
24666,豐水手砲+1
24667,豐水牧杖+1
24668,豐水法杖+1
24669,豐水魔導書+1
24670,豐水魔導典+1
24671,豐水天儀+1
24672,豐水武士刀+1
24673,豐水刺劍+1
24674,豐水之盾+1
24675,安忒亞
24676,杜穆齊德
24677,沙瑪什
24678,瓔珞蛇
24679,澤鷹
24680,鵲
24681,劍魚
24682,瑪麗弗里斯
24683,夜薔薇
24684,座頭鯨
24685,圖亞
24686,傑巴特
24687,輦道增七
24688,鳥頭太刀
24689,布魯奈羅
24690,柏勒洛豐
24691,安忒亞·優雷卡
24692,杜穆齊德·優雷卡
24693,沙瑪什·優雷卡
24694,瓔珞蛇·優雷卡
24695,澤鷹·優雷卡
24696,鵲·優雷卡
24697,劍魚·優雷卡
24698,瑪麗弗里斯·優雷卡
24699,夜薔薇·優雷卡
24700,座頭鯨·優雷卡
24701,圖亞·優雷卡
24702,傑巴特·優雷卡
24703,輦道增七·優雷卡
24704,鳥頭太刀·優雷卡
24705,布魯奈羅·優雷卡
24706,柏勒洛豐·優雷卡
24707,安忒亞·改
24708,杜穆齊德·改
24709,沙瑪什·改
24710,瓔珞蛇·改
24711,澤鷹·改
24712,鵲·改
24713,劍魚·改
24714,瑪麗弗里斯·改
24715,夜薔薇·改
24716,座頭鯨·改
24717,圖亞·改
24718,傑巴特·改
24719,輦道增七·改
24720,鳥頭太刀·改
24721,布魯奈羅·改
24722,柏勒洛豐·改
24723,元素禦敵頭盔+1
24724,元素禦敵戰甲+1
24725,元素禦敵手鎧+1
24726,元素禦敵軟甲褲+1
24727,元素禦敵皮靴+1
24728,元素制敵頭盔+1
24729,元素制敵戰甲+1
24730,元素制敵手鎧+1
24731,元素制敵軟甲褲+1
24732,元素制敵皮靴+1
24733,元素強襲狩獵帽+1
24734,元素強襲短衣+1
24735,元素強襲手套+1
24736,元素強襲馬褲+1
24737,元素強襲長靴+1
24738,元素精準狩獵帽+1
24739,元素精準短衣+1
24740,元素精準手套+1
24741,元素精準馬褲+1
24742,元素精準長靴+1
24743,元素游擊頭冠+1
24744,元素游擊短衣+1
24745,元素游擊手套+1
24746,元素游擊馬褲+1
24747,元素游擊長靴+1
24748,元素治癒頭冠+1
24749,元素治癒長衣+1
24750,元素治癒手套+1
24751,元素治癒打底褲+1
24752,元素治癒皮靴+1
24753,元素詠咒頭冠+1
24754,元素詠咒長衣+1
24755,元素詠咒手套+1
24756,元素詠咒打底褲+1
24757,元素詠咒皮靴+1
24758,元素禦敵頭盔+2
24759,元素禦敵戰甲+2
24760,元素禦敵手鎧+2
24761,元素禦敵軟甲褲+2
24762,元素禦敵皮靴+2
24763,元素制敵頭盔+2
24764,元素制敵戰甲+2
24765,元素制敵手鎧+2
24766,元素制敵軟甲褲+2
24767,元素制敵皮靴+2
24768,元素強襲狩獵帽+2
24769,元素強襲短衣+2
24770,元素強襲手套+2
24771,元素強襲馬褲+2
24772,元素強襲長靴+2
24773,元素精準狩獵帽+2
24774,元素精準短衣+2
24775,元素精準手套+2
24776,元素精準馬褲+2
24777,元素精準長靴+2
24778,元素游擊頭冠+2
24779,元素游擊短衣+2
24780,元素游擊手套+2
24781,元素游擊馬褲+2
24782,元素游擊長靴+2
24783,元素治癒頭冠+2
24784,元素治癒長衣+2
24785,元素治癒手套+2
24786,元素治癒打底褲+2
24787,元素治癒皮靴+2
24788,元素詠咒頭冠+2
24789,元素詠咒長衣+2
24790,元素詠咒手套+2
24791,元素詠咒打底褲+2
24792,元素詠咒皮靴+2
24793,
24794,陳舊的特殊地圖1
24795,
24796,啟示者之杖
24797,青龍圖騰
24798,繆隆德古錢
24799,青龍裝甲
24800,保鑣裝甲
24801,髮型樣式：拉姆札&阿魯瑪
24802,髮型樣式：諾克提斯
24803,青龍之鱗
24804,疏水棉布
24805,才思敏捷兵團成員的手記
24806,水晶龍之鱗
24807,豐水水晶
24808,優雷卡的斷片
24809,未鑑定的封印文理碎晶
24810,盜賊的記憶
24811,文理銳眼追擊
24812,文理雙刃劍
24813,文理魔法爆發
24814,
24815,神秘印章
24816,大馬士革織物
24817,摩洛的角
24818,戈爾德馬爾的角
24819,刻托的爪子
24820,試製鍊金容器
24821,賜福仙木手鋸
24822,賜福聖鐵鳥嘴錘
24823,賜福玄甲圓頭錘
24824,賜福鎏金工藝錘
24825,賜福韋革裁皮刀
24826,賜福綺衣縫針
24827,賜福煉師蒸餾器
24828,賜福烹炙廚鍋
24829,賜福精礦十字鎬
24830,賜福百草手斧
24831,賜福漁採釣竿
24832,湧火長劍（複製品）
24833,湧火指虎（複製品）
24834,湧火戰斧（複製品）
24835,湧火龍槍（複製品）
24836,湧火豎琴弓（複製品）
24837,湧火匕首（複製品）
24838,湧火斷頭劍（複製品）
24839,湧火手砲（複製品）
24840,湧火牧杖（複製品）
24841,湧火法杖（複製品）
24842,湧火魔導書（複製品）
24843,湧火魔導典（複製品）
24844,湧火天儀（複製品）
24845,湧火武士刀（複製品）
24846,湧火刺劍（複製品）
24847,湧火之盾（複製品）
24848,豐水地帶上鎖的寶箱
24849,發生變異的浸水上鎖寶箱
24850,麒麟豪士大袖
24851,麒麟槍士大袖
24852,麒麟拳士大袖
24853,麒麟間士大袖
24854,麒麟弓士大袖
24855,朱紅術士斗篷
24856,朱紅學士斗篷
24857,香托托魔杖
24858,彭忒西勒亞之槍
24859,紅色鈴蘭頭花
24860,藍色鈴蘭頭花
24861,黃色鈴蘭頭花
24862,綠色鈴蘭頭花
24863,橙色鈴蘭頭花
24864,紫色鈴蘭頭花
24865,白色鈴蘭頭花
24866,黑色鈴蘭頭花
24867,混色鈴蘭頭花
24868,卡邦庫爾吊燈
24869,九宮幻卡：塔塔露·塔露（紅蓮）
24870,九宮幻卡：矮儒
24871,九宮幻卡：艾吉卡·岑吉卡
24872,九宮幻卡：普羅米修士
24873,九宮幻卡：起源守望者
24874,九宮幻卡：青龍
24875,九宮幻卡：阿爾法
24876,九宮幻卡：金鯰大王
24877,九宮幻卡：吉爾伽美什（紅蓮）
24878,九宮幻卡：聖天使阿爾蒂瑪
24879,九宮幻卡：阿爾菲諾&阿莉塞（紅蓮）
24880,九宮幻卡：諾克提斯·路希斯·切拉姆
24881,阿拉米格面紗魚
24882,菜食王
24883,七星
24884,萬刺魨
24885,石榴海
24886,鬼視
24887,仙壽翁
24888,水天一碧
24889,車軸魚
24890,一束彩虹
24891,月神的愛寵
24892,菜葉跳魚
24893,晨曦旗魚
24894,戀人巧克力2020
24895,第11賽季霸者之證
24896,第11賽季猛者之證
24897,第11賽季強者之證
24898,第12賽季霸者之證
24899,第12賽季猛者之證
24900,第12賽季強者之證
24901,綿綿坐墊
24902,南方度假獺獺
24903,小刺蝟
24904,乙太安定板
24905,豐水晶簇
24906,薩雷安絕靈油
24907,地脈安定器
24908,打撈上來的古錢
24909,稀少哲學神典石
24910,夜摩劍
24911,夜摩鐵甲
24912,夜摩大斧
24913,夜摩長槍
24914,夜摩大弓
24915,夜摩短刀
24916,夜摩大太刀
24917,夜摩短銃
24918,夜摩錫杖
24919,夜摩咒杖
24920,夜摩經典
24921,夜摩文書
24922,夜摩天儀
24923,夜摩刀
24924,夜摩細劍
24925,夜摩大盾
24926,夜摩豪士面飾
24927,夜摩豪士袈裟
24928,夜摩豪士籠手
24929,夜摩豪士筒袴
24930,夜摩豪士護脛
24931,夜摩豪士帶
24932,夜摩槍士面飾
24933,夜摩槍士袈裟
24934,夜摩槍士籠手
24935,夜摩槍士筒袴
24936,夜摩槍士護脛
24937,夜摩槍士帶
24938,夜摩拳士眼帶
24939,夜摩拳士羽織
24940,夜摩拳士手甲
24941,夜摩拳士袴
24942,夜摩拳士草履
24943,夜摩拳士帶
24944,夜摩弓士眼帶
24945,夜摩弓士羽織
24946,夜摩弓士手甲
24947,夜摩弓士袴
24948,夜摩弓士草履
24949,夜摩弓士帶
24950,夜摩間士眼帶
24951,夜摩間士羽織
24952,夜摩間士手甲
24953,夜摩間士袴
24954,夜摩間士草履
24955,夜摩間士帶
24956,夜摩學士冠
24957,夜摩學士道衣
24958,夜摩學士手甲
24959,夜摩學士筒袴
24960,夜摩學士草履
24961,夜摩學士帶
24962,夜摩術士冠
24963,夜摩術士道衣
24964,夜摩術士手甲
24965,夜摩術士筒袴
24966,夜摩術士草履
24967,夜摩術士帶
24968,夜摩豪士耳飾
24969,夜摩鬥士耳飾
24970,夜摩弓士耳飾
24971,夜摩學士耳飾
24972,夜摩術士耳飾
24973,夜摩豪士首飾
24974,夜摩鬥士首飾
24975,夜摩弓士首飾
24976,夜摩學士首飾
24977,夜摩術士首飾
24978,夜摩豪士手飾
24979,夜摩鬥士手飾
24980,夜摩弓士手飾
24981,夜摩學士手飾
24982,夜摩術士手飾
24983,夜摩豪士指飾
24984,夜摩鬥士指飾
24985,夜摩弓士指飾
24986,夜摩學士指飾
24987,夜摩術士指飾
24988,羅剎的票據
24989,多瑪靈藥
24990,異刺鯊
24991,鐮甲魚
24992,胸脊鯊
24993,紅龍
24994,七彩天主
24995,眾神之愛
24996,真·斬鐵劍（雙手劍）
24997,真·斬鐵劍
24998,絕對之槍
24999,純白禮服
25000,純白短裙
25001,演技教材·振作精神
25002,演技教材·提醒
25003,演技教材·趾踵步
25004,演技教材·古卜步
25005,魔法棱晶（職業大師）
25006,魔法棱晶（大丁草）
25007,未知的魔導組件
25008,鐵紋礦石
25009,鐵紋鋼
25010,伊修加爾德連衣裙
25011,東方旅裝
25012,天青圖騰·白風
25013,基迦盾
25014,哈利卡納蘇斯劍
25015,巨人斧
25016,浮士德槍
25017,庫姆庫姆杖
25018,木刀
25019,巨兵斷頭劍
25020,基迦巨劍
25021,提燈怪菜刀
25022,神聖女神之劍
25023,神聖女神之拳
25024,神聖女神之斧
25025,神聖女神之戟
25026,神聖女神之弓
25027,神聖女神之刃
25028,神聖女神之巨劍
25029,神聖女神之火
25030,神聖女神之幻杖
25031,神聖女神之玉杖
25032,神聖女神之書
25033,神聖女神之典
25034,神聖女神之儀
25035,神聖女神之刀
25036,神聖女神之刺劍
25037,神聖女神之盾
25038,無限鬼神之劍
25039,無限鬼神之拳
25040,無限鬼神之斧
25041,無限鬼神之戟
25042,無限鬼神之弓
25043,無限鬼神之刀
25044,無限鬼神之大劍
25045,無限鬼神之火
25046,無限鬼神之幻杖
25047,無限鬼神之咒杖
25048,無限鬼神之書
25049,無限鬼神之典
25050,無限鬼神之儀
25051,無限鬼神之太刀
25052,無限鬼神之刺劍
25053,無限鬼神之盾
25054,奇蹟聖靈藥
25055,特製如意金箍棒
25056,上仙裝備箱
25057,金斗雲之書
25058,管弦樂琴樂譜：雲蒸龍變
25059,管弦樂琴樂譜：硝煙彌漫
25060,管弦樂琴樂譜：遊戲理論
25061,管弦樂琴樂譜：東方遊戲
25062,管弦樂琴樂譜：餘光
25063,管弦樂琴樂譜：遺忘的希望
25064,管弦樂琴樂譜：銘記於石
25065,管弦樂琴樂譜：古傷
25066,管弦樂琴樂譜：和諧
25067,管弦樂琴樂譜：樂園之門 - 茹美特庭園
25068,管弦樂琴樂譜：猛攻
25069,管弦樂琴樂譜：動盪
25070,管弦樂琴樂譜：最終救贖
25071,管弦樂琴樂譜：職員名單
25072,管弦樂琴樂譜：阿魯瑪主題曲
25073,管弦樂琴樂譜：繁星之下
25074,管弦樂琴樂譜：緊急1
25075,管弦樂琴樂譜：退熱劑
25076,管弦樂琴樂譜：異形之人
25077,管弦樂琴樂譜：阿爾蒂瑪完美形態
25078,管弦樂琴樂譜：錘頭鯊
25079,管弦樂琴樂譜：幻想圓舞曲
25080,管弦樂琴樂譜：休息與反省
25081,管弦樂琴樂譜：黑暗遮蔽
25082,管弦樂琴樂譜：夜之啟示
25083,管弦樂琴樂譜：快速加油
25084,管弦樂琴樂譜：華彩的山麓（交響樂版）
25085,管弦樂琴樂譜：無限循環（交響樂版）
25086,陳舊的樂譜：雲蒸龍變
25087,
25088,
25089,
25090,
25091,
25092,
25093,
25094,
25095,
25096,
25097,
25098,
25099,
25100,
25101,
25102,
25103,
25104,
25105,
25106,
25107,
25108,
25109,
25110,
25111,
25112,
25113,
25114,
25115,
25116,
25117,
25118,
25119,
25120,
25121,
25122,
25123,
25124,
25125,
25126,
25127,
25128,
25129,
25130,
25131,
25132,
25133,
25134,
25135,
25136,
25137,
25138,
25139,
25140,
25141,
25142,
25143,
25144,
25145,
25146,
25147,
25148,
25149,
25150,
25151,
25152,
25153,
25154,
25155,
25156,
25157,
25158,
25159,
25160,
25161,
25162,
25163,
25164,
25165,
25166,
25167,
25168,
25169,
25170,
25171,
25172,
25173,
25174,
25175,
25176,
25177,
25178,
25179,
25180,左輪槍刃
25181,
25182,
25183,
25184,
25185,
25186,信力魔晶石柒型
25187,神眼魔晶石柒型
25188,武略魔晶石柒型
25189,雄略魔晶石柒型
25190,剛柔魔晶石柒型
25191,達識魔晶石柒型
25192,博識魔晶石柒型
25193,器識魔晶石柒型
25194,名匠魔晶石柒型
25195,魔匠魔晶石柒型
25196,巨匠魔晶石柒型
25197,戰技魔晶石柒型
25198,詠唱魔晶石柒型
25199,巧手白票
25200,大地白票
25201,新銳僱員冒險錄
25202,
25203,
25204,
25205,
25206,
25207,
25208,維艾拉鬥服
25209,維艾拉臂環
25210,維艾拉熱褲
25211,維艾拉涼鞋
25212,硌獅格鬥服
25213,硌獅護腕
25214,硌獅三角褲
25215,硌獅涼鞋
25216,絕槍戰士之證
25217,舞者之證
25218,次序之劍
25219,神之手
25220,尚戈神斧
25221,三尖神槍
25222,必中之弓
25223,丙子椒林劍
25224,暗影使者
25225,北落師門
25226,慈悲之雨杖
25227,喀章嘎天杖
25228,天象論
25229,物理學
25230,南河三天儀
25231,童子切安綱
25232,艾涅阿斯
25233,雄獅之心
25234,黑天輪
25235,吉祥海雲盾
25236,舊化的騎爵頭鏈
25237,舊化的騎爵青銅胸甲
25238,舊化的騎爵手鎧
25239,舊化的騎爵護膝褲
25240,舊化的騎爵鎖甲靴
25241,舊化的比丘帽
25242,舊化的比丘鬥服
25243,舊化的比丘半指護手
25244,舊化的比丘護膝褲
25245,舊化的比丘短靴
25246,舊化的波伊輕盔
25247,舊化的波伊束腰衣
25248,舊化的波伊手鎧
25249,舊化的波伊襯褲
25250,舊化的波伊筒靴
25251,舊化的馭龍戰盔
25252,舊化的馭龍戰鎧
25253,舊化的馭龍手鎧
25254,舊化的馭龍馬褲
25255,舊化的馭龍高筒靴
25256,舊化的詩彩禮帽
25257,舊化的詩彩背心
25258,舊化的詩彩護臂
25259,舊化的詩彩打底褲
25260,舊化的詩彩短靴
25261,舊化的舊醫兜帽
25262,舊化的舊醫長袍
25263,舊化的舊醫護臂
25264,舊化的舊醫短裙
25265,舊化的舊醫高筒靴
25266,舊化的魔巫闊邊帽
25267,舊化的魔巫長袍
25268,舊化的魔巫腕環
25269,舊化的魔巫打底褲
25270,舊化的魔巫短靴
25271,舊化的召引長角
25272,舊化的召引長袍
25273,舊化的召引半指手套
25274,舊化的召引垮褲
25275,舊化的召引尖頭靴
25276,舊化的古術方帽
25277,舊化的古術斗篷
25278,舊化的古術手套
25279,舊化的古術打底褲
25280,舊化的古術筒靴
25281,舊化的服部總面
25282,舊化的服部鎖帷子
25283,舊化的服部手甲
25284,舊化的服部軟褲
25285,舊化的服部纏足
25286,舊化的凶惡輕盔
25287,舊化的凶惡胸甲
25288,舊化的凶惡手鎧
25289,舊化的凶惡重足鎧
25290,舊化的凶惡鎖甲靴
25291,舊化的槍徒寬邊帽
25292,舊化的槍徒外套
25293,舊化的槍徒半指護臂
25294,舊化的槍徒打底褲
25295,舊化的槍徒高筒靴
25296,舊化的預占包頭巾
25297,舊化的預占長衣
25298,舊化的預占護臂
25299,舊化的預占長裙
25300,舊化的預占涼鞋
25301,舊化的春日半頰
25302,舊化的春日羽織
25303,舊化的春日籠手
25304,舊化的春日筒袴
25305,舊化的春日草履
25306,舊化的疾刺船形帽
25307,舊化的疾刺外袍
25308,舊化的疾刺手套
25309,舊化的疾刺打底褲
25310,舊化的疾刺高筒靴
25311,舊化的護衛眼罩
25312,舊化的護衛長袍
25313,舊化的護衛半指護手
25314,舊化的護衛軟甲褲
25315,舊化的護衛高筒靴
25316,舊化的起舞頭飾
25317,舊化的起舞舞衣
25318,舊化的起舞護臂
25319,舊化的起舞打底褲
25320,舊化的起舞舞鞋
25321,
25322,異木手鋸
25323,怪鐵鳥嘴錘
25324,凶甲圓頭錘
25325,惡金工藝錘
25326,妖革裁皮刀
25327,邪衣縫針
25328,煉魔蒸餾器
25329,烹宰廚鍋
25330,鬼礦十字鎬
25331,獷野手斧
25332,漁劫釣竿
25333,異木皮帽
25334,異木圍裙
25335,異木手套
25336,異木腿套
25337,異木工作靴
25338,怪鐵護目鏡
25339,怪鐵圍裙
25340,怪鐵工作手套
25341,怪鐵工作褲
25342,怪鐵長靴
25343,凶甲面罩
25344,凶甲圍裙
25345,凶甲工作手套
25346,凶甲軟甲褲
25347,凶甲工作靴
25348,惡金單片眼鏡
25349,惡金坎肩
25350,惡金短手套
25351,惡金軟甲褲
25352,惡金長靴
25353,妖革花帽
25354,妖革外套
25355,妖革護臂
25356,妖革腿套
25357,妖革高筒靴
25358,邪衣禮帽
25359,邪衣燕尾服
25360,邪衣指套
25361,邪衣長褲
25362,邪衣短靴
25363,煉魔下框眼鏡
25364,煉魔大衣
25365,煉魔手套
25366,煉魔腿套
25367,煉魔皮靴
25368,烹宰廚帽
25369,烹宰圍裙
25370,烹宰連指手套
25371,烹宰軟甲褲
25372,烹宰木鞋
25373,鬼礦頭燈帽
25374,鬼礦工作衫
25375,鬼礦工作手套
25376,鬼礦工作褲
25377,鬼礦工作靴
25378,獷野寬邊草帽
25379,獷野襯衫
25380,獷野半指手套
25381,獷野工作褲
25382,獷野工作靴
25383,漁劫帽
25384,漁劫外套
25385,漁劫工作手套
25386,漁劫工裝褲
25387,漁劫工作靴
25388,隆卡劍
25389,隆卡利爪
25390,隆卡雙刃斧
25391,隆卡游擊槍
25392,隆卡複合弓
25393,隆卡匕首
25394,隆卡巨劍
25395,隆卡手槍
25396,隆卡牧杖
25397,隆卡法杖
25398,隆卡魔導書
25399,隆卡魔導典
25400,隆卡量天儀
25401,隆卡武士刀
25402,隆卡重刺劍
25403,隆卡魔機刃
25404,隆卡環刃
25405,隆卡鳶盾
25406,隆卡禦敵頭盔
25407,隆卡禦敵戰甲
25408,隆卡禦敵手鎧
25409,隆卡禦敵馬褲
25410,隆卡禦敵戰靴
25411,隆卡禦敵腰甲
25412,隆卡制敵頭盔
25413,隆卡制敵戰甲
25414,隆卡制敵護臂
25415,隆卡制敵軟甲褲
25416,隆卡制敵高筒靴
25417,隆卡制敵腰甲
25418,隆卡強襲頭帶
25419,隆卡強襲鎧甲
25420,隆卡強襲護臂
25421,隆卡強襲馬褲
25422,隆卡強襲高筒靴
25423,隆卡強襲腰甲
25424,隆卡精準頭帶
25425,隆卡精準長衣
25426,隆卡精準護臂
25427,隆卡精準軟甲褲
25428,隆卡精準高筒靴
25429,隆卡精準腰甲
25430,隆卡游擊頭巾
25431,隆卡游擊短衣
25432,隆卡游擊護臂
25433,隆卡游擊軟甲褲
25434,隆卡游擊高筒靴
25435,隆卡游擊腰甲
25436,隆卡治癒面罩
25437,隆卡治癒長袍
25438,隆卡治癒護臂
25439,隆卡治癒長褲
25440,隆卡治癒皮靴
25441,隆卡治癒腰甲
25442,隆卡詠咒面罩
25443,隆卡詠咒長袍
25444,隆卡詠咒護臂
25445,隆卡詠咒長褲
25446,隆卡詠咒皮靴
25447,隆卡詠咒腰甲
25448,隆卡禦敵耳墜
25449,隆卡強攻耳墜
25450,隆卡精準耳墜
25451,隆卡治癒耳墜
25452,隆卡詠咒耳墜
25453,隆卡禦敵項鍊
25454,隆卡強攻項鍊
25455,隆卡精準項鍊
25456,隆卡治癒項鍊
25457,隆卡詠咒項鍊
25458,隆卡禦敵手鐲
25459,隆卡強攻手鐲
25460,隆卡精準手鐲
25461,隆卡治癒手鐲
25462,隆卡詠咒手鐲
25463,隆卡禦敵指環
25464,隆卡強攻指環
25465,隆卡精準指環
25466,隆卡治癒指環
25467,隆卡詠咒指環
25468,影淵劍
25469,影淵指虎
25470,影淵斧
25471,影淵長槍
25472,影淵十字弓
25473,影淵小刀
25474,影淵大劍
25475,影淵手槍
25476,影淵符杖
25477,影淵鐮刀
25478,影淵魔導書
25479,影淵魔導典
25480,影淵天星盤
25481,影淵武士刀
25482,影淵刺劍
25483,影淵魔機刃
25484,影淵輪刃
25485,影淵盾
25486,影淵禦敵頭盔
25487,影淵禦敵胸甲
25488,影淵禦敵手鎧
25489,影淵禦敵馬褲
25490,影淵禦敵鎖甲靴
25491,影淵禦敵腰甲
25492,影淵制敵頭盔
25493,影淵制敵胸甲
25494,影淵制敵手鎧
25495,影淵制敵馬褲
25496,影淵制敵鎖甲靴
25497,影淵制敵腰甲
25498,影淵強襲假面
25499,影淵強襲鱗甲
25500,影淵強襲手套
25501,影淵強襲打底褲
25502,影淵強襲脛甲
25503,影淵強襲腰甲
25504,影淵精準禮帽
25505,影淵精準長衣
25506,影淵精準手套
25507,影淵精準馬褲
25508,影淵精準脛甲
25509,影淵精準腰甲
25510,影淵游擊面具
25511,影淵游擊鱗甲
25512,影淵游擊手套
25513,影淵游擊打底褲
25514,影淵游擊脛甲
25515,影淵游擊腰甲
25516,影淵治癒兜帽
25517,影淵治癒鱗甲
25518,影淵治癒護臂
25519,影淵治癒馬褲
25520,影淵治癒脛甲
25521,影淵治癒腰甲
25522,影淵詠咒兜帽
25523,影淵詠咒鱗甲
25524,影淵詠咒護臂
25525,影淵詠咒馬褲
25526,影淵詠咒脛甲
25527,影淵詠咒腰甲
25528,影淵禦敵耳墜
25529,影淵強攻耳墜
25530,影淵精準耳墜
25531,影淵治癒耳墜
25532,影淵詠咒耳墜
25533,影淵禦敵項鍊
25534,影淵強攻項鍊
25535,影淵精準項鍊
25536,影淵治癒項鍊
25537,影淵詠咒項鍊
25538,影淵禦敵手鐲
25539,影淵強攻手鐲
25540,影淵精準手鐲
25541,影淵治癒手鐲
25542,影淵詠咒手鐲
25543,影淵禦敵指環
25544,影淵強攻指環
25545,影淵精準指環
25546,影淵治癒指環
25547,影淵詠咒指環
25548,改良型影淵劍
25549,改良型影淵指虎
25550,改良型影淵斧
25551,改良型影淵長槍
25552,改良型影淵十字弓
25553,改良型影淵小刀
25554,改良型影淵大劍
25555,改良型影淵手槍
25556,改良型影淵符杖
25557,改良型影淵鐮刀
25558,改良型影淵魔導書
25559,改良型影淵魔導典
25560,改良型影淵天星盤
25561,改良型影淵武士刀
25562,改良型影淵刺劍
25563,改良型影淵魔機刃
25564,改良型影淵輪刃
25565,改良型影淵盾
25566,改良型影淵禦敵頭盔
25567,改良型影淵禦敵胸甲
25568,改良型影淵禦敵手鎧
25569,改良型影淵禦敵馬褲
25570,改良型影淵禦敵鎖甲靴
25571,改良型影淵禦敵腰甲
25572,改良型影淵制敵頭盔
25573,改良型影淵制敵胸甲
25574,改良型影淵制敵手鎧
25575,改良型影淵制敵馬褲
25576,改良型影淵制敵鎖甲靴
25577,改良型影淵制敵腰甲
25578,改良型影淵強襲假面
25579,改良型影淵強襲鱗甲
25580,改良型影淵強襲手套
25581,改良型影淵強襲打底褲
25582,改良型影淵強襲脛甲
25583,改良型影淵強襲腰甲
25584,改良型影淵精準禮帽
25585,改良型影淵精準長衣
25586,改良型影淵精準手套
25587,改良型影淵精準馬褲
25588,改良型影淵精準脛甲
25589,改良型影淵精準腰甲
25590,改良型影淵游擊面具
25591,改良型影淵游擊鱗甲
25592,改良型影淵游擊手套
25593,改良型影淵游擊打底褲
25594,改良型影淵游擊脛甲
25595,改良型影淵游擊腰甲
25596,改良型影淵治癒兜帽
25597,改良型影淵治癒鱗甲
25598,改良型影淵治癒護臂
25599,改良型影淵治癒馬褲
25600,改良型影淵治癒脛甲
25601,改良型影淵治癒腰甲
25602,改良型影淵詠咒兜帽
25603,改良型影淵詠咒鱗甲
25604,改良型影淵詠咒護臂
25605,改良型影淵詠咒馬褲
25606,改良型影淵詠咒脛甲
25607,改良型影淵詠咒腰甲
25608,改良型影淵禦敵耳墜
25609,改良型影淵強攻耳墜
25610,改良型影淵精準耳墜
25611,改良型影淵治癒耳墜
25612,改良型影淵詠咒耳墜
25613,改良型影淵禦敵項鍊
25614,改良型影淵強攻項鍊
25615,改良型影淵精準項鍊
25616,改良型影淵治癒項鍊
25617,改良型影淵詠咒項鍊
25618,改良型影淵禦敵手鐲
25619,改良型影淵強攻手鐲
25620,改良型影淵精準手鐲
25621,改良型影淵治癒手鐲
25622,改良型影淵詠咒手鐲
25623,改良型影淵禦敵指環
25624,改良型影淵強攻指環
25625,改良型影淵精準指環
25626,改良型影淵治癒指環
25627,改良型影淵詠咒指環
25628,深金雙刃劍
25629,深金三尖拳劍
25630,深金戰斧
25631,白橡木游擊槍
25632,白橡木複合弓
25633,深金五指劍
25634,深金大劍
25635,深金左輪槍
25636,白橡木牧杖
25637,白橡木法杖
25638,斯劍虎革魔導書
25639,斯劍虎革魔導典
25640,石金量天儀
25641,深金武士刀
25642,石金重刺劍
25643,深金槍刃
25644,深金戰輪
25645,深金鳶盾
25646,深金禦敵頭盔
25647,深金禦敵胸甲
25648,深金禦敵手鎧
25649,斯劍虎革禦敵軟甲褲
25650,深金禦敵鎖甲靴
25651,深金禦敵護腰帶
25652,石金制敵頭飾
25653,白麻制敵罩衣
25654,斯劍虎革制敵手套
25655,斯劍虎革制敵軟甲褲
25656,斯劍虎革制敵護腿
25657,深金制敵護腰帶
25658,白麻強襲兜帽
25659,白麻強襲長衫
25660,白麻強襲長手套
25661,白麻強襲打底褲
25662,斯劍虎革強襲露趾長靴
25663,深金強襲護腰帶
25664,白麻精準兜帽
25665,白麻精準長衫
25666,白麻精準長手套
25667,白麻精準打底褲
25668,斯劍虎革精準露趾長靴
25669,深金精準護腰帶
25670,深金游擊口罩
25671,白麻游擊緊身衣
25672,斯劍虎革游擊手套
25673,白麻游擊騎兵褲
25674,斯劍虎革游擊筒靴
25675,深金游擊護腰帶
25676,白麻治癒帽
25677,白麻治癒鬥服
25678,斯劍虎革治癒護臂
25679,白麻治癒騎兵褲
25680,斯劍虎革治癒筒靴
25681,深金治癒護腰帶
25682,白麻詠咒帽
25683,白麻詠咒鬥服
25684,斯劍虎革詠咒護臂
25685,白麻詠咒騎兵褲
25686,斯劍虎革詠咒筒靴
25687,深金詠咒護腰帶
25688,烏鋼石禦敵耳墜
25689,烏鋼石強攻耳墜
25690,烏鋼石精準耳墜
25691,烏鋼石治癒耳墜
25692,烏鋼石詠咒耳墜
25693,烏鋼石禦敵項環
25694,烏鋼石強攻項環
25695,烏鋼石精準項環
25696,烏鋼石治癒項環
25697,烏鋼石詠咒項環
25698,島狼禦敵手鐲
25699,島狼強攻手鐲
25700,島狼精準手鐲
25701,島狼治癒手鐲
25702,島狼詠咒手鐲
25703,島狼禦敵指環
25704,島狼強攻指環
25705,島狼精準指環
25706,島狼治癒指環
25707,島狼詠咒指環
25708,雷克蘭德長劍
25709,雷克蘭德利爪
25710,雷克蘭德戰斧
25711,雷克蘭德長槍
25712,雷克蘭德複合弓
25713,雷克蘭德小刀
25714,雷克蘭德巨劍
25715,雷克蘭德重砲
25716,雷克蘭德牧杖
25717,雷克蘭德法杖
25718,雷克蘭德魔導書
25719,雷克蘭德魔導典
25720,雷克蘭德量天儀
25721,雷克蘭德武士刀
25722,雷克蘭德小劍
25723,雷克蘭德魔機刃
25724,雷克蘭德輪刃
25725,雷克蘭德鳶盾
25726,雷克蘭德禦敵兜帽
25727,雷克蘭德禦敵大衣
25728,雷克蘭德禦敵手鎧
25729,雷克蘭德禦敵馬褲
25730,雷克蘭德禦敵脛甲
25731,雷克蘭德禦敵腰帶
25732,雷克蘭德制敵頭箍
25733,雷克蘭德制敵胸甲
25734,雷克蘭德制敵手鎧
25735,雷克蘭德制敵長褲
25736,雷克蘭德制敵鎧靴
25737,雷克蘭德制敵腰帶
25738,雷克蘭德強襲眼罩
25739,雷克蘭德強襲作戰服
25740,雷克蘭德強襲手套
25741,雷克蘭德強襲長褲
25742,雷克蘭德強襲高筒靴
25743,雷克蘭德強襲腰帶
25744,雷克蘭德精準船型帽
25745,雷克蘭德精準外套
25746,雷克蘭德精準手套
25747,雷克蘭德精準軟甲褲
25748,雷克蘭德精準筒靴
25749,雷克蘭德精準腰帶
25750,雷克蘭德游擊眼罩
25751,雷克蘭德游擊作戰服
25752,雷克蘭德游擊手套
25753,雷克蘭德游擊長褲
25754,雷克蘭德游擊高筒靴
25755,雷克蘭德游擊腰帶
25756,雷克蘭德治癒帽
25757,雷克蘭德治癒長袍
25758,雷克蘭德治癒手套
25759,雷克蘭德治癒馬褲
25760,雷克蘭德治癒高筒靴
25761,雷克蘭德治癒腰帶
25762,雷克蘭德詠咒船形帽
25763,雷克蘭德詠咒大衣
25764,雷克蘭德詠咒手套
25765,雷克蘭德詠咒軟甲褲
25766,雷克蘭德詠咒筒靴
25767,雷克蘭德詠咒腰帶
25768,雷克蘭德禦敵耳墜
25769,雷克蘭德強攻耳墜
25770,雷克蘭德精準耳墜
25771,雷克蘭德治癒耳墜
25772,雷克蘭德詠咒耳墜
25773,雷克蘭德禦敵項鍊
25774,雷克蘭德強攻項鍊
25775,雷克蘭德精準項鍊
25776,雷克蘭德治癒項鍊
25777,雷克蘭德詠咒項鍊
25778,雷克蘭德禦敵手鐲
25779,雷克蘭德強攻手鐲
25780,雷克蘭德精準手鐲
25781,雷克蘭德治癒手鐲
25782,雷克蘭德詠咒手鐲
25783,雷克蘭德禦敵指環
25784,雷克蘭德強攻指環
25785,雷克蘭德精準指環
25786,雷克蘭德治癒指環
25787,雷克蘭德詠咒指環
25788,深金短劍
25789,深金指虎
25790,深金大斧
25791,仙果木長槍
25792,仙果木長弓
25793,深金小刀
25794,深金巨劍
25795,深金明火槍
25796,仙果木牧杖
25797,仙果木長杖
25798,綠飄龍革魔導書
25799,綠飄龍革魔導典
25800,石金太陽儀
25801,深金打刀
25802,石金刺劍
25803,深金刺刀
25804,深金圓月輪
25805,深金堅盾
25806,深金禦敵翼冠
25807,深金禦敵輕甲
25808,深金禦敵手套
25809,綠飄龍革禦敵馬褲
25810,綠飄龍革禦敵高筒靴
25811,深金禦敵腰甲
25812,虹繭制敵頭飾
25813,深金制敵戰甲
25814,深金制敵手鎧
25815,綠飄龍革制敵馬褲
25816,深金制敵鎖甲靴
25817,深金制敵腰甲
25818,虹繭強襲圓頂帽
25819,虹繭強襲棉甲
25820,綠飄龍革強襲手套
25821,虹繭強襲打底褲
25822,綠飄龍革強襲高筒靴
25823,深金強襲腰甲
25824,虹繭精準寬邊帽
25825,虹繭精準棉甲
25826,綠飄龍革精準手套
25827,虹繭精準打底褲
25828,綠飄龍革精準筒靴
25829,深金精準腰甲
25830,虹繭游擊圓頂帽
25831,虹繭游擊棉甲
25832,綠飄龍革游擊手套
25833,虹繭游擊打底褲
25834,綠飄龍革游擊高筒靴
25835,深金游擊護腰甲
25836,虹繭治癒帽
25837,虹繭治癒上裝
25838,綠飄龍革治癒手套
25839,虹繭治癒打底褲
25840,綠飄龍革治癒筒靴
25841,深金治癒護腰甲
25842,虹繭詠咒帽
25843,虹繭詠咒鬥上裝
25844,綠飄龍革詠咒手套
25845,虹繭詠咒打底褲
25846,綠飄龍革詠咒筒靴
25847,深金詠咒護腰甲
25848,硬水鋁石禦敵耳墜
25849,硬水鋁石強攻耳墜
25850,硬水鋁石精準耳墜
25851,硬水鋁石治癒耳墜
25852,硬水鋁石詠咒耳墜
25853,硬水鋁石禦敵項環
25854,硬水鋁石強攻項環
25855,硬水鋁石精準項環
25856,硬水鋁石治癒項環
25857,硬水鋁石詠咒項環
25858,硬水鋁石禦敵手鐲
25859,硬水鋁石強攻手鐲
25860,硬水鋁石精準手鐲
25861,硬水鋁石治癒手鐲
25862,硬水鋁石詠咒手鐲
25863,硬水鋁石禦敵指環
25864,硬水鋁石強攻指環
25865,硬水鋁石精準指環
25866,硬水鋁石治癒指環
25867,硬水鋁石詠咒指環
25868,妖精劍
25869,妖精指虎
25870,妖精重斧
25871,妖精長槍
25872,妖精長弓
25873,妖精匕首
25874,妖精斷頭劍
25875,妖精短銃
25876,妖精牧杖
25877,妖精法杖
25878,妖精魔導書
25879,妖精魔導典
25880,妖精天星盤
25881,妖精武士刀
25882,妖精刺劍
25883,妖精魔機刃
25884,妖精環刃
25885,妖精盾
25886,孚布特禦敵頭箍
25887,孚布特禦敵短衣
25888,孚布特禦敵手鎧
25889,孚布特禦敵束膝褲
25890,孚布特禦敵脛甲
25891,孚布特禦敵腰帶
25892,孚布特制敵頭箍
25893,孚布特制敵短衣
25894,孚布特制敵手鎧
25895,孚布特制敵束膝褲
25896,孚布特制敵脛甲
25897,孚布特制敵腰帶
25898,孚布特強襲頭箍
25899,孚布特強襲短衣
25900,孚布特強襲手鎧
25901,孚布特強襲束膝褲
25902,孚布特強襲高筒靴
25903,孚布特強襲腰帶
25904,孚布特精準貝雷帽
25905,孚布特精準短衣
25906,孚布特精準手鎧
25907,孚布特精準束膝褲
25908,孚布特精準高筒靴
25909,孚布特精準腰帶
25910,孚布特游擊頭箍
25911,孚布特游擊短衣
25912,孚布特游擊手鎧
25913,孚布特游擊束膝褲
25914,孚布特游擊高筒靴
25915,孚布特游擊腰帶
25916,孚布特治癒帽
25917,孚布特治癒束腰衣
25918,孚布特治癒手套
25919,孚布特治癒軟甲褲
25920,孚布特治癒靴
25921,孚布特治癒腰帶
25922,孚布特詠咒帽
25923,孚布特詠咒束腰衣
25924,孚布特詠咒手套
25925,孚布特詠咒軟甲褲
25926,孚布特詠咒靴
25927,孚布特詠咒腰帶
25928,孚布特禦敵耳墜
25929,孚布特強攻耳墜
25930,孚布特精準耳墜
25931,孚布特治癒耳墜
25932,孚布特詠咒耳墜
25933,孚布特禦敵項鍊
25934,孚布特強攻項鍊
25935,孚布特精準項鍊
25936,孚布特治癒項鍊
25937,孚布特詠咒項鍊
25938,孚布特禦敵腕環
25939,孚布特強攻腕環
25940,孚布特精準腕環
25941,孚布特治癒腕環
25942,孚布特詠咒腕環
25943,孚布特禦敵指環
25944,孚布特強攻指環
25945,孚布特精準指環
25946,孚布特治癒指環
25947,孚布特詠咒指環
25948,靈青劍
25949,靈青虎爪
25950,靈青重斧
25951,靈青長槍
25952,靈青長弓
25953,靈青小刀
25954,靈青斷頭劍
25955,靈青手砲
25956,靈青牧杖
25957,靈青法杖
25958,靈青魔導書
25959,靈青魔導典
25960,靈青天球儀
25961,靈青打刀
25962,靈青刺劍
25963,靈青槍刃
25964,靈青輪刃
25965,靈青塔盾
25966,靈青禦敵頭盔
25967,靈青禦敵胸甲
25968,靈青禦敵手鎧
25969,野蠻盜龍革禦敵馬褲
25970,靈青禦敵鎧靴
25971,靈青禦敵腰帶
25972,靈青制敵頭盔
25973,靈青制敵胸甲
25974,靈青制敵手鎧
25975,野蠻盜龍革制敵馬褲
25976,靈青制敵鎧靴
25977,靈青制敵腰帶
25978,仙子棉強襲狩獵帽
25979,仙子棉強襲棉甲
25980,仙子棉強襲袖套
25981,仙子棉強襲及膝褲
25982,野蠻盜龍革強襲高筒靴
25983,靈青強襲腰帶
25984,野蠻盜龍革精準頭甲
25985,野蠻盜龍革精準護甲
25986,野蠻盜龍革精準護臂
25987,仙子棉精準襯褲
25988,野蠻盜龍革精準腿甲靴
25989,靈青精準腰帶
25990,野蠻盜龍革游擊頭甲
25991,野蠻盜龍革游擊護甲
25992,野蠻盜龍革游擊護臂
25993,仙子棉游擊襯褲
25994,野蠻盜龍革游擊腿甲靴
25995,靈青游擊腰帶
25996,仙子棉治癒兜帽
25997,仙子棉治癒長袍
25998,野蠻盜龍革治癒護臂
25999,仙子棉治癒長褲
26000,野蠻盜龍革治癒筒靴
26001,靈青治癒護腰帶
26002,靈青詠咒頭甲
26003,野蠻盜龍革詠咒大衣
26004,野蠻盜龍革詠咒手套
26005,仙子棉詠咒長褲
26006,靈青詠咒脛甲
26007,靈青詠咒護腰帶
26008,白梣木禦敵耳墜
26009,白梣木強攻耳墜
26010,白梣木精準耳墜
26011,白梣木治癒耳墜
26012,白梣木詠咒耳墜
26013,野蠻盜龍革禦敵項鍊
26014,野蠻盜龍革強攻項鍊
26015,野蠻盜龍革精準項鍊
26016,野蠻盜龍革治癒項鍊
26017,野蠻盜龍革詠咒項鍊
26018,野蠻盜龍革禦敵手鐲
26019,野蠻盜龍革強攻手鐲
26020,野蠻盜龍革精準手鐲
26021,野蠻盜龍革治癒手鐲
26022,野蠻盜龍革詠咒手鐲
26023,青金石禦敵指環
26024,青金石強攻指環
26025,青金石精準指環
26026,青金石治癒指環
26027,青金石詠咒指環
26028,奇坦那守衛者之劍
26029,奇坦那守衛者指虎
26030,奇坦那守衛者重斧
26031,奇坦那守衛者長槍
26032,奇坦那守衛者戰弓
26033,奇坦那守衛者匕首
26034,奇坦那守衛者斷頭劍
26035,奇坦那守衛者手砲
26036,奇坦那守衛者牧杖
26037,奇坦那守衛者法杖
26038,奇坦那守衛者魔導書
26039,奇坦那守衛者魔導典
26040,奇坦那守衛者天星盤
26041,奇坦那守衛者武士刀
26042,奇坦那守衛者刺劍
26043,奇坦那守衛者鋸刃
26044,奇坦那守衛者環刃
26045,奇坦那守衛者之盾
26046,奇坦那禦敵頭帶
26047,奇坦那禦敵坎肩
26048,奇坦那禦敵護臂
26049,奇坦那禦敵腿套
26050,奇坦那禦敵高筒靴
26051,奇坦那禦敵腰圍
26052,奇坦那制敵頭帶
26053,奇坦那制敵坎肩
26054,奇坦那制敵護臂
26055,奇坦那制敵腿套
26056,奇坦那制敵高筒靴
26057,奇坦那制敵腰圍
26058,奇坦那強襲頭帶
26059,奇坦那強襲鬥服
26060,奇坦那強襲護臂
26061,奇坦那強襲長褲
26062,奇坦那強襲涼鞋
26063,奇坦那強襲腰圍
26064,奇坦那精準頭帶
26065,奇坦那精準鬥服
26066,奇坦那精準護臂
26067,奇坦那精準長褲
26068,奇坦那精準涼鞋
26069,奇坦那精準腰圍
26070,奇坦那游擊頭飾
26071,奇坦那游擊鬥服
26072,奇坦那游擊護臂
26073,奇坦那游擊長褲
26074,奇坦那游擊涼鞋
26075,奇坦那游擊腰圍
26076,奇坦那治癒頭帶
26077,奇坦那治癒鬥服
26078,奇坦那治癒半指手套
26079,奇坦那治癒長褲
26080,奇坦那治癒涼鞋
26081,奇坦那治癒腰圍
26082,奇坦那詠咒頭帶
26083,奇坦那詠咒鬥服
26084,奇坦那詠咒半指手套
26085,奇坦那詠咒長褲
26086,奇坦那詠咒涼鞋
26087,奇坦那詠咒腰圍
26088,奇坦那禦敵耳墜
26089,奇坦那強攻耳墜
26090,奇坦那精準耳墜
26091,奇坦那治癒耳墜
26092,奇坦那詠咒耳墜
26093,奇坦那禦敵項環
26094,奇坦那強攻項環
26095,奇坦那精準項環
26096,奇坦那治癒項環
26097,奇坦那詠咒項環
26098,奇坦那禦敵手鐲
26099,奇坦那強攻手鐲
26100,奇坦那精準手鐲
26101,奇坦那治癒手鐲
26102,奇坦那詠咒手鐲
26103,奇坦那禦敵指環
26104,奇坦那強攻指環
26105,奇坦那精準指環
26106,奇坦那治癒指環
26107,奇坦那詠咒指環
26108,鈦銅曲劍
26109,鈦銅拳套
26110,鈦銅戰斧
26111,沙柚木刺槍
26112,沙柚木長弓
26113,鈦銅小刀
26114,鈦銅斷頭劍
26115,鈦銅火槍
26116,沙柚木牧杖
26117,沙柚木法杖
26118,纏尾蛟革魔導書
26119,纏尾蛟革魔導典
26120,鈦銅天球儀
26121,鈦銅打刀
26122,鈦銅刺劍
26123,鈦銅刺刀
26124,鈦銅圓月輪
26125,鈦銅塔盾
26126,鈦銅禦敵頭甲
26127,纏尾蛟革禦敵外套
26128,纏尾蛟革禦敵半指護手
26129,力山羊禦敵打底褲
26130,纏尾蛟革禦敵戰靴
26131,鈦銅禦敵腰甲
26132,鈦銅制敵頭甲
26133,纏尾蛟革制敵外套
26134,纏尾蛟革制敵半指護手
26135,力山羊制敵打底褲
26136,纏尾蛟革制敵戰靴
26137,鈦銅制敵腰甲
26138,力山羊強襲毛帽
26139,力山羊強襲大衣
26140,纏尾蛟革強襲半指護手
26141,力山羊強襲短裙
26142,纏尾蛟革強襲戰靴
26143,鈦銅強襲腰甲
26144,力山羊精準毛帽
26145,力山羊精準束腰衣
26146,纏尾蛟革精準半指護手
26147,力山羊精準打底褲
26148,纏尾蛟革精準涼鞋
26149,鈦銅精準腰甲
26150,鈦銅游擊頭帶
26151,力山羊游擊長衣
26152,纏尾蛟革游擊半指護手
26153,力山羊游擊打底褲
26154,纏尾蛟革游擊戰靴
26155,鈦銅游擊腰甲
26156,力山羊治癒毛帽
26157,力山羊治癒長衣
26158,纏尾蛟革治癒半指護手
26159,力山羊治癒短裙
26160,纏尾蛟革治癒戰靴
26161,鈦銅治癒腰甲
26162,力山羊詠咒毛帽
26163,力山羊詠咒束腰衣
26164,纏尾蛟革詠咒半指護手
26165,力山羊詠咒打底褲
26166,纏尾蛟革詠咒涼鞋
26167,鈦銅詠咒腰甲
26168,三重石禦敵耳墜
26169,三重石強攻耳墜
26170,三重石精準耳墜
26171,三重石治癒耳墜
26172,三重石詠咒耳墜
26173,三重石禦敵項環
26174,三重石強攻項環
26175,三重石精準項環
26176,三重石治癒項環
26177,三重石詠咒項環
26178,三重石禦敵手鐲
26179,三重石強攻手鐲
26180,三重石精準手鐲
26181,三重石治癒手鐲
26182,三重石詠咒手鐲
26183,三重石禦敵指環
26184,三重石強攻指環
26185,三重石精準指環
26186,三重石治癒指環
26187,三重石詠咒指環
26188,拿巴示艾蘭長劍
26189,拿巴示艾蘭利爪
26190,拿巴示艾蘭重斧
26191,拿巴示艾蘭長槍
26192,拿巴示艾蘭戰弓
26193,拿巴示艾蘭小刀
26194,拿巴示艾蘭重劍
26195,拿巴示艾蘭火彈
26196,拿巴示艾蘭牧杖
26197,拿巴示艾蘭法杖
26198,拿巴示艾蘭魔導書
26199,拿巴示艾蘭魔導典
26200,拿巴示艾蘭天星盤
26201,拿巴示艾蘭武士刀
26202,拿巴示艾蘭重刺劍
26203,拿巴示艾蘭魔機刃
26204,拿巴示艾蘭圓月輪
26205,拿巴示艾蘭鳶盾
26206,拿巴示艾蘭禦敵盔帽
26207,拿巴示艾蘭禦敵坎肩
26208,拿巴示艾蘭禦敵手鎧
26209,拿巴示艾蘭禦敵軟甲褲
26210,拿巴示艾蘭禦敵流蘇靴
26211,拿巴示艾蘭禦敵腰帶
26212,拿巴示艾蘭制敵盔帽
26213,拿巴示艾蘭制敵坎肩
26214,拿巴示艾蘭制敵手鎧
26215,拿巴示艾蘭制敵軟甲褲
26216,拿巴示艾蘭制敵流蘇靴
26217,拿巴示艾蘭制敵腰帶
26218,拿巴示艾蘭強襲頭甲
26219,拿巴示艾蘭強襲工作服
26220,拿巴示艾蘭強襲手套
26221,拿巴示艾蘭強襲短裙
26222,拿巴示艾蘭強襲脛甲
26223,拿巴示艾蘭強襲腰帶
26224,拿巴示艾蘭精準圍巾
26225,拿巴示艾蘭精準坎肩
26226,拿巴示艾蘭精準纏手帶
26227,拿巴示艾蘭精準長褲
26228,拿巴示艾蘭精準尖頭靴
26229,拿巴示艾蘭精準腰帶
26230,拿巴示艾蘭游擊包頭巾
26231,拿巴示艾蘭游擊大衣
26232,拿巴示艾蘭游擊手套
26233,拿巴示艾蘭游擊打底褲
26234,拿巴示艾蘭游擊涼鞋
26235,拿巴示艾蘭游擊腰帶
26236,拿巴示艾蘭治癒帽
26237,拿巴示艾蘭治癒工作服
26238,拿巴示艾蘭治癒手套
26239,拿巴示艾蘭治癒打底褲
26240,拿巴示艾蘭治癒皮靴
26241,拿巴示艾蘭治癒腰帶
26242,拿巴示艾蘭詠咒王冠
26243,拿巴示艾蘭詠咒工作服
26244,拿巴示艾蘭詠咒手套
26245,拿巴示艾蘭詠咒打底褲
26246,拿巴示艾蘭詠咒皮靴
26247,拿巴示艾蘭詠咒腰帶
26248,拿巴示艾蘭禦敵耳墜
26249,拿巴示艾蘭強攻耳墜
26250,拿巴示艾蘭精準耳墜
26251,拿巴示艾蘭治癒耳墜
26252,拿巴示艾蘭詠咒耳墜
26253,拿巴示艾蘭禦敵項環
26254,拿巴示艾蘭強攻項環
26255,拿巴示艾蘭精準項環
26256,拿巴示艾蘭治癒項環
26257,拿巴示艾蘭詠咒項環
26258,拿巴示艾蘭禦敵手環
26259,拿巴示艾蘭強攻手環
26260,拿巴示艾蘭精準手環
26261,拿巴示艾蘭治癒手環
26262,拿巴示艾蘭詠咒手環
26263,拿巴示艾蘭禦敵指環
26264,拿巴示艾蘭強攻指環
26265,拿巴示艾蘭精準指環
26266,拿巴示艾蘭治癒指環
26267,拿巴示艾蘭詠咒指環
26268,矮人銀鎬
26269,矮人銀指虎
26270,矮人銀重錘
26271,癒瘡木矮人刺槍
26272,癒瘡木矮人複合弓
26273,矮人銀切割刃
26274,矮人銀斷頭劍
26275,矮人銀手槍
26276,癒瘡木矮人牧杖
26277,癒瘡木矮人玉杖
26278,矮人銀魔導書
26279,矮人銀魔導典
26280,矮人銀天星盤
26281,矮人銀打刀
26282,矮人銀刺劍
26283,矮人銀魔機刃
26284,矮人銀輪刃
26285,矮人銀盾
26286,矮人銀禦敵頭盔
26287,矮人銀禦敵鏈甲
26288,海燕革禦敵手套
26289,矮人棉禦敵束膝褲
26290,矮人銀禦敵短靴
26291,矮人銀禦敵護腰帶
26292,矮人銀制敵頭盔
26293,矮人銀制敵鏈甲
26294,海燕革制敵手套
26295,矮人棉制敵束膝褲
26296,矮人銀制敵短靴
26297,矮人銀制敵護腰帶
26298,矮人銀強襲頭盔
26299,矮人銀強襲鏈甲
26300,海燕革強襲手套
26301,矮人棉強襲束膝褲
26302,海燕革強襲短靴
26303,矮人銀強襲護腰帶
26304,矮人棉精準包頭巾
26305,海燕革精準長袍
26306,海燕革精準手套
26307,矮人棉精準束膝褲
26308,矮人銀精準短靴
26309,矮人銀精準護腰帶
26310,矮人棉游擊包頭巾
26311,海燕革游擊外套
26312,海燕革游擊手套
26313,矮人棉游擊束膝褲
26314,矮人銀游擊短靴
26315,矮人銀游擊護腰帶
26316,矮人棉治癒闊邊帽
26317,海燕革治癒長袍
26318,海燕革治癒手套
26319,矮人棉治癒束膝褲
26320,海燕革治癒短靴
26321,矮人銀治癒護腰帶
26322,矮人棉詠咒闊邊帽
26323,海燕革詠咒長袍
26324,海燕革詠咒手套
26325,矮人棉詠咒束膝褲
26326,海燕革詠咒短靴
26327,矮人銀詠咒護腰帶
26328,透鋰長石禦敵耳墜
26329,透鋰長石強攻耳墜
26330,透鋰長石精準耳墜
26331,透鋰長石治癒耳墜
26332,透鋰長石詠咒耳墜
26333,透鋰長石禦敵項環
26334,透鋰長石強攻項環
26335,透鋰長石精準項環
26336,透鋰長石治癒項環
26337,透鋰長石詠咒項環
26338,透鋰長石禦敵手鐲
26339,透鋰長石強攻手鐲
26340,透鋰長石精準手鐲
26341,透鋰長石治癒手鐲
26342,透鋰長石詠咒手鐲
26343,透鋰長石禦敵指環
26344,透鋰長石強攻指環
26345,透鋰長石精準指環
26346,透鋰長石治癒指環
26347,透鋰長石詠咒指環
26348,寬恕劍
26349,寬恕利爪
26350,寬恕雙刃斧
26351,寬恕三尖槍
26352,寬恕長弓
26353,寬恕小刀
26354,寬恕巨劍
26355,寬恕左輪槍
26356,寬恕牧杖
26357,寬恕法杖
26358,寬恕魔導書
26359,寬恕魔導典
26360,寬恕天星盤
26361,寬恕武士刀
26362,寬恕花劍
26363,寬恕魔機刃
26364,寬恕圓月輪
26365,寬恕之盾
26366,寬恕禦敵頭箍
26367,寬恕禦敵戰甲
26368,寬恕禦敵手鎧
26369,寬恕禦敵馬褲
26370,寬恕禦敵鎧靴
26371,寬恕禦敵腰帶
26372,寬恕制敵頭箍
26373,寬恕制敵鎧甲
26374,寬恕制敵手鎧
26375,寬恕制敵馬褲
26376,寬恕制敵脛甲
26377,寬恕制敵腰帶
26378,寬恕強襲頭箍
26379,寬恕強襲胸衣
26380,寬恕強襲手套
26381,寬恕強襲馬褲
26382,寬恕強襲戰靴
26383,寬恕強襲腰帶
26384,寬恕精準闊邊帽
26385,寬恕精準短袖罩衣
26386,寬恕精準手套
26387,寬恕精準馬褲
26388,寬恕精準長靴
26389,寬恕精準腰帶
26390,寬恕游擊頭箍
26391,寬恕游擊胸衣
26392,寬恕游擊手套
26393,寬恕游擊馬褲
26394,寬恕游擊戰靴
26395,寬恕游擊腰帶
26396,寬恕治癒闊邊帽
26397,寬恕治癒長袍
26398,寬恕治癒手套
26399,寬恕治癒短裙
26400,寬恕治癒涼鞋
26401,寬恕治癒腰帶
26402,寬恕詠咒闊邊帽
26403,寬恕詠咒長袍
26404,寬恕詠咒手套
26405,寬恕詠咒短裙
26406,寬恕詠咒涼鞋
26407,寬恕詠咒腰帶
26408,寬恕禦敵耳墜
26409,寬恕強攻耳墜
26410,寬恕精準耳墜
26411,寬恕治癒耳墜
26412,寬恕詠咒耳墜
26413,寬恕禦敵項鍊
26414,寬恕強攻項鍊
26415,寬恕精準項鍊
26416,寬恕治癒項鍊
26417,寬恕詠咒項鍊
26418,寬恕禦敵手鐲
26419,寬恕強攻手鐲
26420,寬恕精準手鐲
26421,寬恕治癒手鐲
26422,寬恕詠咒手鐲
26423,寬恕禦敵指環
26424,寬恕強攻指環
26425,寬恕精準指環
26426,寬恕治癒指環
26427,寬恕詠咒指環
26428,緩罪劍
26429,木偶師
26430,復仇魔斧
26431,行空
26432,海島之弓
26433,絲音
26434,暴風舌大劍
26435,凶犯
26436,淨路之杖
26437,催化之杖
26438,魔咒手稿
26439,實用主義
26440,北河三天儀
26441,行蘊
26442,驚異刺劍
26443,守護之刃
26444,深淵輪刃
26445,領主盾
26446,中庸禦敵頭冠
26447,中庸禦敵戰鎧
26448,中庸禦敵手鎧
26449,中庸禦敵鎖甲騎兵褲
26450,中庸禦敵鎧靴
26451,中庸禦敵腰帶
26452,中庸制敵頭冠
26453,中庸制敵戰鎧
26454,中庸制敵手鎧
26455,中庸制敵打底褲
26456,中庸制敵鎧靴
26457,中庸制敵腰帶
26458,中庸強襲頭冠
26459,中庸強襲鬥服
26460,中庸強襲手套
26461,中庸強襲束膝褲
26462,中庸強襲涼鞋
26463,中庸強襲護腰帶
26464,中庸精準包頭巾
26465,中庸精準罩衣
26466,中庸精準半指手套
26467,中庸精準襯褲
26468,中庸精準筒靴
26469,中庸精準護腰帶
26470,中庸游擊包頭巾
26471,中庸游擊外套
26472,中庸游擊手套
26473,中庸游擊打底褲
26474,中庸游擊高筒靴
26475,中庸游擊護腰帶
26476,中庸治癒禮帽
26477,中庸治癒長衣
26478,中庸治癒禮服手套
26479,中庸治癒軟甲褲
26480,中庸治癒長靴
26481,中庸治癒護腰帶
26482,中庸詠咒寬邊帽
26483,中庸詠咒長衣
26484,中庸詠咒半手套
26485,中庸詠咒打底褲
26486,中庸詠咒長靴
26487,中庸詠咒護腰帶
26488,中庸禦敵耳墜
26489,中庸強攻耳墜
26490,中庸精準耳墜
26491,中庸治癒耳墜
26492,中庸詠咒耳墜
26493,中庸禦敵項環
26494,中庸強攻項環
26495,中庸精準項環
26496,中庸治癒項環
26497,中庸詠咒項環
26498,中庸禦敵手鐲
26499,中庸強攻手鐲
26500,中庸精準手鐲
26501,中庸治癒手鐲
26502,中庸詠咒手鐲
26503,中庸禦敵指環
26504,中庸強攻指環
26505,中庸精準指環
26506,中庸治癒指環
26507,中庸詠咒指環
26508,鯊魚級船首骨架
26509,鯊魚級艦橋骨架
26510,鯊魚級船體骨架
26511,鯊魚級船尾骨架
26512,甲鱟級船首骨架
26513,甲鱟級艦橋骨架
26514,甲鱟級船體骨架
26515,甲鱟級船尾骨架
26516,鬚鯨級船首骨架
26517,鬚鯨級艦橋骨架
26518,鬚鯨級船體骨架
26519,鬚鯨級船尾骨架
26520,腔棘魚級船首骨架
26521,腔棘魚級艦橋骨架
26522,腔棘魚級船體骨架
26523,腔棘魚級船尾骨架
26524,希爾德拉級船首骨架
26525,希爾德拉級艦橋骨架
26526,希爾德拉級船體骨架
26527,希爾德拉級船尾骨架
26528,黃檀木材
26529,柳杉原木
26530,柳杉木材
26531,純鈦礦
26532,純鈦板
26533,狩獵任務的戰利品
26534,
26535,
26536,
26537,紅蓮冒險錄
26538,騎士冒險錄·紅蓮之章
26539,武僧冒險錄·紅蓮之章
26540,戰士冒險錄·紅蓮之章
26541,龍騎士冒險錄·紅蓮之章
26542,忍者冒險錄·紅蓮之章
26543,吟遊詩人冒險錄·紅蓮之章
26544,白魔道士冒險錄·紅蓮之章
26545,黑魔道士冒險錄·紅蓮之章
26546,召喚士冒險錄·紅蓮之章
26547,學者冒險錄·紅蓮之章
26548,暗黑騎士冒險錄·紅蓮之章
26549,機工士冒險錄·紅蓮之章
26550,占星術師冒險錄·紅蓮之章
26551,武士冒險錄·紅蓮之章
26552,赤魔道士冒險錄·紅蓮之章
26553,改訂版生存學指南
26554,改訂版工程學指南
26555,
26556,
26557,
26558,
26559,
26560,
26561,
26562,
26563,
26564,
26565,
26566,
26567,
26568,
26569,
26570,
26571,
26572,
26573,
26574,
26575,
26576,
26577,
26578,
26579,
26580,
26581,
26582,
26583,
26584,
26585,
26586,
26587,
26588,
26589,
26590,
26591,
26592,
26593,
26594,
26595,
26596,
26597,
26598,
26599,
26600,
26601,
26602,
26603,
26604,
26605,
26606,
26607,
26608,
26609,
26610,
26611,
26612,
26613,
26614,
26615,
26616,
26617,
26618,
26619,
26620,
26621,
26622,
26623,
26624,
26625,
26626,
26627,
26628,
26629,
26630,
26631,
26632,
26633,
26634,
26635,
26636,
26637,
26638,
26639,
26640,
26641,
26642,
26643,
26644,
26645,
26646,
26647,
26648,
26649,
26650,
26651,
26652,
26653,
26654,
26655,
26656,
26657,
26658,
26659,
26660,
26661,
26662,
26663,
26664,
26665,
26666,
26667,
26668,
26669,
26670,
26671,
26672,
26673,
26674,
26675,
26676,
26677,
26678,
26679,
26680,
26681,
26682,
26683,
26684,
26685,
26686,
26687,
26688,
26689,
26690,
26691,
26692,
26693,
26694,
26695,
26696,
26697,
26698,
26699,
26700,
26701,
26702,
26703,
26704,
26705,
26706,
26707,
26708,
26709,
26710,
26711,
26712,
26713,
26714,
26715,
26716,
26717,
26718,
26719,
26720,
26721,
26722,
26723,
26724,
26725,
26726,
26727,信力魔晶石捌型
26728,神眼魔晶石捌型
26729,武略魔晶石捌型
26730,雄略魔晶石捌型
26731,剛柔魔晶石捌型
26732,達識魔晶石捌型
26733,博識魔晶石捌型
26734,器識魔晶石捌型
26735,名匠魔晶石捌型
26736,魔匠魔晶石捌型
26737,巨匠魔晶石捌型
26738,戰技魔晶石捌型
26739,詠唱魔晶石捌型
26740,水晶都頭盔
26741,水晶都短袖罩衣
26742,水晶都手鎧
26743,水晶都脛甲
26744,陳舊的綠飄龍革地圖
26745,陳舊的纏尾蛟革地圖
26746,八眼鰻
26747,奶蠔
26748,大王鏡貝
26749,琥珀鮟鱇
26750,棉布鱒
26751,普洛斯彼羅鰻
26752,野生生物的痕跡
26753,野生生物的遺留物
26754,巨大生物的進食痕跡
26755,巨大生物的痕跡
26756,古代生物的皮膚碎片
26757,薄暗靈砂
26758,九宮幻卡：阿馬羅
26759,九宮幻卡：惡魔兵裝
26760,九宮幻卡：采夫婦
26761,九宮幻卡：巨人掌
26762,九宮幻卡：菲奧·烏兒
26763,九宮幻卡：魯納爾
26764,九宮幻卡：蓋雷諾爾特
26765,九宮幻卡：斐利亞
26766,九宮幻卡：妖精王緹坦妮雅
26767,九宮幻卡：艾洛斯
26768,九宮幻卡：斯托爾戈
26769,九宮幻卡：畏懼裝甲
26770,九宮幻卡：萊楠
26771,九宮幻卡：遊末邦的小丑
26772,九宮幻卡：無瑕靈君
26773,九宮幻卡：雅·修朵拉（漆黑）
26774,九宮幻卡：尤里安傑（漆黑）
26775,九宮幻卡：蘭吉特
26776,九宮幻卡：黑迪斯
26777,九宮幻卡：阿爾博特
26778,仙子玲龍魔笛
26779,氣墊船認證金鑰
26780,三角龍角笛
26781,青蛙號M啟動鑰匙
26782,魔法飛床
26783,無瑕玲龍魔笛
26784,小惡精靈·阿里曼音叉
26785,迷你第一世界雅·修朵拉
26786,迷你琳
26787,黑豆柴
26788,變色龍
26789,水妖人偶
26790,小犰狳
26791,隆卡的水蛇？
26792,迷你巨人掌
26793,小小冰海天使
26794,小鴨嘴獸
26795,迷你伊甸
26796,大河狸
26797,朱雀機關人偶
26798,迷你歐米茄M
26799,迷你歐米茄F
26800,叮叮搖鈴
26801,石蓮小蝟
26802,小判鮫級潛水艇
26803,鯨頭鸛
26804,蝴蝶效應
26805,青蛙號A
26806,得到寬恕的仇恨
26807,雙色寶石
26808,礦物傳承錄·諾弗蘭特篇
26809,草木傳承錄·諾弗蘭特篇
26810,魚類傳承錄·諾弗蘭特篇
26811,華美型中庸禦敵戰鎧
26812,華美型中庸制敵戰鎧
26813,華美型中庸強襲鬥服
26814,華美型中庸精準罩衣
26815,華美型中庸游擊外套
26816,華美型中庸治癒長衣
26817,華美型中庸詠咒長衣
26818,新生祭票據2020
26819,惰性多面晶簇
26820,惰性多面水晶
26821,惰性星形晶簇
26822,惰性星形水晶
26823,庫洛獎狀：銅獎
26824,白橡木武器箱（品級385）
26825,白橡木頭部裝備箱（品級385）
26826,白橡木身體裝備箱（品級385）
26827,白橡木手臂裝備箱（品級385）
26828,白橡木腿部裝備箱（品級385）
26829,白橡木腳部裝備箱（品級385）
26830,白橡木腰帶裝備箱（品級385）
26831,白橡木耳部裝備箱（品級385）
26832,白橡木頸部裝備箱（品級385）
26833,白橡木腕部裝備箱（品級385）
26834,白橡木指環裝備箱（品級385）
26835,深金武器箱（品級395）
26836,深金頭部裝備箱（品級395）
26837,深金身體裝備箱（品級395）
26838,深金手臂裝備箱（品級395）
26839,深金腿部裝備箱（品級395）
26840,深金腳部裝備箱（品級395）
26841,深金腰帶裝備箱（品級395）
26842,深金耳部裝備箱（品級395）
26843,深金頸部裝備箱（品級395）
26844,深金腕部裝備箱（品級395）
26845,深金指環裝備箱（品級395）
26846,靈青武器箱（品級403）
26847,靈青頭部裝備箱（品級403）
26848,靈青身體裝備箱（品級403）
26849,靈青手臂裝備箱（品級403）
26850,靈青腿部裝備箱（品級403）
26851,靈青腳部裝備箱（品級403）
26852,靈青腰帶裝備箱（品級403）
26853,靈青耳部裝備箱（品級403）
26854,靈青頸部裝備箱（品級403）
26855,靈青腕部裝備箱（品級403）
26856,靈青指環裝備箱（品級403）
26857,鈦銅武器箱（品級409）
26858,鈦銅頭部裝備箱（品級409）
26859,鈦銅身體裝備箱（品級409）
26860,鈦銅手臂裝備箱（品級409）
26861,鈦銅腿部裝備箱（品級409）
26862,鈦銅腳部裝備箱（品級409）
26863,鈦銅腰帶裝備箱（品級409）
26864,鈦銅耳部裝備箱（品級409）
26865,鈦銅頸部裝備箱（品級409）
26866,鈦銅腕部裝備箱（品級409）
26867,鈦銅指環裝備箱（品級409）
26868,矮人銀武器箱（品級415）
26869,矮人銀頭部裝備箱（品級415）
26870,矮人銀身體裝備箱（品級415）
26871,矮人銀手臂裝備箱（品級415）
26872,矮人銀腿部裝備箱（品級415）
26873,矮人銀腳部裝備箱（品級415）
26874,矮人銀腰帶裝備箱（品級415）
26875,矮人銀耳部裝備箱（品級415）
26876,矮人銀頸部裝備箱（品級415）
26877,矮人銀腕部裝備箱（品級415）
26878,矮人銀指環裝備箱（品級415）
26879,大龍脈豪士裝備箱（品級370）
26880,大龍脈槍士裝備箱（品級370）
26881,大龍脈拳士裝備箱（品級370）
26882,大龍脈弓士裝備箱（品級370）
26883,大龍脈間士裝備箱（品級370）
26884,大龍脈學士裝備箱（品級370）
26885,大龍脈術士裝備箱（品級370）
26886,大龍脈豪士飾品箱（品級370）
26887,大龍脈鬥士飾品箱（品級370）
26888,大龍脈弓士飾品箱（品級370）
26889,大龍脈學士飾品箱（品級370）
26890,大龍脈術士飾品箱（品級370）
26891,大龍脈武器箱（品級370）
26892,伊甸之恩武器箱（品級475）
26893,伊甸之恩頭部裝備箱（品級470）
26894,伊甸之恩身體裝備箱（品級470）
26895,伊甸之恩手臂裝備箱（品級470）
26896,伊甸之恩腿部裝備箱（品級470）
26897,伊甸之恩腳部裝備箱（品級470）
26898,伊甸之恩腰帶裝備箱（品級470）
26899,伊甸之恩耳部裝備箱（品級470）
26900,伊甸之恩頸部裝備箱（品級470）
26901,伊甸之恩腕部裝備箱（品級470）
26902,伊甸之恩指環裝備箱（品級470）
26903,斯卡艾瓦禦敵飾品箱
26904,斯卡艾瓦強攻飾品箱
26905,斯卡艾瓦精準飾品箱
26906,斯卡艾瓦治癒飾品箱
26907,斯卡艾瓦詠咒飾品箱
26908,亞馬烏羅提禦敵腰帶
26909,亞馬烏羅提制敵腰帶
26910,亞馬烏羅提強襲腰帶
26911,亞馬烏羅提精準腰帶
26912,亞馬烏羅提游擊腰帶
26913,亞馬烏羅提治癒腰帶
26914,亞馬烏羅提詠咒腰帶
26915,亞馬烏羅提禦敵耳墜
26916,亞馬烏羅提強攻耳墜
26917,亞馬烏羅提精準耳墜
26918,亞馬烏羅提治癒耳墜
26919,亞馬烏羅提詠咒耳墜
26920,亞馬烏羅提禦敵項環
26921,亞馬烏羅提強攻項環
26922,亞馬烏羅提精準項環
26923,亞馬烏羅提治癒項環
26924,亞馬烏羅提詠咒項環
26925,亞馬烏羅提禦敵手環
26926,亞馬烏羅提強攻手環
26927,亞馬烏羅提精準手環
26928,亞馬烏羅提治癒手環
26929,亞馬烏羅提詠咒手環
26930,亞馬烏羅提禦敵指環
26931,亞馬烏羅提強攻指環
26932,亞馬烏羅提精準指環
26933,亞馬烏羅提治癒指環
26934,亞馬烏羅提詠咒指環
26935,伊甸之恩手半劍
26936,伊甸之恩指虎
26937,伊甸之恩戰斧
26938,伊甸之恩長槍
26939,伊甸之恩豎琴弓
26940,伊甸之恩匕首
26941,伊甸之恩巨劍
26942,伊甸之恩左輪槍
26943,伊甸之恩牧杖
26944,伊甸之恩法杖
26945,伊甸之恩魔導書
26946,伊甸之恩魔導典
26947,伊甸之恩天星盤
26948,伊甸之恩武士刀
26949,伊甸之恩刺劍
26950,伊甸之恩魔機刃
26951,伊甸之恩環刃
26952,伊甸之恩之盾
26953,伊甸之恩禦敵戰盔
26954,伊甸之恩禦敵戰鎧
26955,伊甸之恩禦敵手鎧
26956,伊甸之恩禦敵軟甲褲
26957,伊甸之恩禦敵脛甲
26958,伊甸之恩禦敵腰甲
26959,伊甸之恩制敵頭盔
26960,伊甸之恩制敵戰鎧
26961,伊甸之恩制敵手鎧
26962,伊甸之恩制敵軟甲褲
26963,伊甸之恩制敵脛甲
26964,伊甸之恩制敵腰甲
26965,伊甸之恩強襲頭鏈
26966,伊甸之恩強襲長袍
26967,伊甸之恩強襲護臂
26968,伊甸之恩強襲喇叭褲
26969,伊甸之恩強襲涼鞋
26970,伊甸之恩強襲腰甲
26971,伊甸之恩精準頭盔
26972,伊甸之恩精準戰鎧
26973,伊甸之恩精準手鎧
26974,伊甸之恩精準軟甲褲
26975,伊甸之恩精準脛甲
26976,伊甸之恩精準腰甲
26977,伊甸之恩游擊頭冠
26978,伊甸之恩游擊短衣
26979,伊甸之恩游擊半指手套
26980,伊甸之恩游擊馬褲
26981,伊甸之恩游擊高筒靴
26982,伊甸之恩游擊腰甲
26983,伊甸之恩治癒頭鏈
26984,伊甸之恩治癒長袍
26985,伊甸之恩治癒護臂
26986,伊甸之恩治癒喇叭褲
26987,伊甸之恩治癒涼鞋
26988,伊甸之恩治癒腰甲
26989,伊甸之恩詠咒頭冠
26990,伊甸之恩詠咒外套
26991,伊甸之恩詠咒半指手套
26992,伊甸之恩詠咒馬褲
26993,伊甸之恩詠咒高筒靴
26994,伊甸之恩詠咒腰甲
26995,伊甸之恩禦敵耳墜
26996,伊甸之恩強攻耳墜
26997,伊甸之恩精準耳墜
26998,伊甸之恩治癒耳墜
26999,伊甸之恩詠咒耳墜
27000,伊甸之恩禦敵項環
27001,伊甸之恩強攻項環
27002,伊甸之恩精準項環
27003,伊甸之恩治癒項環
27004,伊甸之恩詠咒項環
27005,伊甸之恩禦敵手環
27006,伊甸之恩強攻手環
27007,伊甸之恩精準手環
27008,伊甸之恩治癒手環
27009,伊甸之恩詠咒手環
27010,伊甸之恩禦敵指環
27011,伊甸之恩強攻指環
27012,伊甸之恩精準指環
27013,伊甸之恩治癒指環
27014,伊甸之恩詠咒指環
27015,伊甸之門禦敵戰盔
27016,伊甸之門禦敵戰鎧
27017,伊甸之門禦敵手鎧
27018,伊甸之門禦敵軟甲褲
27019,伊甸之門禦敵脛甲
27020,伊甸之門禦敵腰甲
27021,伊甸之門制敵頭盔
27022,伊甸之門制敵戰鎧
27023,伊甸之門制敵手鎧
27024,伊甸之門制敵軟甲褲
27025,伊甸之門制敵脛甲
27026,伊甸之門制敵腰甲
27027,伊甸之門強襲頭鏈
27028,伊甸之門強襲長袍
27029,伊甸之門強襲護臂
27030,伊甸之門強襲喇叭褲
27031,伊甸之門強襲涼鞋
27032,伊甸之門強襲腰甲
27033,伊甸之門精準頭盔
27034,伊甸之門精準戰鎧
27035,伊甸之門精準手鎧
27036,伊甸之門精準軟甲褲
27037,伊甸之門精準脛甲
27038,伊甸之門精準腰甲
27039,伊甸之門游擊頭冠
27040,伊甸之門游擊短衣
27041,伊甸之門游擊半指手套
27042,伊甸之門游擊馬褲
27043,伊甸之門游擊高筒靴
27044,伊甸之門游擊腰甲
27045,伊甸之門治癒頭鏈
27046,伊甸之門治癒長袍
27047,伊甸之門治癒護臂
27048,伊甸之門治癒喇叭褲
27049,伊甸之門治癒涼鞋
27050,伊甸之門治癒腰甲
27051,伊甸之門詠咒頭冠
27052,伊甸之門詠咒外套
27053,伊甸之門詠咒半指手套
27054,伊甸之門詠咒馬褲
27055,伊甸之門詠咒高筒靴
27056,伊甸之門詠咒腰甲
27057,伊甸之門禦敵耳墜
27058,伊甸之門強攻耳墜
27059,伊甸之門精準耳墜
27060,伊甸之門治癒耳墜
27061,伊甸之門詠咒耳墜
27062,伊甸之門禦敵項環
27063,伊甸之門強攻項環
27064,伊甸之門精準項環
27065,伊甸之門治癒項環
27066,伊甸之門詠咒項環
27067,伊甸之門禦敵手環
27068,伊甸之門強攻手環
27069,伊甸之門精準手環
27070,伊甸之門治癒手環
27071,伊甸之門詠咒手環
27072,伊甸之門禦敵指環
27073,伊甸之門強攻指環
27074,伊甸之門精準指環
27075,伊甸之門治癒指環
27076,伊甸之門詠咒指環
27077,深金手鋸
27078,深金橫頭錘
27079,深金圓頭錘
27080,深金工藝錘
27081,深金裁皮刀
27082,石金縫針
27083,深金蒸餾器
27084,深金秧雞平底鍋
27085,深金十字鎬
27086,深金手斧
27087,白橡木釣竿
27088,深金羊角錘
27089,深金銼刀
27090,深金手鉗
27091,白橡木砂輪機
27092,深金平斬
27093,白橡木紡車
27094,深金研缽
27095,深金廚刀
27096,深金碎石錘
27097,深金鐮刀
27098,靈青圓手鋸
27099,靈青橫頭錘
27100,靈青圓頭錘
27101,靈青工藝錘
27102,靈青圓革刀
27103,魔銀縫針
27104,靈青蒸餾器
27105,靈青仙子豬平底鍋
27106,靈青十字鎬
27107,靈青手斧
27108,白梣木釣竿
27109,靈青羊角錘
27110,靈青銼刀
27111,靈青手鉗
27112,白梣木砂輪機
27113,靈青平斬
27114,白梣木紡車
27115,靈青研缽
27116,靈青廚刀
27117,靈青碎石錘
27118,靈青鐮刀
27119,鈦銅手鋸
27120,鈦銅橫頭錘
27121,鈦銅球頂錘
27122,鈦銅金工錘
27123,鈦銅皮革刀
27124,鈦銅縫針
27125,鈦銅蒸餾器
27126,鈦銅莫古利平底鍋
27127,鈦銅十字鎬
27128,鈦銅手斧
27129,沙柚木釣竿
27130,鈦銅羊角錘
27131,鈦銅銼刀
27132,鈦銅手鉗
27133,沙柚木沙輪機
27134,鈦銅平斬
27135,沙柚木紡車
27136,鈦銅研缽
27137,鈦銅廚刀
27138,鈦銅碎石錘
27139,鈦銅鐮刀
27140,矮人銀手鋸
27141,矮人銀橫頭錘
27142,矮人銀圓頭錘
27143,矮人銀工藝錘
27144,矮人銀圓革刀
27145,矮人銀縫針
27146,矮人銀蒸餾器
27147,矮人銀平底鍋
27148,矮人銀十字鎬
27149,矮人銀手斧
27150,癒瘡木釣竿
27151,矮人銀羊角錘
27152,矮人銀銼刀
27153,矮人銀手鉗
27154,癒瘡木砂輪機
27155,矮人銀平斬
27156,癒瘡木紡車
27157,矮人銀研缽
27158,矮人銀廚刀
27159,矮人銀碎石錘
27160,矮人銀鐮刀
27161,白麻巧匠包頭巾
27162,白麻巧匠工作服
27163,斯劍虎革巧匠手套
27164,白麻巧匠打底褲
27165,斯劍虎革巧匠工作靴
27166,白麻大地包頭巾
27167,白麻大地大衣
27168,斯劍虎革大地手套
27169,白麻大地打底褲
27170,斯劍虎革大地工作靴
27171,仙子棉巧匠工作帽
27172,仙子棉巧匠圍裙
27173,仙子棉巧匠袖套
27174,仙子棉巧匠馬褲
27175,野蠻盜龍革巧匠長靴
27176,野蠻盜龍革大地工作帽
27177,野蠻盜龍革大地坎肩
27178,野蠻盜龍革大地手套
27179,仙子棉大地工作褲
27180,野蠻盜龍革大地工作靴
27181,力山羊巧匠包頭巾
27182,纏尾蛟革巧匠外套
27183,纏尾蛟革巧匠手套
27184,力山羊巧匠束膝褲
27185,纏尾蛟革巧匠工作靴
27186,力山羊大地包頭巾
27187,纏尾蛟革大地長袍
27188,纏尾蛟革大地手套
27189,力山羊大地束膝褲
27190,纏尾蛟革大地工作靴
27191,矮人棉貝雷帽
27192,矮人棉外套
27193,海燕革半指手套
27194,矮人棉軟甲褲
27195,海燕革短靴
27196,矮人棉頭帶
27197,海燕革長衣
27198,海燕革手套
27199,矮人棉馬褲
27200,海燕革長靴
27201,斯劍虎革工具腰帶
27202,白橡木耳墜
27203,白橡木項鍊
27204,白橡木手鐲
27205,白橡木指環
27206,斯劍虎革生存腰帶
27207,斯劍虎革耳墜
27208,斯劍虎革項環
27209,斯劍虎革手環
27210,斯劍虎革指環
27211,仙子棉腰圍
27212,魔銀耳夾
27213,魔銀項環
27214,魔銀手鐲
27215,魔銀指環
27216,野蠻盜龍革生存腰帶
27217,白梣木耳墜
27218,白梣木項鍊
27219,白梣木手鐲
27220,白梣木指環
27221,海燕革工具腰帶
27222,矮人銀耳夾
27223,矮人銀項環
27224,矮人銀手鐲
27225,矮人銀指環
27226,海燕革生存腰帶
27227,癒瘡木耳墜
27228,癒瘡木項鍊
27229,癒瘡木手鐲
27230,癒瘡木指環
27231,南瓜餅乾2020
27232,金屬製的手甲
27233,金屬製的食材容器
27234,金屬製的三叉槍
27235,耐魔法用首飾
27236,金屬製香爐的材料
27237,金屬製的香爐
27238,精巧戒指的材料
27239,精巧的戒指
27240,油畫布的修復素材
27241,內襯的修復素材
27242,阿馬羅裝備的修復素材
27243,魯特琴的修復素材
27244,招牌的素材
27245,工坊的招牌
27246,魯特琴調整組件的必需品
27247,魯特琴的調整組件
27248,解毒的藥餌
27249,低刺激性藥餌
27250,恢復期的藥餌
27251,貝魯布風味的食餌
27252,禮物的素材
27253,給妖精的禮物
27254,菜丸子的材料
27255,勇人族的菜丸子
27256,外來者頭箍
27257,外來者外套
27258,外來者手套
27259,外來者皮套褲
27260,外來者長靴
27261,舞者包頭巾
27262,舞者短外套
27263,舞者手套
27264,舞者垮褲
27265,舞者尖頭鞋
27266,外來者裝備箱（品級255）
27267,舞者裝備箱（品級255）
27268,胡桃木內牆
27269,磚塊地板
27270,水晶都吊燈
27271,治療百合落地燈
27272,治療百合壁燈
27273,大理石拱形隔離牆
27274,簡易式窗簾
27275,雜亂餐盤
27276,蝴蝶標本
27277,購物袋
27278,狩獵裝備櫃
27279,戰鬥精英裝備櫃
27280,仿製小彩繪玻璃窗
27281,大理石隔離牆
27282,水晶都長椅
27283,橙木盆栽
27284,水晶都廚房壁爐
27285,水晶都廚房壁掛架
27286,水晶都茶壺
27287,天然赤水晶
27288,水晶都掛鐘
27289,紅蓮祭的海報
27290,守護天節的精美海報
27291,水晶都機械式收銀台
27292,水妖玩偶
27293,古董瓶
27294,享樂水果大拼盤
27295,三明治籃子
27296,木製扶手
27297,隨手亂放的眼鏡
27298,花墊
27299,無瑕獎盃
27300,妖精王緹坦妮雅的掛件
27301,第13賽季獨狼獎盃
27302,戰隊賽季群狼獎盃
27303,金屬工作臺燈
27304,木製工作臺燈
27305,鍊金檯燈
27306,紅蓮群像海報
27307,英雄歸來海報
27308,曙光微明海報
27309,月下芳華海報
27310,狂亂前奏海報
27311,英雄挽歌海報
27312,水晶都傘架
27313,冰海天使玩偶
27314,倒樹
27315,水晶都木人
27316,燈火草
27317,海石火盆
27318,攜帶型泳池
27319,賣風鈴的攤位
27320,繡球花的種子
27321,紅色繡球花
27322,藍色繡球花
27323,黃色繡球花
27324,綠色繡球花
27325,橙色繡球花
27326,紫色繡球花
27327,白色繡球花
27328,黑色繡球花
27329,混色繡球花
27330,第13賽季霸者之證
27331,第13賽季猛者之證
27332,第13賽季強者之證
27333,孤狼武士盔
27334,孤狼大鎧
27335,孤狼籠手
27336,孤狼筒袴
27337,孤狼護脛
27338,孤狼裝備箱
27339,群狼武士盔
27340,群狼大鎧
27341,群狼籠手
27342,群狼筒袴
27343,群狼護脛
27344,群狼裝備箱
27345,赤鬼火繩金棒
27346,奴延環刃
27347,角尊槍刃
27348,角尊戰輪
27349,閃熠刺刀
27350,閃熠輪刃
27351,田園刺刀
27352,田園輪刃
27353,改良型田園刺刀
27354,改良型田園輪刃
27355,女巫會之槍刃
27356,女巫會之輪刃
27357,硬鋼槍刃
27358,硬鋼圓月輪
27359,鬼船槍刃
27360,鬼船戰輪
27361,硬鋼刺刀
27362,硬鋼戰輪
27363,紅玉槍刃
27364,紅玉風火輪
27365,卸鐵槍刃
27366,卸鐵輪刃
27367,悠久的大海
27368,巡迴的彗星
27369,玉鋼槍刃
27370,玉鋼戰輪
27371,若狹·真打
27372,朧月輪·真打
27373,鉬鋼槍刃
27374,鉬鋼圓月輪
27375,赫羅迪突刺刃
27376,獅鷲禍環
27377,紅蓮槍刃
27378,紅蓮風火輪
27379,天之槍刃
27380,天之月輪
27381,八板
27382,曉星
27383,斯卡艾瓦魔導槍刃
27384,斯卡艾瓦魔導圓月輪
27385,改良型斯卡艾瓦魔導槍刃
27386,改良型斯卡艾瓦魔導圓月輪
27387,歐米茄刺刀
27388,歐米茄圓月輪
27389,八板·改
27390,曉星·改
27391,妖精王圖騰
27392,完美神圖騰
27393,古舊的覺醒頭盔
27394,古舊的覺醒鎧甲
27395,古舊的覺醒手鎧
27396,古舊的覺醒長褲
27397,古舊的覺醒鎖甲靴
27398,古舊的覺醒腰帶
27399,古舊的覺醒飾品
27400,第1頁覺醒的斷章
27401,第2頁覺醒的斷章
27402,第3頁覺醒的斷章
27403,第4頁覺醒的斷章
27404,古舊的覺醒長劍
27405,影淵強化藥
27406,影淵強化纖維
27407,影淵硬化藥
27408,莫雯的幻想票據
27409,超薄型神典石
27410,水晶都脂鯉
27411,拉克汕鯉
27412,藍色公主海星
27413,外套蝸牛
27414,愛人之花
27415,吐罪魚
27416,徘徊鯰魚
27417,水晶刀魚
27418,骸骨魚
27419,乳白珊瑚
27420,砂礫貝
27421,赤色海蜘蛛
27422,骨鯷魚
27423,遊末邦蝴蝶魚
27424,紅錘頭鯊
27425,硬糖藻
27426,水球魚
27427,紫角蝸牛
27428,淨碟魚
27429,兔跳魚
27430,黃體鱸
27431,白化鱷
27432,白金虹鯧
27433,霧鯧
27434,白色石軟蟹
27435,蛇斑盤麗魚
27436,白化雀鱔
27437,賢島巨魚
27438,食骨蝦
27439,太妃蝸牛
27440,沃茨鱒
27441,哲羅魚
27442,斧魚
27443,貴族圓扇魚
27444,斑紋鯰
27445,深褐鰨
27446,碎貝海帶
27447,血色氣球魚
27448,珂露西亞鰈魚
27449,南珂露西亞鱈魚
27450,剃刀魚
27451,薔薇蝦
27452,變形魚
27453,藝術魚
27454,珂露西亞隆頭魚
27455,枯葉海龍
27456,劍齒龍鱉
27457,尖槍烏賊
27458,比朗螃蟹
27459,沙遁魚
27460,角骨魚
27461,沙蹼壁虎
27462,沙卵
27463,琥珀八目鰻
27464,沙漠鋸
27465,迦利克螃蟹
27466,拿巴示蝠鱝
27467,刺棘蜥蜴
27468,蝴蝶彩虹鯧
27469,珍珠鱗
27470,灰跳魚
27471,仙子魚
27472,血眼蛙
27473,櫻桃鯡魚
27474,胭脂魚
27475,檸檬魚
27476,叛逆魚
27477,狂野紅鬥魚
27478,斑點攀鱸
27479,青藍鰍
27480,黃金龍蝦
27481,水泡眼
27482,弧邊招潮蟹
27483,黑色三連星
27484,強盜蟹
27485,黑根鰻
27486,黃色皮皮拉魚
27487,忠義魚
27488,騎士鱸
27489,拉凱提卡鱒
27490,王冠脂鯉
27491,引螈
27492,鑽石皮皮拉魚
27493,銀鯰
27494,永暗魚
27495,暗紫珊瑚
27496,西考拉克斯貝
27497,黑風魚
27498,青色海蜘蛛
27499,卡利班骨頭魚
27500,騙子魚
27501,巨型鮟鱇
27502,鰭人族的魚叉
27503,鰭人族的宿敵
27504,斑點鰻
27505,海洋陷阱
27506,古代蝦
27507,絨毛女神蝦
27508,斑斕菊石螺
27509,青色海惡魔
27510,薄餅章魚
27511,食人貝
27512,觀星魚
27513,食用蠔
27514,彩虹蝦
27515,獵手魚
27516,銀灰鯉
27517,丁香鰕虎
27518,紫鬼魚
27519,湖虱
27520,鏡核
27521,醬紫章魚
27522,菁靈槍魚
27523,暗影鯉
27524,湖薊
27525,白金鯛魚
27526,獄卒魚
27527,茄子魚
27528,空吻魚
27529,堇色蛤蜊
27530,萎鰓麗魚
27531,貴族魚
27532,霧眼魚
27533,雷克蘭德鱈魚
27534,迷你俾斯麥魚
27535,溝鱗魚
27536,大眼魚
27537,傑娜娜的淚珠
27538,雛菊包頭巾
27539,海藍鈍口螈
27540,小小愛神
27541,皮亞雷魚
27542,孚布特多鰭魚
27543,孔雀魚
27544,鋦瓷燕魚
27545,花芯魚
27546,鏡像魚
27547,玻璃鰻
27548,孚布特火焰蜥蜴
27549,庭園跳魚
27550,時髦魚
27551,紹爾迪雅紅寶石
27552,偽仙子
27553,獵人矢
27554,水妖吞噬者
27555,天堂蟹
27556,聖法斯里克的怒髮
27557,女王的禮服
27558,開花凱爾派
27559,食屍鬼魚
27560,檸檬黃魚
27561,多恩之角
27562,水花
27563,小丑魚
27564,藍電魚
27565,秋意落葉
27566,大琉璃龍睛
27567,古代仙子
27568,踝陸蟹
27569,大樹之鱗
27570,隆卡琵琶魚
27571,暴食蟹
27572,加托爾的汗水
27573,鑽石骨舌魚
27574,隱者風帽
27575,隱者蟹
27576,巨型水虎魚
27577,永暗鱸
27578,洛查特爾巨骨舌魚
27579,安帕的使者
27580,維斯之耳
27581,拉凱提卡鰕虎
27582,水果蠕蟲
27583,藻蝦
27584,沙漠蛙
27585,大理石幼蟲
27586,力山羊肉乾
27587,盜蟹丸
27588,短嘴誘餌魚
27589,蟲箱
27590,烏賊絲
27591,淡水萬能餌
27592,海水萬能餌
27593,
27594,
27595,
27596,妖精王劍
27597,妖精王利爪
27598,妖精王重斧
27599,妖精王長槍
27600,妖精王長弓
27601,妖精王屠刀
27602,妖精王斷頭劍
27603,妖精王手砲
27604,妖精王牧杖
27605,妖精王法杖
27606,妖精王魔導書
27607,妖精王魔導典
27608,妖精王天球儀
27609,妖精王刀
27610,妖精王刺劍
27611,妖精王魔機刃
27612,妖精王環刃
27613,妖精王圓盾
27614,無瑕禦敵耳夾
27615,無瑕強攻耳夾
27616,無瑕精準耳夾
27617,無瑕治癒耳夾
27618,無瑕詠咒耳夾
27619,無瑕禦敵項鍊
27620,無瑕強攻項鍊
27621,無瑕精準項鍊
27622,無瑕治癒項鍊
27623,無瑕詠咒項鍊
27624,無瑕禦敵手鐲
27625,無瑕強攻手鐲
27626,無瑕精準手鐲
27627,無瑕治癒手鐲
27628,無瑕詠咒手鐲
27629,無瑕禦敵指環
27630,無瑕強攻指環
27631,無瑕精準指環
27632,無瑕治癒指環
27633,無瑕詠咒指環
27634,改良型筒靴
27635,改良型棉頭帶
27636,硬革腿套
27637,硬革長靴
27638,改良型棉絨頭巾
27639,亞麻頭巾
27640,改良型野豬革長靴
27641,改良型野豬革盔帽
27642,改良型呢絨襯衫
27643,改良型呢絨寬邊帽
27644,呢絨束腰衣
27645,改良型呢絨弓術手套
27646,改良型內襯呢絨軟甲褲
27647,盜龍革狩獵靴
27648,呢絨頭巾
27649,盜龍革襯衫
27650,盜龍革手套
27651,盜龍革短裙
27652,盜龍革長筒靴
27653,黑鐵頭甲
27654,白鋼頭甲
27655,改良型白鋼重甲
27656,改良型秘銀騎兵頭盔
27657,改良型秘銀鎖甲頭罩
27658,改良型秘銀重甲
27659,改良型鈷鐵騎兵頭盔
27660,鈷鐵面罩
27661,改良型鈷鐵胸甲
27662,改良型鈷鐵手鎧
27663,呢絨禦敵軟甲褲
27664,改良型鈷鐵鎧靴
27665,改良型牛皮長靴
27666,改良型棉布厚袍
27667,改良型山羊革狩獵靴
27668,白銀單片眼鏡
27669,棉絨外袍
27670,棉絨手套
27671,改良型棉絨馬褲
27672,巨蟾蜍革長靴
27673,改良型亞麻僧袍
27674,改良型秘銀作業眼鏡
27675,改良型呢絨長外衣
27676,改良型呢絨褲襪
27677,改良型呢絨僧袍
27678,改良型纖維寬邊帽
27679,改良型纖維長袍
27680,纖維手套
27681,纖維馬褲
27682,盜龍革尖頭靴
27683,白橡木原木
27684,仙果木原木
27685,白梣木原木
27686,沙柚木原木
27687,癒瘡木原木
27688,檀香木原木
27689,白橡木木材
27690,仙果木木材
27691,白梣木木材
27692,沙柚木木材
27693,癒瘡木木材
27694,檀香木木材
27695,工藝館特製清漆
27696,硬金沙
27697,硬金礦
27698,靈青岩
27699,魔銀沙
27700,鈦銅沙
27701,鈦銅礦
27702,暗銀沙
27703,暗銀礦
27704,重鎢礦
27705,彩虹晶
27706,深金塊
27707,石金塊
27708,深金錠
27709,石金錠
27710,魔銀塊
27711,靈青石材
27712,鈦銅塊
27713,鈦銅錠
27714,矮人銀錠
27715,矮人銀塊
27716,重鎢鋼錠
27717,虹結晶石材
27718,工藝館特製研磨劑
27719,工藝館特製樹脂
27720,烏鋼石
27721,硬水鋁石
27722,青金石
27723,三重石
27724,透鋰長石
27725,黑瑪瑙
27726,烏鋼石原石
27727,硬水鋁石原石
27728,青金石原石
27729,三重石原石
27730,透鋰長石原石
27731,黑瑪瑙原石
27732,斯劍虎的粗皮
27733,綠飄龍的粗皮
27734,野蠻盜龍的粗皮
27735,纏尾蛟的粗皮
27736,海燕的粗皮
27737,砂獷獸的粗皮
27738,斯劍虎革
27739,綠飄龍革
27740,野蠻盜龍革
27741,纏尾蛟革
27742,海燕革
27743,砂獷獸革
27744,工藝館特製明礬
27745,白麻布
27746,白麻線
27747,白麻
27748,虹繭布
27749,虹繭線
27750,虹繭
27751,仙子棉布
27752,仙子棉線
27753,仙子棉
27754,力山羊毛布
27755,力山羊毛線
27756,力山羊的獸毛
27757,矮人棉布
27758,矮人棉線
27759,矮人棉
27760,泡絹布
27761,泡繭
27762,工藝館特製棉布
27763,阱蛇麻的葉子
27764,絲蛾的鱗粉
27765,植物成長劑9型
27766,石金附魔墨水
27767,1級剛力之幻水
27768,1級巧力之幻水
27769,1級耐力之幻水
27770,1級智力之幻水
27771,1級意力之幻水
27772,魔銀附魔墨水
27773,吸血草杯的卷鬚
27774,吸血藤的樹汁
27775,植物膠
27776,強氣泡水
27777,強泡鹼
27778,植物成長劑10型
27779,甜香薺
27780,邪衣薰衣草
27781,暗銀附魔墨水
27782,地下天然水
27783,青檸羅勒草
27784,虎百合
27785,光芒大丁草
27786,剛力之幻藥
27787,巧力之幻藥
27788,耐力之幻藥
27789,智力之幻藥
27790,意力之幻藥
27791,2級剛力之幻水
27792,2級巧力之幻水
27793,2級耐力之幻水
27794,2級智力之幻水
27795,2級意力之幻水
27796,工藝館特製鍊金藥
27797,鸚鵡的羽毛
27798,島狼的牙
27799,卡部斯的肉
27800,水螅蟲的傘蓋
27801,硬泥岩
27802,硬泥岩磨刀石
27803,凝灰岩
27804,凝灰岩磨刀石
27805,暴風岩
27806,光耀石
27807,暗影石英
27808,白玉土
27809,甜墨角蘭
27810,沼澤鼠尾草
27811,閃光靈砂
27812,黑暗靈砂
27813,險山靈砂
27814,古樹靈砂
27815,一水靈砂
27816,白橡木枝
27817,黃明礬
27818,紫色胡蘿蔔
27819,香杏
27820,油橄欖
27821,琥珀丁香
27822,黃新薯
27823,卷葉芹
27824,野園甜菜
27825,血番茄
27826,皇家葡萄
27827,黑夜胡椒
27828,迷霧菠菜
27829,奶油菇
27830,邦巴米
27831,仙子蘋果
27832,山地小麥
27833,蠶豆
27834,大蜜蜂的巢
27835,小檸檬
27836,歐薄荷
27837,咖啡豆
27838,油橄欖油
27839,野園甜菜糖
27840,烏賊墨汁
27841,山地小麥粉
27842,黃金蜂蜜
27843,黑夜醋
27844,帝王鮭
27845,巫師萵苣
27846,克里奧羅可可豆
27847,仙子莓
27848,高級犏牛肉
27849,羊腸
27850,秧雞胸脯肉
27851,鸚鵡蛋
27852,力山羊肉
27853,秧雞烤肉
27854,紫胡蘿蔔果汁
27855,焦糖
27856,蠶豆湯
27857,黑色醬汁直麵
27858,蠶豆沙拉
27859,鹽烤白金鯛魚
27860,長棍麵包
27861,血番茄果汁
27862,仙子蘋果派
27863,堅果糕
27864,血番茄沙拉
27865,煎蘑菇
27866,香腸
27867,烤力山羊
27868,蘑菇烤串
27869,菌蒸巨型水虎魚
27870,胡椒炒新薯
27871,焗黃新薯
27872,馬薩拉奶茶
27873,墨汁燉飯
27874,濃縮奶油咖啡
27875,奶油煎迷霧菠菜
27876,血色五海雜燴湯
27877,海鮮燴飯
27878,咖啡餅乾
27879,力山羊肉藍帶肉排
27880,檸檬水
27881,香杏果凍
27882,生吃食用蠔
27883,鮭魚奶油麵
27884,帝王鮭魚排
27885,新薯沙拉
27886,巫師萵苣沙拉
27887,仙子莓茶
27888,仙子莓乳酪蛋糕
27889,可可麵包乾
27890,檸檬薩赫蛋糕
27891,高級烤牛肉
27892,高級清燉牛肉
27893,管弦樂琴樂譜：照耀世界之暗
27894,管弦樂琴樂譜：耽溺
27895,管弦樂琴樂譜：始源湖
27896,管弦樂琴樂譜：分隔的世界
27897,管弦樂琴樂譜：琥珀沙漠
27898,管弦樂琴樂譜：殘忍與自由
27899,管弦樂琴樂譜：文明
27900,管弦樂琴樂譜：水深五尋
27901,管弦樂琴樂譜：天使醒來
27902,管弦樂琴樂譜：精神錯亂
27903,管弦樂琴樂譜：Shadowbringers　-漆黑使者-
27904,管弦樂琴樂譜：明日與未來
27905,管弦樂琴樂譜：烈火與利劍
27906,管弦樂琴樂譜：虛構
27907,管弦樂琴樂譜：解讀
27908,管弦樂琴樂譜：幽深
27909,管弦樂琴樂譜：凶獸腹中
27910,管弦樂琴樂譜：末日時刻
27911,管弦樂琴樂譜：無影之影
27912,管弦樂琴樂譜：一瞬千里
27913,管弦樂琴樂譜：異形
27914,管弦樂琴樂譜：憤怒
27915,管弦樂琴樂譜：力戰前行　～漆黑～
27916,管弦樂琴樂譜：地裂
27917,管弦樂琴樂譜：對峙
27918,管弦樂琴樂譜：貪欲
27919,管弦樂琴樂譜：神龍見尾（星海旅途）
27920,管弦樂琴樂譜：Escape（星海旅途）
27921,陳舊的樂譜：天使醒來
27922,陳舊的樂譜：精神錯亂
27923,緞帶
27924,紅色繡球頭花
27925,藍色繡球頭花
27926,黃色繡球頭花
27927,綠色繡球頭花
27928,橙色繡球頭花
27929,紫色繡球頭花
27930,白色繡球頭花
27931,黑色繡球頭花
27932,混色繡球頭花
27933,血盟聆聽者兜帽
27934,血盟聆聽者長衣
27935,血盟聆聽者靴
27936,蟾蜍頭套
27937,蟾蜍服
27938,玻璃革兜帽坎肩
27939,玻璃革七分褲
27940,牛皮鞋
27941,夏季靛藍襯衫
27942,夏季靛藍七分褲
27943,紅蓮祭纏頭帶
27944,白漆莫古利面具
27945,黑漆莫古利面具
27946,塗漆鯰魚精面具
27947,紅蓮祭白染法被
27948,紅蓮祭紅染法被
27949,紅蓮祭黑染法被
27950,紅蓮祭足袋
27951,緹坦妮雅的羽毛
27952,無瑕靈君的翼片
27953,極細玻璃纖維
27954,粗硝石
27955,紅色火藥
27956,白鴉（複製品）
27957,名匠藥水
27958,巨匠藥水
27959,魔匠藥水
27960,極精煉藥
27961,雷克蘭德詳細地圖
27962,珂露西亞島詳細地圖
27963,安穆·艾蘭詳細地圖
27964,伊爾美格詳細地圖
27965,拉凱提卡大森林詳細地圖
27966,黑風海詳細地圖
27967,阿馬羅角笛
27968,高地天然水
27969,血盟旅行者裝備箱
27970,髮型樣式：經典長髮
27971,鬥虎角笛
27972,古塔尼亞的角
27973,畏懼裝甲的齒輪
27974,牛皮革
27975,靛藍布
27976,玻璃革
27977,附魔榆木木材
27978,演技教材·撩水
27979,特製莫古利蚊香罐
27980,特製咖哩飯
27981,特製南瓜旗幟
27982,特製南瓜蛋糕組合
27983,特製貓咪腳印
27984,曼德維爾耳環（複製品）
27985,傳承錄的二類交換票據
27986,緹坦妮雅裝甲
27987,無瑕靈君裝甲
27988,舞者裝甲
27989,影淵裝甲
27990,改良型亞麻褲襪
27991,冒險者兜帽坎肩
27992,伊修加爾德筒靴
27993,紅蓮祭票據2020
27994,古代銀貨
27995,2級剛力之幻藥
27996,2級巧力之幻藥
27997,2級耐力之幻藥
27998,2級智力之幻藥
27999,2級意力之幻藥
28000,
28001,
28002,
28003,
28004,
28005,
28006,
28007,
28008,
28009,
28010,
28011,
28012,
28013,
28014,
28015,
28016,
28017,
28018,
28019,
28020,
28021,
28022,
28023,
28024,
28025,
28026,
28027,
28028,
28029,
28030,
28031,
28032,
28033,
28034,
28035,
28036,
28037,
28038,
28039,
28040,
28041,
28042,
28043,
28044,
28045,
28046,
28047,
28048,
28049,
28050,
28051,
28052,
28053,
28054,
28055,
28056,
28057,
28058,
28059,
28060,
28061,管弦樂琴樂譜：耀眼浪蒼
28062,古代銅幣
28063,蒼天街振興票
28064,蒼天街傳送網使用券
28065,懸掛脂鯉
28066,貴婦蝴蝶魚
28067,重罪石軟蟹
28068,銅褐鰨
28069,冠骨魚
28070,狂怒鬥魚
28071,洛克瓦衛兵
28072,獵星魚
28073,第14賽季霸者之證
28074,第14賽季猛者之證
28075,第14賽季強者之證
28076,第15賽季霸者之證
28077,第15賽季猛者之證
28078,第15賽季強者之證
28079,第14賽季獨狼獎盃
28080,第15賽季獨狼獎盃
28081,亞拉戈末世禦敵面具
28082,亞拉戈末世禦敵服
28083,亞拉戈末世禦敵手套
28084,亞拉戈末世禦敵打底褲
28085,亞拉戈末世禦敵長靴
28086,亞拉戈末世制敵面具
28087,亞拉戈末世制敵服
28088,亞拉戈末世制敵手套
28089,亞拉戈末世制敵打底褲
28090,亞拉戈末世制敵長靴
28091,亞拉戈末世強襲面具
28092,亞拉戈末世強襲服
28093,亞拉戈末世強襲手套
28094,亞拉戈末世強襲打底褲
28095,亞拉戈末世強襲長靴
28096,亞拉戈末世精準面具
28097,亞拉戈末世精準服
28098,亞拉戈末世精準手套
28099,亞拉戈末世精準打底褲
28100,亞拉戈末世精準長靴
28101,亞拉戈末世游擊面具
28102,亞拉戈末世游擊服
28103,亞拉戈末世游擊手套
28104,亞拉戈末世游擊打底褲
28105,亞拉戈末世游擊長靴
28106,亞拉戈末世治癒面具
28107,亞拉戈末世治癒服
28108,亞拉戈末世治癒手套
28109,亞拉戈末世治癒打底褲
28110,亞拉戈末世治癒長靴
28111,亞拉戈末世詠咒面具
28112,亞拉戈末世詠咒服
28113,亞拉戈末世詠咒手套
28114,亞拉戈末世詠咒打底褲
28115,亞拉戈末世詠咒長靴
28116,毛爾波爾魔笛
28117,豬大仙角笛
28118,厄毗米修斯認證金鑰
28119,墨諾提俄斯認證金鑰
28120,建築7號的核心
28121,暗影玲龍魔笛
28122,魔石精笛
28123,得到寬恕的沉默角笛
28124,長頸駝笛
28125,白化黑羊號角
28126,遊末邦內牆
28127,遊末邦大理石地板
28128,遊末邦枝形吊燈
28129,星芒古卜花環
28130,
28131,東方風格室內庭園
28132,東方午餐組合：茶碗蒸
28133,綠洲壁掛噴泉
28134,地板墊
28135,
28136,黃金水瓶
28137,餐具套裝
28138,
28139,仿製長方窗
28140,壯麗伊修加爾德展示台
28141,赫拉斯瓦爾格玩偶
28142,莫古利室內鞋
28143,花籃
28144,黑迪斯獎盃
28145,麥酒龍頭
28146,亞拉戈臺式神典石
28147,桌台帽架
28148,化妝鏡
28149,項鍊展示台
28150,仿製禮物箱
28151,酒瓶套裝
28152,音樂會的海報
28153,星芒蛋糕捲
28154,圓木隔斷牆
28155,大河狸玩偶
28156,仙子豬玩偶
28157,紙製紅牛
28158,巧克力噴泉
28159,
28160,蔬菜園
28161,雪松樹
28162,防具攤
28163,武器攤
28164,珠寶攤
28165,鮮花攤
28166,麵包攤
28167,水果攤
28168,蔬菜攤
28169,書攤
28170,道具攤
28171,精肉攤
28172,小型貿易商外牆
28173,中型貿易商外牆
28174,大型貿易商外牆
28175,風鈴草種子
28176,紅色風鈴草
28177,藍色風鈴草
28178,黃色風鈴草
28179,綠色風鈴草
28180,橙色風鈴草
28181,紫色風鈴草
28182,白色風鈴草
28183,黑色風鈴草
28184,混色風鈴草
28185,
28186,幻晶幣
28187,橡果幣
28188,綠蛙幣
28189,拉克汕墨螺
28190,白油刺魚
28191,仙女貝
28192,艾蘭凶龜
28193,珂露西亞帝王蟹
28194,傳單製作必需品
28195,新菜餚必需品
28196,舞臺服裝必需品
28197,飛空艇改裝必需品
28198,蜂箱夜總會特產
28199,炭塊
28200,芳香的香料
28201,美麗的輝石
28202,飛空艇內部元件
28203,珂露西亞島特產
28204,傳單製作必需品的材料
28205,新菜餚必需品的材料
28206,舞臺服裝必需品的材料
28207,飛空艇改裝必需品的組件
28208,蜂箱夜總會特產的材料
28209,座狼禦敵頭盔
28210,座狼禦敵外套
28211,座狼禦敵手套
28212,座狼禦敵馬褲
28213,座狼禦敵脛甲
28214,座狼禦敵腰帶
28215,座狼制敵頭盔
28216,座狼制敵外套
28217,座狼制敵手套
28218,座狼制敵馬褲
28219,座狼制敵脛甲
28220,座狼制敵腰帶
28221,座狼強襲頭盔
28222,座狼強襲外套
28223,座狼強襲半指護手
28224,座狼強襲垮褲
28225,座狼強襲短靴
28226,座狼強襲腰帶
28227,座狼精準頭盔
28228,座狼精準外套
28229,座狼精準手套
28230,座狼精準垮褲
28231,座狼精準短靴
28232,座狼精準腰帶
28233,座狼游擊頭盔
28234,座狼游擊外套
28235,座狼游擊半指護手
28236,座狼游擊垮褲
28237,座狼游擊短靴
28238,座狼游擊腰帶
28239,座狼治癒頭盔
28240,座狼治癒外套
28241,座狼治癒手套
28242,座狼治癒長褲
28243,座狼治癒短靴
28244,座狼治癒腰帶
28245,座狼詠咒頭盔
28246,座狼詠咒外套
28247,座狼詠咒手套
28248,座狼詠咒長褲
28249,座狼詠咒短靴
28250,座狼詠咒腰帶
28251,座狼禦敵耳墜
28252,座狼強攻耳墜
28253,座狼精準耳墜
28254,座狼治癒耳墜
28255,座狼詠咒耳墜
28256,座狼禦敵項環
28257,座狼強攻項環
28258,座狼精準項環
28259,座狼治癒項環
28260,座狼詠咒項環
28261,座狼禦敵手鐲
28262,座狼強攻手鐲
28263,座狼精準手鐲
28264,座狼治癒手鐲
28265,座狼詠咒手鐲
28266,座狼禦敵指環
28267,座狼強攻指環
28268,座狼精準指環
28269,座狼治癒指環
28270,座狼詠咒指環
28271,復仇雪恨之欲
28272,爭先逐進之苦
28273,驟然狂怒之欲
28274,蓄怨積憤之欲
28275,背善向邪之懼
28276,嫉賢妒能之苦
28277,惻隱悲憫之苦
28278,膽戰心驚之懼
28279,欣喜若狂之悅
28280,艱辛勞苦之懼
28281,幸災樂禍之悅
28282,形槁心灰之苦
28283,渴念離人之欲
28284,身敗名裂之懼
28285,心孤意怯之懼
28286,身負重擔之苦
28287,妒火中燒之苦
28288,虔誠敬畏之慎
28289,絕境全能劍阿爾瑪斯
28290,絕境軍神護拳
28291,絕境天雷神斧
28292,絕境先鋒槍隆格米安特
28293,絕境鋼迪瓦神弓
28294,絕境神無
28295,絕境諾統
28296,絕境末日
28297,絕境天威杖
28298,絕境無盡魔源杖
28299,絕境巨龍之書
28300,絕境星象四書
28301,絕境天津四天儀
28302,絕境噬骨
28303,絕境靈慧刺劍
28304,絕境無序
28305,絕境鍛造神環刃
28306,絕境安喀勒盾
28307,安忒亞（複製品）
28308,杜穆齊德（複製品）
28309,沙瑪什（複製品）
28310,瓔珞蛇（複製品）
28311,澤鷹（複製品）
28312,鵲（複製品）
28313,劍魚（複製品）
28314,瑪麗弗里斯（複製品）
28315,夜薔薇（複製品）
28316,座頭鯨（複製品）
28317,圖亞（複製品）
28318,傑巴特（複製品）
28319,輦道增七（複製品）
28320,鳥頭太刀（複製品）
28321,布魯奈羅（複製品）
28322,柏勒洛豐（複製品）
28323,安忒亞·優雷卡（複製品）
28324,杜穆齊德·優雷卡（複製品）
28325,沙瑪什·優雷卡（複製品）
28326,瓔珞蛇·優雷卡（複製品）
28327,澤鷹·優雷卡（複製品）
28328,鵲·優雷卡（複製品）
28329,劍魚·優雷卡（複製品）
28330,瑪麗弗里斯·優雷卡（複製品）
28331,夜薔薇·優雷卡（複製品）
28332,座頭鯨·優雷卡（複製品）
28333,圖亞·優雷卡（複製品）
28334,傑巴特·優雷卡（複製品）
28335,輦道增七·優雷卡（複製品）
28336,鳥頭太刀·優雷卡（複製品）
28337,布魯奈羅·優雷卡（複製品）
28338,柏勒洛豐·優雷卡（複製品）
28339,寄葉五一式禦敵軍帽
28340,寄葉五一式禦敵軍裝
28341,寄葉五一式禦敵手套
28342,寄葉五一式禦敵軍褲
28343,寄葉五一式禦敵軍靴
28344,
28345,寄葉五一式制敵軍帽
28346,寄葉五一式制敵軍裝
28347,寄葉五一式制敵手套
28348,寄葉五一式制敵軍褲
28349,寄葉五一式制敵軍靴
28350,
28351,寄葉五一式強襲軍帽
28352,寄葉五一式強襲軍裝
28353,寄葉五一式強襲手套
28354,寄葉五一式強襲軍褲
28355,寄葉五一式強襲軍靴
28356,
28357,寄葉五一式精準軍帽
28358,寄葉五一式精準軍裝
28359,寄葉五一式精準手套
28360,寄葉五一式精準軍褲
28361,寄葉五一式精準軍靴
28362,
28363,寄葉五一式游擊軍帽
28364,寄葉五一式游擊軍裝
28365,寄葉五一式游擊手套
28366,寄葉五一式游擊軍褲
28367,寄葉五一式游擊軍靴
28368,
28369,寄葉五一式治癒軍帽
28370,寄葉五一式治癒軍裝
28371,寄葉五一式治癒手套
28372,寄葉五一式治癒軍褲
28373,寄葉五一式治癒軍靴
28374,
28375,寄葉五一式詠咒軍帽
28376,寄葉五一式詠咒軍裝
28377,寄葉五一式詠咒手套
28378,寄葉五一式詠咒軍褲
28379,寄葉五一式詠咒軍靴
28380,
28381,改良型緩罪劍
28382,改良型木偶師
28383,改良型復仇魔斧
28384,改良型行空
28385,改良型海島之弓
28386,改良型絲音
28387,改良型暴風舌大劍
28388,改良型凶犯
28389,改良型淨路之杖
28390,改良型催化之杖
28391,改良型魔咒手稿
28392,改良型實用主義
28393,改良型北河三天儀
28394,改良型行蘊
28395,改良型驚異刺劍
28396,改良型守護之刃
28397,改良型深淵輪刃
28398,改良型領主盾
28399,改良型中庸禦敵頭冠
28400,改良型中庸禦敵戰鎧
28401,改良型中庸禦敵手鎧
28402,改良型中庸禦敵鎖甲騎兵褲
28403,改良型中庸禦敵鎧靴
28404,改良型中庸禦敵腰帶
28405,改良型中庸制敵頭冠
28406,改良型中庸制敵戰鎧
28407,改良型中庸制敵手鎧
28408,改良型中庸制敵打底褲
28409,改良型中庸制敵鎧靴
28410,改良型中庸制敵腰帶
28411,改良型中庸強襲頭冠
28412,改良型中庸強襲鬥服
28413,改良型中庸強襲手套
28414,改良型中庸強襲束膝褲
28415,改良型中庸強襲涼鞋
28416,改良型中庸強襲護腰帶
28417,改良型中庸精準包頭巾
28418,改良型中庸精準罩衣
28419,改良型中庸精準半指手套
28420,改良型中庸精準襯褲
28421,改良型中庸精準筒靴
28422,改良型中庸精準護腰帶
28423,改良型中庸游擊包頭巾
28424,改良型中庸游擊外套
28425,改良型中庸游擊手套
28426,改良型中庸游擊打底褲
28427,改良型中庸游擊高筒靴
28428,改良型中庸游擊護腰帶
28429,改良型中庸治癒禮帽
28430,改良型中庸治癒長衣
28431,改良型中庸治癒禮服手套
28432,改良型中庸治癒軟甲褲
28433,改良型中庸治癒長靴
28434,改良型中庸治癒護腰帶
28435,改良型中庸詠咒寬邊帽
28436,改良型中庸詠咒長衣
28437,改良型中庸詠咒半手套
28438,改良型中庸詠咒打底褲
28439,改良型中庸詠咒長靴
28440,改良型中庸詠咒護腰帶
28441,改良型中庸禦敵耳墜
28442,改良型中庸強攻耳墜
28443,改良型中庸精準耳墜
28444,改良型中庸治癒耳墜
28445,改良型中庸詠咒耳墜
28446,改良型中庸禦敵項環
28447,改良型中庸強攻項環
28448,改良型中庸精準項環
28449,改良型中庸治癒項環
28450,改良型中庸詠咒項環
28451,改良型中庸禦敵手鐲
28452,改良型中庸強攻手鐲
28453,改良型中庸精準手鐲
28454,改良型中庸治癒手鐲
28455,改良型中庸詠咒手鐲
28456,改良型中庸禦敵指環
28457,改良型中庸強攻指環
28458,改良型中庸精準指環
28459,改良型中庸治癒指環
28460,改良型中庸詠咒指環
28461,中庸手鋸
28462,中庸橫頭錘
28463,中庸圓頭錘
28464,中庸工藝錘
28465,中庸圓革刀
28466,中庸縫針
28467,中庸蒸餾器
28468,中庸煎鍋
28469,中庸十字鎬
28470,中庸手斧
28471,中庸釣竿
28472,中庸巧匠工作帽
28473,中庸巧匠外套
28474,中庸巧匠手套
28475,中庸巧匠軟甲褲
28476,中庸巧匠工作鞋
28477,中庸大地皮帽
28478,中庸大地外套
28479,中庸大地半指護手
28480,中庸大地打底褲
28481,中庸大地筒靴
28482,
28483,
28484,
28485,
28486,
28487,
28488,
28489,
28490,
28491,
28492,引火杖
28493,瓦拉其耳墜
28494,瓦拉其項環
28495,瓦拉其手鐲
28496,瓦拉其指環
28497,
28498,
28499,
28500,
28501,複製原畫«龍詩群像»
28502,複製原畫«紅蓮群像»
28503,複製原畫«漆黑群像»
28504,
28505,
28506,
28507,演技教材·乾杯
28508,王孔雀笛
28509,中庸羊角錘
28510,中庸銼刀
28511,中庸手鉗
28512,中庸砂輪機
28513,中庸平斬
28514,中庸紡車
28515,中庸研缽
28516,中庸廚刀
28517,中庸碎石錘
28518,中庸鐮刀
28519,
28520,
28521,
28522,
28523,
28524,
28525,
28526,
28527,
28528,
28529,
28530,
28531,
28532,
28533,
28534,
28535,
28536,
28537,
28538,
28539,
28540,
28541,
28542,
28543,
28544,
28545,
28546,
28547,
28548,
28549,
28550,
28551,
28552,
28553,威風凜凜禮服
28554,威風凜凜腕帶
28555,威風凜凜禮鞋
28556,朱漆壯牛武士盔
28557,黑漆壯牛武士盔
28558,玫瑰花戀人帽
28559,玫瑰花戀人坎肩
28560,玫瑰花戀人手套
28561,玫瑰花戀人長褲
28562,玫瑰花戀人皮鞋
28563,勿忘草戀人帽
28564,勿忘草戀人坎肩
28565,勿忘草戀人手套
28566,勿忘草戀人長褲
28567,勿忘草戀人皮鞋
28568,相思樹戀人帽
28569,相思樹戀人坎肩
28570,相思樹戀人手套
28571,相思樹戀人長褲
28572,相思樹戀人皮鞋
28573,玫瑰花戀人緞帶帽
28574,玫瑰花戀人禮服
28575,玫瑰花戀人緞帶手套
28576,玫瑰花戀人緊身褲
28577,玫瑰花戀人高跟鞋
28578,勿忘草戀人緞帶帽
28579,勿忘草戀人禮服
28580,勿忘草戀人緞帶手套
28581,勿忘草戀人緊身褲
28582,勿忘草戀人高跟鞋
28583,相思樹戀人緞帶帽
28584,相思樹戀人禮服
28585,相思樹戀人緞帶手套
28586,相思樹戀人緊身褲
28587,相思樹戀人高跟鞋
28588,都市外套
28589,都市筒靴
28590,叛逆外套
28591,叛逆筒靴
28592,手藝工作服
28593,手藝工作褲
28594,手藝背心
28595,孔雀帽
28596,孔雀玄端
28597,孔雀籠手
28598,孔雀帷裳
28599,孔雀靴
28600,東方雅士帽
28601,東方雅士服
28602,東方雅士腕飾
28603,東方雅士長褲
28604,東方雅士靴
28605,東方美玉帽
28606,東方美玉服
28607,東方美玉腕飾
28608,東方美玉襯裙
28609,東方美玉靴
28610,演技教材·歐米茄架勢
28611,
28612,演技教材·背靠
28613,演技教材·頭痛
28614,面妝樣式：守護天節
28615,髮型樣式：傳奇
28616,黑迪斯裝甲
28617,聖人裝甲
28618,豬小仙
28619,仙子人偶
28620,神秘兵裝
28621,狐獴
28622,白小騎士
28623,極合金正義號
28624,多瑪金魚兒
28625,新型迷你艾斯蒂尼安
28626,小涼南茜
28627,大哥布林人偶
28628,小地獄三頭犬
28629,輔助機054
28630,輔助機316
28631,黑迪斯結晶片
28632,機械古錢
28633,機神城圖騰
28634,金屬亮片
28635,拉凱提卡盆栽
28636,襯衣架
28637,雷克蘭德座椅
28638,雷克蘭德餐桌
28639,皮革沙發
28640,伊爾美格花燈
28641,馬卡龍軟墊
28642,木製平臺
28643,天青圖騰·復仇衝擊
28644,天青圖騰·天使低語
28645,管弦樂琴樂譜：天楔
28646,管弦樂琴樂譜：強權
28647,藍色假面
28648,
28649,星芒祭執行委員的證書2020
28650,戀人巧克力2021
28651,降神祭奉行的證書2021
28652,九宮幻卡夢想包
28653,九宮幻卡：大哥布林
28654,九宮幻卡：仙子豬
28655,九宮幻卡：鬣蜥
28656,九宮幻卡：恩莫
28657,九宮幻卡：水妖
28658,九宮幻卡：涼南茜
28659,九宮幻卡：漆黑導師
28660,九宮幻卡：光之巫女
28661,九宮幻卡：古塔尼亞
28662,九宮幻卡：9S
28663,風景畫：圓頂區
28664,風景畫：宇宙和音
28665,風景畫：博物陳列館
28666,風景畫：狂喜圓塔群
28667,風景畫：聖林牧場
28668,風景畫：光榮門
28669,風景畫：廢船街
28670,風景畫：遊末邦軍總司令部
28671,風景畫：蜂箱夜總會
28672,風景畫：喬布要塞
28673,風景畫：拉迪斯卡瞭望塔
28674,風景畫：拉克汕城
28675,風景畫：奧斯塔爾嚴命城
28676,風景畫：責罰監獄
28677,風景畫：陰沉鄉
28678,風景畫：碎貝海岸
28679,風景畫：白油瀑布
28680,風景畫：門前區
28681,風景畫：工匠村
28682,風景畫：大升降機
28683,風景畫：特美拉村
28684,風景畫：侏儒煙囪
28685,風景畫：紅店野營地
28686,風景畫：鼴靈市集
28687,風景畫：安穆馬利克新宮殿
28688,風景畫：比朗大礦山
28689,風景畫：絡尾部落
28690,風景畫：凱爾克遺跡
28691,風景畫：群花館
28692,風景畫：篤學者莊園
28693,風景畫：普拉恩尼茸洞
28694,風景畫：魚群鎮
28695,風景畫：夢羽城
28696,風景畫：聖法斯里克天庭
28697,風景畫：戈恩要塞
28698,風景畫：水蛇寶卵
28699,風景畫：朵瓦特里沉沒神殿
28700,風景畫：洛查特爾大階梯
28701,風景畫：法諾村
28702,風景畫：四晨星
28703,風景畫：鰭人潮池
28704,風景畫：奇人工作室
28705,風景畫：陸人墓標
28706,風景畫：尊紫洞
28707,風景畫：亞馬烏羅提
28708,冥王圖騰
28709,二號B型護目帶
28710,二號B型戰鬥服
28711,二號B型手套
28712,二號B型長襪
28713,二號B型高筒靴
28714,礬土磨刀石
28715,強化玻璃纖維
28716,檀香木樹液
28717,輕鈹礦
28718,高純度鍊金藥
28719,貽貝
28720,蒜炒貽貝
28721,烏賊墨汁炒飯
28722,珂露西亞強靈藥
28723,遊末邦的一類票據
28724,能工巧匠圖紙
28725,重建用的合板
28726,重建用的合金
28727,重建用的金屬板
28728,重建用的金屬錠
28729,重建用的鞣革
28730,重建用的草繩
28731,重建用的墨水
28732,重建用的麻乳
28733,重建用的貨車
28734,重建用的鐵釘
28735,重建用的鉚釘
28736,重建用的鐵環
28737,重建用的皮繩
28738,重建用的布料
28739,重建用的植物油
28740,重建用的乾麵
28741,重建用的木桶
28742,重建用的錘子
28743,重建用的煎鍋
28744,重建用的燭臺
28745,重建用的地毯
28746,重建用的掃把
28747,重建用的木炭
28748,重建用的紅茶
28749,重建用的桌台
28750,重建用的鋸子
28751,重建用的廚台
28752,重建用的石材
28753,重建用的長靴
28754,重建用的手套
28755,重建用的肥皂
28756,重建用的藥湯
28757,重建用的睡床
28758,重建用的火爐
28759,重建用的街燈
28760,重建用的篝火台
28761,重建用的工作服
28762,重建用的防水布
28763,重建用的鍊金藥
28764,重建用的燉菜
28765,重建用的紫杉原木
28766,重建用的鐵礦
28767,重建用的細沙
28768,重建用的麻草
28769,重建用的梣木原木
28770,重建用的岩鹽
28771,重建用的綠金礦
28772,重建用的鐵沙
28773,重建用的亞麻
28774,重建用的天然水
28775,重建用的樟木原木
28776,重建用的麥稈
28777,重建用的硬銀礦
28778,重建用的靈銀沙
28779,重建用的茶葉
28780,重建用的德拉瓦尼亞天然水
28781,重建用的硬木原木
28782,重建用的夜鐵礦
28783,重建用的毒蛇
28784,重建用的輝鉬礦
28785,重建用的木賊草
28786,重建用的阿拉米格岩鹽
28787,重建用的紅玉水
28788,重建用的翠銀沙
28789,重建用的藤條
28790,重建用的白梣木原木
28791,重建用的海底岩
28792,重建用的硬金礦
28793,重建用的棉花
28794,重建用的大蜥蜴
28795,重建用的小麥
28796,重建用的硬金沙
28797,重建用的高地天然水
28798,重建用的樹脂
28799,紅色風鈴頭花
28800,藍色風鈴頭花
28801,黃色風鈴頭花
28802,綠色風鈴頭花
28803,橙色風鈴頭花
28804,紫色風鈴頭花
28805,白色風鈴頭花
28806,黑色風鈴頭花
28807,混色風鈴頭花
28808,空賊禦敵頭盔（複製品）
28809,空賊禦敵外套（複製品）
28810,空賊禦敵手鎧（複製品）
28811,空賊禦敵鬥褲（複製品）
28812,空賊禦敵長靴（複製品）
28813,空賊制敵頭盔（複製品）
28814,空賊制敵外套（複製品）
28815,空賊制敵手鎧（複製品）
28816,空賊制敵鬥褲（複製品）
28817,空賊制敵長靴（複製品）
28818,空賊強襲面具（複製品）
28819,空賊強襲短衣（複製品）
28820,空賊強襲手套（複製品）
28821,空賊強襲軟甲褲（複製品）
28822,空賊強襲長靴（複製品）
28823,空賊精準貝雷帽（複製品）
28824,空賊精準坎肩（複製品）
28825,空賊精準手套（複製品）
28826,空賊精準五分褲（複製品）
28827,空賊精準筒靴（複製品）
28828,空賊游擊面具（複製品）
28829,空賊游擊短衣（複製品）
28830,空賊游擊手套（複製品）
28831,空賊游擊軟甲褲（複製品）
28832,空賊游擊長靴（複製品）
28833,空賊治癒航空帽（複製品）
28834,空賊治癒長衣（複製品）
28835,空賊治癒手套（複製品）
28836,空賊治癒打底褲（複製品）
28837,空賊治癒長筒靴（複製品）
28838,空賊詠咒航空帽（複製品）
28839,空賊詠咒長衣（複製品）
28840,空賊詠咒手套（複製品）
28841,空賊詠咒打底褲（複製品）
28842,空賊詠咒長筒靴（複製品）
28843,空鼠禦敵面具（複製品）
28844,空鼠禦敵格鬥服（複製品）
28845,空鼠禦敵鐵鉤護臂（複製品）
28846,空鼠禦敵馬褲（複製品）
28847,空鼠禦敵鐵鉤筒靴（複製品）
28848,空鼠制敵面具（複製品）
28849,空鼠制敵格鬥服（複製品）
28850,空鼠制敵鐵鉤護臂（複製品）
28851,空鼠制敵馬褲（複製品）
28852,空鼠制敵鐵鉤筒靴（複製品）
28853,空鼠強襲面具（複製品）
28854,空鼠強襲格鬥服（複製品）
28855,空鼠強襲半指護手（複製品）
28856,空鼠強襲馬褲（複製品）
28857,空鼠強襲黑鐵筒靴（複製品）
28858,空鼠精準面具（複製品）
28859,空鼠精準格鬥服（複製品）
28860,空鼠精準半指護手（複製品）
28861,空鼠精準馬褲（複製品）
28862,空鼠精準黑鐵筒靴（複製品）
28863,空鼠游擊面具（複製品）
28864,空鼠游擊格鬥服（複製品）
28865,空鼠游擊鐵鉤護臂（複製品）
28866,空鼠游擊馬褲（複製品）
28867,空鼠游擊鐵鉤筒靴（複製品）
28868,空鼠治癒面具（複製品）
28869,空鼠治癒格鬥服（複製品）
28870,空鼠治癒鐵鉤護臂（複製品）
28871,空鼠治癒馬褲（複製品）
28872,空鼠治癒鐵鉤筒靴（複製品）
28873,空鼠詠咒面具（複製品）
28874,空鼠詠咒格鬥服（複製品）
28875,空鼠詠咒半指護手（複製品）
28876,空鼠詠咒馬褲（複製品）
28877,空鼠詠咒黑鐵筒靴（複製品）
28878,管弦樂琴樂譜：智慧不眠
28879,管弦樂琴樂譜：假面舞會
28880,管弦樂琴樂譜：不變與變化
28881,管弦樂琴樂譜：疾徑
28882,管弦樂琴樂譜：鮮血沙漠
28883,管弦樂琴樂譜：妖精之環
28884,管弦樂琴樂譜：無望的競爭
28885,管弦樂琴樂譜：幽冥水底
28886,管弦樂琴樂譜：享樂之痛
28887,管弦樂琴樂譜：不滅孤念
28888,管弦樂琴樂譜：華美宮殿
28889,管弦樂琴樂譜：夢園之門
28890,管弦樂琴樂譜：攻勢戰場
28891,管弦樂琴樂譜：守勢戰場
28892,管弦樂琴樂譜：陸行鳥星芒
28893,管弦樂琴樂譜：大家一起，無所畏懼
28894,管弦樂琴樂譜：意義／無
28895,管弦樂琴樂譜：遺留之所／斜光
28896,管弦樂琴樂譜：終結之音
28897,管弦樂琴樂譜：不歸之聲／吉他
28898,管弦樂琴樂譜：異物顯現
28899,管弦樂琴樂譜：遠古之歌／贖罪
28900,管弦樂琴樂譜：雙極的惡夢
28901,管弦樂琴樂譜：世界的重量／水晶序曲版
28902,管弦樂琴樂譜：月讀命之歌（交響樂版）
28903,管弦樂琴樂譜：神龍見尾（交響樂版）
28904,陳舊的樂譜：不滅孤念
28905,後臀革
28906,天鋼錠
28907,天鋼革
28908,天鋼布
28909,重建用的繭
28910,重建用的海鹽
28911,特製純白星芒樹
28912,特製星芒祭甜甜圈組合
28913,特製星芒祭雪人
28914,特製空的禮物箱
28915,複製原畫«拂曉血盟»
28916,重建用的蟾蜍
28917,巫菲提角笛
28918,褲裝款玫瑰花戀人裝備箱
28919,褲裝款相思樹戀人裝備箱
28920,褲裝款勿忘草戀人裝備箱
28921,裙裝款玫瑰花戀人裝備箱
28922,裙裝款相思樹戀人裝備箱
28923,裙裝款勿忘草戀人裝備箱
28924,物資貨箱：二號B型防具
28925,不朽巨魚
28926,白色隆索
28927,刺釘蜥蜴
28928,仙子彩虹鯧
28929,黑色噴氣亂流
28930,鰭人嘆息
28931,小型魚拓畫框
28932,中型魚拓畫框
28933,大型魚拓畫框
28934,特大型魚拓畫框
28935,
28936,
28937,加拉迪翁鰕虎
28938,加拉迪翁鯷魚
28939,玫瑰鯛魚
28940,三角刺魚
28941,陽光蝴蝶魚
28942,暗淡鯊
28943,
28944,
28945,
28946,
28947,風信子種子
28948,紅色風信子
28949,藍色風信子
28950,黃色風信子
28951,綠色風信子
28952,橙色風信子
28953,紫色風信子
28954,白色風信子
28955,黑色風信子
28956,混色風信子
28957,小型半木外牆
28958,中型半木外牆
28959,大型半木外牆
28960,石堆內牆
28961,石堆地板
28962,木頭吊燈
28963,莫古利圓桌
28964,莫古利座椅
28965,化妝箱
28966,彩蛋狩獵的海報
28967,紅酒架
28968,繩索護欄
28969,硬紙箱
28970,餐具架
28971,外衣架
28972,亞馬烏羅提壁燈
28973,莊園梳粧檯
28974,起司櫃
28975,牆上玫瑰
28976,疊好的被褥
28977,俾斯麥早餐組合
28978,辛辣蛋沙拉碗
28979,總騎士長的肖像畫
28980,天然黃水晶
28981,宇宙宮隔斷牆
28982,樹樁餐桌
28983,野餐籃
28984,最佳演奏者的小號
28985,向日葵捧花
28986,切菜板
28987,讀一半的書
28988,牛奶盒
28989,龍騎士的肖像畫
28990,宇宙宮掛飾
28991,陳舊桌椅組合
28992,草原床
28993,兔子玩偶
28994,紅寶石武器像
28995,圍裙壁掛架
28996,東方舞臺
28997,女兒節吊旗
28998,禁園花架
28999,雷克蘭德妖精樹
29000,雷克蘭德花叢
29001,紅色未知蠻神圖騰
29002,紅寶石寬刃劍
29003,紅寶石鋼拳
29004,紅寶石戰斧
29005,紅寶石游擊槍
29006,紅寶石戰弓
29007,紅寶石小刀
29008,紅寶石巨劍
29009,紅寶石刀鎖
29010,紅寶石牧杖
29011,紅寶石法杖
29012,紅寶石魔導書
29013,紅寶石魔導典
29014,紅寶石天儀
29015,紅寶石武士刀
29016,紅寶石重刺劍
29017,紅寶石鋸刃
29018,紅寶石圓月輪
29019,紅寶石盾
29020,古舊的共鳴頭盔
29021,古舊的共鳴鎧甲
29022,古舊的共鳴手鎧
29023,古舊的共鳴長褲
29024,古舊的共鳴鎖甲靴
29025,古舊的共鳴腰帶
29026,古舊的共鳴飾品
29027,第1頁共鳴的斷章
29028,第2頁共鳴的斷章
29029,第3頁共鳴的斷章
29030,第4頁共鳴的斷章
29031,古舊的共鳴長劍
29032,衛兵團強化藥
29033,衛兵團強化纖維
29034,衛兵團硬化藥
29035,莫雯的奇譚票據
29036,超耐用型神典石
29037,伊甸之律手半劍
29038,伊甸之律拳鋒
29039,伊甸之律戰斧
29040,伊甸之律戰叉
29041,伊甸之律豎琴弓
29042,伊甸之律小刀
29043,伊甸之律巨劍
29044,伊甸之律明火槍
29045,伊甸之律牧杖
29046,伊甸之律法杖
29047,伊甸之律魔導書
29048,伊甸之律魔導典
29049,伊甸之律黃道儀
29050,伊甸之律武士刀
29051,伊甸之律刺劍
29052,伊甸之律槍刃
29053,伊甸之律圓月輪
29054,伊甸之律步兵盾
29055,伊甸之律禦敵頭盔
29056,伊甸之律禦敵戰鎧
29057,伊甸之律禦敵手鎧
29058,伊甸之律禦敵腿甲
29059,伊甸之律禦敵鎖甲靴
29060,伊甸之律禦敵腰甲
29061,伊甸之律制敵頭盔
29062,伊甸之律制敵戰鎧
29063,伊甸之律制敵手鎧
29064,伊甸之律制敵腿甲
29065,伊甸之律制敵鎖甲靴
29066,伊甸之律制敵腰甲
29067,伊甸之律強襲眼罩
29068,伊甸之律強襲外套
29069,伊甸之律強襲手鎧
29070,伊甸之律強襲軟甲褲
29071,伊甸之律強襲鎖甲靴
29072,伊甸之律強襲腰甲
29073,伊甸之律精準禮帽
29074,伊甸之律精準外套
29075,伊甸之律精準臂甲
29076,伊甸之律精準軟甲褲
29077,伊甸之律精準短靴
29078,伊甸之律精準腰甲
29079,伊甸之律游擊眼罩
29080,伊甸之律游擊外套
29081,伊甸之律游擊手鎧
29082,伊甸之律游擊馬褲
29083,伊甸之律游擊鎖甲靴
29084,伊甸之律游擊腰甲
29085,伊甸之律治癒翼冠
29086,伊甸之律治癒束腰衣
29087,伊甸之律治癒護臂
29088,伊甸之律治癒馬褲
29089,伊甸之律治癒長靴
29090,伊甸之律治癒腰甲
29091,伊甸之律詠咒魔術帽
29092,伊甸之律詠咒束腰衣
29093,伊甸之律詠咒護臂
29094,伊甸之律詠咒馬褲
29095,伊甸之律詠咒長靴
29096,伊甸之律詠咒腰甲
29097,伊甸之律禦敵耳墜
29098,伊甸之律強攻耳墜
29099,伊甸之律精準耳墜
29100,伊甸之律治癒耳墜
29101,伊甸之律詠咒耳墜
29102,伊甸之律禦敵項環
29103,伊甸之律強攻項環
29104,伊甸之律精準項環
29105,伊甸之律治癒項環
29106,伊甸之律詠咒項環
29107,伊甸之律禦敵手環
29108,伊甸之律強攻手環
29109,伊甸之律精準手環
29110,伊甸之律治癒手環
29111,伊甸之律詠咒手環
29112,伊甸之律禦敵指環
29113,伊甸之律強攻指環
29114,伊甸之律精準指環
29115,伊甸之律治癒指環
29116,伊甸之律詠咒指環
29117,伊甸之音禦敵頭盔
29118,伊甸之音禦敵戰鎧
29119,伊甸之音禦敵手鎧
29120,伊甸之音禦敵腿甲
29121,伊甸之音禦敵鎖甲靴
29122,伊甸之音禦敵腰甲
29123,伊甸之音制敵頭盔
29124,伊甸之音制敵戰鎧
29125,伊甸之音制敵手鎧
29126,伊甸之音制敵腿甲
29127,伊甸之音制敵鎖甲靴
29128,伊甸之音制敵腰甲
29129,伊甸之音強襲眼罩
29130,伊甸之音強襲外套
29131,伊甸之音強襲手鎧
29132,伊甸之音強襲軟甲褲
29133,伊甸之音強襲鎖甲靴
29134,伊甸之音強襲腰甲
29135,伊甸之音精準禮帽
29136,伊甸之音精準外套
29137,伊甸之音精準臂甲
29138,伊甸之音精準軟甲褲
29139,伊甸之音精準短靴
29140,伊甸之音精準腰甲
29141,伊甸之音游擊眼罩
29142,伊甸之音游擊外套
29143,伊甸之音游擊手鎧
29144,伊甸之音游擊馬褲
29145,伊甸之音游擊鎖甲靴
29146,伊甸之音游擊腰甲
29147,伊甸之音治癒翼冠
29148,伊甸之音治癒束腰衣
29149,伊甸之音治癒護臂
29150,伊甸之音治癒馬褲
29151,伊甸之音治癒長靴
29152,伊甸之音治癒腰甲
29153,伊甸之音詠咒魔術帽
29154,伊甸之音詠咒束腰衣
29155,伊甸之音詠咒護臂
29156,伊甸之音詠咒馬褲
29157,伊甸之音詠咒長靴
29158,伊甸之音詠咒腰甲
29159,伊甸之音禦敵耳墜
29160,伊甸之音強攻耳墜
29161,伊甸之音精準耳墜
29162,伊甸之音治癒耳墜
29163,伊甸之音詠咒耳墜
29164,伊甸之音禦敵項環
29165,伊甸之音強攻項環
29166,伊甸之音精準項環
29167,伊甸之音治癒項環
29168,伊甸之音詠咒項環
29169,伊甸之音禦敵手環
29170,伊甸之音強攻手環
29171,伊甸之音精準手環
29172,伊甸之音治癒手環
29173,伊甸之音詠咒手環
29174,伊甸之音禦敵指環
29175,伊甸之音強攻指環
29176,伊甸之音精準指環
29177,伊甸之音治癒指環
29178,伊甸之音詠咒指環
29179,水晶都長劍
29180,水晶都指虎
29181,水晶都雙刃斧
29182,水晶都長槍
29183,水晶都複合弓
29184,水晶都小刀
29185,水晶都巨劍
29186,水晶都重砲
29187,水晶都牧杖
29188,水晶都法杖
29189,水晶都魔導書
29190,水晶都魔導典
29191,水晶都天星盤
29192,水晶都武士刀
29193,水晶都刺劍
29194,水晶都魔機刃
29195,水晶都戰輪
29196,水晶都鳶盾
29197,水晶都禦敵頭冠
29198,水晶都禦敵罩衣
29199,水晶都禦敵手鎧
29200,水晶都禦敵軟甲褲
29201,水晶都禦敵高筒靴
29202,水晶都禦敵腰甲
29203,水晶都制敵頭冠
29204,水晶都制敵罩衣
29205,水晶都制敵手鎧
29206,水晶都制敵軟甲褲
29207,水晶都制敵高筒靴
29208,水晶都制敵腰甲
29209,水晶都強襲包頭巾
29210,水晶都強襲外套
29211,水晶都強襲手套
29212,水晶都強襲喇叭褲
29213,水晶都強襲短靴
29214,水晶都強襲腰甲
29215,水晶都精準眼罩
29216,水晶都精準外套
29217,水晶都精準手套
29218,水晶都精準馬褲
29219,水晶都精準長靴
29220,水晶都精準腰甲
29221,水晶都游擊圓頂帽
29222,水晶都游擊外套
29223,水晶都游擊手套
29224,水晶都游擊軟甲褲
29225,水晶都游擊長靴
29226,水晶都游擊腰甲
29227,水晶都治癒包頭巾
29228,水晶都治癒長袍
29229,水晶都治癒手套
29230,水晶都治癒喇叭褲
29231,水晶都治癒短靴
29232,水晶都治癒腰甲
29233,水晶都詠咒口罩
29234,水晶都詠咒長袍
29235,水晶都詠咒短手套
29236,水晶都詠咒騎兵褲
29237,水晶都詠咒筒靴
29238,水晶都詠咒腰甲
29239,水晶都禦敵耳墜
29240,水晶都強攻耳墜
29241,水晶都精準耳墜
29242,水晶都治癒耳墜
29243,水晶都詠咒耳墜
29244,水晶都禦敵項環
29245,水晶都強攻項環
29246,水晶都精準項環
29247,水晶都治癒項環
29248,水晶都詠咒項環
29249,水晶都禦敵手環
29250,水晶都強攻手環
29251,水晶都精準手環
29252,水晶都治癒手環
29253,水晶都詠咒手環
29254,水晶都禦敵指環
29255,水晶都強攻指環
29256,水晶都精準指環
29257,水晶都治癒指環
29258,水晶都詠咒指環
29259,改良型水晶都長劍
29260,改良型水晶都指虎
29261,改良型水晶都雙刃斧
29262,改良型水晶都長槍
29263,改良型水晶都複合弓
29264,改良型水晶都小刀
29265,改良型水晶都巨劍
29266,改良型水晶都重砲
29267,改良型水晶都牧杖
29268,改良型水晶都法杖
29269,改良型水晶都魔導書
29270,改良型水晶都魔導典
29271,改良型水晶都天星盤
29272,改良型水晶都武士刀
29273,改良型水晶都刺劍
29274,改良型水晶都魔機刃
29275,改良型水晶都戰輪
29276,改良型水晶都鳶盾
29277,改良型水晶都禦敵頭冠
29278,改良型水晶都禦敵罩衣
29279,改良型水晶都禦敵手鎧
29280,改良型水晶都禦敵軟甲褲
29281,改良型水晶都禦敵高筒靴
29282,改良型水晶都禦敵腰甲
29283,改良型水晶都制敵頭冠
29284,改良型水晶都制敵罩衣
29285,改良型水晶都制敵手鎧
29286,改良型水晶都制敵軟甲褲
29287,改良型水晶都制敵高筒靴
29288,改良型水晶都制敵腰甲
29289,改良型水晶都強襲包頭巾
29290,改良型水晶都強襲外套
29291,改良型水晶都強襲手套
29292,改良型水晶都強襲喇叭褲
29293,改良型水晶都強襲短靴
29294,改良型水晶都強襲腰甲
29295,改良型水晶都精準眼罩
29296,改良型水晶都精準外套
29297,改良型水晶都精準手套
29298,改良型水晶都精準馬褲
29299,改良型水晶都精準長靴
29300,改良型水晶都精準腰甲
29301,改良型水晶都游擊圓頂帽
29302,改良型水晶都游擊外套
29303,改良型水晶都游擊手套
29304,改良型水晶都游擊軟甲褲
29305,改良型水晶都游擊長靴
29306,改良型水晶都游擊腰甲
29307,改良型水晶都治癒包頭巾
29308,改良型水晶都治癒長袍
29309,改良型水晶都治癒手套
29310,改良型水晶都治癒喇叭褲
29311,改良型水晶都治癒短靴
29312,改良型水晶都治癒腰甲
29313,改良型水晶都詠咒口罩
29314,改良型水晶都詠咒長袍
29315,改良型水晶都詠咒短手套
29316,改良型水晶都詠咒騎兵褲
29317,改良型水晶都詠咒筒靴
29318,改良型水晶都詠咒腰甲
29319,改良型水晶都禦敵耳墜
29320,改良型水晶都強攻耳墜
29321,改良型水晶都精準耳墜
29322,改良型水晶都治癒耳墜
29323,改良型水晶都詠咒耳墜
29324,改良型水晶都禦敵項環
29325,改良型水晶都強攻項環
29326,改良型水晶都精準項環
29327,改良型水晶都治癒項環
29328,改良型水晶都詠咒項環
29329,改良型水晶都禦敵手環
29330,改良型水晶都強攻手環
29331,改良型水晶都精準手環
29332,改良型水晶都治癒手環
29333,改良型水晶都詠咒手環
29334,改良型水晶都禦敵指環
29335,改良型水晶都強攻指環
29336,改良型水晶都精準指環
29337,改良型水晶都治癒指環
29338,改良型水晶都詠咒指環
29339,追憶館禦敵頭冠
29340,追憶館禦敵戰甲
29341,追憶館禦敵手鎧
29342,追憶館禦敵騎兵褲
29343,追憶館禦敵鎖甲靴
29344,追憶館禦敵腰帶
29345,追憶館制敵頭冠
29346,追憶館制敵戰甲
29347,追憶館制敵手鎧
29348,追憶館制敵騎兵褲
29349,追憶館制敵鎖甲靴
29350,追憶館制敵腰帶
29351,追憶館強襲頭帶
29352,追憶館強襲短衣
29353,追憶館強襲手套
29354,追憶館強襲騎兵褲
29355,追憶館強襲矮靴
29356,追憶館強襲腰帶
29357,追憶館精準狩獵帽
29358,追憶館精準長衣
29359,追憶館精準手套
29360,追憶館精準騎兵褲
29361,追憶館精準高筒靴
29362,追憶館精準腰帶
29363,追憶館游擊頭帶
29364,追憶館游擊短衣
29365,追憶館游擊手套
29366,追憶館游擊騎兵褲
29367,追憶館游擊高筒靴
29368,追憶館游擊腰帶
29369,追憶館治癒帽
29370,追憶館治癒長衣
29371,追憶館治癒手套
29372,追憶館治癒騎兵褲
29373,追憶館治癒高筒靴
29374,追憶館治癒腰帶
29375,追憶館詠咒魔術帽
29376,追憶館詠咒長衣
29377,追憶館詠咒手套
29378,追憶館詠咒騎兵褲
29379,追憶館詠咒高筒靴
29380,追憶館詠咒腰帶
29381,追憶館禦敵耳墜
29382,追憶館強攻耳墜
29383,追憶館精準耳墜
29384,追憶館治癒耳墜
29385,追憶館詠咒耳墜
29386,追憶館禦敵項環
29387,追憶館強攻項環
29388,追憶館精準項環
29389,追憶館治癒項環
29390,追憶館詠咒項環
29391,追憶館禦敵手鐲
29392,追憶館強攻手鐲
29393,追憶館精準手鐲
29394,追憶館治癒手鐲
29395,追憶館詠咒手鐲
29396,追憶館禦敵指環
29397,追憶館強攻指環
29398,追憶館精準指環
29399,追憶館治癒指環
29400,追憶館詠咒指環
29401,紅寶石武器裝甲片
29402,紅寶石武器裝甲
29403,機工士裝甲
29404,伊修加爾德新型長劍
29405,伊修加爾德新型利爪
29406,伊修加爾德新型雙刃斧
29407,伊修加爾德新型三尖槍
29408,伊修加爾德新型長弓
29409,伊修加爾德新型小刀
29410,伊修加爾德新型巨劍
29411,伊修加爾德新型左輪槍
29412,伊修加爾德新型牧杖
29413,伊修加爾德新型法杖
29414,伊修加爾德新型魔導書
29415,伊修加爾德新型魔導典
29416,伊修加爾德新型天星盤
29417,伊修加爾德新型武士刀
29418,伊修加爾德新型花劍
29419,伊修加爾德新型魔機刃
29420,伊修加爾德新型圓月輪
29421,伊修加爾德新型騎士盾
29422,伊修加爾德新型禦敵軍帽
29423,伊修加爾德新型禦敵上裝
29424,伊修加爾德新型禦敵手鎧
29425,伊修加爾德新型禦敵打底褲
29426,伊修加爾德新型禦敵鎖甲靴
29427,伊修加爾德新型禦敵腰帶
29428,伊修加爾德新型制敵軍帽
29429,伊修加爾德新型制敵上裝
29430,伊修加爾德新型制敵手套
29431,伊修加爾德新型制敵打底褲
29432,伊修加爾德新型制敵皮靴
29433,伊修加爾德新型制敵腰帶
29434,伊修加爾德新型強襲禮帽
29435,伊修加爾德新型強襲上裝
29436,伊修加爾德新型強襲手套
29437,伊修加爾德新型強襲打底褲
29438,伊修加爾德新型強襲長靴
29439,伊修加爾德新型強襲腰帶
29440,伊修加爾德新型精準軍帽
29441,伊修加爾德新型精準上裝
29442,伊修加爾德新型精準手套
29443,伊修加爾德新型精準打底褲
29444,伊修加爾德新型精準長靴
29445,伊修加爾德新型精準腰帶
29446,伊修加爾德新型游擊禮帽
29447,伊修加爾德新型游擊上裝
29448,伊修加爾德新型游擊手套
29449,伊修加爾德新型游擊打底褲
29450,伊修加爾德新型游擊鎖甲靴
29451,伊修加爾德新型游擊腰帶
29452,伊修加爾德新型治癒軍帽
29453,伊修加爾德新型治癒上裝
29454,伊修加爾德新型治癒手套
29455,伊修加爾德新型治癒打底褲
29456,伊修加爾德新型治癒長靴
29457,伊修加爾德新型治癒腰帶
29458,伊修加爾德新型詠咒禮帽
29459,伊修加爾德新型詠咒上裝
29460,伊修加爾德新型詠咒手套
29461,伊修加爾德新型詠咒打底褲
29462,伊修加爾德新型詠咒皮靴
29463,伊修加爾德新型詠咒腰帶
29464,伊修加爾德新型禦敵耳墜
29465,伊修加爾德新型強攻耳墜
29466,伊修加爾德新型精準耳墜
29467,伊修加爾德新型治癒耳墜
29468,伊修加爾德新型詠咒耳墜
29469,伊修加爾德新型禦敵項環
29470,伊修加爾德新型強攻項環
29471,伊修加爾德新型精準項環
29472,伊修加爾德新型治癒項環
29473,伊修加爾德新型詠咒項環
29474,伊修加爾德新型禦敵手環
29475,伊修加爾德新型強攻手環
29476,伊修加爾德新型精準手環
29477,伊修加爾德新型治癒手環
29478,伊修加爾德新型詠咒手環
29479,伊修加爾德新型禦敵指環
29480,伊修加爾德新型強攻指環
29481,伊修加爾德新型精準指環
29482,伊修加爾德新型治癒指環
29483,伊修加爾德新型詠咒指環
29484,木工秘笈第八卷
29485,鍛冶秘笈第八卷
29486,甲胄秘笈第八卷
29487,金工秘笈第八卷
29488,皮革秘笈第八卷
29489,裁縫秘笈第八卷
29490,鍊金秘笈第八卷
29491,烹調秘笈第八卷
29492,3級剛力之幻藥
29493,3級巧力之幻藥
29494,3級耐力之幻藥
29495,3級智力之幻藥
29496,3級意力之幻藥
29497,力山羊肉丸
29498,莫爾斯
29499,檸檬格子鬆餅
29500,蜂蜜牛角麵包
29501,香腸泡菜
29502,高地風味菜肉卷
29503,醃鯡魚
29504,鯡魚派
29505,農場早餐
29506,烏雞布丁
29507,山莓
29508,高筋粉
29509,高地甘藍
29510,白金鯡魚
29511,烏雞蛋
29512,奇岩石英
29513,蛇眼石
29514,湧岩聖水
29515,焚火晶石
29516,濕地蛇紋岩
29517,採掘隊用鐵礦石
29518,採掘隊用燧石
29519,採掘隊用板岩
29520,採掘隊用蟻蛋
29521,採掘隊用白蠍
29522,採掘隊用琥珀
29523,採掘隊用輝銅礦簇
29524,採掘隊用礦物油
29525,採掘隊用色素
29526,採掘隊用泡鹼
29527,採掘隊用黏土
29528,採掘隊用黑鉛
29529,採掘隊用岩鹽
29530,採掘隊用硫磺
29531,採掘隊用石笛
29532,採掘隊用砂礫
29533,採掘隊用輝石
29534,採掘隊用岩蟲
29535,採掘隊用硬鐵礦
29536,採掘隊用骨片
29537,採掘隊用石墨
29538,老樹琥珀
29539,靈繭
29540,靈草根
29541,蛇山椒
29542,濕地老樹皮
29543,採掘隊用亞麻
29544,採掘隊用種子
29545,採掘隊用藤蔓
29546,採掘隊用蠶蛹
29547,採掘隊用草莓
29548,採掘隊用薰衣草
29549,採掘隊用狼蛛
29550,採掘隊用藥草
29551,採掘隊用薑黃
29552,採掘隊用球藻
29553,採掘隊用延齡花
29554,採掘隊用羽毛
29555,採掘隊用樹皮
29556,採掘隊用艾蒿
29557,採掘隊用根莖
29558,採掘隊用掃帚草
29559,採掘隊用堅果
29560,採掘隊用蜂巢
29561,採掘隊用樹根
29562,採掘隊用蠕蟲
29563,採掘隊用麻草
29564,晶鱗魚
29565,銀鏡貝
29566,達藍之爪
29567,熔岩鰻
29568,苔龜
29569,採掘隊用弧邊招潮蟹
29570,採掘隊用鱒魚
29571,採掘隊用引螈
29572,採掘隊用強盜蟹
29573,採掘隊用水虎魚
29574,採掘隊用巨骨舌魚
29575,採掘隊用毒鯰魚
29576,採掘隊用綠藻
29577,採掘隊用海螺
29578,採掘隊用淡水海綿
29579,採掘隊用雙殼貝
29580,採掘隊用銀鯰
29581,採掘隊用騎士鱸
29582,採掘隊用熔岩骨舌魚
29583,採掘隊用大樹之鱗
29584,採掘隊用皮皮拉魚
29585,採掘隊用魔貝
29586,採掘隊用帶子鱒魚
29587,採掘隊用鑽石骨舌魚
29588,採掘隊用大理石幼蟲
29589,採掘隊用大海螺
29590,海底黏土
29591,專業手鋸
29592,專業橫頭錘
29593,專業圓頭錘
29594,專業工藝錘
29595,專業圓革刀
29596,專業縫針
29597,專業蒸餾器
29598,專業煎鍋
29599,專業十字鎬
29600,專業手斧
29601,專業釣竿
29602,專業巧匠貝雷帽
29603,專業巧匠外套
29604,專業巧匠半指護手
29605,專業巧匠軟甲褲
29606,專業巧匠皮靴
29607,專業大地頭巾
29608,專業大地外套
29609,專業大地手套
29610,專業大地馬褲
29611,專業大地工作靴
29612,天鋼手鋸
29613,天鋼橫頭錘
29614,天鋼圓頭錘
29615,天鋼工藝錘
29616,天鋼圓革刀
29617,天鋼縫針
29618,天鋼蒸餾器
29619,天鋼煎鍋
29620,天鋼手斧
29621,天鋼十字鎬
29622,天鋼釣竿
29623,天鋼手鋸+1
29624,天鋼橫頭錘+1
29625,天鋼圓頭錘+1
29626,天鋼工藝錘+1
29627,天鋼圓革刀+1
29628,天鋼縫針+1
29629,天鋼蒸餾器+1
29630,天鋼煎鍋+1
29631,天鋼手斧+1
29632,天鋼十字鎬+1
29633,天鋼釣竿+1
29634,龍詩手鋸
29635,龍詩橫頭錘
29636,龍詩圓頭錘
29637,龍詩工藝錘
29638,龍詩圓革刀
29639,龍詩縫針
29640,龍詩蒸餾器
29641,龍詩煎鍋
29642,龍詩手斧
29643,龍詩十字鎬
29644,龍詩釣竿
29645,改良用的矽化木寶珠
29646,改良用的鉚釘
29647,改良用的鋼絲
29648,改良用的磨刀石
29649,改良用的鞣革
29650,改良用的月光絲
29651,改良用的合成樹脂
29652,改良用的種子提取液
29653,改良用的長杆
29654,改良用的連接板
29655,改良用的鏈條板
29656,改良用的寶玉
29657,改良用的羊皮紙
29658,改良用的天鵝絨
29659,改良用的玻璃板
29660,改良用的種子粉
29661,改良用的矽化木
29662,改良用的鐵沙
29663,改良用的鐵礦
29664,改良用的原石
29665,改良用的粗皮
29666,改良用的棉花
29667,改良用的石英
29668,改良用的種子
29669,改良用的乳膠
29670,改良用的化石砂
29671,改良用的黑曜石
29672,改良用的礦砂
29673,智慧珊瑚
29674,改良用的琥珀
29675,改良用的珍寶
29676,改良用的黑暗物質
29677,改良用的火種
29678,龍骨貝
29679,天鋼工具箱
29680,紅木溝渠
29681,水晶珊瑚
29682,白色屏風
29683,虹吸咖啡機
29684,貓小胖掛鐘
29685,炸彈鍊金鍋
29686,隆卡搖椅
29687,花園磚牆
29688,特製慶典用的散壽司
29689,特製慶典用的手鞠壽司
29690,特製堆起來的彩蛋
29691,特製彩蛋特製皇冠羊排
29692,特製彩蛋特製巧克力蛋糕
29693,伊甸之律武器箱（品級505）
29694,伊甸之律頭部裝備箱（品級500）
29695,伊甸之律身體裝備箱（品級500）
29696,伊甸之律手臂裝備箱（品級500）
29697,伊甸之律腿部裝備箱（品級500）
29698,伊甸之律腳部裝備箱（品級500）
29699,伊甸之律腰帶裝備箱（品級500）
29700,伊甸之律耳部裝備箱（品級500）
29701,伊甸之律頸部裝備箱（品級500）
29702,伊甸之律腕部裝備箱（品級500）
29703,伊甸之律指環裝備箱（品級500）
29704,九宮幻卡：花束籃筐
29705,九宮幻卡：奇塔利
29706,九宮幻卡：異豺
29707,九宮幻卡：莉茲貝絲
29708,九宮幻卡：大腳野蝠
29709,九宮幻卡：得到寬恕的猥褻
29710,九宮幻卡：華迦斯
29711,九宮幻卡：不明物體
29712,九宮幻卡：紅寶石武器
29713,九宮幻卡：至大災獸
29714,石沙蠶
29715,磷蝦
29716,海腸
29717,萬能擬餌
29718,海投刀
29719,碧玉頭
29720,梅爾托爾龍蝦
29721,天堂魚
29722,屍鬼梭魚
29723,獵豹鰻
29724,海中炸彈
29725,莫莫拉·莫拉
29726,梅爾托爾蝴蝶魚
29727,步兵劍
29728,羅塔諾梭子鰆
29729,羅塔諾沙丁魚
29730,深海平魚
29731,深紅釣鮟鱇
29732,燈魚
29733,魔鰻
29734,青色章魚
29735,鉻鐵錘頭鯊
29736,浮冰魚
29737,巨烏賊
29738,放浪神之石
29739,拉諾西亞水母
29740,蓬鬆海龍
29741,蜘蛛蟹
29742,暗鸚鵡螺
29743,古老恐魚
29744,醉魚
29745,小利維坦
29746,海鎧靴
29747,海流星
29748,錘爪龍蝦
29749,天堂之鑰
29750,幽靈鯊
29751,流銀刃
29752,海神印
29753,釘牡蠣
29754,巨食鮟鱇
29755,秘銀君
29756,靈敏舞者
29757,海蕁麻
29758,巨大槍魚
29759,海難船帆
29760,太陽神面紗
29761,高級乙太藥虱
29762,浮游碟魚
29763,乙太海龍
29764,珊瑚海龍
29765,無賴龍
29766,人魚髮
29767,清道夫
29768,沉寂者
29769,深海鰻
29770,處刑者
29771,狂野海膽
29772,尖吻鱸
29773,幻紗披風
29774,蝸牛魚
29775,阿龍納斯
29776,尾骨魚
29777,剪碎手巴薩羅繆
29778,巡遊者
29779,寄生倖存者
29780,浪子魚
29781,守領鰭龍
29782,漏斗鯊
29783,墜天魚
29784,幻光巨齒鯊
29785,幻光碟麗魚
29786,幻光海馬
29787,幻光鱸
29788,索蒂斯
29789,珊瑚蝠鱝
29790,石骨魚
29791,依拉絲莫龍
29792,第二期重建用的合板
29793,第二期重建用的合金
29794,第二期重建用的金屬板
29795,第二期重建用的金屬錠
29796,第二期重建用的鞣革
29797,第二期重建用的草繩
29798,第二期重建用的墨水
29799,第二期重建用的麻乳
29800,第二期重建用的木箱
29801,第二期重建用的鐵釘
29802,第二期重建用的鉚釘
29803,第二期重建用的鐵環
29804,第二期重建用的皮繩
29805,第二期重建用的布料
29806,第二期重建用的植物油
29807,第二期重建用的麵包
29808,第二期重建用的研磨工具
29809,第二期重建用的手錘
29810,第二期重建用的蒸餾器
29811,第二期重建用的裁縫工具
29812,第二期重建用的地毯
29813,第二期重建用的掃把
29814,第二期重建用的染劑
29815,第二期重建用的紅茶
29816,第二期重建用的梯子
29817,第二期重建用的鋸子
29818,第二期重建用的口罩
29819,第二期重建用的石材
29820,第二期重建用的長靴
29821,第二期重建用的手套
29822,第二期重建用的肥皂
29823,第二期重建用的藥湯
29824,第二期重建用的睡床
29825,第二期重建用的火爐
29826,第二期重建用的街燈
29827,第二期重建用的篝火台
29828,第二期重建用的工作服
29829,第二期重建用的帳篷
29830,第二期重建用的鍊金藥
29831,第二期重建用的燉菜
29832,第二期重建用的特供衣櫃
29833,第二期重建用的特供吊燈
29834,第二期重建用的特供暖爐
29835,第二期重建用的特供浴缸
29836,第二期重建用的特供外套
29837,第二期重建用的特供壁紙
29838,第二期重建用的特供常備藥
29839,第二期重建用的特供菜餚
29840,第二期重建用的小樹枝（檢）
29841,第二期重建用的麻草（檢）
29842,第二期重建用的銅礦（檢）
29843,第二期重建用的銅沙（檢）
29844,第二期重建用的中級楓木原木（檢）
29845,第二期重建用的中級楓木樹汁（檢）
29846,第二期重建用的中級亞麻（檢）
29847,第二期重建用的中級鋅礦（檢）
29848,第二期重建用的中級岩鹽（檢）
29849,第二期重建用的中級鐵沙（檢）
29850,第二期重建用的上級柚木原木（檢）
29851,第二期重建用的上級槲寄生（檢）
29852,第二期重建用的上級蜂巢（檢）
29853,第二期重建用的上級麥稈（檢）
29854,第二期重建用的上級茶葉（檢）
29855,第二期重建用的上級鈷鐵礦（檢）
29856,第二期重建用的上級色素（檢）
29857,第二期重建用的上級瀝青（檢）
29858,第二期重建用的上級秘銀沙（檢）
29859,第二期重建用的上級雲母（檢）
29860,第二期重建用的高級橡木原木（檢）
29861,第二期重建用的高級羽毛（檢）
29862,第二期重建用的高級藤條（檢）
29863,第二期重建用的高級蟾蜍（檢）
29864,第二期重建用的高級木賊草（檢）
29865,第二期重建用的高級靈銀礦（檢）
29866,第二期重建用的高級天然水（檢）
29867,第二期重建用的高級明礬（檢）
29868,第二期重建用的高級岩石（檢）
29869,第二期重建用的高級矽砂（檢）
29870,第二期重建用的最高級胡桃原木（檢）
29871,第二期重建用的最高級樹脂（檢）
29872,第二期重建用的最高級小麥（檢）
29873,第二期重建用的最高級棉花（檢）
29874,第二期重建用的最高級毒蛇（檢）
29875,第二期重建用的最高級玄鐵礦（檢）
29876,第二期重建用的最高級優質岩鹽（檢）
29877,第二期重建用的最高級泉水（檢）
29878,第二期重建用的最高級妖銀沙（檢）
29879,第二期重建用的最高級玄武岩（檢）
29880,第二期重建用的特供原木（檢）
29881,第二期重建用的特供樹汁塊（檢）
29882,第二期重建用的特供小麥（檢）
29883,第二期重建用的特供棉花（檢）
29884,第二期重建用的特供大蜥蜴（檢）
29885,第二期重建用的特供礦石（檢）
29886,第二期重建用的特供岩鹽（檢）
29887,第二期重建用的特供天然水（檢）
29888,第二期重建用的特供皇金沙（檢）
29889,第二期重建用的特供翡翠原石（檢）
29890,第二期重建用的幻風木（檢）
29891,第二期重建用的幻土茸（檢）
29892,第二期重建用的幻火岩（檢）
29893,第二期重建用的幻雷石（檢）
29894,第二期重建用的小樹枝
29895,第二期重建用的麻草
29896,第二期重建用的銅礦
29897,第二期重建用的銅沙
29898,第二期重建用的中級楓木原木
29899,第二期重建用的中級楓木樹汁
29900,第二期重建用的中級亞麻
29901,第二期重建用的中級鋅礦
29902,第二期重建用的中級岩鹽
29903,第二期重建用的中級鐵沙
29904,第二期重建用的上級柚木原木
29905,第二期重建用的上級槲寄生
29906,第二期重建用的上級蜂巢
29907,第二期重建用的上級麥稈
29908,第二期重建用的上級茶葉
29909,第二期重建用的上級鈷鐵礦
29910,第二期重建用的上級色素
29911,第二期重建用的上級瀝青
29912,第二期重建用的上級秘銀沙
29913,第二期重建用的上級雲母
29914,第二期重建用的高級橡木原木
29915,第二期重建用的高級羽毛
29916,第二期重建用的高級藤條
29917,第二期重建用的高級蟾蜍
29918,第二期重建用的高級木賊草
29919,第二期重建用的高級靈銀礦
29920,第二期重建用的高級天然水
29921,第二期重建用的高級明礬
29922,第二期重建用的高級岩石
29923,第二期重建用的高級矽砂
29924,第二期重建用的最高級胡桃原木
29925,第二期重建用的最高級樹脂
29926,第二期重建用的最高級小麥
29927,第二期重建用的最高級棉花
29928,第二期重建用的最高級毒蛇
29929,第二期重建用的最高級玄鐵礦
29930,第二期重建用的最高級優質岩鹽
29931,第二期重建用的最高級泉水
29932,第二期重建用的最高級妖銀沙
29933,第二期重建用的最高級玄武岩
29934,第二期重建用的特供原木
29935,第二期重建用的特供樹汁塊
29936,第二期重建用的特供小麥
29937,第二期重建用的特供棉花
29938,第二期重建用的特供大蜥蜴
29939,第二期重建用的特供礦石
29940,第二期重建用的特供岩鹽
29941,第二期重建用的特供天然水
29942,第二期重建用的特供皇金沙
29943,第二期重建用的特供翡翠原石
29944,第二期重建用的幻風木
29945,第二期重建用的幻土茸
29946,第二期重建用的幻火岩
29947,第二期重建用的幻雷石
29948,異木羊角錘
29949,怪鐵銼刀
29950,凶甲手鉗
29951,惡金砂輪機
29952,妖革平斬
29953,邪衣紡車
29954,煉魔研缽
29955,烹宰廚刀
29956,鬼礦碎石錘
29957,獷野鐮刀
29958,鈷鐵合金錠
29959,尊紫珠
29960,印茄木材
29961,紫草布
29962,古巨蜥革
29963,3級剛力之幻水
29964,3級巧力之幻水
29965,3級耐力之幻水
29966,3級智力之幻水
29967,3級意力之幻水
29968,輝鈷鐵礦
29969,矮人鉻鐵礦
29970,尊紫碎塊
29971,奇人人造樹脂
29972,印茄原木
29973,黑風海黏著劑
29974,紫草
29975,仙子綿羊毛
29976,灰明礬
29977,古巨蜥的粗皮
29978,帝王蕨菜
29979,乾燥高級乙太藥
29980,特製戀人節特製龍蝦大餐
29981,特製戀人節特製蛋糕組合
29982,特製人偶娃娃
29983,寶石彩蛋
29984,橙色風信子頭花
29985,紫色風信子頭花
29986,白色風信子頭花
29987,黑色風信子頭花
29988,混色風信子頭花
29989,練習素材
29990,第八卷級練習成果（耐久70）
29991,第八卷級練習成果（耐久35）
29992,第二期重建用的特供練習成果
29993,九宮幻卡：瓦厲斯·耶·加爾烏斯
29994,第二期重建用的雲冠跳魚
29995,第二期重建用的冥想魚
29996,第二期重建用的豹魚
29997,第二期重建用的雀鱔
29998,第二期重建用的巨骨舌魚
29999,第二期重建用的褐飛刀
30000,第二期重建用的苦魚
30001,第二期重建用的凱門鱷
30002,第二期重建用的破雲飛魚
30003,第二期重建用的吸血魔毯
30004,第二期重建用的妖精翼龍
30005,第二期重建用的飛蝠鱝
30006,第二期重建用的特供菱龍
30007,第二期重建用的特供哥布面具
30008,第二期重建用的特供翼手龍
30009,第二期重建用的特供天魚
30010,第二期重建用的特供彗星魚
30011,第二期重建用的特供奇蝦
30012,第二期重建用的特供喙嘴龍
30013,第二期重建用的特供龍魂
30014,第二期重建用的雲冠跳魚（檢）
30015,第二期重建用的冥想魚（檢）
30016,第二期重建用的豹魚（檢）
30017,第二期重建用的雀鱔（檢）
30018,第二期重建用的巨骨舌魚（檢）
30019,第二期重建用的褐飛刀（檢）
30020,第二期重建用的苦魚（檢）
30021,第二期重建用的凱門鱷（檢）
30022,第二期重建用的破雲飛魚（檢）
30023,第二期重建用的吸血魔毯（檢）
30024,第二期重建用的妖精翼龍（檢）
30025,第二期重建用的飛蝠鱝（檢）
30026,第二期重建用的特供菱龍（檢）
30027,第二期重建用的特供哥布面具（檢）
30028,第二期重建用的特供翼手龍（檢）
30029,第二期重建用的特供天魚（檢）
30030,第二期重建用的特供彗星魚（檢）
30031,第二期重建用的特供奇蝦（檢）
30032,第二期重建用的特供喙嘴龍（檢）
30033,第二期重建用的特供龍魂（檢）
30034,燒結磨刀石
30035,華美型伊修加爾德新型禦敵上裝
30036,華美型伊修加爾德新型制敵上裝
30037,華美型伊修加爾德新型強襲上裝
30038,華美型伊修加爾德新型精準上裝
30039,華美型伊修加爾德新型游擊上裝
30040,華美型伊修加爾德新型治癒上裝
30041,華美型伊修加爾德新型詠咒上裝
30042,總管單片眼鏡
30043,皇家桃花頭花
30044,兔子頭
30045,兔子服
30046,兔子禮服
30047,咕波王冠
30048,咕波外套
30049,咕波軟甲褲
30050,咕波皮鞋
30051,咕波針織帽
30052,手藝圍裙裝
30053,手藝皮褲
30054,手藝皮鞋
30055,達瑪斯卡垂褶上裝
30056,達瑪斯卡垂褶下裝
30057,達瑪斯卡皮鞋
30058,美格雅卡頭冠
30059,美格雅卡長袍
30060,美格雅卡軟甲褲
30061,美格雅卡長靴
30062,血盟魔女頭飾
30063,血盟魔女長袍
30064,血盟魔女影爪
30065,血盟魔女高筒靴
30066,逐夜者
30067,皇帝的新盾牌
30068,神龍夢幻直劍
30069,神龍夢幻鬥器
30070,神龍夢幻戰斧
30071,神龍夢幻長槍
30072,神龍夢幻大弓
30073,神龍夢幻雙劍
30074,神龍夢幻大劍
30075,神龍夢幻短銃
30076,神龍夢幻錫杖
30077,神龍夢幻咒杖
30078,神龍夢幻經典
30079,神龍夢幻文書
30080,神龍夢幻天儀
30081,神龍夢幻刀
30082,神龍夢幻細劍
30083,神龍夢幻槍刃
30084,神龍夢幻環刃
30085,神龍夢幻大盾
30086,神龍槍刃
30087,神龍環刃
30088,黃金塔羅斯
30089,馬小龍
30090,草小人
30091,霍啪櫨的水蛇？
30092,奇塔利的水蛇？
30093,銀山雀兒
30094,烹調猴面雀兒
30095,衣匠猴面雀兒
30096,小小古代人
30097,鯊魚指揮官
30098,迷你杜麗雅
30099,阿馬羅寶寶
30100,拉拉鱷
30101,不幸小兔
30102,勞動十四號認證金鑰
30103,隆卡魔笛
30104,無齒翼龍角笛
30105,紅寶石玲龍魔笛
30106,弓鮫角笛
30107,拉姆水晶
30108,卡邦庫爾 紅電氣石笛
30109,演技教材·打響指
30110,演技教材·吃麵包
30111,演技教材·看書
30112,演技教材·堅持主張
30113,髮型樣式：斜瀏海
30114,第1賽季福者之證
30115,第1賽季聖者之證
30116,寶石紅染劑
30117,櫻桃粉染劑
30118,絲雀黃染劑
30119,香草黃染劑
30120,龍騎藍染劑
30121,松石藍染劑
30122,砲銅黑染劑
30123,珍珠白染劑
30124,金屬銅染劑
30125,魔法棱晶（伊修加爾德）
30126,魔法棱晶（澤梅爾）
30127,魔法棱晶（艾因哈特）
30128,魔法棱晶（狄蘭達爾）
30129,魔法棱晶（福爾唐）
30130,魔法棱晶（神殿騎士團）
30131,紅色風信子頭花
30132,藍色風信子頭花
30133,黃色風信子頭花
30134,綠色風信子頭花
30135,順柔劑
30136,天鋼之球
30137,理想化頭部裝備箱（品級480）
30138,理想化身體裝備箱（品級480）
30139,理想化手臂裝備箱（品級480）
30140,理想化腿部裝備箱（品級480）
30141,理想化腳部裝備箱（品級480）
30142,理想化的騎爵頭鏈
30143,理想化的騎爵青銅胸甲
30144,理想化的騎爵手鎧
30145,理想化的騎爵護膝褲
30146,理想化的騎爵鎖甲靴
30147,理想化的比丘帽
30148,理想化的比丘鬥服
30149,理想化的比丘半指護手
30150,理想化的比丘護膝褲
30151,理想化的比丘短靴
30152,理想化的波伊輕盔
30153,理想化的波伊束腰衣
30154,理想化的波伊手鎧
30155,理想化的波伊襯褲
30156,理想化的波伊筒靴
30157,理想化的馭龍戰盔
30158,理想化的馭龍戰鎧
30159,理想化的馭龍手鎧
30160,理想化的馭龍馬褲
30161,理想化的馭龍高筒靴
30162,理想化的詩彩禮帽
30163,理想化的詩彩背心
30164,理想化的詩彩護臂
30165,理想化的詩彩打底褲
30166,理想化的詩彩短靴
30167,理想化的舊醫兜帽
30168,理想化的舊醫長袍
30169,理想化的舊醫護臂
30170,理想化的舊醫短裙
30171,理想化的舊醫高筒靴
30172,理想化的魔巫闊邊帽
30173,理想化的魔巫長袍
30174,理想化的魔巫腕環
30175,理想化的魔巫打底褲
30176,理想化的魔巫短靴
30177,理想化的召引長角
30178,理想化的召引長袍
30179,理想化的召引半指手套
30180,理想化的召引垮褲
30181,理想化的召引尖頭靴
30182,理想化的古術方帽
30183,理想化的古術斗篷
30184,理想化的古術手套
30185,理想化的古術打底褲
30186,理想化的古術筒靴
30187,理想化的服部總面
30188,理想化的服部鎖帷子
30189,理想化的服部手甲
30190,理想化的服部軟褲
30191,理想化的服部纏足
30192,理想化的凶惡輕盔
30193,理想化的凶惡胸甲
30194,理想化的凶惡手鎧
30195,理想化的凶惡重足鎧
30196,理想化的凶惡鎖甲靴
30197,理想化的槍徒寬邊帽
30198,理想化的槍徒外套
30199,理想化的槍徒半指護臂
30200,理想化的槍徒打底褲
30201,理想化的槍徒高筒靴
30202,理想化的預占包頭巾
30203,理想化的預占長衣
30204,理想化的預占護臂
30205,理想化的預占長裙
30206,理想化的預占涼鞋
30207,理想化的春日半頰
30208,理想化的春日羽織
30209,理想化的春日籠手
30210,理想化的春日筒袴
30211,理想化的春日草履
30212,理想化的疾刺船形帽
30213,理想化的疾刺外袍
30214,理想化的疾刺手套
30215,理想化的疾刺打底褲
30216,理想化的疾刺高筒靴
30217,理想化的護衛眼罩
30218,理想化的護衛長袍
30219,理想化的護衛半指護手
30220,理想化的護衛軟甲褲
30221,理想化的護衛高筒靴
30222,理想化的起舞頭飾
30223,理想化的起舞舞衣
30224,理想化的起舞護臂
30225,理想化的起舞打底褲
30226,理想化的起舞舞鞋
30227,大將軍的雕像
30228,身負榮耀
30229,輪迴
30230,開天碎顱
30231,三鋒銳
30232,才氣煥發
30233,骨不知
30234,生於哀傷
30235,執法
30236,怒心
30237,魂罰
30238,一靈真性
30239,群賢畢至
30240,天陽至寧
30241,星切
30242,述說者
30243,冠絕之刃
30244,交轉重環
30245,堅毅
30246,老舊橡木原木
30247,管弦樂琴樂譜：藍色原野
30248,管弦樂琴樂譜：雷轟電轉
30249,管弦樂琴樂譜：原始的墮天使
30250,管弦樂琴樂譜：忘卻的此岸
30251,管弦樂琴樂譜：究極武器（蠻荒神影）
30252,
30253,管弦樂琴樂譜：少女的哀歌
30254,管弦樂琴樂譜：澤梅爾要塞
30255,管弦樂琴樂譜：潛伏於沙
30256,管弦樂琴樂譜：霍啪櫨古盤
30257,管弦樂琴樂譜：崩壞的虛妄
30258,管弦樂琴樂譜：一起來跳弗拉門戈
30259,管弦樂琴樂譜：應許之地
30260,管弦樂琴樂譜：忠義
30261,管弦樂琴樂譜：石與鋼
30262,管弦樂琴樂譜：無名眾人的激情
30263,管弦樂琴樂譜：不穩深淵
30264,管弦樂琴樂譜：活著的理由
30265,管弦樂琴樂譜：一言難盡的悲哀
30266,管弦樂琴樂譜：命運之旅
30267,管弦樂琴樂譜：未解讀法則
30268,陳舊的樂譜：究極武器（蠻荒神影）
30269,陽傘
30270,天藍陽傘
30271,咕波裝備箱
30272,稀少法典神典石
30273,薩維奈靈鱗粉
30274,卡邦庫爾 紅寶石髮箍
30275,卡邦庫爾 紅寶石外套
30276,卡邦庫爾 紅寶石長靴
30277,卡邦庫爾 紅寶石拖鞋
30278,雲冠氣球蟲
30279,雲冠紅氣球蟲
30280,雲冠大蚊
30281,雲冠浮游蟲
30282,改良型龍詩手鋸
30283,改良型龍詩橫頭錘
30284,改良型龍詩圓頭錘
30285,改良型龍詩工藝錘
30286,改良型龍詩圓革刀
30287,改良型龍詩縫針
30288,改良型龍詩蒸餾器
30289,改良型龍詩煎鍋
30290,改良型龍詩手斧
30291,改良型龍詩十字鎬
30292,改良型龍詩釣竿
30293,天詩手鋸
30294,天詩橫頭錘
30295,天詩圓頭錘
30296,天詩工藝錘
30297,天詩圓革刀
30298,天詩縫針
30299,天詩蒸餾器
30300,天詩煎鍋
30301,天詩手斧
30302,天詩十字鎬
30303,天詩釣竿
30304,龍詩手鋸（複製品）
30305,龍詩橫頭錘（複製品）
30306,龍詩圓頭錘（複製品）
30307,龍詩工藝錘（複製品）
30308,龍詩圓革刀（複製品）
30309,龍詩縫針（複製品）
30310,龍詩蒸餾器（複製品）
30311,龍詩煎鍋（複製品）
30312,龍詩手斧（複製品）
30313,龍詩十字鎬（複製品）
30314,龍詩釣竿（複製品）
30315,木工工具改良用零件
30316,木工工具改良用精密零件
30317,鍛造工具改良用零件
30318,鍛造工具改良用精密零件
30319,甲冑工具改良用零件
30320,甲冑工具改良用精密零件
30321,金工工具改良用零件
30322,金工工具改良用精密零件
30323,皮革工具改良用零件
30324,皮革工具改良用精密零件
30325,裁縫工具改良用零件
30326,裁縫工具改良用精密零件
30327,鍊金工具改良用零件
30328,鍊金工具改良用精密零件
30329,烹調工具改良用零件
30330,烹調工具改良用精密零件
30331,園藝工具改良用零件
30332,
30333,園藝工具改良用精密零件
30334,
30335,採掘工具改良用零件
30336,
30337,採掘工具改良用精密零件
30338,
30339,捕魚用具改良用零件
30340,捕魚用具改良用精密零件
30341,幻巧葉
30342,戰果記錄：白沙恩
30343,戰果記錄：馬爾夏克
30344,戰果記錄：魔天將澤文
30345,戰果記錄：風花舞伊索爾德
30346,戰果記錄：不動羅剎斯塔尼克
30347,戰果記錄：慈悲為懷布拉茲
30348,戰果記錄：豪情劍韋利博爾
30349,戰果記錄：熱氣拳阿姬
30350,戰果記錄：忠犬艾爾內斯
30351,戰果記錄：華麗魔女克拉莉西
30352,戰果記錄：鐵膽獄火薩托瓦爾
30353,戰果記錄：魔導技師長西西尼烏斯
30354,戰果記錄：潔白心羅菲
30355,戰果記錄：實驗體VIII號達波格
30356,戰果記錄：施恩布德尤恩布
30357,戰果記錄：米希亞
30358,戰果記錄：獸王萊昂
30359,戰果記錄：梅內紐斯
30360,戰果記錄：妖術士阿爾貝雷歐
30361,戰果記錄：貢希爾德
30362,黃昏灣傳送網使用券
30363,戰果
30364,亞拉戈西瓜種子
30365,大波斯菊種子
30366,紅色大波斯菊
30367,藍色大波斯菊
30368,黃色大波斯菊
30369,綠色大波斯菊
30370,橙色大波斯菊
30371,紫色大波斯菊
30372,白色大波斯菊
30373,黑色大波斯菊
30374,混色大波斯菊
30375,小型鍛造師外牆
30376,中型鍛造師外牆
30377,大型鍛造師外牆
30378,複製內牆
30379,複製地板
30380,複製屋頂照明
30381,光之獎盃
30382,藍寶石武器像
30383,盆栽花架隔斷牆
30384,青蛙號X
30385,木製階梯書櫃
30386,裝有結晶的背包
30387,藍鳥旋轉掛飾
30388,遊牧民的帳篷
30389,舞臺幕簾
30390,落地沙發
30391,紙船章魚燒
30392,
30393,木桶桌
30394,室內水塘
30395,大河狸漢堡組合
30396,戶外紅磚廚房
30397,破碎拱窗
30398,工業風格壁管
30399,第16賽季獨狼獎盃
30400,複製平臺
30401,複製臺階
30402,複製扶手
30403,複製橫樑
30404,複製自動門
30405,複製鐵絲網
30406,複製照明
30407,複製長椅
30408,木製步行橋
30409,格魯格盆栽
30410,大理石壁床
30411,沃茨的概念草圖
30412,矮人地燈
30413,曼德拉戰隊桌面臺鐘
30414,猴面雀地毯
30415,毛茸茸風箏貓
30416,伊修加爾德式展示台
30417,福爾唐沙發
30418,艾斯蒂尼安玩偶
30419,SD地獄潛者
30420,SD達因斯萊瓦
30421,東方木製平臺
30422,三角斜面牆
30423,三角斜窗牆
30424,莫古抓球機
30425,孤樹無援
30426,礦脈探索
30427,切開的西瓜
30428,賣水球的攤位
30429,紅蓮祭的特製海報
30430,特製攜帶型泳池
30431,賣風鈴的特製攤位
30432,散罪魚
30433,食人鱷
30434,哲羅鮭
30435,闊面魚
30436,黃金金工師
30437,書記官殺手
30438,首領薄餅章魚
30439,蛋白石蝦
30440,唯美手鋸
30441,唯美橫頭錘
30442,唯美圓頭錘
30443,唯美工藝錘
30444,唯美圓革刀
30445,唯美縫針
30446,唯美蒸餾器
30447,唯美煎鍋
30448,唯美十字鎬
30449,唯美手斧
30450,唯美釣竿
30451,唯美羊角錘
30452,唯美銼刀
30453,唯美手鉗
30454,唯美砂輪機
30455,唯美平斬
30456,唯美紡車
30457,唯美研缽
30458,唯美廚刀
30459,唯美碎石錘
30460,唯美鐮刀
30461,唯美巧匠皮帽
30462,唯美巧匠工作服
30463,唯美巧匠半指手套
30464,唯美巧匠軟甲褲
30465,唯美巧匠筒靴
30466,唯美大地工作帽
30467,唯美大地工作服
30468,唯美大地半指護手
30469,唯美大地軟甲褲
30470,唯美大地筒靴
30471,唯美工具腰帶
30472,唯美巧匠耳夾
30473,唯美巧匠項環
30474,唯美巧匠腕環
30475,唯美巧匠戒指
30476,唯美大地腰帶
30477,唯美大地耳墜
30478,唯美大地項鍊
30479,唯美大地手環
30480,唯美大地指環
30481,炸蟹餅
30482,辣醬炒全蟹
30483,砲銅板
30484,工匠的鍊金溶劑
30485,柔嫩茴香
30486,金錫礦
30487,藍蟹
30488,重盾貝
30489,釣鉤魚
30490,雲草
30491,巨鯡
30492,墨貝
30493,龍族用採集工具組件
30494,龍族用縫紉工具
30495,龍族用工匠工具組件
30496,龍族用招待菜餚必需品
30497,印刷必需品
30498,採集工具的素材
30499,縫紉工具的素材
30500,工匠工具組件的素材
30501,招待菜餚的素材
30502,印刷必需品的素材
30503,採集工具組件的材料
30504,縫紉工具的材料
30505,工匠工具組件的材料
30506,招待菜餚必需品的材料
30507,印刷必需品的材料
30508,改良型伊修加爾德新型長劍
30509,改良型伊修加爾德新型利爪
30510,改良型伊修加爾德新型雙刃斧
30511,改良型伊修加爾德新型三尖槍
30512,改良型伊修加爾德新型長弓
30513,改良型伊修加爾德新型小刀
30514,改良型伊修加爾德新型巨劍
30515,改良型伊修加爾德新型左輪槍
30516,改良型伊修加爾德新型牧杖
30517,改良型伊修加爾德新型法杖
30518,改良型伊修加爾德新型魔導書
30519,改良型伊修加爾德新型魔導典
30520,改良型伊修加爾德新型天星盤
30521,改良型伊修加爾德新型武士刀
30522,改良型伊修加爾德新型花劍
30523,改良型伊修加爾德新型魔機刃
30524,改良型伊修加爾德新型圓月輪
30525,改良型伊修加爾德新型騎士盾
30526,改良型伊修加爾德新型禦敵軍帽
30527,改良型伊修加爾德新型禦敵上裝
30528,改良型伊修加爾德新型禦敵手鎧
30529,改良型伊修加爾德新型禦敵打底褲
30530,改良型伊修加爾德新型禦敵鎖甲靴
30531,改良型伊修加爾德新型禦敵腰帶
30532,改良型伊修加爾德新型制敵軍帽
30533,改良型伊修加爾德新型制敵上裝
30534,改良型伊修加爾德新型制敵手套
30535,改良型伊修加爾德新型制敵打底褲
30536,改良型伊修加爾德新型制敵皮靴
30537,改良型伊修加爾德新型制敵腰帶
30538,改良型伊修加爾德新型強襲禮帽
30539,改良型伊修加爾德新型強襲上裝
30540,改良型伊修加爾德新型強襲手套
30541,改良型伊修加爾德新型強襲打底褲
30542,改良型伊修加爾德新型強襲長靴
30543,改良型伊修加爾德新型強襲腰帶
30544,改良型伊修加爾德新型精準軍帽
30545,改良型伊修加爾德新型精準上裝
30546,改良型伊修加爾德新型精準手套
30547,改良型伊修加爾德新型精準打底褲
30548,改良型伊修加爾德新型精準長靴
30549,改良型伊修加爾德新型精準腰帶
30550,改良型伊修加爾德新型游擊禮帽
30551,改良型伊修加爾德新型游擊上裝
30552,改良型伊修加爾德新型游擊手套
30553,改良型伊修加爾德新型游擊打底褲
30554,改良型伊修加爾德新型游擊鎖甲靴
30555,改良型伊修加爾德新型游擊腰帶
30556,改良型伊修加爾德新型治癒軍帽
30557,改良型伊修加爾德新型治癒上裝
30558,改良型伊修加爾德新型治癒手套
30559,改良型伊修加爾德新型治癒打底褲
30560,改良型伊修加爾德新型治癒長靴
30561,改良型伊修加爾德新型治癒腰帶
30562,改良型伊修加爾德新型詠咒禮帽
30563,改良型伊修加爾德新型詠咒上裝
30564,改良型伊修加爾德新型詠咒手套
30565,改良型伊修加爾德新型詠咒打底褲
30566,改良型伊修加爾德新型詠咒皮靴
30567,改良型伊修加爾德新型詠咒腰帶
30568,改良型伊修加爾德新型禦敵耳墜
30569,改良型伊修加爾德新型強攻耳墜
30570,改良型伊修加爾德新型精準耳墜
30571,改良型伊修加爾德新型治癒耳墜
30572,改良型伊修加爾德新型詠咒耳墜
30573,改良型伊修加爾德新型禦敵項環
30574,改良型伊修加爾德新型強攻項環
30575,改良型伊修加爾德新型精準項環
30576,改良型伊修加爾德新型治癒項環
30577,改良型伊修加爾德新型詠咒項環
30578,改良型伊修加爾德新型禦敵手環
30579,改良型伊修加爾德新型強攻手環
30580,改良型伊修加爾德新型精準手環
30581,改良型伊修加爾德新型治癒手環
30582,改良型伊修加爾德新型詠咒手環
30583,改良型伊修加爾德新型禦敵指環
30584,改良型伊修加爾德新型強攻指環
30585,改良型伊修加爾德新型精準指環
30586,改良型伊修加爾德新型治癒指環
30587,改良型伊修加爾德新型詠咒指環
30588,蓋雷諾爾特強靈藥
30589,遊末邦的二類票據
30590,雷鳴靈砂
30591,轟雷性岩
30592,雷霆薄荷
30593,倒掛金鐘的花蕾
30594,烹調猴面雀兒的玩偶
30595,霍啪櫨的水蛇的玩偶？
30596,光之圖騰
30597,光之劍
30598,光之拳鋒
30599,光之大斧
30600,光之長槍
30601,光之弓
30602,光之匕首
30603,光之大彎刀
30604,光之火槍
30605,光之牧杖
30606,光之法杖
30607,光之魔導書
30608,光之魔導典
30609,光之天球儀
30610,光之刀
30611,光之重刺劍
30612,光之槍刃
30613,光之圓月輪
30614,光之盾
30615,光之金屬板
30616,莫影禦敵面具
30617,莫影禦敵大衣
30618,莫影禦敵臂甲
30619,莫影禦敵長裙
30620,莫影禦敵脛甲
30621,莫影禦敵腰圍
30622,莫影制敵面具
30623,莫影制敵外套
30624,莫影制敵臂甲
30625,莫影制敵軟甲褲
30626,莫影制敵脛甲
30627,莫影制敵腰圍
30628,莫影強襲面具
30629,莫影強襲外套
30630,莫影強襲手套
30631,莫影強襲騎兵褲
30632,莫影強襲鎧靴
30633,莫影強襲腰圍
30634,莫影精準面具
30635,莫影精準長衣
30636,莫影精準護臂
30637,莫影精準騎兵褲
30638,莫影精準鎧靴
30639,莫影精準腰圍
30640,莫影游擊面具
30641,莫影游擊長衣
30642,莫影游擊護臂
30643,莫影游擊騎兵褲
30644,莫影游擊鎧靴
30645,莫影游擊腰圍
30646,莫影治癒闊邊帽
30647,莫影治癒長袍
30648,莫影治癒手套
30649,莫影治癒打底褲
30650,莫影治癒筒靴
30651,莫影治癒腰圍
30652,莫影詠咒闊邊帽
30653,莫影詠咒長袍
30654,莫影詠咒手套
30655,莫影詠咒打底褲
30656,莫影詠咒筒靴
30657,莫影詠咒腰圍
30658,莫影禦敵耳墜
30659,莫影強攻耳墜
30660,莫影精準耳墜
30661,莫影治癒耳墜
30662,莫影詠咒耳墜
30663,莫影禦敵項鍊
30664,莫影強攻項鍊
30665,莫影精準項鍊
30666,莫影治癒項鍊
30667,莫影詠咒項鍊
30668,莫影禦敵手鐲
30669,莫影強攻手鐲
30670,莫影精準手鐲
30671,莫影治癒手鐲
30672,莫影詠咒手鐲
30673,莫影禦敵指環
30674,莫影強攻指環
30675,莫影精準指環
30676,莫影治癒指環
30677,莫影詠咒指環
30678,真·光之鳥甲
30679,寄葉五三式禦敵軍帽
30680,寄葉五三式禦敵軍裝
30681,寄葉五三式禦敵手套
30682,寄葉五三式禦敵軍褲
30683,寄葉五三式禦敵軍靴
30684,寄葉五三式制敵軍帽
30685,寄葉五三式制敵軍裝
30686,寄葉五三式制敵手套
30687,寄葉五三式制敵軍褲
30688,寄葉五三式制敵軍靴
30689,寄葉五三式強襲軍帽
30690,寄葉五三式強襲軍裝
30691,寄葉五三式強襲手套
30692,寄葉五三式強襲軍褲
30693,寄葉五三式強襲軍靴
30694,寄葉五三式精準軍帽
30695,寄葉五三式精準軍裝
30696,寄葉五三式精準手套
30697,寄葉五三式精準軍褲
30698,寄葉五三式精準軍靴
30699,寄葉五三式游擊軍帽
30700,寄葉五三式游擊軍裝
30701,寄葉五三式游擊手套
30702,寄葉五三式游擊軍褲
30703,寄葉五三式游擊軍靴
30704,寄葉五三式治癒軍帽
30705,寄葉五三式治癒軍裝
30706,寄葉五三式治癒手套
30707,寄葉五三式治癒軍褲
30708,寄葉五三式治癒軍靴
30709,寄葉五三式詠咒軍帽
30710,寄葉五三式詠咒軍裝
30711,寄葉五三式詠咒手套
30712,寄葉五三式詠咒軍褲
30713,寄葉五三式詠咒軍靴
30714,人偶古錢
30715,博茲雅禦敵兜帽
30716,博茲雅禦敵大衣
30717,博茲雅禦敵手套
30718,博茲雅禦敵馬褲
30719,博茲雅禦敵長靴
30720,博茲雅制敵無簷帽
30721,博茲雅制敵外套
30722,博茲雅制敵手套
30723,博茲雅制敵馬褲
30724,博茲雅制敵長靴
30725,博茲雅強襲護目鏡
30726,博茲雅強襲背心
30727,博茲雅強襲護臂
30728,博茲雅強襲護膝褲
30729,博茲雅強襲長靴
30730,博茲雅精準兜帽
30731,博茲雅精準背心
30732,博茲雅精準護臂
30733,博茲雅精準護膝褲
30734,博茲雅精準長靴
30735,博茲雅游擊護目鏡
30736,博茲雅游擊背心
30737,博茲雅游擊護臂
30738,博茲雅游擊護膝褲
30739,博茲雅游擊長靴
30740,博茲雅治癒無簷帽
30741,博茲雅治癒長衣
30742,博茲雅治癒半指手套
30743,博茲雅治癒軟甲褲
30744,博茲雅治癒長靴
30745,博茲雅詠咒無簷帽
30746,博茲雅詠咒長衣
30747,博茲雅詠咒半指手套
30748,博茲雅詠咒軟甲褲
30749,博茲雅詠咒長靴
30750,夏炎草帽
30751,夏炎上裝
30752,夏炎腕環
30753,夏炎海灘長裙
30754,夏炎沙灘涼鞋
30755,南洋海濱襯衫
30756,南洋海濱軟甲褲
30757,南洋海濱短裙
30758,南洋海濱皮鞋
30759,休閒外套
30760,休閒五分褲
30761,休閒運動鞋
30762,聖龍圓帽
30763,聖龍外套
30764,聖龍手套
30765,聖龍軟甲褲
30766,聖龍長靴
30767,改良型身負榮耀
30768,改良型輪迴
30769,改良型開天碎顱
30770,改良型三鋒銳
30771,改良型才氣煥發
30772,改良型骨不知
30773,改良型生於哀傷
30774,改良型執法
30775,改良型怒心
30776,改良型魂罰
30777,改良型一靈真性
30778,改良型群賢畢至
30779,改良型天陽至寧
30780,改良型星切
30781,改良型述說者
30782,改良型冠絕之刃
30783,改良型交轉重環
30784,改良型堅毅
30785,身負榮耀·回憶
30786,輪迴·回憶
30787,開天碎顱·回憶
30788,三鋒銳·回憶
30789,才氣煥發·回憶
30790,骨不知·回憶
30791,生於哀傷·回憶
30792,執法·回憶
30793,怒心·回憶
30794,魂罰·回憶
30795,一靈真性·回憶
30796,群賢畢至·回憶
30797,天陽至寧·回憶
30798,星切·回憶
30799,述說者·回憶
30800,冠絕之刃·回憶
30801,交轉重環·回憶
30802,堅毅·回憶
30803,妖怪傳奇徽章：滑頭鬼
30804,妖怪傳奇徽章：蛇王凱拉
30805,妖怪傳奇徽章：閻魔
30806,妖怪傳奇徽章：百鬼姬
30807,怪刀·浮世丸
30808,蛇王刺劍
30809,閻魔槍刃
30810,百鬼圓陣
30811,月讀命幽夜直劍
30812,月讀命幽夜三日月
30813,月讀命幽夜大斧
30814,月讀命幽夜長槍
30815,月讀命幽夜大弓
30816,月讀命幽夜苦無
30817,月讀命幽夜大太刀
30818,月讀命幽夜短銃
30819,月讀命幽夜錫杖
30820,月讀命幽夜咒杖
30821,月讀命幽夜經典
30822,月讀命幽夜文書
30823,月讀命幽夜天儀
30824,月讀命幽夜直刀
30825,月讀命幽夜細劍
30826,月讀命幽夜之盾
30827,朱焰直劍
30828,朱焰手甲
30829,朱焰大斧
30830,朱焰長槍
30831,朱焰大弓
30832,朱焰苦無
30833,朱焰大太刀
30834,朱焰短銃
30835,朱焰錫杖
30836,朱焰咒杖
30837,朱焰經典
30838,朱焰文書
30839,朱焰天儀
30840,朱焰直刀
30841,朱焰細劍
30842,朱焰大盾
30843,青君直劍
30844,青君手甲劍
30845,青君戰斧
30846,青君長槍
30847,青君大弓
30848,青君短刀
30849,青君蛇腹劍
30850,青君短銃
30851,青君錫杖
30852,青君咒杖
30853,青君經典
30854,青君文書
30855,青君天儀
30856,青君鱗紋刀
30857,青君細劍
30858,青君大盾
30859,陸行鳥篷車角笛
30860,矮人戰車啟動鑰匙
30861,加百列α認證金鑰
30862,碩山羊角笛
30863,光之玲龍魔笛
30864,吉胖喵沙發
30865,英西塔土斯角笛
30866,艾爾·圖角笛
30867,啦哩吼矮人
30868,貓秘玩偶
30869,迷你阿爾博特
30870,魔導地獄潛者追蹤型
30871,肥肥風箏貓
30872,幻影亡靈法師
30873,亞拉戈西瓜
30874,沙狐
30875,無齒翼龍幼獸
30876,達因斯萊瓦追蹤型
30877,閻魔
30878,蛇王凱拉
30879,滑頭鬼
30880,百鬼姬
30881,自走人偶2B
30882,自走人偶2P
30883,新生祭的玻璃畫
30884,未鑑定的新銳失傳碎晶
30885,未鑑定的支援失傳碎晶
30886,未鑑定的強化失傳碎晶
30887,未鑑定的熟練失傳碎晶
30888,未鑑定的治癒失傳碎晶
30889,未鑑定的催眠失傳碎晶
30890,未鑑定的獻身失傳碎晶
30891,未鑑定的暗殺失傳碎晶
30892,未鑑定的決意失傳碎晶
30893,未鑑定的祝福失傳碎晶
30894,未鑑定的信仰失傳碎晶
30895,未鑑定的覺醒失傳碎晶
30896,未鑑定的戰術失傳碎晶
30897,未鑑定的睡魔失傳碎晶
30898,未鑑定的福音失傳碎晶
30899,未鑑定的技巧失傳碎晶
30900,失傳強麻痺
30901,失傳強放逐
30902,失傳堅壁
30903,失傳驅魔
30904,失傳潛行
30905,失傳鑄魔
30906,失傳鋼刺
30907,失傳敏捷
30908,失傳物防護
30909,失傳魔防殼
30910,失傳反射
30911,失傳石膚
30912,失傳勇氣
30913,失傳蓄力
30914,失傳魔泉
30915,失傳技泉
30916,失傳力泉
30917,失傳斬擊
30918,失傳即死
30919,背水境地
30920,捨身境地
30921,忍耐境地
30922,堅守境地
30923,冥想境地
30924,敏銳境地
30925,失傳療傷
30926,失傳中療傷
30927,失傳大療傷
30928,失傳聖療
30929,失傳完全復活
30930,失傳激怒
30931,失傳公平交易
30932,模仿
30933,命運骰子
30934,義軍鳳凰之尾
30935,義軍復活藥
30936,義軍治療劑箱
30937,義軍乙太藥箱
30938,義軍治癒箱
30939,義軍治療劑
30940,術士的秘藥
30941,鬥士的秘藥
30942,治療師的秘藥
30943,魔戰士的秘藥
30944,重騎兵的秘藥
30945,守護者的秘藥
30946,祭司的秘藥
30947,武人的秘藥
30948,斥候的秘藥
30949,破戒僧的秘藥
30950,狂戰士的秘藥
30951,盜賊的秘藥
30952,吸血鬼的秘藥
30953,狼人的秘藥
30954,聖騎士的秘藥
30955,術士的靈藥
30956,鬥士的靈藥
30957,治療師的靈藥
30958,魔戰士的靈藥
30959,重騎兵的靈藥
30960,守護者的靈藥
30961,祭司的靈藥
30962,武人的靈藥
30963,斥候的靈藥
30964,破戒僧的靈藥
30965,狂戰士的靈藥
30966,盜賊的靈藥
30967,吸血鬼的靈藥
30968,狼人的靈藥
30969,聖騎士的靈藥
30970,收藏用雪松長弓
30971,收藏用雪松釣竿
30972,收藏用聖雪松紡車
30973,收藏用暗栗木法杖
30974,收藏用祝聖栗木指環
30975,收藏用樺木符杖
30976,收藏用山毛櫸複合弓
30977,收藏用落葉松項鍊
30978,收藏用松木牧杖
30979,收藏用柿木手鏈
30980,收藏用櫸木紡車
30981,收藏用白橡木游擊槍
30982,收藏用仙果木長杖
30983,收藏用白梣木耳墜
30984,收藏用沙柚木刺槍
30985,收藏用靈銀鬥劍
30986,收藏用靈銀輔劍
30987,收藏用靈銀圓手鋸
30988,收藏用白鈦皮革刀
30989,收藏用白鈦研缽
30990,收藏用堅鋼鉤斧
30991,收藏用硬鋼斷頭劍
30992,收藏用硬鋼羊角錘
30993,收藏用卸鐵打刀
30994,收藏用玉鋼拳劍
30995,收藏用鉬鋼手鉗
30996,收藏用深金雙刃劍
30997,收藏用深金廚刀
30998,收藏用靈青槍刃
30999,收藏用鈦銅十字鎬
31000,收藏用靈銀角盔
31001,收藏用靈銀鎖子鎧
31002,收藏用靈銀雙劍機關盾
31003,收藏用白鈦煎鍋
31004,收藏用白鈦臂甲
31005,收藏用堅鋼步兵盾
31006,收藏用硬鋼蒸餾器
31007,收藏用硬鋼護腰帶
31008,收藏用卸鐵脛甲
31009,收藏用卸鐵短袖罩衣
31010,收藏用鉬鋼頭甲
31011,收藏用深金胸甲
31012,收藏用深金翼冠
31013,收藏用靈青手鎧
31014,收藏用鈦銅塔盾
31015,收藏用靈銀護目鏡
31016,收藏用靈銀手鐲
31017,收藏用靈銀縫針
31018,收藏用硬銀單片眼鏡
31019,收藏用硬銀玉杖
31020,收藏用皇金耳墜
31021,收藏用白銅天星盤
31022,收藏用白銅項鍊
31023,收藏用翠銀手甲
31024,收藏用翠銀法杖
31025,收藏用鈀金縫針
31026,收藏用石金重刺劍
31027,收藏用石金太陽儀
31028,收藏用魔銀耳夾
31029,收藏用鈦銅頭甲
31030,收藏用古鳥革腰帶
31031,收藏用古鳥革鐘形帽
31032,收藏用飛龍革假面
31033,收藏用長頸駝革外套
31034,收藏用巨龍革指環
31035,收藏用安菲瑟龍革寬邊帽
31036,收藏用迦迦納怪鳥革皮靴
31037,收藏用牛鬼革短衣
31038,收藏用猛虎革寬邊帽
31039,收藏用魔象革圍腰
31040,收藏用瞪羚革護臂
31041,收藏用斯劍虎革軟甲褲
31042,收藏用綠飄龍革高筒靴
31043,收藏用野蠻盜龍革工作帽
31044,收藏用纏尾蛟革半指護手
31045,收藏用虹布外套
31046,收藏用虹布緞帶
31047,收藏用聖虹布草帽
31048,收藏用青麻包頭巾
31049,收藏用祝聖青麻工作服
31050,收藏用奇美纖維鬥服
31051,收藏用赤麻短裙
31052,收藏用紅玉棉布背心
31053,收藏用葛布寬邊帽
31054,收藏用嗶嘰騎兵褲
31055,收藏用玉綢圍裙
31056,收藏用白麻長衫
31057,收藏用虹繭鬥上裝
31058,收藏用仙子棉兜帽
31059,收藏用力山羊束腰衣
31060,收藏用古鳥革魔導書
31061,收藏用古鳥革魔導典
31062,收藏用鍊金溶劑
31063,收藏用長頸駝革魔導典
31064,收藏用頂級治療劑
31065,收藏用皇金之書
31066,收藏用白銅魔導書
31067,收藏用靈水
31068,收藏用猛虎革魔導書
31069,收藏用植物成長劑
31070,收藏用瞪羚革魔導典
31071,收藏用幻水
31072,收藏用綠飄龍革魔導書
31073,收藏用靈青魔導典
31074,收藏用藥水
31075,收藏用千層長頸駝焗野菜
31076,收藏用索姆阿爾栗子蛋糕
31077,收藏用煎牛肝菌
31078,收藏用皇家蒸蛋
31079,收藏用風味拌細麵
31080,收藏用栗子冰糕
31081,收藏用果仁蜜餅
31082,收藏用牛肉串
31083,收藏用天婦羅拼盤
31084,收藏用柿子布丁
31085,收藏用散壽司
31086,收藏用秧雞烤肉
31087,收藏用黑色醬汁直麵
31088,收藏用焗黃新薯
31089,收藏用濃縮奶油咖啡
31090,風化塗料
31091,南洋織物
31092,紅色大波斯菊頭花
31093,藍色大波斯菊頭花
31094,黃色大波斯菊頭花
31095,綠色大波斯菊頭花
31096,橙色大波斯菊頭花
31097,紫色大波斯菊頭花
31098,白色大波斯菊頭花
31099,黑色大波斯菊頭花
31100,混色大波斯菊頭花
31101,改良用雪松木材
31102,改良用黑鐵釘
31103,改良用秘銀環
31104,改良用白銀塊
31105,改良用迦迦納革細繩
31106,改良用質料
31107,改良用黏膠
31108,改良用油脂
31109,改良用雪松板材
31110,改良用黑鐵錠
31111,改良用秘銀板
31112,改良用白銀錠
31113,改良用迦迦納怪鳥革
31114,改良用呢絨
31115,改良用橡膠
31116,改良用黏著劑
31117,改良用雪松原木
31118,改良用餅鐵礦
31119,改良用靈銀沙
31120,改良用銀礦
31121,改良用迦迦納怪鳥的粗皮
31122,改良用綿羊毛
31123,改良用樹液
31124,改良用蘆薈
31125,改良用暗栗木原木
31126,改良用大樹靈砂
31127,改良用黑電氣石
31128,改良用大地靈砂
31129,梅花貝
31130,改良用古代原木
31131,改良用古代樹脂
31132,改良用古代礦石
31133,改良用古代瀝青
31134,亞拉戈獵手
31135,博茲雅晶簇
31136,工地的必需品材料
31137,工地的必需品
31138,釀造設備的必需品材料
31139,釀造設備的必需品
31140,主砲的重要組件材料
31141,主砲的重要組件
31142,用於擴張據點的組件材料
31143,用於擴張據點的組件
31144,自動化需要的組件材料
31145,自動化需要的組件
31146,武器修理組件的材料
31147,武器修理的組件
31148,保養鬍子的工具材料
31149,保養鬍子的工具
31150,車身重要的組件材料
31151,車身重要的組件
31152,減輕磨損的組件材料
31153,減輕磨損的組件
31154,矮人族繪圖的工具材料
31155,矮人族繪圖的工具
31156,鋼板增產的組件材料
31157,鋼板增產的組件
31158,酒桶的組件材料
31159,酒桶的組件
31160,保護引擎的組件材料
31161,保護引擎的組件
31162,提煉實驗的用品材料
31163,提煉實驗的用品
31164,冷卻裝置的組件材料
31165,冷卻裝置的組件
31166,酒館的必需品材料
31167,酒館的必需品
31168,耐熱性的組件材料
31169,耐熱性的組件
31170,充當貨款的商品材料
31171,充當貨款的商品
31172,試射用的靶子材料
31173,試射用的靶子
31174,試做裝甲的組件材料
31175,試做裝甲的組件
31176,驅散睡意的秘密道具的材料
31177,驅散睡意的秘密道具
31178,壯觀華麗的外裝組件材料
31179,壯觀華麗的外裝組件
31180,修理自走人偶的組件材料
31181,修理自走人偶的組件
31182,隱密型外裝的組件材料
31183,隱密型外裝的組件
31184,第三期重建用的合板
31185,第三期重建用的合金
31186,第三期重建用的金屬板
31187,第三期重建用的金屬錠
31188,第三期重建用的鞣革
31189,第三期重建用的草繩
31190,第三期重建用的墨水
31191,第三期重建用的麻乳
31192,第三期重建用的木箱
31193,第三期重建用的鐵釘
31194,第三期重建用的鉚釘
31195,第三期重建用的鐵環
31196,第三期重建用的皮繩
31197,第三期重建用的布料
31198,第三期重建用的植物油
31199,第三期重建用的芝麻餅乾
31200,第三期重建用的泥岩砂輪機
31201,第三期重建用的十字鎬
31202,第三期重建用的吊鍋
31203,第三期重建用的裁縫工具
31204,第三期重建用的皮袋
31205,第三期重建用的掃把
31206,第三期重建用的聖水
31207,第三期重建用的紅茶
31208,第三期重建用的梯子
31209,第三期重建用的鋸子
31210,第三期重建用的口罩
31211,第三期重建用的石材
31212,第三期重建用的長靴
31213,第三期重建用的手套
31214,第三期重建用的肥皂
31215,第三期重建用的藥湯
31216,第三期重建用的睡床
31217,第三期重建用的火爐
31218,第三期重建用的街燈
31219,第三期重建用的篝火台
31220,第三期重建用的工作服
31221,第三期重建用的遮蓬
31222,第三期重建用的植物成長劑
31223,第三期重建用的燉菜
31224,第三期重建用的特供金匠工作臺
31225,第三期重建用的特供鐵匠工作臺
31226,第三期重建用的特供門
31227,第三期重建用的特供時鐘
31228,第三期重建用的特供皮革椅子
31229,第三期重建用的特供圍裙
31230,第三期重建用的特供鋪瓦地板
31231,第三期重建用的特供套餐
31232,第三期重建用的小樹枝（檢）
31233,第三期重建用的麻草（檢）
31234,第三期重建用的銅礦（檢）
31235,第三期重建用的炸彈的灰（檢）
31236,第三期重建用的中級黑檀原木（檢）
31237,第三期重建用的中級芝麻（檢）
31238,第三期重建用的中級棉花（檢）
31239,第三期重建用的中級白鈦礦（檢）
31240,第三期重建用的中級岩鹽（檢）
31241,第三期重建用的中級硬銀沙（檢）
31242,第三期重建用的上級柳桉原木（檢）
31243,第三期重建用的上級槲寄生（檢）
31244,第三期重建用的上級蟾蜍（檢）
31245,第三期重建用的上級藤條（檢）
31246,第三期重建用的上級茶葉（檢）
31247,第三期重建用的上級餅鐵礦（檢）
31248,第三期重建用的上級明礬（檢）
31249,第三期重建用的上級天然水（檢）
31250,第三期重建用的上級真沙沙鐵（檢）
31251,第三期重建用的上級粉砂岩（檢）
31252,第三期重建用的最高級雪松原木（檢）
31253,第三期重建用的最高級樹脂（檢）
31254,第三期重建用的最高級小麥（檢）
31255,第三期重建用的最高級棉花（檢）
31256,第三期重建用的最高級毒蛇（檢）
31257,第三期重建用的最高級皇金礦（檢）
31258,第三期重建用的最高級優質岩鹽（檢）
31259,第三期重建用的最高級天然水（檢）
31260,第三期重建用的最高級化石砂（檢）
31261,第三期重建用的最高級硬泥岩（檢）
31262,第三期重建用的特供原木（檢）
31263,第三期重建用的特供琥珀（檢）
31264,第三期重建用的特供棉花（檢）
31265,第三期重建用的特供稻米（檢）
31266,第三期重建用的特供藤條（檢）
31267,第三期重建用的特供礦石（檢）
31268,第三期重建用的特供石蜥蜴的蛋（檢）
31269,第三期重建用的特供明礬（檢）
31270,第三期重建用的特供黏土（檢）
31271,第三期重建用的特供花崗岩（檢）
31272,第三期重建用的幻風樹液（檢）
31273,第三期重建用的幻土陸龜（檢）
31274,第三期重建用的幻火礦（檢）
31275,第三期重建用的幻雷礦（檢）
31276,第三期重建用的小樹枝
31277,第三期重建用的麻草
31278,第三期重建用的銅礦
31279,第三期重建用的炸彈的灰
31280,第三期重建用的中級黑檀原木
31281,第三期重建用的中級芝麻
31282,第三期重建用的中級棉花
31283,第三期重建用的中級白鈦礦
31284,第三期重建用的中級岩鹽
31285,第三期重建用的中級硬銀沙
31286,第三期重建用的上級柳桉原木
31287,第三期重建用的上級槲寄生
31288,第三期重建用的上級蟾蜍
31289,第三期重建用的上級藤條
31290,第三期重建用的上級茶葉
31291,第三期重建用的上級餅鐵礦
31292,第三期重建用的上級明礬
31293,第三期重建用的上級天然水
31294,第三期重建用的上級真沙沙鐵
31295,第三期重建用的上級粉砂岩
31296,第三期重建用的最高級雪松原木
31297,第三期重建用的最高級樹脂
31298,第三期重建用的最高級小麥
31299,第三期重建用的最高級棉花
31300,第三期重建用的最高級毒蛇
31301,第三期重建用的最高級皇金礦
31302,第三期重建用的最高級優質岩鹽
31303,第三期重建用的最高級天然水
31304,第三期重建用的最高級化石砂
31305,第三期重建用的最高級硬泥岩
31306,第三期重建用的特供原木
31307,第三期重建用的特供琥珀
31308,第三期重建用的特供棉花
31309,第三期重建用的特供稻米
31310,第三期重建用的特供藤條
31311,第三期重建用的特供礦石
31312,第三期重建用的特供石蜥蜴的蛋
31313,第三期重建用的特供明礬
31314,第三期重建用的特供黏土
31315,第三期重建用的特供花崗岩
31316,第三期重建用的幻風樹液
31317,第三期重建用的幻土陸龜
31318,第三期重建用的幻火礦
31319,第三期重建用的幻雷礦
31320,翠辰砂
31321,紅漆油紙傘
31322,紫漆油紙傘
31323,黃漆油紙傘
31324,沉穩方格陽傘
31325,活力方格陽傘
31326,典雅方格陽傘
31327,第2賽季福者之證
31328,第2賽季聖者之證
31329,武器箱（18～21級）
31330,武器箱（21～23級）
31331,武器箱（24～26級）
31332,武器箱（28～30級）
31333,武器箱（34～35級）
31334,武器箱（36～38級）
31335,武器箱（40～42級）
31336,武器箱（45～46級）
31337,武器箱（49級）
31338,演技教材·疑問
31339,稀少禁書神典石
31340,九宮幻卡：矮人
31341,九宮幻卡：艾爾·圖
31342,九宮幻卡：矮人戰車
31343,九宮幻卡：盧格斯
31344,九宮幻卡：達溫
31345,九宮幻卡：阿德拉梅里克
31346,九宮幻卡：無影艾里迪布斯
31347,九宮幻卡：桑克瑞德（漆黑）
31348,九宮幻卡：藍寶石武器
31349,九宮幻卡：2P
31350,九宮幻卡：光之戰士（漆黑）
31351,博茲雅古錢
31352,博茲雅輕量化改良材料：頭部防具
31353,博茲雅輕量化改良材料：身體防具
31354,博茲雅輕量化改良材料：手部防具
31355,博茲雅輕量化改良材料：腿部防具
31356,博茲雅輕量化改良材料：腳部防具
31357,南方戰線上鎖的寶箱
31358,改良型博茲雅禦敵兜帽
31359,改良型博茲雅禦敵大衣
31360,改良型博茲雅禦敵手套
31361,改良型博茲雅禦敵馬褲
31362,改良型博茲雅禦敵長靴
31363,改良型博茲雅制敵無簷帽
31364,改良型博茲雅制敵外套
31365,改良型博茲雅制敵手套
31366,改良型博茲雅制敵馬褲
31367,改良型博茲雅制敵長靴
31368,改良型博茲雅強襲護目鏡
31369,改良型博茲雅強襲背心
31370,改良型博茲雅強襲護臂
31371,改良型博茲雅強襲護膝褲
31372,改良型博茲雅強襲長靴
31373,改良型博茲雅精準兜帽
31374,改良型博茲雅精準背心
31375,改良型博茲雅精準護臂
31376,改良型博茲雅精準護膝褲
31377,改良型博茲雅精準長靴
31378,改良型博茲雅游擊護目鏡
31379,改良型博茲雅游擊背心
31380,改良型博茲雅游擊護臂
31381,改良型博茲雅游擊護膝褲
31382,改良型博茲雅游擊長靴
31383,改良型博茲雅治癒兜帽
31384,改良型博茲雅治癒長衣
31385,改良型博茲雅治癒半指手套
31386,改良型博茲雅治癒軟甲褲
31387,改良型博茲雅治癒長靴
31388,改良型博茲雅詠咒無簷帽
31389,改良型博茲雅詠咒長衣
31390,改良型博茲雅詠咒半指手套
31391,改良型博茲雅詠咒軟甲褲
31392,改良型博茲雅詠咒長靴
31393,博茲雅耳墜
31394,煉獄獵犬槍刃
31395,煉獄獵犬圓月輪
31396,改良型魔導運輸器認證金鑰
31397,魔法棱晶（曼德拉草）
31398,演技教材·嘿喲
31399,演技教材·花雨
31400,演技教材·烈焰之舞
31401,演技教材·擊掌
31402,演技教材·巡視
31403,演技教材·詛咒
31404,演技教材·蜜蜂之舞
31405,演技教材·啦哩吼舞
31406,髮型樣式：聖翼
31407,髮型樣式：飛翔者
31408,登山帽
31409,登山外套
31410,登山半指手套
31411,登山五分褲
31412,登山長靴
31413,山間少女帽
31414,山間少女束腰緊身衣
31415,山間少女腕環
31416,山間少女長裙
31417,山間少女禮鞋
31418,薩雷安神童裝
31419,凱特西緞帶領結
31420,掠奪彎刃刀
31421,掠奪指虎
31422,掠奪戰斧
31423,掠奪戰戈
31424,掠奪短弓
31425,掠奪匕首
31426,掠奪牧杖
31427,掠奪長杖
31428,掠奪魔導書
31429,掠奪圓盾
31430,教練臂甲
31431,教練軟甲褲
31432,教練鎖甲靴
31433,教練彈性腰帶
31434,教練弓術手套
31435,教練三角褲
31436,教練戰靴
31437,教練戰鬥腰帶
31438,教練手箍
31439,教練緊身褲
31440,教練尖頭靴
31441,教練術士腰帶
31442,獄卒軟甲褲
31443,獄卒護腿
31444,獄卒腰帶
31445,劫道馬褲
31446,劫道護腿
31447,劫道腰帶
31448,苦行者半手套
31449,苦行者腰帶
31450,莊園頭盔
31451,莊園鱗鎧
31452,莊園鱗指套
31453,莊園馬褲
31454,莊園鱗脛甲
31455,莊園彈性腰帶
31456,莊園頭巾
31457,莊園襯衫
31458,莊園纏手帶
31459,莊園束膝褲
31460,莊園涼鞋
31461,莊園戰鬥腰帶
31462,莊園貝雷帽
31463,莊園短袍
31464,莊園半指手套
31465,莊園褲襪
31466,莊園皮靴
31467,莊園術士腰帶
31468,抑制長劍
31469,抑制骨拳
31470,抑制雙刃斧
31471,抑制騎槍
31472,抑制短弓
31473,抑制短刀
31474,抑制巨劍
31475,抑制明火槍
31476,抑制手杖
31477,抑制玉杖
31478,抑制魔導書
31479,抑制天球儀
31480,抑制重盾
31481,喀恩頭冠
31482,喀恩鏈甲
31483,喀恩臂甲
31484,喀恩彈性馬褲
31485,喀恩長靴
31486,喀恩彈性腰帶
31487,喀恩護目鏡
31488,喀恩外套
31489,喀恩手套
31490,喀恩戰鬥馬褲
31491,喀恩長筒靴
31492,喀恩戰鬥腰帶
31493,喀恩僧袍
31494,喀恩半指手套
31495,喀恩術士馬褲
31496,喀恩鴨嘴靴
31497,喀恩術士腰帶
31498,征服者臂甲
31499,征服者高筒靴
31500,偷獵者腿套
31501,占卜半指手套
31502,占卜束膝褲
31503,占卜狩獵靴
31504,占卜護腰帶
31505,哭鳴寬刃劍
31506,哭鳴虎爪
31507,哭鳴長刃斧
31508,哭鳴戰戟
31509,哭鳴複合弓
31510,哭鳴匕首
31511,哭鳴大劍
31512,哭鳴步槍
31513,哭鳴根杖
31514,哭鳴長杖
31515,哭鳴魔導書
31516,哭鳴天球儀
31517,哭鳴步兵盾
31518,城塞兜帽
31519,城塞鎖子鎧
31520,城塞臂甲
31521,城塞短裙
31522,城塞鎖甲靴
31523,城塞彈性腰甲
31524,城塞眼罩
31525,城塞襯衫
31526,城塞護袖
31527,城塞垮褲
31528,城塞長筒靴
31529,城塞戰鬥腰甲
31530,城塞寬邊帽
31531,城塞長袍
31532,城塞手箍
31533,城塞緊身褲
31534,城塞木鞋
31535,城塞術士腰甲
31536,聖堂臂甲
31537,聖堂短裙
31538,海盜手套
31539,海盜垮褲
31540,滑稽連指手套
31541,滑稽長筒靴
31542,澤梅爾翼劍
31543,澤梅爾拳鋒
31544,澤梅爾巨斧
31545,澤梅爾長槍
31546,澤梅爾長弓
31547,澤梅爾輔劍
31548,澤梅爾雙手劍
31549,澤梅爾步槍
31550,澤梅爾低語
31551,澤梅爾長杖
31552,澤梅爾之書
31553,澤梅爾天星盤
31554,城塞古盾
31555,皇金頭盔
31556,皇金胸甲
31557,皇金連指手鎧
31558,皇金軟甲褲
31559,皇金鎧靴
31560,皇金彈性交叉腰帶
31561,皇金盔帽
31562,皇金皮甲
31563,皇金護臂
31564,皇金襯褲
31565,皇金腿甲靴
31566,皇金戰鬥交叉腰帶
31567,皇金頭鏈
31568,皇金長袍
31569,皇金禮服手套
31570,皇金短褲
31571,皇金長筒靴
31572,皇金術士交叉腰帶
31573,煩惱的記憶晶塊
31574,悲傷的記憶晶塊
31575,恐懼的記憶晶塊
31576,勇猛的記憶晶塊
31577,紅蓮祭票據2021
31578,第三期重建用的雷紋魚
31579,第三期重建用的鱷龜
31580,第三期重建用的骨舌魚
31581,第三期重建用的泥仙人
31582,第三期重建用的彈塗魚
31583,第三期重建用的菜蛙
31584,第三期重建用的黃金鰍
31585,第三期重建用的仙女鱸
31586,第三期重建用的洞穴螯蝦
31587,第三期重建用的綠燈球藻
31588,第三期重建用的徘徊鯰魚
31589,第三期重建用的稻魚
31590,第三期重建用的蛉蠍
31591,第三期重建用的白影
31592,第三期重建用的無齒翼龍
31593,第三期重建用的皇家披風
31594,第三期重建用的藍色美杜莎
31595,第三期重建用的飛翼魴
31596,第三期重建用的特供白麗魚
31597,第三期重建用的特供飛蝠鱝
31598,第三期重建用的特供滄龍
31599,第三期重建用的特供飛沙魚
31600,第三期重建用的特供始祖鳥
31601,第三期重建用的特供飛龍
31602,第三期重建用的特供雲鯊
31603,第三期重建用的特供旋齒鯊
31604,第三期重建用的雷紋魚（檢）
31605,第三期重建用的鱷龜（檢）
31606,第三期重建用的骨舌魚（檢）
31607,第三期重建用的泥仙人（檢）
31608,第三期重建用的彈塗魚（檢）
31609,第三期重建用的菜蛙（檢）
31610,第三期重建用的黃金鰍（檢）
31611,第三期重建用的仙女鱸（檢）
31612,第三期重建用的洞穴螯蝦（檢）
31613,第三期重建用的綠燈球藻（檢）
31614,第三期重建用的徘徊鯰魚（檢）
31615,第三期重建用的稻魚（檢）
31616,第三期重建用的蛉蠍（檢）
31617,第三期重建用的白影（檢）
31618,第三期重建用的無齒翼龍（檢）
31619,第三期重建用的皇家披風（檢）
31620,第三期重建用的藍色美杜莎（檢）
31621,第三期重建用的飛翼魴（檢）
31622,第三期重建用的特供白麗魚（檢）
31623,第三期重建用的特供飛蝠鱝（檢）
31624,第三期重建用的特供滄龍（檢）
31625,第三期重建用的特供飛沙魚（檢）
31626,第三期重建用的特供始祖鳥（檢）
31627,第三期重建用的特供飛龍（檢）
31628,第三期重建用的特供雲鯊（檢）
31629,第三期重建用的特供旋齒鯊（檢）
31630,聖龍裝備箱
31631,身負榮耀（複製品）
31632,輪迴（複製品）
31633,開天碎顱（複製品）
31634,三鋒銳（複製品）
31635,才氣煥發（複製品）
31636,骨不知（複製品）
31637,生於哀傷（複製品）
31638,執法（複製品）
31639,怒心（複製品）
31640,魂罰（複製品）
31641,一靈真性（複製品）
31642,群賢畢至（複製品）
31643,天陽至寧（複製品）
31644,星切（複製品）
31645,述說者（複製品）
31646,冠絕之刃（複製品）
31647,交轉重環（複製品）
31648,堅毅（複製品）
31649,教練小圓盾
31650,喀恩鳶盾
31651,征服者護腰帶
31652,收藏用癒瘡木砂輪機
31653,收藏用矮人銀手斧
31654,收藏用矮人銀蒸餾器
31655,收藏用矮人銀指環
31656,收藏用海燕革長衣
31657,收藏用矮人棉貝雷帽
31658,收藏用矮人銀魔導書
31659,收藏用檸檬水
31660,管弦樂琴樂譜：沃茨之錘
31661,
31662,管弦樂琴樂譜：悠久之風　～漆黑～
31663,管弦樂琴樂譜：末路盡頭
31664,管弦樂琴樂譜：博茲雅的微風
31665,管弦樂琴樂譜：博茲雅的血風
31666,管弦樂琴樂譜：動亂 帝國版（黃道年代）
31667,管弦樂琴樂譜：潛入（黃道年代）
31668,管弦樂琴樂譜：召喚獸戰（黃道年代）
31669,管弦樂琴樂譜：死鬥（黃道年代）
31670,管弦樂琴樂譜：異路同歸
31671,管弦樂琴樂譜：宿命
31672,管弦樂琴樂譜：提燈怪之淚
31673,管弦樂琴樂譜：憎惡
31674,管弦樂琴樂譜：邪龍急襲
31675,管弦樂琴樂譜：蒼天騎士團
31676,管弦樂琴樂譜：破碎的心
31677,管弦樂琴樂譜：遊樂園
31678,管弦樂琴樂譜：謊言之城
31679,管弦樂琴樂譜：祖母／破壞
31680,管弦樂琴樂譜：異形的末路
31681,管弦樂琴樂譜：天降之力～破壞一切的黑色巨人／混合版
31682,管弦樂琴樂譜：幽冥水底（古裔今罪）
31683,管弦樂琴樂譜：一瞬千里（古裔今罪：樂團版）
31684,管弦樂琴樂譜：希望之都（鋼琴集）
31685,管弦樂琴樂譜：水車低鳴（鋼琴集）
31686,管弦樂琴樂譜：偉大的母港（鋼琴集）
31687,陳舊的樂譜：末路盡頭
31688,第16賽季霸者之證
31689,第16賽季猛者之證
31690,第16賽季強者之證
31691,武器箱（品級70）
31692,
31693,
31694,
31695,
31696,武器箱（品級90）
31697,
31698,
31699,
31700,
31701,武器箱（品級110）
31702,
31703,
31704,
31705,
31706,特製紅蓮群像海報
31707,特製英雄歸來海報
31708,特製曙光微明海報
31709,特製月下芳華海報
31710,特製狂亂前奏海報
31711,特製英雄挽歌海報
31712,特製南瓜馬車
31713,守護天節的特製精美海報
31714,天工手鋸
31715,天工橫頭錘
31716,天工圓頭錘
31717,天工工藝錘
31718,天工圓革刀
31719,天工縫針
31720,天工蒸餾器
31721,天工煎鍋
31722,天工手斧
31723,天工十字鎬
31724,天工釣竿
31725,天詩手鋸（複製品）
31726,天詩橫頭錘（複製品）
31727,天詩圓頭錘（複製品）
31728,天詩工藝錘（複製品）
31729,天詩圓革刀（複製品）
31730,天詩縫針（複製品）
31731,天詩蒸餾器（複製品）
31732,天詩煎鍋（複製品）
31733,天詩手斧（複製品）
31734,天詩十字鎬（複製品）
31735,天詩釣竿（複製品）
31736,木工工具最終改良用零件
31737,鍛造工具最終改良用零件
31738,甲冑工具最終改良用零件
31739,金工工具最終改良用零件
31740,皮革工具最終改良用零件
31741,裁縫工具最終改良用零件
31742,鍊金工具最終改良用零件
31743,烹調工具最終改良用零件
31744,園藝工具最終改良用零件
31745,園藝工具最終改良用輔助零件
31746,採掘工具最終改良用零件
31747,採掘工具最終改良用輔助零件
31748,捕魚用具長杆的最終改良用零件
31749,捕魚用具繞線輪的最終改良用零件
31750,最終改良用松木木材
31751,最終改良用銀製齒輪
31752,最終改良用鎢鋼方板
31753,最終改良用蒼天石
31754,最終改良用瞪羚革
31755,最終改良用紵布
31756,最終改良用聖水
31757,最終改良用鯊油
31758,最終改良用松木原木
31759,最終改良用清銀礦
31760,最終改良用白鎢礦
31761,最終改良用蒼天石原石
31762,最終改良用瞪羚的粗皮
31763,最終改良用苧麻
31764,最終改良用槲寄生
31765,最終改良用錘頭鯊
31766,最終改良用羽毛
31767,最終改良用樺木原木
31768,最終改良用堅鋼礦
31769,最終改良用琅玕原石
31770,點火魚
31771,褪色球球
31772,聖手手鋸
31773,聖手橫頭錘
31774,聖手圓頭錘
31775,聖手工藝錘
31776,聖手圓革刀
31777,聖手縫針
31778,聖手蒸餾器
31779,聖手煎鍋
31780,聖地十字鎬
31781,聖地手斧
31782,聖地釣竿
31783,聖手羊角錘
31784,聖手銼刀
31785,聖手手鉗
31786,聖手砂輪機
31787,聖手平斬
31788,聖手紡車
31789,聖手研缽
31790,聖手廚刀
31791,聖地碎石錘
31792,聖地鐮刀
31793,聖手貝雷帽
31794,聖手外套
31795,聖手半指護手
31796,聖手軟甲褲
31797,聖手皮靴
31798,聖地頭巾
31799,聖地大衣
31800,聖地手套
31801,聖地馬褲
31802,聖地長靴
31803,聖手工具腰帶
31804,聖手耳墜
31805,聖手項鍊
31806,聖手手鐲
31807,聖手戒指
31808,聖地生存腰帶
31809,聖地耳墜
31810,聖地項鍊
31811,聖地手鐲
31812,聖地戒指
31813,總督長劍
31814,總督虎爪
31815,總督大斧
31816,總督長槍
31817,總督長弓
31818,總督小刀
31819,總督斷頭劍
31820,總督手砲
31821,總督牧杖
31822,總督法杖
31823,總督魔導書
31824,總督魔導典
31825,總督天球儀
31826,總督武士刀
31827,總督刺劍
31828,總督槍刃
31829,總督輪刃
31830,總督塔盾
31831,總督禦敵頭冠
31832,總督禦敵大衣
31833,總督禦敵手鎧
31834,總督禦敵騎兵褲
31835,總督禦敵鎧靴
31836,總督禦敵護腰帶
31837,總督制敵頭冠
31838,總督制敵鏈甲
31839,總督制敵手鎧
31840,總督制敵騎兵褲
31841,總督制敵鎧靴
31842,總督制敵腰帶
31843,總督強襲兜帽
31844,總督強襲上裝
31845,總督強襲護臂
31846,總督強襲打底褲
31847,總督強襲長靴
31848,總督強襲腰圍
31849,總督精準兜帽
31850,總督精準上裝
31851,總督精準護臂
31852,總督精準打底褲
31853,總督精準長靴
31854,總督精準腰圍
31855,總督游擊兜帽
31856,總督游擊上裝
31857,總督游擊護臂
31858,總督游擊打底褲
31859,總督游擊長靴
31860,總督游擊腰圍
31861,總督治癒頭冠
31862,總督治癒大衣
31863,總督治癒手套
31864,總督治癒騎兵褲
31865,總督治癒短靴
31866,總督治癒護腰帶
31867,總督詠咒寬邊帽
31868,總督詠咒大衣
31869,總督詠咒手套
31870,總督詠咒騎兵褲
31871,總督詠咒短靴
31872,總督詠咒護腰帶
31873,總督禦敵耳墜
31874,總督強攻耳墜
31875,總督精準耳墜
31876,總督治癒耳墜
31877,總督詠咒耳墜
31878,總督禦敵項環
31879,總督強攻項環
31880,總督精準項環
31881,總督治癒項環
31882,總督詠咒項環
31883,總督禦敵手鐲
31884,總督強攻手鐲
31885,總督精準手鐲
31886,總督治癒手鐲
31887,總督詠咒手鐲
31888,總督禦敵戒指
31889,總督強攻戒指
31890,總督精準戒指
31891,總督治癒戒指
31892,總督詠咒戒指
31893,4級剛力之幻藥
31894,4級巧力之幻藥
31895,4級耐力之幻藥
31896,4級智力之幻藥
31897,4級意力之幻藥
31898,披薩
31899,迷霧菠菜乳蛋餅
31900,奶油雞肉寬麵
31901,煙燻雞肉
31902,黃金鳳梨汁
31903,鳳梨沙拉
31904,軟果糕
31905,蘋果新薯沙拉
31906,豆子咖哩
31907,檸檬瑪芬
31908,馬蘇里拉乳酪
31909,土雞的腿肉
31910,黃金鳳梨
31911,暮光蘋果
31912,豆蔻
31913,第四期重建用的合板
31914,第四期重建用的合金
31915,第四期重建用的金屬板
31916,第四期重建用的金屬錠
31917,第四期重建用的鞣革
31918,第四期重建用的草繩
31919,第四期重建用的墨水
31920,第四期重建用的麻乳
31921,第四期重建用的木箱
31922,第四期重建用的鐵釘
31923,第四期重建用的鉚釘
31924,第四期重建用的鐵環
31925,第四期重建用的皮繩
31926,第四期重建用的布料
31927,第四期重建用的植物油
31928,第四期重建用的芝麻餅乾
31929,第四期重建用的紡車
31930,第四期重建用的手斧
31931,第四期重建用的吊鍋
31932,第四期重建用的裁縫工具
31933,第四期重建用的皮袋
31934,第四期重建用的掃把
31935,第四期重建用的聖水
31936,第四期重建用的紅茶
31937,第四期重建用的梯子
31938,第四期重建用的鋸子
31939,第四期重建用的口罩
31940,第四期重建用的石材
31941,第四期重建用的長靴
31942,第四期重建用的手套
31943,第四期重建用的肥皂
31944,第四期重建用的藥湯
31945,第四期重建用的睡床
31946,第四期重建用的火爐
31947,第四期重建用的街燈
31948,第四期重建用的篝火台
31949,第四期重建用的工作服
31950,第四期重建用的遮蓬
31951,第四期重建用的植物成長劑
31952,第四期重建用的燉菜
31953,第四期重建用的特供冰盒
31954,第四期重建用的特供風向陸行鳥
31955,第四期重建用的特供公會儲物櫃
31956,第四期重建用的特供天文儀
31957,第四期重建用的特供工具腰帶
31958,第四期重建用的特供坎肩
31959,第四期重建用的特供幻藥
31960,第四期重建用的特供冰糕
31961,第四期重建用的小樹枝（檢）
31962,第四期重建用的麻草（檢）
31963,第四期重建用的鐵礦（檢）
31964,第四期重建用的沙鐵（檢）
31965,第四期重建用的中級紅木原木（檢）
31966,第四期重建用的中級芝麻（檢）
31967,第四期重建用的中級棉花（檢）
31968,第四期重建用的中級赤銅礦（檢）
31969,第四期重建用的中級岩鹽（檢）
31970,第四期重建用的中級靈銀沙（檢）
31971,第四期重建用的上級雲杉原木（檢）
31972,第四期重建用的上級槲寄生（檢）
31973,第四期重建用的上級蟾蜍（檢）
31974,第四期重建用的上級藤條（檢）
31975,第四期重建用的上級茶葉（檢）
31976,第四期重建用的上級綠金礦（檢）
31977,第四期重建用的上級明礬（檢）
31978,第四期重建用的上級天然水（檢）
31979,第四期重建用的上級金沙（檢）
31980,第四期重建用的上級砂岩（檢）
31981,第四期重建用的最高級白雪松原木（檢）
31982,第四期重建用的最高級古代樹脂（檢）
31983,第四期重建用的最高級小麥（檢）
31984,第四期重建用的最高級棉花（檢）
31985,第四期重建用的最高級陸龜（檢）
31986,第四期重建用的最高級金礦（檢）
31987,第四期重建用的最高級岩鹽（檢）
31988,第四期重建用的最高級天然水（檢）
31989,第四期重建用的最高級礦砂（檢）
31990,第四期重建用的最高級靈青岩（檢）
31991,第四期重建用的特供原木（檢）
31992,第四期重建用的特供蔓越莓（檢）
31993,第四期重建用的特供凱門鱷（檢）
31994,第四期重建用的特供蠶繭（檢）
31995,第四期重建用的特供木賊草（檢）
31996,第四期重建用的特供礦石（檢）
31997,第四期重建用的特供天然水（檢）
31998,第四期重建用的特供冰筍（檢）
31999,第四期重建用的特供矽沙（檢）
32000,第四期重建用的特供彩虹晶（檢）
32001,第四期重建用的幻風樹枝（檢）
32002,第四期重建用的幻土草（檢）
32003,第四期重建用的幻火石（檢）
32004,第四期重建用的幻雷礦砂（檢）
32005,第四期重建用的小樹枝
32006,第四期重建用的麻草
32007,第四期重建用的鐵礦
32008,第四期重建用的沙鐵
32009,第四期重建用的中級紅木原木
32010,第四期重建用的中級芝麻
32011,第四期重建用的中級棉花
32012,第四期重建用的中級赤銅礦
32013,第四期重建用的中級岩鹽
32014,第四期重建用的中級靈銀沙
32015,第四期重建用的上級雲杉原木
32016,第四期重建用的上級槲寄生
32017,第四期重建用的上級蟾蜍
32018,第四期重建用的上級藤條
32019,第四期重建用的上級茶葉
32020,第四期重建用的上級綠金礦
32021,第四期重建用的上級明礬
32022,第四期重建用的上級天然水
32023,第四期重建用的上級金沙
32024,第四期重建用的上級砂岩
32025,第四期重建用的最高級白雪松原木
32026,第四期重建用的最高級古代樹脂
32027,第四期重建用的最高級小麥
32028,第四期重建用的最高級棉花
32029,第四期重建用的最高級陸龜
32030,第四期重建用的最高級金礦
32031,第四期重建用的最高級岩鹽
32032,第四期重建用的最高級天然水
32033,第四期重建用的最高級礦砂
32034,第四期重建用的最高級靈青岩
32035,第四期重建用的特供原木
32036,第四期重建用的特供蔓越莓
32037,第四期重建用的特供凱門鱷
32038,第四期重建用的特供蠶繭
32039,第四期重建用的特供木賊草
32040,第四期重建用的特供礦石
32041,第四期重建用的特供天然水
32042,第四期重建用的特供冰筍
32043,第四期重建用的特供矽沙
32044,第四期重建用的特供彩虹晶
32045,第四期重建用的幻風樹枝
32046,第四期重建用的幻土草
32047,第四期重建用的幻火石
32048,第四期重建用的幻雷礦砂
32049,月光虹鯧
32050,元首的軍扇
32051,戰盾劍齒龍鱉
32052,深泳的古書
32053,珍珠皮皮拉魚
32054,鰭人之敵
32055,龜甲蟹
32056,艾德薇雅的戒指
32057,金屬箱
32058,古卜魟
32059,海瓦魔蛾
32060,眼鏡王蛇魚
32061,真麻希鯕鰍
32062,混種薰衣草印魚
32063,幻光蝴蝶魚
32064,謝爾達萊結晶
32065,泰坦硬甲蟹
32066,秘銀箱
32067,霧鬚酒杯
32068,帚狀奇蝦
32069,火烈鰻
32070,噴射蝠鱝
32071,惡魔刺
32072,美鯰
32073,浮游翻車魚
32074,哈弗古法
32075,沙利亞克河蟹
32076,破壞神的星塵
32077,真鰺
32078,滲血隆頭魚
32079,染血拋光蟹
32080,藍針
32081,血紅金槍魚
32082,落水面具
32083,幻光鰻
32084,素面
32085,神諭蟹
32086,德拉瓦尼亞鯛魚
32087,餘韻
32088,鋸齒蛤蜊
32089,幸福願景
32090,殲滅者
32091,血玉金槍魚
32092,八鰭腔棘魚
32093,石英錘頭鯊
32094,海洋蟾蜍
32095,暗鴉魨
32096,羅斯利特海帶
32097,鬼燈水母
32098,蜂巢魚
32099,海神的睡床
32100,僱傭兵
32101,薩維奈鯊魚
32102,翡翠軟玉鰻
32103,幻光魚龍
32104,銀杏魚
32105,魚醬罐
32106,海獵豹
32107,羅斯利特貝
32108,利維幼鰻
32109,珍珠炸彈
32110,巨怪魚
32111,潘諾普忒斯
32112,金鞋底
32113,刀顎魚
32114,盾齒龍
32115,
32116,
32117,
32118,
32119,
32120,
32121,
32122,
32123,
32124,
32125,
32126,
32127,
32128,
32129,
32130,
32131,
32132,綠色未知蠻神圖騰
32133,古舊的再生頭盔
32134,古舊的再生鎧甲
32135,古舊的再生手鎧
32136,古舊的再生長褲
32137,古舊的再生鎖甲靴
32138,古舊的再生腰帶
32139,古舊的再生飾品
32140,第1頁再生的斷章
32141,第2頁再生的斷章
32142,第3頁再生的斷章
32143,第4頁再生的斷章
32144,伊甸之晨武器箱（品級535）
32145,伊甸之晨頭部裝備箱（品級530）
32146,伊甸之晨身體裝備箱（品級530）
32147,伊甸之晨手臂裝備箱（品級530）
32148,伊甸之晨腿部裝備箱（品級530）
32149,伊甸之晨腳部裝備箱（品級530）
32150,伊甸之晨腰帶裝備箱（品級530）
32151,伊甸之晨耳部裝備箱（品級530）
32152,伊甸之晨頸部裝備箱（品級530）
32153,伊甸之晨腕部裝備箱（品級530）
32154,伊甸之晨指環裝備箱（品級530）
32155,古舊的再生長劍
32156,地下聖堂強化藥
32157,地下聖堂強化纖維
32158,地下聖堂硬化藥
32159,莫雯的默示票據
32160,超高速型神典石
32161,僱員的寶箱
32162,未鑑定的探索失傳碎晶
32163,未鑑定的奇術失傳碎晶
32164,未鑑定的犧牲失傳碎晶
32165,未鑑定的睿智失傳碎晶
32166,失傳探景
32167,失傳獻祭
32168,勝負師的仙藥
32169,賢者的仙藥
32170,劍豪的仙藥
32171,弓聖的仙藥
32172,豪傑的仙藥
32173,聖人的仙藥
32174,失傳耀星
32175,失傳破甲
32176,失傳熾天強襲
32177,失傳乙太之盾
32178,失傳速度之星
32179,博茲雅古銀貨
32180,博茲雅古金貨
32181,輕合金板：頭部防具
32182,輕合金板：身體防具
32183,輕合金板：手部防具
32184,輕合金板：腿部防具
32185,輕合金板：腳部防具
32186,裁判防具輕量化改良材料：頭部
32187,裁判防具輕量化改良材料：身體
32188,裁判防具輕量化改良材料：手部
32189,裁判防具輕量化改良材料：腿部
32190,裁判防具輕量化改良材料：腳部
32191,戰果記錄：莉莉亞
32192,戰果記錄：布瓦吉
32193,戰果記錄：水琴
32194,戰果記錄：米希亞第二集
32195,戰果記錄：貢希爾德第二集
32196,戰果記錄：求道之三位一體
32197,戰果記錄：女王護衛
32198,戰果記錄：誓約之三位一體
32199,戰果記錄：天佑女王
32200,戰果記錄：羅斯提克
32201,帝國製合成纖維
32202,鰻魚便當
32203,古卜檯燈
32204,服裝展示台
32205,麥酒杯
32206,綠寶石武器像
32207,毛絨絨庫普卡·叩普
32208,魔力寒冰隔離牆
32209,魔力寒冰夾層樓板
32210,女王槍手的兵棋
32211,女王士兵的兵棋
32212,鐵鍋番茄燉蛋
32213,毛絨絨凱特西
32214,仿古清洗台
32215,春意隔離牆
32216,伊修加爾德式暖爐
32217,毛絨絨卡邦庫爾
32218,卡邦庫爾室內鞋
32219,壁掛鐵架火炬
32220,鯊魚指揮官軟墊
32221,玫瑰花架
32222,靈龍坐像
32223,皇家獅子雕像
32224,花邊帷幔
32225,鄉村陸行鳥櫃台
32226,木條隔離牆
32227,手工餅乾組合
32228,花店櫃台
32229,猴面雀搖椅
32230,展示櫃
32231,帶架子的展示櫃
32232,六屬性關係圖
32233,玩偶展示櫃
32234,服裝展示櫃
32235,武器展示櫃
32236,畫作展示櫃
32237,烘焙展示櫃
32238,東方白虎屏風
32239,女王戰士的兵棋
32240,女王騎士的兵棋
32241,第17賽季獨狼獎盃
32242,玩偶展示窗
32243,服裝展示窗
32244,武器展示窗
32245,畫作展示窗
32246,烘焙展示窗
32247,白雪覆蓋的樹
32248,景觀樹
32249,方形磚地
32250,海濱葡萄藤架
32251,植樹噴泉
32252,人字形地板
32253,天窗吊燈
32254,混合木製內牆
32255,小型花店外牆
32256,中型花店外牆
32257,大型花店外牆
32258,綠寶石手半劍
32259,綠寶石指虎
32260,綠寶石戰斧
32261,綠寶石游擊槍
32262,綠寶石長弓
32263,綠寶石屠刀
32264,綠寶石巨劍
32265,綠寶石手槍
32266,綠寶石牧杖
32267,綠寶石咒杖
32268,綠寶石魔導書
32269,綠寶石魔導典
32270,綠寶石黃道儀
32271,綠寶石武士刀
32272,綠寶石刺劍
32273,綠寶石鋸刃
32274,綠寶石圓月輪
32275,綠寶石之盾
32276,伊甸之晨手半劍
32277,伊甸之晨聖徒
32278,伊甸之晨戰斧
32279,伊甸之晨戰戟
32280,伊甸之晨騎兵弓
32281,伊甸之晨左手劍
32282,伊甸之晨雙手劍
32283,伊甸之晨手槍
32284,伊甸之晨牧杖
32285,伊甸之晨法杖
32286,伊甸之晨魔導書
32287,伊甸之晨魔導典
32288,伊甸之晨黃道儀
32289,伊甸之晨武士刀
32290,伊甸之晨刺劍
32291,伊甸之晨槍刃
32292,伊甸之晨圓月輪
32293,伊甸之晨步兵盾
32294,伊甸之晨禦敵面具
32295,伊甸之晨禦敵外套
32296,伊甸之晨禦敵護臂
32297,伊甸之晨禦敵騎兵褲
32298,伊甸之晨禦敵鎧靴
32299,伊甸之晨禦敵皮帶
32300,伊甸之晨制敵面具
32301,伊甸之晨制敵外套
32302,伊甸之晨制敵護臂
32303,伊甸之晨制敵騎兵褲
32304,伊甸之晨制敵鎧靴
32305,伊甸之晨制敵皮帶
32306,伊甸之晨強襲眼罩
32307,伊甸之晨強襲短外套
32308,伊甸之晨強襲半指護手
32309,伊甸之晨強襲騎兵褲
32310,伊甸之晨強襲高筒靴
32311,伊甸之晨強襲皮帶
32312,伊甸之晨精準面具
32313,伊甸之晨精準外套
32314,伊甸之晨精準臂甲
32315,伊甸之晨精準騎兵褲
32316,伊甸之晨精準鎧靴
32317,伊甸之晨精準皮帶
32318,伊甸之晨游擊眼罩
32319,伊甸之晨游擊短外套
32320,伊甸之晨游擊半指護手
32321,伊甸之晨游擊騎兵褲
32322,伊甸之晨游擊高筒靴
32323,伊甸之晨游擊皮帶
32324,伊甸之晨治癒禮帽
32325,伊甸之晨治癒長外衣
32326,伊甸之晨治癒套袖
32327,伊甸之晨治癒褲襪
32328,伊甸之晨治癒長靴
32329,伊甸之晨治癒皮帶
32330,伊甸之晨詠咒禮帽
32331,伊甸之晨詠咒長外衣
32332,伊甸之晨詠咒套袖
32333,伊甸之晨詠咒褲襪
32334,伊甸之晨詠咒長靴
32335,伊甸之晨詠咒皮帶
32336,伊甸之晨禦敵耳墜
32337,伊甸之晨強攻耳墜
32338,伊甸之晨精準耳墜
32339,伊甸之晨治癒耳墜
32340,伊甸之晨詠咒耳墜
32341,伊甸之晨禦敵項環
32342,伊甸之晨強攻項環
32343,伊甸之晨精準項環
32344,伊甸之晨治癒項環
32345,伊甸之晨詠咒項環
32346,伊甸之晨禦敵手環
32347,伊甸之晨強攻手環
32348,伊甸之晨精準手環
32349,伊甸之晨治癒手環
32350,伊甸之晨詠咒手環
32351,伊甸之晨禦敵指環
32352,伊甸之晨強攻指環
32353,伊甸之晨精準指環
32354,伊甸之晨治癒指環
32355,伊甸之晨詠咒指環
32356,伊甸之赦禦敵面具
32357,伊甸之赦禦敵外套
32358,伊甸之赦禦敵護臂
32359,伊甸之赦禦敵騎兵褲
32360,伊甸之赦禦敵鎧靴
32361,伊甸之赦禦敵皮帶
32362,伊甸之赦制敵面具
32363,伊甸之赦制敵外套
32364,伊甸之赦制敵護臂
32365,伊甸之赦制敵騎兵褲
32366,伊甸之赦制敵鎧靴
32367,伊甸之赦制敵皮帶
32368,伊甸之赦強襲眼罩
32369,伊甸之赦強襲短外套
32370,伊甸之赦強襲半指護手
32371,伊甸之赦強襲騎兵褲
32372,伊甸之赦強襲高筒靴
32373,伊甸之赦強襲皮帶
32374,伊甸之赦精準面具
32375,伊甸之赦精準外套
32376,伊甸之赦精準臂甲
32377,伊甸之赦精準騎兵褲
32378,伊甸之赦精準鎧靴
32379,伊甸之赦精準皮帶
32380,伊甸之赦游擊眼罩
32381,伊甸之赦游擊短外套
32382,伊甸之赦游擊半指護手
32383,伊甸之赦游擊騎兵褲
32384,伊甸之赦游擊高筒靴
32385,伊甸之赦游擊皮帶
32386,伊甸之赦治癒禮帽
32387,伊甸之赦治癒長外衣
32388,伊甸之赦治癒套袖
32389,伊甸之赦治癒褲襪
32390,伊甸之赦治癒長靴
32391,伊甸之赦治癒皮帶
32392,伊甸之赦詠咒禮帽
32393,伊甸之赦詠咒長外衣
32394,伊甸之赦詠咒套袖
32395,伊甸之赦詠咒褲襪
32396,伊甸之赦詠咒長靴
32397,伊甸之赦詠咒皮帶
32398,伊甸之赦禦敵耳墜
32399,伊甸之赦強攻耳墜
32400,伊甸之赦精準耳墜
32401,伊甸之赦治癒耳墜
32402,伊甸之赦詠咒耳墜
32403,伊甸之赦禦敵項環
32404,伊甸之赦強攻項環
32405,伊甸之赦精準項環
32406,伊甸之赦治癒項環
32407,伊甸之赦詠咒項環
32408,伊甸之赦禦敵手環
32409,伊甸之赦強攻手環
32410,伊甸之赦精準手環
32411,伊甸之赦治癒手環
32412,伊甸之赦詠咒手環
32413,伊甸之赦禦敵指環
32414,伊甸之赦強攻指環
32415,伊甸之赦精準指環
32416,伊甸之赦治癒指環
32417,伊甸之赦詠咒指環
32418,聖堂潛行長劍
32419,聖堂潛行旋棍
32420,聖堂潛行戰斧
32421,聖堂潛行長槍
32422,聖堂潛行複合弓
32423,聖堂潛行屠刀
32424,聖堂潛行斷頭劍
32425,聖堂潛行手槍
32426,聖堂潛行手杖
32427,聖堂潛行咒杖
32428,聖堂潛行魔導書
32429,聖堂潛行魔導典
32430,聖堂潛行天星盤
32431,聖堂潛行武士刀
32432,聖堂潛行刺劍
32433,聖堂潛行魔機刃
32434,聖堂潛行戰輪
32435,聖堂潛行鳶盾
32436,聖堂潛行禦敵騎兵頭盔
32437,聖堂潛行禦敵胸甲
32438,聖堂潛行禦敵手鎧
32439,聖堂潛行禦敵騎兵褲
32440,聖堂潛行禦敵鎖甲靴
32441,聖堂潛行禦敵腰帶
32442,聖堂潛行制敵頭盔
32443,聖堂潛行制敵胸甲
32444,聖堂潛行制敵臂甲
32445,聖堂潛行制敵騎兵褲
32446,聖堂潛行制敵鎖甲靴
32447,聖堂潛行制敵腰帶
32448,聖堂潛行強襲面罩
32449,聖堂潛行強襲護甲
32450,聖堂潛行強襲臂甲
32451,聖堂潛行強襲騎兵褲
32452,聖堂潛行強襲長靴
32453,聖堂潛行強襲腰帶
32454,聖堂潛行精準頭盔
32455,聖堂潛行精準護甲
32456,聖堂潛行精準臂甲
32457,聖堂潛行精準騎兵褲
32458,聖堂潛行精準長靴
32459,聖堂潛行精準腰帶
32460,聖堂潛行游擊面罩
32461,聖堂潛行游擊護甲
32462,聖堂潛行游擊臂甲
32463,聖堂潛行游擊騎兵褲
32464,聖堂潛行游擊長靴
32465,聖堂潛行游擊腰帶
32466,聖堂潛行治癒頭盔
32467,聖堂潛行治癒長袍
32468,聖堂潛行治癒臂甲
32469,聖堂潛行治癒褲襪
32470,聖堂潛行治癒皮鞋
32471,聖堂潛行治癒腰帶
32472,聖堂潛行詠咒面罩
32473,聖堂潛行詠咒長袍
32474,聖堂潛行詠咒臂甲
32475,聖堂潛行詠咒褲襪
32476,聖堂潛行詠咒皮鞋
32477,聖堂潛行詠咒腰帶
32478,聖堂潛行禦敵耳墜
32479,聖堂潛行強攻耳墜
32480,聖堂潛行精準耳墜
32481,聖堂潛行治癒耳墜
32482,聖堂潛行詠咒耳墜
32483,聖堂潛行禦敵項環
32484,聖堂潛行強攻項環
32485,聖堂潛行精準項環
32486,聖堂潛行治癒項環
32487,聖堂潛行詠咒項環
32488,聖堂潛行禦敵手環
32489,聖堂潛行強攻手環
32490,聖堂潛行精準手環
32491,聖堂潛行治癒手環
32492,聖堂潛行詠咒手環
32493,聖堂潛行禦敵指環
32494,聖堂潛行強攻指環
32495,聖堂潛行精準指環
32496,聖堂潛行治癒指環
32497,聖堂潛行詠咒指環
32498,改良型聖堂潛行長劍
32499,改良型聖堂潛行旋棍
32500,改良型聖堂潛行戰斧
32501,改良型聖堂潛行長槍
32502,改良型聖堂潛行複合弓
32503,改良型聖堂潛行屠刀
32504,改良型聖堂潛行斷頭劍
32505,改良型聖堂潛行手槍
32506,改良型聖堂潛行手杖
32507,改良型聖堂潛行咒杖
32508,改良型聖堂潛行魔導書
32509,改良型聖堂潛行魔導典
32510,改良型聖堂潛行天星盤
32511,改良型聖堂潛行武士刀
32512,改良型聖堂潛行刺劍
32513,改良型聖堂潛行魔機刃
32514,改良型聖堂潛行戰輪
32515,改良型聖堂潛行鳶盾
32516,改良型聖堂潛行禦敵騎兵頭盔
32517,改良型聖堂潛行禦敵胸甲
32518,改良型聖堂潛行禦敵手鎧
32519,改良型聖堂潛行禦敵騎兵褲
32520,改良型聖堂潛行禦敵鎖甲靴
32521,改良型聖堂潛行禦敵腰帶
32522,改良型聖堂潛行制敵頭盔
32523,改良型聖堂潛行制敵胸甲
32524,改良型聖堂潛行制敵臂甲
32525,改良型聖堂潛行制敵騎兵褲
32526,改良型聖堂潛行制敵鎖甲靴
32527,改良型聖堂潛行制敵腰帶
32528,改良型聖堂潛行強襲面罩
32529,改良型聖堂潛行強襲護甲
32530,改良型聖堂潛行強襲臂甲
32531,改良型聖堂潛行強襲騎兵褲
32532,改良型聖堂潛行強襲長靴
32533,改良型聖堂潛行強襲腰帶
32534,改良型聖堂潛行精準頭盔
32535,改良型聖堂潛行精準護甲
32536,改良型聖堂潛行精準臂甲
32537,改良型聖堂潛行精準騎兵褲
32538,改良型聖堂潛行精準長靴
32539,改良型聖堂潛行精準腰帶
32540,改良型聖堂潛行游擊面罩
32541,改良型聖堂潛行游擊護甲
32542,改良型聖堂潛行游擊臂甲
32543,改良型聖堂潛行游擊騎兵褲
32544,改良型聖堂潛行游擊長靴
32545,改良型聖堂潛行游擊腰帶
32546,改良型聖堂潛行治癒頭盔
32547,改良型聖堂潛行治癒長袍
32548,改良型聖堂潛行治癒臂甲
32549,改良型聖堂潛行治癒褲襪
32550,改良型聖堂潛行治癒皮鞋
32551,改良型聖堂潛行治癒腰帶
32552,改良型聖堂潛行詠咒面罩
32553,改良型聖堂潛行詠咒長袍
32554,改良型聖堂潛行詠咒臂甲
32555,改良型聖堂潛行詠咒褲襪
32556,改良型聖堂潛行詠咒皮鞋
32557,改良型聖堂潛行詠咒腰帶
32558,改良型聖堂潛行禦敵耳墜
32559,改良型聖堂潛行強攻耳墜
32560,改良型聖堂潛行精準耳墜
32561,改良型聖堂潛行治癒耳墜
32562,改良型聖堂潛行詠咒耳墜
32563,改良型聖堂潛行禦敵項環
32564,改良型聖堂潛行強攻項環
32565,改良型聖堂潛行精準項環
32566,改良型聖堂潛行治癒項環
32567,改良型聖堂潛行詠咒項環
32568,改良型聖堂潛行禦敵手環
32569,改良型聖堂潛行強攻手環
32570,改良型聖堂潛行精準手環
32571,改良型聖堂潛行治癒手環
32572,改良型聖堂潛行詠咒手環
32573,改良型聖堂潛行禦敵指環
32574,改良型聖堂潛行強攻指環
32575,改良型聖堂潛行精準指環
32576,改良型聖堂潛行治癒指環
32577,改良型聖堂潛行詠咒指環
32578,世傳禦敵頭冠
32579,世傳禦敵外套
32580,世傳禦敵手鎧
32581,世傳禦敵束膝褲
32582,世傳禦敵脛甲
32583,世傳禦敵腰帶
32584,世傳制敵頭冠
32585,世傳制敵外套
32586,世傳制敵手鎧
32587,世傳制敵束膝褲
32588,世傳制敵脛甲
32589,世傳制敵腰帶
32590,世傳強襲頭冠
32591,世傳強襲外套
32592,世傳強襲手鎧
32593,世傳強襲束膝褲
32594,世傳強襲高筒靴
32595,世傳強襲腰帶
32596,世傳精準貝雷帽
32597,世傳精準外套
32598,世傳精準手鎧
32599,世傳精準束膝褲
32600,世傳精準高筒靴
32601,世傳精準腰帶
32602,世傳游擊頭冠
32603,世傳游擊外套
32604,世傳游擊手鎧
32605,世傳游擊束膝褲
32606,世傳游擊高筒靴
32607,世傳游擊腰帶
32608,世傳治癒禮帽
32609,世傳治癒束腰牧衣
32610,世傳治癒手套
32611,世傳治癒軟甲褲
32612,世傳治癒皮鞋
32613,世傳治癒腰帶
32614,世傳詠咒禮帽
32615,世傳詠咒束腰牧衣
32616,世傳詠咒手套
32617,世傳詠咒軟甲褲
32618,世傳詠咒皮鞋
32619,世傳詠咒腰帶
32620,世傳禦敵耳墜
32621,世傳強攻耳墜
32622,世傳精準耳墜
32623,世傳治癒耳墜
32624,世傳詠咒耳墜
32625,世傳禦敵項鍊
32626,世傳強攻項鍊
32627,世傳精準項鍊
32628,世傳治癒項鍊
32629,世傳詠咒項鍊
32630,世傳禦敵手鐲
32631,世傳強攻手鐲
32632,世傳精準手鐲
32633,世傳治癒手鐲
32634,世傳詠咒手鐲
32635,世傳禦敵指環
32636,世傳強攻指環
32637,世傳精準指環
32638,世傳治癒指環
32639,世傳詠咒指環
32640,幻象耳環
32641,幻象項環
32642,幻象手鐲
32643,幻象戒指
32644,捕食者
32645,擾修靈
32646,幻象禮帽
32647,幻象短上衣
32648,幻象手套
32649,幻象打底褲
32650,幻象長靴
32651,裁決手半劍
32652,裁決指虎
32653,裁決雙刃斧
32654,裁決長槍
32655,裁決複合弓
32656,裁決匕首
32657,裁決雙手劍
32658,裁決左輪槍
32659,裁決牧杖
32660,裁決咒杖
32661,裁決魔導書
32662,裁決魔導典
32663,裁決量天儀
32664,裁決武士刀
32665,裁決刺劍
32666,裁決魔機刃
32667,裁決圓月輪
32668,裁決鳶盾
32669,改良型裁決手半劍
32670,改良型裁決指虎
32671,改良型裁決雙刃斧
32672,改良型裁決長槍
32673,改良型裁決複合弓
32674,改良型裁決匕首
32675,改良型裁決雙手劍
32676,改良型裁決左輪槍
32677,改良型裁決牧杖
32678,改良型裁決咒杖
32679,改良型裁決魔導書
32680,改良型裁決魔導典
32681,改良型裁決量天儀
32682,改良型裁決武士刀
32683,改良型裁決刺劍
32684,改良型裁決魔機刃
32685,改良型裁決圓月輪
32686,改良型裁決鳶盾
32687,身負榮耀·回憶（複製品）
32688,輪迴·回憶（複製品）
32689,開天碎顱·回憶（複製品）
32690,三鋒銳·回憶（複製品）
32691,才氣煥發·回憶（複製品）
32692,骨不知·回憶（複製品）
32693,生於哀傷·回憶（複製品）
32694,執法·回憶（複製品）
32695,怒心·回憶（複製品）
32696,魂罰·回憶（複製品）
32697,一靈真性·回憶（複製品）
32698,群賢畢至·回憶（複製品）
32699,天陽至寧·回憶（複製品）
32700,星切·回憶（複製品）
32701,述說者·回憶（複製品）
32702,冠絕之刃·回憶（複製品）
32703,交轉重環·回憶（複製品）
32704,堅毅·回憶（複製品）
32705,裁決手半劍（複製品）
32706,裁決指虎（複製品）
32707,裁決雙刃斧（複製品）
32708,裁決長槍（複製品）
32709,裁決複合弓（複製品）
32710,裁決匕首（複製品）
32711,裁決雙手劍（複製品）
32712,裁決左輪槍（複製品）
32713,裁決牧杖（複製品）
32714,裁決咒杖（複製品）
32715,裁決魔導書（複製品）
32716,裁決魔導典（複製品）
32717,裁決量天儀（複製品）
32718,裁決武士刀（複製品）
32719,裁決刺劍（複製品）
32720,裁決魔機刃（複製品）
32721,裁決圓月輪（複製品）
32722,裁決鳶盾（複製品）
32723,裁決禦敵頭盔
32724,裁決禦敵戰鎧
32725,裁決禦敵手鎧
32726,裁決禦敵腿甲
32727,裁決禦敵鎖甲靴
32728,裁決制敵頭盔
32729,裁決制敵戰鎧
32730,裁決制敵手鎧
32731,裁決制敵腿甲
32732,裁決制敵鎖甲靴
32733,裁決強襲騎兵頭盔
32734,裁決強襲護甲
32735,裁決強襲手鎧
32736,裁決強襲護腿褲
32737,裁決強襲鎧靴
32738,裁決精準騎兵頭盔
32739,裁決精準護甲
32740,裁決精準手鎧
32741,裁決精準護腿褲
32742,裁決精準鎧靴
32743,裁決游擊騎兵頭盔
32744,裁決游擊護甲
32745,裁決游擊手鎧
32746,裁決游擊護腿褲
32747,裁決游擊鎧靴
32748,裁決治癒頭盔
32749,裁決治癒護甲
32750,裁決治癒手套
32751,裁決治癒騎兵褲
32752,裁決治癒脛甲
32753,裁決詠咒頭盔
32754,裁決詠咒護甲
32755,裁決詠咒手套
32756,裁決詠咒騎兵褲
32757,裁決詠咒脛甲
32758,改良型裁決禦敵頭盔
32759,改良型裁決禦敵戰鎧
32760,改良型裁決禦敵手鎧
32761,改良型裁決禦敵腿甲
32762,改良型裁決禦敵鎖甲靴
32763,改良型裁決制敵頭盔
32764,改良型裁決制敵戰鎧
32765,改良型裁決制敵手鎧
32766,改良型裁決制敵腿甲
32767,改良型裁決制敵鎖甲靴
32768,改良型裁決強襲騎兵頭盔
32769,改良型裁決強襲護甲
32770,改良型裁決強襲手鎧
32771,改良型裁決強襲護腿褲
32772,改良型裁決強襲鎧靴
32773,改良型裁決精準騎兵頭盔
32774,改良型裁決精準護甲
32775,改良型裁決精準手鎧
32776,改良型裁決精準護腿褲
32777,改良型裁決精準鎧靴
32778,改良型裁決游擊騎兵頭盔
32779,改良型裁決游擊護甲
32780,改良型裁決游擊手鎧
32781,改良型裁決游擊護腿褲
32782,改良型裁決游擊鎧靴
32783,改良型裁決治癒頭盔
32784,改良型裁決治癒護甲
32785,改良型裁決治癒手套
32786,改良型裁決治癒騎兵褲
32787,改良型裁決治癒脛甲
32788,改良型裁決詠咒頭盔
32789,改良型裁決詠咒護甲
32790,改良型裁決詠咒手套
32791,改良型裁決詠咒騎兵褲
32792,改良型裁決詠咒脛甲
32793,蒼天工作安全盔
32794,蒼天工作背心
32795,蒼天工作手套
32796,蒼天工作打底褲
32797,蒼天工作靴
32798,小牛皮騎手運動帽
32799,小牛皮騎手外套
32800,小牛皮騎手手套
32801,小牛皮騎手打底褲
32802,小牛皮騎手運動鞋
32803,莫古莫古戀心帽
32804,金漆猛虎武士盔
32805,銀漆猛虎武士盔
32806,學院制服（領帶）
32807,學院長褲
32808,學院便鞋（短襪）
32809,學院制服（蝴蝶結）
32810,學院短裙
32811,學院便鞋（高筒襪）
32812,康乃馨種子
32813,紅色康乃馨
32814,藍色康乃馨
32815,黃色康乃馨
32816,綠色康乃馨
32817,橙色康乃馨
32818,紫色康乃馨
32819,白色康乃馨
32820,黑色康乃馨
32821,混色康乃馨
32822,綠寶石武器裝甲片
32823,綠寶石武器裝甲
32824,天佑裝甲
32825,特製星芒裝甲
32826,演技教材·吃飯團
32827,演技教材·吃蘋果
32828,演技教材·搓手
32829,演技教材·掃地
32830,演技教材·陸行鳥之筆
32831,未鑑定的劍豪失傳碎晶
32832,未鑑定的射技失傳碎晶
32833,未鑑定的豪勇失傳碎晶
32834,未鑑定的祈禱失傳碎晶
32835,髮型樣式：黎明辮
32836,髮型樣式：薩雷安神童
32837,雪人鈴鐺
32838,真月魔導鯨認證金鑰
32839,伊甸水晶
32840,地獄三頭犬角笛
32841,大殼蟹角笛
32842,阿里翁角笛
32843,綠寶石玲龍魔笛
32844,原型魔導機車大魔認證金鑰
32845,巧克力小妖角笛
32846,加百列III號機認證金鑰
32847,莫莫拉·莫拉！！！
32848,希爾德拉級潛水艇P型
32849,迷你蓋亞
32850,迷你帕羅姆
32851,迷你普羅姆
32852,迷你艾吉
32853,迷你莉蒂亞
32854,迷你羅莎
32855,天佑公主
32856,水小滴
32857,三角龍龍
32858,黃金大河狸
32859,魔法棱晶（炸彈頭）
32860,魔法棱晶（數字0）
32861,魔法棱晶（數字1）
32862,魔法棱晶（數字2）
32863,魔法棱晶（數字3）
32864,魔法棱晶（數字4）
32865,魔法棱晶（數字5）
32866,幻象裝備箱（品級400）
32867,天青圖騰·天使的點心
32868,天青圖騰·龍之力
32869,天青圖騰·馬特拉魔法飛彈
32870,降神祭奉行的證書
32871,風景畫：新巢居住區
32872,風景畫：落羽商業區
32873,風景畫：升歌文化區
32874,風景畫：蒼天街
32875,華美型總督禦敵大衣
32876,華美型總督制敵鏈甲
32877,華美型總督強襲上裝
32878,華美型總督精準上裝
32879,華美型總督游擊上裝
32880,華美型總督治癒大衣
32881,華美型總督詠咒大衣
32882,第四期重建用的嘎牙子
32883,第四期重建用的金工蟹
32884,第四期重建用的斜方鱊
32885,第四期重建用的蒼天鰍
32886,第四期重建用的冰川核
32887,第四期重建用的親吻魚
32888,第四期重建用的斬馬魚
32889,第四期重建用的魔帆
32890,第四期重建用的星花
32891,第四期重建用的青色螃蟹
32892,第四期重建用的不忠蛇
32893,第四期重建用的歐洛浦肯
32894,第四期重建用的清澈冰戰神
32895,第四期重建用的不死魚
32896,第四期重建用的白馬
32897,第四期重建用的海雲水母
32898,第四期重建用的黑頭巾
32899,第四期重建用的翻車魚
32900,第四期重建用的特供汗魚
32901,第四期重建用的特供雕塑家
32902,第四期重建用的特供小撒拉奧斯
32903,第四期重建用的特供藍色風暴
32904,第四期重建用的特供馬爾三葉蟲
32905,第四期重建用的特供紅波太郎
32906,第四期重建用的特供獅鷲
32907,第四期重建用的特供巨脈蜻蜓
32908,第四期重建用的嘎牙子（檢）
32909,第四期重建用的金工蟹（檢）
32910,第四期重建用的斜方鱊（檢）
32911,第四期重建用的蒼天鰍（檢）
32912,第四期重建用的冰川核（檢）
32913,第四期重建用的親吻魚（檢）
32914,第四期重建用的斬馬魚（檢）
32915,第四期重建用的魔帆（檢）
32916,第四期重建用的星花（檢）
32917,第四期重建用的青色螃蟹（檢）
32918,第四期重建用的不忠蛇（檢）
32919,第四期重建用的歐洛浦肯（檢）
32920,第四期重建用的清澈冰戰神（檢）
32921,第四期重建用的不死魚（檢）
32922,第四期重建用的白馬（檢）
32923,第四期重建用的海雲水母（檢）
32924,第四期重建用的黑頭巾（檢）
32925,第四期重建用的翻車魚（檢）
32926,第四期重建用的特供汗魚（檢）
32927,第四期重建用的特供雕塑家（檢）
32928,第四期重建用的特供小撒拉奧斯（檢）
32929,第四期重建用的特供藍色風暴（檢）
32930,第四期重建用的特供馬爾三葉蟲（檢）
32931,第四期重建用的特供紅波太郎（檢）
32932,第四期重建用的特供獅鷲（檢）
32933,第四期重建用的特供巨脈蜻蜓（檢）
32934,銀山毛櫸木材
32935,硬鋁錠
32936,白夜結晶板
32937,梔子染布
32938,袋獅革
32939,4級剛力之幻水
32940,4級巧力之幻水
32941,4級耐力之幻水
32942,4級智力之幻水
32943,4級意力之幻水
32944,馬尾草
32945,輕銀礦
32946,奇人研磨劑
32947,梔子
32948,袋獅的粗皮
32949,靈魂精華
32950,銀山毛櫸原木
32951,苦灰石
32952,白夜結晶
32953,蒼棉花
32954,硬質金合歡樹皮
32955,超硬水
32956,厭惡的記憶晶塊
32957,不祥的記憶晶塊
32958,忌諱的記憶晶塊
32959,被丟掉的遺物
32960,記憶保護劑
32961,音樂會的特製海報
32962,特製星芒蛋糕捲
32963,特製星芒古卜花環
32964,降神祭的特製米袋組合
32965,特製巧克力噴泉
32966,特製東方舞臺
32967,女兒節特製吊旗
32968,特製兔子玩偶
32969,彩蛋狩獵的特製海報
32970,收藏用黃鐵礦
32971,收藏用輝銅礦
32972,收藏用褐鐵礦
32973,收藏用阿巴拉提亞天然水
32974,收藏用皇金沙
32975,收藏用鋰輝石原石
32976,收藏用星尖石原石
32977,收藏用藍晶石原石
32978,收藏用石青原石
32979,收藏用清銀礦
32980,收藏用鈦銅礦
32981,收藏用青金石原石
32982,收藏用透鋰長石原石
32983,收藏用海鹽
32984,收藏用海底岩
32985,收藏用黑瑪瑙原石
32986,收藏用重鎢礦
32987,收藏用基拉巴尼亞明礬
32988,收藏用靈銀沙
32989,收藏用基拉巴尼亞礦泉水
32990,收藏用靈青岩
32991,收藏用魔銀沙
32992,收藏用暗栗木樹液
32993,收藏用暗栗木原木
32994,收藏用暗栗樹枝
32995,收藏用毛栗子
32996,收藏用暗栗木樹脂
32997,收藏用落葉松原木
32998,收藏用香菇
32999,收藏用落葉松樹液
33000,收藏用松脂
33001,收藏用松木原木
33002,收藏用仙子蘋果
33003,收藏用白橡木原木
33004,收藏用仙果木原木
33005,收藏用沙柚木原木
33006,收藏用海藻
33007,收藏用琥珀丁香
33008,收藏用珊瑚
33009,收藏用烏侖代硬木原木
33010,收藏用虹棉
33011,收藏用赤麻
33012,收藏用白麻
33013,收藏用黑夜胡椒
33014,九宮幻卡：藍色假面
33015,九宮幻卡：仙子豬之母
33016,九宮幻卡：求道之三位一體
33017,九宮幻卡：誓約之三位一體
33018,九宮幻卡：啟示者
33019,九宮幻卡：齊格弗里德
33020,九宮幻卡：模仿師格格
33021,九宮幻卡：綠寶石武器
33022,九宮幻卡：琳
33023,九宮幻卡：蓋亞
33024,九宮幻卡：伊甸之約
33025,九宮幻卡：鳳凰
33026,
33027,小牛皮
33028,紅色康乃馨耳環
33029,藍色康乃馨耳環
33030,黃色康乃馨耳環
33031,綠色康乃馨耳環
33032,橙色康乃馨耳環
33033,紫色康乃馨耳環
33034,白色康乃馨耳環
33035,黑色康乃馨耳環
33036,混色康乃馨耳環
33037,趣味圓點陽傘
33038,端莊圓點陽傘
33039,田園圓點陽傘
33040,金碟陽傘
33041,天使之翼
33042,新款阿爾菲諾服裝套裝
33043,異木時尚帽
33044,異木時尚圍裙
33045,異木時尚半指手套
33046,異木時尚棉布腿套
33047,異木時尚工作靴
33048,怪鐵時尚護目鏡
33049,怪鐵時尚圍裙
33050,怪鐵時尚工作手套
33051,怪鐵時尚軟甲褲
33052,怪鐵時尚護腿
33053,凶甲時尚面罩
33054,凶甲時尚圍裙
33055,凶甲時尚工作手套
33056,凶甲時尚軟甲褲
33057,凶甲時尚工作靴
33058,惡金時尚單片眼鏡
33059,惡金時尚坎肩
33060,惡金時尚短手套
33061,惡金時尚軟甲褲
33062,惡金時尚長靴
33063,妖革時尚花帽
33064,妖革時尚外套
33065,妖革時尚護臂
33066,妖革時尚腿套
33067,妖革時尚高筒靴
33068,邪衣時尚禮帽
33069,邪衣時尚燕尾服
33070,邪衣時尚指套
33071,邪衣時尚長褲
33072,邪衣時尚短靴
33073,煉魔時尚下框眼鏡
33074,煉魔時尚大衣
33075,煉魔時尚手套
33076,煉魔時尚腿套
33077,煉魔時尚皮靴
33078,烹宰時尚廚帽
33079,烹宰時尚圍裙
33080,烹宰時尚連指手套
33081,烹宰時尚軟甲褲
33082,烹宰時尚木鞋
33083,鬼礦時尚頭燈帽
33084,鬼礦時尚工作衫
33085,鬼礦時尚工作手套
33086,鬼礦時尚工作褲
33087,鬼礦時尚工作靴
33088,獷野時尚寬邊草帽
33089,獷野時尚襯衫
33090,獷野時尚半指手套
33091,獷野時尚工作褲
33092,獷野時尚工作靴
33093,漁劫時尚帽
33094,漁劫時尚外套
33095,漁劫時尚工作手套
33096,漁劫時尚工裝褲
33097,漁劫時尚工作靴
33098,異木時尚裝備箱
33099,怪鐵時尚裝備箱
33100,凶甲時尚裝備箱
33101,惡金時尚裝備箱
33102,妖革時尚裝備箱
33103,邪衣時尚裝備箱
33104,煉魔時尚裝備箱
33105,烹宰時尚裝備箱
33106,鬼礦時尚裝備箱
33107,獷野時尚裝備箱
33108,漁劫時尚裝備箱
33109,管弦樂琴樂譜：重建竣工小調
33110,管弦樂琴樂譜：漆黑王狼重現世間
33111,管弦樂琴樂譜：格格主題曲
33112,管弦樂琴樂譜：索亨地下宮殿（黃道年代）
33113,管弦樂琴樂譜：無言之戰（黃道年代）
33114,管弦樂琴樂譜：女王復活
33115,管弦樂琴樂譜：剛出爐的仙子豬
33116,管弦樂琴樂譜：不要畏懼　～漆黑～
33117,管弦樂琴樂譜：傳說之獸　～漆黑～
33118,管弦樂琴樂譜：不會失效的約定
33119,管弦樂琴樂譜：極盡　～漆黑～
33120,管弦樂琴樂譜：復仇
33121,管弦樂琴樂譜：無處之處
33122,管弦樂琴樂譜：明日複明日
33123,管弦樂琴樂譜：危言
33124,管弦樂琴樂譜：無法拼合的碎片
33125,管弦樂琴樂譜：修行
33126,管弦樂琴樂譜：戰神的教義
33127,管弦樂琴樂譜：蒼色的日常
33128,管弦樂琴樂譜：華彩的夜空
33129,管弦樂琴樂譜：名譽之戰
33130,管弦樂琴樂譜：地下坑道
33131,管弦樂琴樂譜：跳舞娃娃卡爾克布莉娜　～蒼天～
33132,管弦樂琴樂譜：凶兆（鋼琴集）
33133,管弦樂琴樂譜：夜霧繚繞（鋼琴集）
33134,管弦樂琴樂譜：華彩的山麓（鋼琴集）
33135,陳舊的樂譜：漆黑王狼重現世間
33136,第3賽季福者之證
33137,第3賽季聖者之證
33138,
33139,管弦樂琴樂譜：夏弗還是布吉　～漆黑～
33140,第17賽季霸者之證
33141,第17賽季猛者之證
33142,第17賽季強者之證
33143,羊絨斗篷裝備箱
33144,休閒外套裝備箱
33145,建築06S號的核心
33146,
33147,腐殖土
33148,盆栽墨角蘭
33149,水薄荷
33150,野生鼠尾草
33151,公主茶葉
33152,英安岩
33153,玫瑰榴石
33154,輝煌異木手鋸
33155,輝煌怪鐵鳥嘴錘
33156,輝煌凶甲圓頭錘
33157,輝煌惡金工藝錘
33158,輝煌妖革裁皮刀
33159,輝煌邪衣縫針
33160,輝煌煉魔蒸餾器
33161,輝煌烹宰廚鍋
33162,老式輝煌工具的第一次加工組件：木工
33163,老式輝煌工具的第一次加工組件：鍛冶
33164,老式輝煌工具的第一次加工組件：甲冑
33165,老式輝煌工具的第一次加工組件：金工
33166,老式輝煌工具的第一次加工組件：皮革
33167,老式輝煌工具的第一次加工組件：裁縫
33168,老式輝煌工具的第一次加工組件：鍊金
33169,老式輝煌工具的第一次加工組件：烹調
33170,老式輝煌工具的第二次加工組件：木工
33171,老式輝煌工具的第二次加工組件：鍛冶
33172,老式輝煌工具的第二次加工組件：甲冑
33173,老式輝煌工具的第二次加工組件：金工
33174,老式輝煌工具的第二次加工組件：皮革
33175,老式輝煌工具的第二次加工組件：裁縫
33176,老式輝煌工具的第二次加工組件：鍊金
33177,老式輝煌工具的第二次加工組件：烹調
33178,老式輝煌工具的第三次加工組件：木工
33179,老式輝煌工具的第三次加工組件：鍛冶
33180,老式輝煌工具的第三次加工組件：甲冑
33181,老式輝煌工具的第三次加工組件：金工
33182,老式輝煌工具的第三次加工組件：皮革
33183,老式輝煌工具的第三次加工組件：裁縫
33184,老式輝煌工具的第三次加工組件：鍊金
33185,老式輝煌工具的第三次加工組件：烹調
33186,輝煌工具的第一次加工素材：木工
33187,輝煌工具的第一次加工素材：鍛冶
33188,輝煌工具的第一次加工素材：甲冑
33189,輝煌工具的第一次加工素材：金工
33190,輝煌工具的第一次加工素材：皮革
33191,輝煌工具的第一次加工素材：裁縫
33192,輝煌工具的第一次加工素材：鍊金
33193,輝煌工具的第一次加工素材：烹調
33194,輝煌工具的第二次加工素材：木工
33195,輝煌工具的第二次加工素材：鍛冶
33196,輝煌工具的第二次加工素材：甲冑
33197,輝煌工具的第二次加工素材：金工
33198,輝煌工具的第二次加工素材：皮革
33199,輝煌工具的第二次加工素材：裁縫
33200,輝煌工具的第二次加工素材：鍊金
33201,輝煌工具的第二次加工素材：烹調
33202,輝煌工具的第三次加工素材：木工
33203,輝煌工具的第三次加工素材：鍛冶
33204,輝煌工具的第三次加工素材：甲冑
33205,輝煌工具的第三次加工素材：金工
33206,輝煌工具的第三次加工素材：皮革
33207,輝煌工具的第三次加工素材：裁縫
33208,輝煌工具的第三次加工素材：鍊金
33209,輝煌工具的第三次加工素材：烹調
33210,輝煌工具的最終加工素材：木工
33211,輝煌工具的最終加工素材：鍛冶
33212,輝煌工具的最終加工素材：甲冑
33213,輝煌工具的最終加工素材：金工
33214,輝煌工具的最終加工素材：皮革
33215,輝煌工具的最終加工素材：裁縫
33216,輝煌工具的最終加工素材：鍊金
33217,輝煌工具的最終加工素材：烹調
33218,機龍魔笛
33219,德拉瓦尼亞扇貝
33220,雲海海帶
33221,猩紅蛙
33222,白蜃蛤蜊
33223,熏香魚
33224,紀念醫院的日用品
33225,紀念醫院的醫療用品
33226,紀念醫院的康復訓練用品
33227,紀念醫院的茶會用品
33228,紀念醫院的繪畫道具
33229,日用品的素材
33230,醫療用品的素材
33231,康復訓練用品的素材
33232,茶會用品的素材
33233,繪畫道具的素材
33234,日用品的材料
33235,醫療用品的材料
33236,康復訓練用品的材料
33237,茶會用品的材料
33238,繪畫道具的材料
33239,利斯塔克鯊
33240,自走魚偶
33241,驚喜蛋
33242,鏡中蝶
33243,隆卡的大水蛇？
33244,長吻帆蜥魚
33245,小型鍛冶工坊外牆
33246,中型鍛冶工坊外牆
33247,大型鍛冶工坊外牆
33248,暴風藍內牆
33249,奶油黃地毯
33250,雲海橡果吊燈
33251,仙人掌小凳
33252,仙人掌圓桌
33253,鑽石武器像
33254,天佑女王封印石
33255,彩蛋狩獵小茶點
33256,烤玉米
33257,皮里福爾玩偶
33258,東方室內水塘
33259,雜貨店推車櫃台
33260,魔法景觀：太陽神草原
33261,魔法景觀：滿月
33262,人造人玩偶
33263,鼓桌
33264,小提琴展示櫃
33265,魔導電吉他
33266,立式招牌：酒館
33267,窗戶隔離牆
33268,圓窗隔離牆
33269,光流蘑菇燈
33270,未開封的信件
33271,木製螺旋樓梯
33272,伊修加爾德式午餐組合
33273,餐桌套裝（花格桌布）
33274,學院引導手冊
33275,冰盒
33276,磚塊櫃台
33277,真妖異全集手抄本
33278,濾掛式咖啡
33279,酒品陳列架
33280,仙子蘋果籃子
33281,哲學者圓桌
33282,水晶都衣櫃
33283,矮書櫃
33284,盧恩置物架
33285,莫古利書桌
33286,酒杯吊架
33287,格斯塔拉的肖像畫
33288,西式臘腸披薩套餐
33289,預言蛋肩包
33290,冰海岸
33291,古卜掛鐘
33292,盔甲架
33293,古代獸的頭骨
33294,繡球花叢
33295,林間涼亭
33296,庭園工具架
33297,東方紫藤樹
33298,賣面具的攤位
33299,鍛冶工作臺
33300,庭院鐵砧
33301,室外武具桌
33302,慶典派對氣球
33303,慶典天藍氣球
33304,新生祭的特製玻璃畫
33305,賣水球的特製攤位
33306,蝴蝶蘭幼苗
33307,紅色蝴蝶蘭
33308,藍色蝴蝶蘭
33309,黃色蝴蝶蘭
33310,綠色蝴蝶蘭
33311,橙色蝴蝶蘭
33312,紫色蝴蝶蘭
33313,白色蝴蝶蘭
33314,黑色蝴蝶蘭
33315,混色蝴蝶蘭
33316,三藝之星
33317,蟒斑盤麗魚
33318,鋼刀魚
33319,變影魚
33320,拿巴示鋸
33321,達穆倫櫻桃鯡魚
33322,頂天眼
33323,底暗魚
33324,金色皮皮拉魚
33325,奸隱魚
33326,絨毛海神蝦
33327,究極戰士G型模型
33328,陳舊的特殊地圖2
33329,稀少慶典神典石
33330,稀少傳承神典石
33331,特別預言蛋
33332,九宮幻卡：寶庫守護者
33333,九宮幻卡：真月巴哈姆特
33334,九宮幻卡：瓦倫斯·范·瓦羅
33335,九宮幻卡：真月伊弗利特
33336,九宮幻卡：第四軍團謝米哈扎
33337,九宮幻卡：第四軍團丘庫雷因
33338,九宮幻卡：究極戰士G型
33339,九宮幻卡：鑽石武器
33340,九宮幻卡：迪亞布羅魔兵
33341,九宮幻卡：2B
33342,
33343,
33344,
33345,
33346,
33347,
33348,
33349,
33350,
33351,
33352,
33353,
33354,奪魂者之證
33355,賢者之證
33356,輝煌鬼礦十字鎬
33357,輝煌獷野手斧
33358,輝煌漁劫釣竿
33359,改良型總督長劍
33360,改良型總督虎爪
33361,改良型總督大斧
33362,改良型總督長槍
33363,改良型總督長弓
33364,改良型總督小刀
33365,改良型總督斷頭劍
33366,改良型總督手砲
33367,改良型總督牧杖
33368,改良型總督法杖
33369,改良型總督魔導書
33370,改良型總督魔導典
33371,改良型總督天球儀
33372,改良型總督武士刀
33373,改良型總督刺劍
33374,改良型總督槍刃
33375,改良型總督輪刃
33376,改良型總督塔盾
33377,改良型總督禦敵頭冠
33378,改良型總督禦敵大衣
33379,改良型總督禦敵手鎧
33380,改良型總督禦敵騎兵褲
33381,改良型總督禦敵鎧靴
33382,改良型總督禦敵護腰帶
33383,改良型總督制敵頭冠
33384,改良型總督制敵鏈甲
33385,改良型總督制敵手鎧
33386,改良型總督制敵騎兵褲
33387,改良型總督制敵鎧靴
33388,改良型總督制敵腰帶
33389,改良型總督強襲兜帽
33390,改良型總督強襲上裝
33391,改良型總督強襲護臂
33392,改良型總督強襲打底褲
33393,改良型總督強襲長靴
33394,改良型總督強襲腰圍
33395,改良型總督精準兜帽
33396,改良型總督精準上裝
33397,改良型總督精準護臂
33398,改良型總督精準打底褲
33399,改良型總督精準長靴
33400,改良型總督精準腰圍
33401,改良型總督游擊兜帽
33402,改良型總督游擊上裝
33403,改良型總督游擊護臂
33404,改良型總督游擊打底褲
33405,改良型總督游擊長靴
33406,改良型總督游擊腰圍
33407,改良型總督治癒頭冠
33408,改良型總督治癒大衣
33409,改良型總督治癒手套
33410,改良型總督治癒騎兵褲
33411,改良型總督治癒短靴
33412,改良型總督治癒護腰帶
33413,改良型總督詠咒寬邊帽
33414,改良型總督詠咒大衣
33415,改良型總督詠咒手套
33416,改良型總督詠咒騎兵褲
33417,改良型總督詠咒短靴
33418,改良型總督詠咒護腰帶
33419,改良型總督禦敵耳墜
33420,改良型總督強攻耳墜
33421,改良型總督精準耳墜
33422,改良型總督治癒耳墜
33423,改良型總督詠咒耳墜
33424,改良型總督禦敵項環
33425,改良型總督強攻項環
33426,改良型總督精準項環
33427,改良型總督治癒項環
33428,改良型總督詠咒項環
33429,改良型總督禦敵手鐲
33430,改良型總督強攻手鐲
33431,改良型總督精準手鐲
33432,改良型總督治癒手鐲
33433,改良型總督詠咒手鐲
33434,改良型總督禦敵戒指
33435,改良型總督強攻戒指
33436,改良型總督精準戒指
33437,改良型總督治癒戒指
33438,改良型總督詠咒戒指
33439,工藝館強靈藥
33440,遊末邦的三類票據
33441,慶典禮物箱
33442,第18賽季霸者之證
33443,第18賽季猛者之證
33444,第18賽季強者之證
33445,暗影獵人頭盔
33446,暗影獵人戰甲
33447,暗影獵人手鎧
33448,暗影獵人馬褲
33449,暗影獵人鎧靴
33450,暗影獵人裝備箱
33451,第18賽季獨狼獎盃
33452,第19賽季霸者之證
33453,第19賽季猛者之證
33454,第19賽季強者之證
33455,暗影利鋒頭盔
33456,暗影利鋒戰甲
33457,暗影利鋒手鎧
33458,暗影利鋒馬褲
33459,暗影利鋒鎧靴
33460,暗影利鋒裝備箱
33461,第19賽季獨狼獎盃
33462,女王之榮耀
33463,女王之安寧
33464,女王之英勇
33465,女王之榮光
33466,女王之沉思
33467,女王之精巧
33468,女王之正義
33469,女王之才智
33470,女王之慈悲
33471,女王之盛怒
33472,女王之敏銳
33473,女王之睿智
33474,女王之天命
33475,女王之忠誠
33476,女王之克己
33477,女王之決意
33478,女王之愉悅
33479,女王之堅毅
33480,白色未知蠻神圖騰
33481,方舟古錢
33482,鑽石武器手半劍
33483,鑽石武器指虎
33484,鑽石武器戰斧
33485,鑽石武器游擊槍
33486,鑽石武器長弓
33487,鑽石武器屠刀
33488,鑽石武器斷頭劍
33489,鑽石武器手槍
33490,鑽石武器牧杖
33491,鑽石武器咒杖
33492,鑽石武器魔導書
33493,鑽石武器魔導典
33494,鑽石武器天星盤
33495,鑽石武器武士刀
33496,鑽石武器重刺劍
33497,鑽石武器槍刃
33498,鑽石武器圓月輪
33499,鑽石武器步兵盾
33500,帕戈爾贊禦敵頭盔
33501,帕戈爾贊禦敵外套
33502,帕戈爾贊禦敵護臂
33503,帕戈爾贊禦敵打底褲
33504,帕戈爾贊禦敵長靴
33505,帕戈爾贊禦敵腰圍
33506,帕戈爾贊制敵頭盔
33507,帕戈爾贊制敵外套
33508,帕戈爾贊制敵護臂
33509,帕戈爾贊制敵打底褲
33510,帕戈爾贊制敵長靴
33511,帕戈爾贊制敵腰圍
33512,帕戈爾贊強襲面罩
33513,帕戈爾贊強襲胸衣
33514,帕戈爾贊強襲護臂
33515,帕戈爾贊強襲騎兵褲
33516,帕戈爾贊強襲脛甲
33517,帕戈爾贊強襲腰圍
33518,帕戈爾贊精準頭冠
33519,帕戈爾贊精準胸衣
33520,帕戈爾贊精準護指
33521,帕戈爾贊精準打底褲
33522,帕戈爾贊精準長靴
33523,帕戈爾贊精準腰圍
33524,帕戈爾贊游擊面罩
33525,帕戈爾贊游擊胸衣
33526,帕戈爾贊游擊護臂
33527,帕戈爾贊游擊騎兵褲
33528,帕戈爾贊游擊脛甲
33529,帕戈爾贊游擊腰圍
33530,帕戈爾贊治癒頭冠
33531,帕戈爾贊治癒胸衣
33532,帕戈爾贊治癒護指
33533,帕戈爾贊治癒馬褲
33534,帕戈爾贊治癒涼鞋
33535,帕戈爾贊治癒腰圍
33536,帕戈爾贊詠咒頭冠
33537,帕戈爾贊詠咒胸衣
33538,帕戈爾贊詠咒護指
33539,帕戈爾贊詠咒馬褲
33540,帕戈爾贊詠咒涼鞋
33541,帕戈爾贊詠咒腰圍
33542,帕戈爾贊禦敵耳墜
33543,帕戈爾贊強攻耳墜
33544,帕戈爾贊精準耳墜
33545,帕戈爾贊治癒耳墜
33546,帕戈爾贊詠咒耳墜
33547,帕戈爾贊禦敵項鍊
33548,帕戈爾贊強攻項鍊
33549,帕戈爾贊精準項鍊
33550,帕戈爾贊治癒項鍊
33551,帕戈爾贊詠咒項鍊
33552,帕戈爾贊禦敵腕環
33553,帕戈爾贊強攻腕環
33554,帕戈爾贊精準腕環
33555,帕戈爾贊治癒腕環
33556,帕戈爾贊詠咒腕環
33557,帕戈爾贊禦敵指環
33558,帕戈爾贊強攻指環
33559,帕戈爾贊精準指環
33560,帕戈爾贊治癒指環
33561,帕戈爾贊詠咒指環
33562,寄葉五五式禦敵軍帽
33563,寄葉五五式禦敵軍裝
33564,寄葉五五式禦敵手套
33565,寄葉五五式禦敵軍褲
33566,寄葉五五式禦敵軍靴
33567,寄葉五五式制敵軍帽
33568,寄葉五五式制敵軍裝
33569,寄葉五五式制敵手套
33570,寄葉五五式制敵軍褲
33571,寄葉五五式制敵軍靴
33572,人造人舊式強襲軍帽
33573,人造人舊式強襲軍裝
33574,人造人舊式強襲手套
33575,人造人舊式強襲軍褲
33576,人造人舊式強襲軍靴
33577,人造人舊式精準軍帽
33578,人造人舊式精準軍裝
33579,人造人舊式精準手套
33580,人造人舊式精準軍褲
33581,人造人舊式精準軍靴
33582,人造人舊式游擊軍帽
33583,人造人舊式游擊軍裝
33584,人造人舊式游擊手套
33585,人造人舊式游擊軍褲
33586,人造人舊式游擊軍靴
33587,人造人舊式治癒髮飾
33588,人造人舊式治癒軍裝
33589,人造人舊式治癒手套
33590,人造人舊式治癒軍褲
33591,人造人舊式治癒軍靴
33592,人造人舊式詠咒髮飾
33593,人造人舊式詠咒軍裝
33594,人造人舊式詠咒手套
33595,人造人舊式詠咒軍褲
33596,人造人舊式詠咒軍靴
33597,白帝石劍
33598,白帝鬥手甲
33599,白帝大斧
33600,白帝長槍
33601,白帝琵琶弓
33602,白帝忍鐮
33603,白帝斬馬刀
33604,白帝短銃
33605,白帝錫杖
33606,白帝咒杖
33607,白帝經典
33608,白帝文書
33609,白帝天儀
33610,白帝刀
33611,白帝寶劍
33612,白帝大盾
33613,女王禦敵頭冠
33614,女王禦敵格鬥服
33615,女王禦敵手鎧
33616,女王禦敵腿甲
33617,女王禦敵鎧鞋
33618,女王制敵頭冠
33619,女王制敵格鬥服
33620,女王制敵手鎧
33621,女王制敵腿甲
33622,女王制敵鎧鞋
33623,女王強襲頭帶
33624,女王強襲皮衣
33625,女王強襲護腕
33626,女王強襲騎兵褲
33627,女王強襲長靴
33628,女王精準頭帶
33629,女王精準皮衣
33630,女王精準護腕
33631,女王精準騎兵褲
33632,女王精準長靴
33633,女王游擊頭帶
33634,女王游擊皮衣
33635,女王游擊護腕
33636,女王游擊騎兵褲
33637,女王游擊長靴
33638,女王治癒頭冠
33639,女王治癒棉甲
33640,女王治癒手套
33641,女王治癒緊身褲
33642,女王治癒高筒靴
33643,女王詠咒頭冠
33644,女王詠咒棉甲
33645,女王詠咒手套
33646,女王詠咒緊身褲
33647,女王詠咒高筒靴
33648,梅茵菲娜耳墜
33649,貓小胖耳墜
33650,水蛇戒指
33651,魔石精耳墜
33652,猴面雀戒指
33653,小雞頭套
33654,小雞玩偶服
33655,前沿帽
33656,前沿外套
33657,前沿軟甲褲
33658,前沿短靴
33659,前沿緞帶
33660,前沿禮服
33661,前沿禮服手套
33662,前沿禮鞋
33663,志士缽鐵
33664,志士羽織
33665,志士筒袴
33666,志士草履
33667,和平愛好者寬邊帽
33668,和平愛好者襯衫
33669,和平愛好者手套
33670,和平愛好者喇叭褲
33671,和平愛好者長靴
33672,博茲雅裝甲
33673,鑽石武器裝甲
33674,雌羚羊角笛
33675,雄羚羊角笛
33676,王冠號認證金鑰
33677,巡航驅逐者認證金鑰
33678,海島曼德拉草
33679,海島洋蔥王子
33680,海島茄子騎士
33681,海島蒜頭明星
33682,海島番茄國王
33683,海島曼德拉王后
33684,恐爪龍角笛
33685,鑽石玲龍魔笛
33686,極地熊角笛
33687,巨鯰魚金轎角笛
33688,隆卡的黃金笛
33689,魔法幻卡
33690,海小鷗
33691,小小食蟻獸
33692,聰慧小海豚
33693,魔導獵手追蹤型
33694,仙人掌女士
33695,本本石
33696,浪人的篝火
33697,機械生物
33698,迷你萊楠
33699,迷你魯納爾
33700,迷你貢希爾德
33701,自走人偶9S
33702,演技教材·默劇
33703,演技教材·困惑
33704,
33705,演技教材·吃披薩
33706,髮型樣式：側馬尾辮
33707,髮型樣式：2B
33708,髮型樣式：9S
33709,魔法棱晶（鯰魚精頭）
33710,妮美雅百合香囊
33711,紅月油紙傘
33712,貓小胖陽傘
33713,隆卡的水蛇傘？
33714,紅蓮祭票據
33715,改良型裁決手半劍（複製品）
33716,改良型裁決鳶盾（複製品）
33717,改良型裁決指虎（複製品）
33718,改良型裁決雙刃斧（複製品）
33719,改良型裁決長槍（複製品）
33720,改良型裁決複合弓（複製品）
33721,改良型裁決匕首（複製品）
33722,改良型裁決雙手劍（複製品）
33723,改良型裁決左輪槍（複製品）
33724,改良型裁決牧杖（複製品）
33725,改良型裁決咒杖（複製品）
33726,改良型裁決魔導書（複製品）
33727,改良型裁決魔導典（複製品）
33728,改良型裁決量天儀（複製品）
33729,改良型裁決武士刀（複製品）
33730,改良型裁決刺劍（複製品）
33731,改良型裁決魔機刃（複製品）
33732,改良型裁決圓月輪（複製品）
33733,女王之榮耀·啞光（複製品）
33734,女王之堅毅·啞光（複製品）
33735,女王之安寧·啞光（複製品）
33736,女王之英勇·啞光（複製品）
33737,女王之榮光·啞光（複製品）
33738,女王之沉思·啞光（複製品）
33739,女王之精巧·啞光（複製品）
33740,女王之正義·啞光（複製品）
33741,女王之才智·啞光（複製品）
33742,女王之慈悲·啞光（複製品）
33743,女王之盛怒·啞光（複製品）
33744,女王之敏銳·啞光（複製品）
33745,女王之睿智·啞光（複製品）
33746,女王之天命·啞光（複製品）
33747,女王之忠誠·啞光（複製品）
33748,女王之克己·啞光（複製品）
33749,女王之決意·啞光（複製品）
33750,女王之愉悅·啞光（複製品）
33751,巫女上裝
33752,巫女熱褲
33753,巫女護腿
33754,管弦樂琴樂譜：乘上西風（鋼琴集）
33755,管弦樂琴樂譜：沉靜（鋼琴集）
33756,管弦樂琴樂譜：灼熱之地（鋼琴集）
33757,超小型傳動軸
33758,超小型彈簧
33759,激戰的戰鬥記錄：第一集
33760,激戰的戰鬥記錄：第二集
33761,
33762,
33763,沉重的記憶晶塊
33764,粗暴的記憶晶塊
33765,
33766,
33767,光輝的激情晶塊
33768,未鑑定的時空失傳碎晶
33769,未鑑定的怒濤失傳碎晶
33770,未鑑定的猙獰失傳碎晶
33771,未鑑定的月光失傳碎晶
33772,未鑑定的奇蹟失傳碎晶
33773,未鑑定的華麗失傳碎晶
33774,未鑑定的死守失傳碎晶
33775,未鑑定的結實失傳碎晶
33776,未鑑定的推進失傳碎晶
33777,未鑑定的英雄失傳碎晶
33778,未鑑定的天啟失傳碎晶
33779,未鑑定的戰略失傳碎晶
33780,返回磁石
33781,失傳堅石膚
33782,失傳磁暴
33783,失傳暴怒
33784,光之幕簾
33785,失傳復生
33786,失傳連鎖詠唱
33787,失傳暗殺
33788,失傳物防護II
33789,失傳魔防殼II
33790,失傳生機
33791,失傳推進
33792,失傳卓異
33793,失傳痊癒
33794,失傳血怒
33795,義軍聖靈藥
33796,博茲雅古白金貨
33797,高原上鎖的寶箱
33798,戰果記錄：靈槍巧技花鳥
33799,戰果記錄：虎鬚
33800,戰果記錄：月夜之朧
33801,戰果記錄：天道之燕
33802,戰果記錄：烈火紅劍梅麗奧爾
33803,戰果記錄：堅貞法劍洛夫羅
33804,戰果記錄：潔白心羅菲第二集
33805,戰果記錄：無心無慚法比諾
33806,戰果記錄：歲煞山祇
33807,戰果記錄：我見我執帕佳佳
33808,戰果記錄：獸性獸心達古扎
33809,戰果記錄：人偶師傅吉爾布里斯貝爾
33810,戰果記錄：實驗體VIII號達波格第二集
33811,戰果記錄：獸王萊昂第二集
33812,戰果記錄：梅內紐斯第二集
33813,戰果記錄：迪亞布羅魔兵
33814,戰果記錄：希德
33815,戰果記錄：芙蘭
33816,戰果記錄：飛燕
33817,戰果記錄：加布藍斯
33818,陳舊的樂譜：孤兒們的戰鬥
33819,鑽石武器裝甲片
33820,女王之榮耀（複製品）
33821,女王之堅毅（複製品）
33822,女王之安寧（複製品）
33823,女王之英勇（複製品）
33824,女王之榮光（複製品）
33825,女王之沉思（複製品）
33826,女王之精巧（複製品）
33827,女王之正義（複製品）
33828,女王之才智（複製品）
33829,女王之慈悲（複製品）
33830,女王之盛怒（複製品）
33831,女王之敏銳（複製品）
33832,女王之睿智（複製品）
33833,女王之天命（複製品）
33834,女王之忠誠（複製品）
33835,女王之克己（複製品）
33836,女王之決意（複製品）
33837,女王之愉悅（複製品）
33838,和平愛好者裝備箱
33839,管弦樂琴樂譜：孤兒們的戰鬥
33840,管弦樂琴樂譜：憤怒的惡魔
33841,管弦樂琴樂譜：烈火七部族
33842,管弦樂琴樂譜：追悼
33843,管弦樂琴樂譜：艾米爾／絕望
33844,管弦樂琴樂譜：凱寧／FINAL FANTASY 主題曲版
33845,管弦樂琴樂譜：世界的重量／伴奏曲
33846,管弦樂琴樂譜：尋愛之人
33847,管弦樂琴樂譜：愛是咕波？
33848,管弦樂琴樂譜：蓄意
33849,管弦樂琴樂譜：清風拂面
33850,管弦樂琴樂譜：更好的明天
33851,管弦樂琴樂譜：不滅孤念（古裔今罪：鋼琴版）
33852,管弦樂琴樂譜：明日與未來（古裔今罪：Amanda Achen演唱版）
33853,管弦樂琴樂譜：忘卻的此岸（古裔今罪：Amanda Achen演唱版）
33854,管弦樂琴樂譜：天使醒來（古裔今罪：Amanda Achen演唱版）
33855,管弦樂琴樂譜：一瞬千里（古裔今罪：鋼琴版）
33856,管弦樂琴樂譜：平衡（古裔今罪：樂團版）
33857,管弦樂琴樂譜：天使醒來（古裔今罪：樂團版）
33858,管弦樂琴樂譜：漆黑使者（古裔今罪：樂團版）
33859,管弦樂琴樂譜：耀眼浪蒼（古裔今罪：樂團版）
33860,管弦樂琴樂譜：貪欲（古裔今罪：樂團版）
33861,管弦樂琴樂譜：起義（脈動電音）
33862,管弦樂琴樂譜：混沌的漩渦（脈動電音）
33863,管弦樂琴樂譜：幽冥水底（脈動電音）
33864,管弦樂琴樂譜：天使醒來（脈動電音）
33865,管弦樂琴樂譜：千年旭光（脈動電音）
33866,
33867,
33868,
33869,前沿布料
33870,慶典參加證書
33871,古代生物的骨頭
33872,生鏽的甲胄
33873,壞掉的冰盒
33874,紅色蝴蝶蘭耳飾
33875,藍色蝴蝶蘭耳飾
33876,黃色蝴蝶蘭耳飾
33877,綠色蝴蝶蘭耳飾
33878,橙色蝴蝶蘭耳飾
33879,紫色蝴蝶蘭耳飾
33880,白色蝴蝶蘭耳飾
33881,黑色蝴蝶蘭耳飾
33882,混色蝴蝶蘭耳飾
33883,南方博茲雅戰線詳細地圖
33884,扎杜諾爾高原詳細地圖
33885,美式臘腸披薩
33886,博茲雅古靈銀貨
33887,再燃復仇雪恨之欲
33888,再品爭先逐進之苦
33889,再燃驟然狂怒之欲
33890,再燃蓄怨積憤之欲
33891,再陷背善向邪之懼
33892,再品嫉賢妒能之苦
33893,再品惻隱悲憫之苦
33894,再陷膽戰心驚之懼
33895,再識欣喜若狂之悅
33896,再陷艱辛勞苦之懼
33897,再識幸災樂禍之悅
33898,再品形槁心灰之苦
33899,再燃渴念離人之欲
33900,再陷身敗名裂之懼
33901,再陷心孤意怯之懼
33902,再品身負重擔之苦
33903,再品妒火中燒之苦
33904,再審虔誠敬畏之慎
33905,管弦樂琴樂譜：蒼天街復興慶典
33906,
33907,管弦樂琴樂譜：終結之音：丁
33908,管弦樂琴樂譜：不歸之聲／通常
33909,管弦樂琴樂譜：沉痛之色
33910,管弦樂琴樂譜：傳染病蔓延
33911,管弦樂琴樂譜：惡疾纏身
33912,管弦樂琴樂譜：停滯的祈禱／曉風
33913,巧手紫票
33914,大地紫票
33915,英才僱員冒險錄
33916,8級黑暗物質
33917,信力魔晶石玖型
33918,神眼魔晶石玖型
33919,武略魔晶石玖型
33920,雄略魔晶石玖型
33921,剛柔魔晶石玖型
33922,達識魔晶石玖型
33923,博識魔晶石玖型
33924,器識魔晶石玖型
33925,名匠魔晶石玖型
33926,魔匠魔晶石玖型
33927,巨匠魔晶石玖型
33928,戰技魔晶石玖型
33929,詠唱魔晶石玖型
33930,信力魔晶石拾型
33931,神眼魔晶石拾型
33932,武略魔晶石拾型
33933,雄略魔晶石拾型
33934,剛柔魔晶石拾型
33935,達識魔晶石拾型
33936,博識魔晶石拾型
33937,器識魔晶石拾型
33938,名匠魔晶石拾型
33939,魔匠魔晶石拾型
33940,巨匠魔晶石拾型
33941,戰技魔晶石拾型
33942,詠唱魔晶石拾型
33943,維艾拉格鬥服
33944,維艾拉護臂
33945,維艾拉束膝褲
33946,維艾拉鎖甲靴
33947,敬虔戰冠
33948,敬虔胸甲
33949,敬虔手鎧
33950,敬虔短裙
33951,敬虔鎖甲靴
33952,避世之火
33953,避世鬥服
33954,避世臂甲
33955,避世束膝褲
33956,避世脛甲
33957,毆擊輕盔
33958,毆擊坎肩
33959,毆擊手鎧
33960,毆擊腿甲
33961,毆擊戰靴
33962,暗龍戰盔
33963,暗龍戰鎧
33964,暗龍手鎧
33965,暗龍軟甲褲
33966,暗龍脛甲
33967,蓬勃禮帽
33968,蓬勃背心
33969,蓬勃半指手套
33970,蓬勃打底褲
33971,蓬勃皮靴
33972,顯靈頭冠
33973,顯靈長袍
33974,顯靈短手套
33975,顯靈短裙
33976,顯靈長靴
33977,命巫闊邊帽
33978,命巫長袍
33979,命巫腕環
33980,命巫長裙
33981,命巫皮靴
33982,召聚長角
33983,召聚長衣
33984,召聚手套
33985,召聚軟甲褲
33986,召聚長靴
33987,學究方帽
33988,學究外套
33989,學究手套
33990,學究馬褲
33991,學究長靴
33992,蜂屋總面
33993,蜂屋鎖帷子
33994,蜂屋手甲
33995,蜂屋筒袴
33996,蜂屋草履
33997,無譽輕盔
33998,無譽胸甲
33999,無譽手鎧
34000,無譽軟甲褲
34001,無譽鎖甲靴
34002,先鋒目鏡
34003,先鋒外套
34004,先鋒手套
34005,先鋒打底褲
34006,先鋒筒靴
34007,天文包頭巾
34008,天文長衣
34009,天文護臂
34010,天文喇叭褲
34011,天文涼鞋
34012,早乙女半頰
34013,早乙女陣羽織
34014,早乙女籠手
34015,早乙女袴
34016,早乙女護脛
34017,促衰禮帽
34018,促衰外袍
34019,促衰手套
34020,促衰打底褲
34021,促衰長靴
34022,忠衛眼罩
34023,忠衛長衣
34024,忠衛手套
34025,忠衛軟甲褲
34026,忠衛長靴
34027,明星頭飾
34028,明星作戰服
34029,明星半指手套
34030,明星打底褲
34031,明星禮靴
34032,說教面罩
34033,說教長衣
34034,說教手套
34035,說教束膝褲
34036,說教筒靴
34037,豐獲禮帽
34038,豐獲護甲
34039,豐獲護臂
34040,豐獲護膝褲
34041,豐獲短靴
34042,光明使者
34043,烈焰拳套
34044,巨人之斧
34045,亞伯之槍
34046,珀爾修斯之弓
34047,陸奧守
34048,混沌使者
34049,失規亂矩
34050,遂古木雕杖
34051,阿修羅之杖
34052,驅邪守護神
34053,敬語崇言
34054,狄安娜
34055,村雨
34056,野玫瑰
34057,亥伯龍
34058,忒耳普西科瑞
34059,無垢
34060,死亡奪命鐮
34061,英雄之盾
34062,漆黑冒險錄
34063,騎士冒險錄·漆黑之章
34064,武僧冒險錄·漆黑之章
34065,戰士冒險錄·漆黑之章
34066,龍騎士冒險錄·漆黑之章
34067,忍者冒險錄·漆黑之章
34068,吟遊詩人冒險錄·漆黑之章
34069,白魔道士冒險錄·漆黑之章
34070,黑魔道士冒險錄·漆黑之章
34071,召喚士冒險錄·漆黑之章
34072,學者冒險錄·漆黑之章
34073,暗黑騎士冒險錄·漆黑之章
34074,機工士冒險錄·漆黑之章
34075,占星術師冒險錄·漆黑之章
34076,武士冒險錄·漆黑之章
34077,赤魔道士冒險錄·漆黑之章
34078,絕槍戰士冒險錄·漆黑之章
34079,舞者冒險錄·漆黑之章
34080,輝翠銀劍
34081,輝翠銀拳套
34082,輝翠銀戰斧
34083,馬栗木長槍
34084,馬栗木長弓
34085,輝翠銀屠刀
34086,輝翠銀斷頭劍
34087,輝翠銀短銃
34088,馬栗木牧杖
34089,馬栗木咒杖
34090,伽迦象革魔導書
34091,伽迦象革魔導典
34092,輝翠銀天星盤
34093,輝翠銀武士刀
34094,輝翠銀刺劍
34095,輝翠銀魔機刃
34096,輝翠銀環刃
34097,輝翠銀蛇石針
34098,輝翠銀奪命鐮
34099,輝翠銀盾
34100,輝翠銀禦敵頭盔
34101,伽迦象革禦敵長衣
34102,輝翠銀禦敵護臂
34103,黑麻禦敵軟甲褲
34104,伽迦象革禦敵長靴
34105,輝翠銀制敵面罩
34106,伽迦象革制敵坎肩
34107,輝翠銀制敵護臂
34108,黑麻制敵軟甲褲
34109,伽迦象革制敵長靴
34110,輝翠銀強襲面罩
34111,伽迦象革強襲坎肩
34112,伽迦象革強襲半指護手
34113,黑麻強襲短裙
34114,伽迦象革強襲皮靴
34115,輝翠銀精準面罩
34116,伽迦象革精準短衣
34117,輝翠銀精準護臂
34118,黑麻精準軟甲褲
34119,伽迦象革精準皮靴
34120,輝翠銀游擊頭盔
34121,伽迦象革游擊坎肩
34122,伽迦象革游擊半指護手
34123,黑麻游擊短裙
34124,伽迦象革游擊皮靴
34125,伽迦象革治癒頭冠
34126,黑麻治癒長衣
34127,黑麻治癒半指護手
34128,黑麻治癒打底褲
34129,伽迦象革治癒高筒靴
34130,伽迦象革詠咒頭冠
34131,黑麻詠咒長衣
34132,黑麻詠咒半指護手
34133,黑麻詠咒打底褲
34134,伽迦象革詠咒高筒靴
34135,紫黃晶禦敵耳墜
34136,紫黃晶強攻耳墜
34137,紫黃晶精準耳墜
34138,紫黃晶治癒耳墜
34139,紫黃晶詠咒耳墜
34140,紫黃晶禦敵項環
34141,紫黃晶強攻項環
34142,紫黃晶精準項環
34143,紫黃晶治癒項環
34144,紫黃晶詠咒項環
34145,紫黃晶禦敵手環
34146,紫黃晶強攻手環
34147,紫黃晶精準手環
34148,紫黃晶治癒手環
34149,紫黃晶詠咒手環
34150,紫黃晶禦敵指環
34151,紫黃晶強攻指環
34152,紫黃晶精準指環
34153,紫黃晶治癒指環
34154,紫黃晶詠咒指環
34155,異怪彎刃刀
34156,異怪爪
34157,異怪戰斧
34158,異怪戰叉
34159,異怪長弓
34160,異怪匕首
34161,異怪巨劍
34162,異怪手槍
34163,異怪符杖
34164,異怪咒杖
34165,異怪魔導書
34166,異怪魔導典
34167,異怪量天儀
34168,異怪武士刀
34169,異怪花劍
34170,異怪槍刃
34171,異怪戰輪
34172,異怪注射管
34173,異怪奪命鐮
34174,異怪盾
34175,人趣禦敵頭盔
34176,人趣禦敵長衣
34177,人趣禦敵手鎧
34178,人趣禦敵軟甲褲
34179,人趣禦敵鎧靴
34180,人趣制敵面罩
34181,人趣制敵戰鎧
34182,人趣制敵手套
34183,人趣制敵軟甲褲
34184,人趣制敵鎧靴
34185,人趣強襲頭盔
34186,人趣強襲短衣
34187,人趣強襲手鎧
34188,人趣強襲垮褲
34189,人趣強襲脛甲
34190,人趣精準頭盔
34191,人趣精準長衣
34192,人趣精準手鎧
34193,人趣精準軟甲褲
34194,人趣精準鎧靴
34195,人趣游擊面罩
34196,人趣游擊胸衣
34197,人趣游擊手鎧
34198,人趣游擊軟甲褲
34199,人趣游擊鎧靴
34200,人趣治癒面具
34201,人趣治癒胸衣
34202,人趣治癒手鎧
34203,人趣治癒軟甲褲
34204,人趣治癒鎧靴
34205,人趣詠咒面具
34206,人趣詠咒短衣
34207,人趣詠咒手鎧
34208,人趣詠咒垮褲
34209,人趣詠咒脛甲
34210,人趣禦敵耳墜
34211,人趣強攻耳墜
34212,人趣精準耳墜
34213,人趣治癒耳墜
34214,人趣詠咒耳墜
34215,人趣禦敵項環
34216,人趣強攻項環
34217,人趣精準項環
34218,人趣治癒項環
34219,人趣詠咒項環
34220,人趣禦敵手鐲
34221,人趣強攻手鐲
34222,人趣精準手鐲
34223,人趣治癒手鐲
34224,人趣詠咒手鐲
34225,人趣禦敵指環
34226,人趣強攻指環
34227,人趣精準指環
34228,人趣治癒指環
34229,人趣詠咒指環
34230,輝翠銀長劍
34231,輝翠銀鋼拳
34232,輝翠銀長刃斧
34233,棕櫚戰戟
34234,棕櫚長弓
34235,輝翠銀匕首
34236,輝翠銀巨劍
34237,輝翠銀火槍
34238,棕櫚手杖
34239,白鑞咒杖
34240,山雞蟾蜍革魔導書
34241,山雞蟾蜍革魔導典
34242,白鑞量天儀
34243,輝翠銀打刀
34244,白鑞刺劍
34245,輝翠銀刺刀
34246,輝翠銀輪刃
34247,白鑞振空擺
34248,輝翠銀戰鐮
34249,輝翠銀鳶盾
34250,白鑞禦敵頭冠
34251,輝翠銀禦敵戰甲
34252,輝翠銀禦敵手鎧
34253,山雞蟾蜍革禦敵騎兵褲
34254,輝翠銀禦敵鎖甲靴
34255,白鑞制敵頭冠
34256,輝翠銀制敵戰甲
34257,輝翠銀制敵手鎧
34258,山雞蟾蜍革制敵騎兵褲
34259,輝翠銀制敵鎖甲靴
34260,阿爾馬斯提強襲頭帶
34261,山雞蟾蜍革強襲短衣
34262,山雞蟾蜍革強襲手套
34263,山雞蟾蜍革強襲騎兵褲
34264,山雞蟾蜍革強襲短靴
34265,阿爾馬斯提精準狩獵帽
34266,阿爾馬斯提精準外套
34267,阿爾馬斯提精準手套
34268,山雞蟾蜍革精準騎兵褲
34269,山雞蟾蜍革精準高筒靴
34270,阿爾馬斯提游擊頭帶
34271,山雞蟾蜍革游擊短衣
34272,山雞蟾蜍革游擊手套
34273,山雞蟾蜍革游擊騎兵褲
34274,山雞蟾蜍革游擊高筒靴
34275,阿爾馬斯提治癒無簷帽
34276,阿爾馬斯提治癒外套
34277,阿爾馬斯提治癒手套
34278,山雞蟾蜍革治癒騎兵褲
34279,山雞蟾蜍革治癒高筒靴
34280,阿爾馬斯提詠咒禮帽
34281,阿爾馬斯提詠咒外套
34282,阿爾馬斯提詠咒手套
34283,山雞蟾蜍革詠咒騎兵褲
34284,山雞蟾蜍革詠咒高筒靴
34285,棕櫚禦敵耳夾
34286,棕櫚強攻耳夾
34287,棕櫚精準耳夾
34288,棕櫚治癒耳夾
34289,棕櫚詠咒耳夾
34290,白鑞禦敵項環
34291,白鑞強攻項環
34292,白鑞精準項環
34293,白鑞治癒項環
34294,白鑞詠咒項環
34295,棕櫚禦敵手環
34296,棕櫚強攻手環
34297,棕櫚精準手環
34298,棕櫚治癒手環
34299,棕櫚詠咒手環
34300,白鑞禦敵指環
34301,白鑞強攻指環
34302,白鑞精準指環
34303,白鑞治癒指環
34304,白鑞詠咒指環
34305,帝國魔導劍
34306,帝國魔導虎爪
34307,帝國魔導戰斧
34308,帝國魔導長槍
34309,帝國魔導弓
34310,帝國魔導屠刀
34311,帝國魔導斷頭劍
34312,帝國魔導手砲
34313,帝國魔導牧杖
34314,帝國魔導咒杖
34315,帝國魔導書
34316,帝國魔導典
34317,帝國魔導天星盤
34318,帝國魔導武士刀
34319,帝國魔導刺劍
34320,帝國魔導鋸刃
34321,帝國魔導輪刃
34322,帝國魔導飛翼
34323,帝國魔導戰鐮
34324,帝國魔導盾
34325,帝國禦敵軍帽
34326,帝國禦敵長衣
34327,帝國禦敵手套
34328,帝國禦敵馬褲
34329,帝國禦敵筒靴
34330,帝國制敵軍帽
34331,帝國制敵長衣
34332,帝國制敵手套
34333,帝國制敵長裙
34334,帝國制敵筒靴
34335,帝國強襲毛帽
34336,帝國強襲長衣
34337,帝國強襲手套
34338,帝國強襲馬褲
34339,帝國強襲筒靴
34340,帝國精準軍帽
34341,帝國精準長衣
34342,帝國精準手套
34343,帝國精準馬褲
34344,帝國精準筒靴
34345,帝國游擊兜帽
34346,帝國游擊長衣
34347,帝國游擊手套
34348,帝國游擊馬褲
34349,帝國游擊筒靴
34350,帝國治癒毛帽
34351,帝國治癒長衣
34352,帝國治癒手套
34353,帝國治癒長裙
34354,帝國治癒筒靴
34355,帝國詠咒毛帽
34356,帝國詠咒長衣
34357,帝國詠咒手套
34358,帝國詠咒打底褲
34359,帝國詠咒筒靴
34360,帝國禦敵耳墜
34361,帝國強攻耳墜
34362,帝國精準耳墜
34363,帝國治癒耳墜
34364,帝國詠咒耳墜
34365,帝國禦敵項環
34366,帝國強攻項環
34367,帝國精準項環
34368,帝國治癒項環
34369,帝國詠咒項環
34370,帝國禦敵手環
34371,帝國強攻手環
34372,帝國精準手環
34373,帝國治癒手環
34374,帝國詠咒手環
34375,帝國禦敵指環
34376,帝國強攻指環
34377,帝國精準指環
34378,帝國治癒指環
34379,帝國詠咒指環
34380,鉍金鬥劍
34381,鉍金旋棍
34382,鉍金戰斧
34383,紅松木長槍
34384,鉍金弓
34385,鉍金小刀
34386,鉍金巨劍
34387,鉍金雷火砲
34388,紅松木牧杖
34389,弗里金咒杖
34390,賽加羚羊革魔導書
34391,賽加羚羊革魔導典
34392,弗里金太陽儀
34393,鉍金打刀
34394,弗里金重刺劍
34395,鉍金槍刃
34396,鉍金圓月輪
34397,弗里金飛翼
34398,鉍金戰鐮
34399,鉍金盾
34400,鉍金禦敵護目鏡
34401,賽加羚羊革禦敵長衣
34402,賽加羚羊革禦敵護臂
34403,賽加羚羊革禦敵軟甲褲
34404,賽加羚羊革禦敵筒靴
34405,鉍金制敵頭甲
34406,賽加羚羊革制敵長衣
34407,賽加羚羊革制敵護臂
34408,賽加羚羊革制敵軟甲褲
34409,賽加羚羊革制敵筒靴
34410,雪亞麻強襲無簷帽
34411,賽加羚羊革強襲長衣
34412,賽加羚羊革強襲手套
34413,雪亞麻強襲打底褲
34414,賽加羚羊革強襲厚底鞋
34415,賽加羚羊革精準儀仗帽
34416,賽加羚羊革精準長衣
34417,賽加羚羊革精準手套
34418,雪亞麻精準打底褲
34419,賽加羚羊革精準厚底鞋
34420,雪亞麻游擊無簷帽
34421,賽加羚羊革游擊短衣
34422,賽加羚羊革游擊護臂
34423,雪亞麻游擊垮褲
34424,賽加羚羊革游擊厚底鞋
34425,雪亞麻治癒無簷帽
34426,雪亞麻治癒短衣
34427,賽加羚羊革治癒手套
34428,雪亞麻治癒打底褲
34429,賽加羚羊革治癒厚底鞋
34430,賽加羚羊革詠咒儀仗帽
34431,雪亞麻詠咒長袍
34432,賽加羚羊革詠咒護臂
34433,雪亞麻詠咒垮褲
34434,賽加羚羊革詠咒厚底鞋
34435,弗里金禦敵耳夾
34436,弗里金強攻耳夾
34437,弗里金精準耳夾
34438,弗里金治癒耳夾
34439,弗里金詠咒耳夾
34440,弗里金禦敵項環
34441,弗里金強攻項環
34442,弗里金精準項環
34443,弗里金治癒項環
34444,弗里金詠咒項環
34445,鉍金禦敵手環
34446,鉍金強攻手環
34447,鉍金精準手環
34448,鉍金治癒手環
34449,鉍金詠咒手環
34450,鉍金禦敵指環
34451,鉍金強攻指環
34452,鉍金精準指環
34453,鉍金治癒指環
34454,鉍金詠咒指環
34455,波洛伽長刀
34456,波洛伽聖徒
34457,波洛伽巨斧
34458,波洛伽長柄刀
34459,波洛伽短弓
34460,波洛伽屠刀
34461,波洛伽大劍
34462,波洛伽重砲
34463,波洛伽幻杖
34464,波洛伽長玉杖
34465,波洛伽魔導書
34466,波洛伽魔導典
34467,波洛伽黃道儀
34468,波洛伽曲刃刀
34469,波洛伽小劍
34470,波洛伽槍刃
34471,波洛伽圓月輪
34472,波洛伽振空擺
34473,波洛伽戰鐮
34474,波洛伽輕盾
34475,波洛伽禦敵頭盔
34476,波洛伽禦敵短衣
34477,波洛伽禦敵臂甲
34478,波洛伽禦敵垮褲
34479,波洛伽禦敵短靴
34480,波洛伽制敵頭盔
34481,波洛伽制敵短衣
34482,波洛伽制敵臂甲
34483,波洛伽制敵垮褲
34484,波洛伽制敵短靴
34485,波洛伽強襲包頭巾
34486,波洛伽強襲坎肩
34487,波洛伽強襲臂甲
34488,波洛伽強襲垮褲
34489,波洛伽強襲淺口鞋
34490,波洛伽精準包頭巾
34491,波洛伽精準坎肩
34492,波洛伽精準臂甲
34493,波洛伽精準垮褲
34494,波洛伽精準短靴
34495,波洛伽游擊包頭巾
34496,波洛伽游擊坎肩
34497,波洛伽游擊半指手套
34498,波洛伽游擊垮褲
34499,波洛伽游擊淺口鞋
34500,波洛伽治癒包頭巾
34501,波洛伽治癒坎肩
34502,波洛伽治癒半指手套
34503,波洛伽治癒垮褲
34504,波洛伽治癒淺口鞋
34505,波洛伽詠咒包頭巾
34506,波洛伽詠咒坎肩
34507,波洛伽詠咒半指手套
34508,波洛伽詠咒垮褲
34509,波洛伽詠咒淺口鞋
34510,波洛伽禦敵耳墜
34511,波洛伽強攻耳墜
34512,波洛伽精準耳墜
34513,波洛伽治癒耳墜
34514,波洛伽詠咒耳墜
34515,波洛伽禦敵項環
34516,波洛伽強攻項環
34517,波洛伽精準項環
34518,波洛伽治癒項環
34519,波洛伽詠咒項環
34520,波洛伽禦敵手環
34521,波洛伽強攻手環
34522,波洛伽精準手環
34523,波洛伽治癒手環
34524,波洛伽詠咒手環
34525,波洛伽禦敵指環
34526,波洛伽強攻指環
34527,波洛伽精準指環
34528,波洛伽治癒指環
34529,波洛伽詠咒指環
34530,錳鋼劍
34531,錳鋼拳套
34532,錳鋼戰斧
34533,鐵木長槍
34534,鐵木長弓
34535,錳鋼小刀
34536,錳鋼巨劍
34537,錳鋼明火槍
34538,鐵木牧杖
34539,鐵木法杖
34540,金毗羅鱷革魔導書
34541,金毗羅鱷革魔導典
34542,錳鋼太陽儀
34543,錳鋼打刀
34544,錳鋼刺劍
34545,錳鋼刺刀
34546,錳鋼圓月輪
34547,錳鋼注射管
34548,錳鋼戰鐮
34549,錳鋼鳶盾
34550,錳鋼凶惡巨獸王戰盔
34551,錳鋼凶惡巨獸王戰甲
34552,錳鋼凶惡巨獸王手鎧
34553,金毗羅鱷革凶惡巨獸王腿甲
34554,錳鋼凶惡巨獸王鎧靴
34555,錳鋼凶惡巨獸女王戰盔
34556,錳鋼凶惡巨獸女王戰甲
34557,錳鋼凶惡巨獸女王手鎧
34558,金毗羅鱷革凶惡巨獸女王腿甲
34559,錳鋼凶惡巨獸女王鎧靴
34560,錳鋼升龍戰盔
34561,金毗羅鱷革升龍皮甲
34562,錳鋼升龍手套
34563,絳紅草布升龍束膝褲
34564,錳鋼升龍鬥鞋
34565,錳鋼最後的獨角獸之角
34566,絳紅草布最後的獨角獸長袍
34567,金毗羅鱷革最後的獨角獸護臂
34568,絳紅草布最後的獨角獸長裙
34569,金毗羅鱷革最後的獨角獸甲靴
34570,錳鋼墮龍戰盔
34571,金毗羅鱷革墮龍皮甲
34572,錳鋼墮龍手套
34573,絳紅草布墮龍束膝褲
34574,錳鋼墮龍鬥鞋
34575,絳紅草布白獅鷲兜帽
34576,絳紅草布白獅鷲長袍
34577,金毗羅鱷革白獅鷲手套
34578,絳紅草布白獅鷲褲襪
34579,錳鋼白獅鷲筒靴
34580,絳紅草布黑獅鷲兜帽
34581,絳紅草布黑獅鷲長袍
34582,金毗羅鱷革黑獅鷲手套
34583,絳紅草布黑獅鷲褲襪
34584,錳鋼黑獅鷲筒靴
34585,藍鋯石禦敵耳墜
34586,藍鋯石強攻耳墜
34587,藍鋯石精準耳墜
34588,藍鋯石治癒耳墜
34589,藍鋯石詠咒耳墜
34590,鐵木禦敵項環
34591,鐵木強攻項環
34592,鐵木精準項環
34593,鐵木治癒項環
34594,鐵木詠咒項環
34595,藍鋯石禦敵手環
34596,藍鋯石強攻手環
34597,藍鋯石精準手環
34598,藍鋯石治癒手環
34599,藍鋯石詠咒手環
34600,藍鋯石禦敵指環
34601,藍鋯石強攻指環
34602,藍鋯石精準指環
34603,藍鋯石治癒指環
34604,藍鋯石詠咒指環
34605,造物院劍
34606,造物院拳套
34607,造物院戰斧
34608,造物院長槍
34609,造物院複合弓
34610,造物院左手劍
34611,造物院巨劍
34612,造物院左輪槍
34613,造物院牧杖
34614,造物院咒杖
34615,造物院魔導書
34616,造物院魔導典
34617,造物院天星盤
34618,造物院武士刀
34619,造物院小劍
34620,造物院槍刃
34621,造物院圓月輪
34622,造物院飛翼
34623,造物院扎戈斧鐮
34624,造物院盾
34625,造物院禦敵面具
34626,造物院禦敵大衣
34627,造物院禦敵臂甲
34628,造物院禦敵長裙
34629,造物院禦敵脛甲
34630,造物院制敵面具
34631,造物院制敵外套
34632,造物院制敵臂甲
34633,造物院制敵軟甲褲
34634,造物院制敵脛甲
34635,造物院強襲面具
34636,造物院強襲外套
34637,造物院強襲手套
34638,造物院強襲騎兵褲
34639,造物院強襲鎧靴
34640,造物院精準面具
34641,造物院精準長衣
34642,造物院精準手套
34643,造物院精準騎兵褲
34644,造物院精準鎧靴
34645,造物院游擊面具
34646,造物院游擊長衣
34647,造物院游擊手套
34648,造物院游擊騎兵褲
34649,造物院游擊鎧靴
34650,造物院治癒闊邊帽
34651,造物院治癒長袍
34652,造物院治癒手套
34653,造物院治癒打底褲
34654,造物院治癒筒靴
34655,造物院詠咒闊邊帽
34656,造物院詠咒長袍
34657,造物院詠咒手套
34658,造物院詠咒打底褲
34659,造物院詠咒筒靴
34660,造物院禦敵耳墜
34661,造物院強攻耳墜
34662,造物院精準耳墜
34663,造物院治癒耳墜
34664,造物院詠咒耳墜
34665,造物院禦敵項環
34666,造物院強攻項環
34667,造物院精準項環
34668,造物院治癒項環
34669,造物院詠咒項環
34670,造物院禦敵手環
34671,造物院強攻手環
34672,造物院精準手環
34673,造物院治癒手環
34674,造物院詠咒手環
34675,造物院禦敵指環
34676,造物院強攻指環
34677,造物院精準指環
34678,造物院治癒指環
34679,造物院詠咒指環
34680,球粒隕石魔導劍
34681,球粒隕石魔導虎爪
34682,球粒隕石魔導戰斧
34683,完滿木魔導長槍
34684,完滿木魔導弓
34685,球粒隕石魔導屠刀
34686,球粒隕石魔導斷頭劍
34687,球粒隕石魔導手砲
34688,完滿木魔導牧杖
34689,完滿木魔導咒杖
34690,蛇牛革魔導書
34691,蛇牛革魔導典
34692,球粒隕石魔導天星盤
34693,球粒隕石魔導武士刀
34694,球粒隕石魔導刺劍
34695,球粒隕石魔導鋸刃
34696,球粒隕石魔導輪刃
34697,球粒隕石魔導飛翼
34698,球粒隕石魔導戰鐮
34699,球粒隕石魔導盾
34700,迷彩絨禦敵軍帽
34701,球粒隕石禦敵上裝
34702,球粒隕石禦敵手鎧
34703,迷彩絨禦敵打底褲
34704,球粒隕石禦敵鎖甲靴
34705,迷彩絨制敵軍帽
34706,球粒隕石制敵上裝
34707,球粒隕石制敵手套
34708,迷彩絨制敵打底褲
34709,蛇牛革制敵皮靴
34710,迷彩絨強襲禮帽
34711,迷彩絨強襲上裝
34712,球粒隕石強襲手套
34713,迷彩絨強襲打底褲
34714,蛇牛革強襲長靴
34715,迷彩絨精準軍帽
34716,蛇牛革精準上裝
34717,球粒隕石精準手套
34718,迷彩絨精準打底褲
34719,蛇牛革精準長靴
34720,迷彩絨游擊禮帽
34721,蛇牛革游擊上裝
34722,球粒隕石游擊手套
34723,迷彩絨游擊打底褲
34724,球粒隕石游擊鎖甲靴
34725,迷彩絨治癒軍帽
34726,蛇牛革治癒上裝
34727,球粒隕石治癒手套
34728,迷彩絨治癒打底褲
34729,蛇牛革治癒長靴
34730,迷彩絨詠咒禮帽
34731,蛇牛革詠咒上裝
34732,球粒隕石詠咒手套
34733,迷彩絨詠咒打底褲
34734,蛇牛革詠咒皮靴
34735,星點石英禦敵耳墜
34736,星點石英強攻耳墜
34737,星點石英精準耳墜
34738,星點石英治癒耳墜
34739,星點石英詠咒耳墜
34740,星點石英禦敵項環
34741,星點石英強攻項環
34742,星點石英精準項環
34743,星點石英治癒項環
34744,星點石英詠咒項環
34745,星點石英禦敵腕帶
34746,星點石英強攻腕帶
34747,星點石英精準腕帶
34748,星點石英治癒腕帶
34749,星點石英詠咒腕帶
34750,星點石英禦敵指環
34751,星點石英強攻指環
34752,星點石英精準指環
34753,星點石英治癒指環
34754,星點石英詠咒指環
34755,
34756,
34757,
34758,
34759,
34760,
34761,
34762,
34763,
34764,
34765,
34766,
34767,
34768,
34769,
34770,
34771,
34772,
34773,
34774,
34775,
34776,
34777,
34778,
34779,
34780,
34781,
34782,
34783,
34784,
34785,
34786,
34787,
34788,
34789,
34790,
34791,
34792,
34793,
34794,
34795,
34796,
34797,
34798,
34799,
34800,
34801,
34802,
34803,
34804,
34805,
34806,
34807,
34808,
34809,
34810,亞伊太利斯禦敵耳墜
34811,亞伊太利斯強攻耳墜
34812,亞伊太利斯精準耳墜
34813,亞伊太利斯治癒耳墜
34814,亞伊太利斯詠咒耳墜
34815,亞伊太利斯禦敵項環
34816,亞伊太利斯強攻項環
34817,亞伊太利斯精準項環
34818,亞伊太利斯治癒項環
34819,亞伊太利斯詠咒項環
34820,亞伊太利斯禦敵手環
34821,亞伊太利斯強攻手環
34822,亞伊太利斯精準手環
34823,亞伊太利斯治癒手環
34824,亞伊太利斯詠咒手環
34825,亞伊太利斯禦敵指環
34826,亞伊太利斯強攻指環
34827,亞伊太利斯精準指環
34828,亞伊太利斯治癒指環
34829,亞伊太利斯詠咒指環
34830,終跡禦敵耳墜
34831,終跡強攻耳墜
34832,終跡精準耳墜
34833,終跡治癒耳墜
34834,終跡詠咒耳墜
34835,終跡禦敵項環
34836,終跡強攻項環
34837,終跡精準項環
34838,終跡治癒項環
34839,終跡詠咒項環
34840,終跡禦敵手環
34841,終跡強攻手環
34842,終跡精準手環
34843,終跡治癒手環
34844,終跡詠咒手環
34845,終跡禦敵指環
34846,終跡強攻指環
34847,終跡精準指環
34848,終跡治癒指環
34849,終跡詠咒指環
34850,月衛長劍
34851,月衛旋棍刀
34852,月衛戰斧
34853,月衛雙尖槍
34854,月衛豎琴弓
34855,月衛忍者刀
34856,月衛雙手劍
34857,月衛明火槍
34858,月衛幻杖
34859,月衛咒杖
34860,月衛魔導書
34861,月衛魔導典
34862,月衛黃道儀
34863,月衛武士刀
34864,月衛刺劍
34865,月衛槍刃
34866,月衛環刃
34867,月衛蛇石針
34868,月衛大鐮
34869,月衛鳶盾
34870,月衛禦敵頭冠
34871,月衛禦敵戰鎧
34872,月衛禦敵手鎧
34873,月衛禦敵騎兵褲
34874,月衛禦敵鎖甲靴
34875,月衛制敵頭冠
34876,月衛制敵戰鎧
34877,月衛制敵手鎧
34878,月衛制敵騎兵褲
34879,月衛制敵鎖甲靴
34880,月衛強襲面紗
34881,月衛強襲斗篷
34882,月衛強襲護臂
34883,月衛強襲束膝褲
34884,月衛強襲筒靴
34885,月衛精準狩獵帽
34886,月衛精準坎肩
34887,月衛精準護臂
34888,月衛精準馬褲
34889,月衛精準筒靴
34890,月衛游擊面紗
34891,月衛游擊斗篷
34892,月衛游擊護臂
34893,月衛游擊束膝褲
34894,月衛游擊筒靴
34895,月衛治癒髮夾
34896,月衛治癒上裝
34897,月衛治癒護臂
34898,月衛治癒打底褲
34899,月衛治癒筒靴
34900,月衛詠咒髮夾
34901,月衛詠咒上裝
34902,月衛詠咒護臂
34903,月衛詠咒打底褲
34904,月衛詠咒筒靴
34905,月衛禦敵耳墜
34906,月衛強攻耳墜
34907,月衛精準耳墜
34908,月衛治癒耳墜
34909,月衛詠咒耳墜
34910,月衛禦敵項鍊
34911,月衛強攻項鍊
34912,月衛精準項鍊
34913,月衛治癒項鍊
34914,月衛詠咒項鍊
34915,月衛禦敵手環
34916,月衛強攻手環
34917,月衛精準手環
34918,月衛治癒手環
34919,月衛詠咒手環
34920,月衛禦敵指環
34921,月衛強攻指環
34922,月衛精準指環
34923,月衛治癒指環
34924,月衛詠咒指環
34925,聖光手半劍
34926,聖光聖徒
34927,聖光雙刃斧
34928,聖光游擊槍
34929,聖光長弓
34930,聖光小刀
34931,聖光巨劍
34932,聖光手槍
34933,聖光牧杖
34934,聖光咒杖
34935,聖光魔導書
34936,聖光魔導典
34937,聖光黃道儀
34938,聖光武士刀
34939,聖光花劍
34940,聖光槍刃
34941,聖光環刃
34942,聖光飛翼
34943,聖光戰鐮
34944,聖光盾
34945,永暗禦敵耳墜
34946,永暗強攻耳墜
34947,永暗精準耳墜
34948,永暗治癒耳墜
34949,永暗詠咒耳墜
34950,永暗禦敵項鍊
34951,永暗強攻項鍊
34952,永暗精準項鍊
34953,永暗治癒項鍊
34954,永暗詠咒項鍊
34955,永暗禦敵手環
34956,永暗強攻手環
34957,永暗精準手環
34958,永暗治癒手環
34959,永暗詠咒手環
34960,永暗禦敵指環
34961,永暗強攻指環
34962,永暗精準指環
34963,永暗治癒指環
34964,永暗詠咒指環
34965,邊境禦敵頭冠
34966,邊境禦敵長衣
34967,邊境禦敵臂甲
34968,邊境禦敵短裙
34969,邊境禦敵長靴
34970,邊境制敵護面
34971,邊境制敵長衫
34972,邊境制敵半指手套
34973,邊境制敵馬褲
34974,邊境制敵皮靴
34975,邊境強襲護面
34976,邊境強襲長衫
34977,邊境強襲半指手套
34978,邊境強襲馬褲
34979,邊境強襲皮靴
34980,邊境精準頭冠
34981,邊境精準上衣
34982,邊境精準手套
34983,邊境精準騎兵褲
34984,邊境精準短靴
34985,邊境游擊頭冠
34986,邊境游擊上衣
34987,邊境游擊手套
34988,邊境游擊騎兵褲
34989,邊境游擊短靴
34990,邊境治癒頭甲
34991,邊境治癒長衣
34992,邊境治癒手環
34993,邊境治癒軟甲褲
34994,邊境治癒綁腿鞋
34995,邊境詠咒頭甲
34996,邊境詠咒長衣
34997,邊境詠咒手環
34998,邊境詠咒軟甲褲
34999,邊境詠咒綁腿鞋
35000,邊境禦敵耳墜
35001,邊境強攻耳墜
35002,邊境精準耳墜
35003,邊境治癒耳墜
35004,邊境詠咒耳墜
35005,邊境禦敵項鍊
35006,邊境強攻項鍊
35007,邊境精準項鍊
35008,邊境治癒項鍊
35009,邊境詠咒項鍊
35010,邊境禦敵手鐲
35011,邊境強攻手鐲
35012,邊境精準手鐲
35013,邊境治癒手鐲
35014,邊境詠咒手鐲
35015,邊境禦敵指環
35016,邊境強攻指環
35017,邊境精準指環
35018,邊境治癒指環
35019,邊境詠咒指環
35020,古典風格長劍
35021,古典風格旋棍
35022,古典風格戰斧
35023,古典風格長槍
35024,古典風格騎兵弓
35025,古典風格小刀
35026,古典風格巨劍
35027,古典風格手砲
35028,古典風格牧杖
35029,古典風格長玉杖
35030,古典風格魔導書
35031,古典風格魔導典
35032,古典風格黃道儀
35033,古典風格武士刀
35034,古典風格小劍
35035,古典風格槍刃
35036,古典風格圓月輪
35037,古典風格蛇石針
35038,古典風格戰鐮
35039,古典風格長盾
35040,古典風格劍鬥士頭甲
35041,古典風格劍鬥士兜甲
35042,古典風格劍鬥士袖甲
35043,古典風格劍鬥士三角褲
35044,古典風格劍鬥士脛甲
35045,古典風格騎士頭甲
35046,古典風格騎士長衣
35047,古典風格騎士袖甲
35048,古典風格騎士三角褲
35049,古典風格騎士戰靴
35050,古典風格拳鬥士面具
35051,古典風格拳鬥士兜甲
35052,古典風格拳鬥士袖甲
35053,古典風格拳鬥士三角褲
35054,古典風格拳鬥士戰靴
35055,古典風格弓鬥士頭甲
35056,古典風格弓鬥士長衣
35057,古典風格弓鬥士腕環
35058,古典風格弓鬥士三角褲
35059,古典風格弓鬥士戰靴
35060,古典風格雙劍鬥士面具
35061,古典風格雙劍鬥士兜甲
35062,古典風格雙劍鬥士袖甲
35063,古典風格雙劍鬥士三角褲
35064,古典風格雙劍鬥士戰靴
35065,古典風格醫護兵月桂冠
35066,古典風格醫護兵長衣
35067,古典風格醫護兵腕環
35068,古典風格醫護兵三角褲
35069,古典風格醫護兵戰靴
35070,古典風格旗手角冠
35071,古典風格旗手長衣
35072,古典風格旗手半指護手
35073,古典風格旗手裙褲
35074,古典風格旗手戰靴
35075,古典風格禦敵耳墜
35076,古典風格強攻耳墜
35077,古典風格精準耳墜
35078,古典風格治癒耳墜
35079,古典風格詠咒耳墜
35080,古典風格禦敵項環
35081,古典風格強攻項環
35082,古典風格精準項環
35083,古典風格治癒項環
35084,古典風格詠咒項環
35085,古典風格禦敵手環
35086,古典風格強攻手環
35087,古典風格精準手環
35088,古典風格治癒手環
35089,古典風格詠咒手環
35090,古典風格禦敵指環
35091,古典風格強攻指環
35092,古典風格精準指環
35093,古典風格治癒指環
35094,古典風格詠咒指環
35095,星戰士手半劍
35096,星戰士虎爪
35097,星戰士戰斧
35098,星戰士游擊槍
35099,星戰士複合弓
35100,星戰士破刃刀
35101,星戰士巨劍
35102,星戰士手槍
35103,星戰士牧杖
35104,星戰士咒杖
35105,星戰士魔導書
35106,星戰士魔導典
35107,星戰士黃道儀
35108,星戰士武士刀
35109,星戰士刺劍
35110,星戰士刺刀
35111,星戰士圓月輪
35112,星戰士蛇石針
35113,星戰士戰鐮
35114,星戰士圓盾
35115,星戰士禦敵頭盔
35116,星戰士禦敵鱗鎧
35117,星戰士禦敵手鎧
35118,星戰士禦敵腿甲
35119,星戰士禦敵鎧靴
35120,星戰士制敵頭盔
35121,星戰士制敵鱗鎧
35122,星戰士制敵手鎧
35123,星戰士制敵腿甲
35124,星戰士制敵鎧靴
35125,星戰士強襲面具
35126,星戰士強襲戰鎧
35127,星戰士強襲護手
35128,星戰士強襲騎兵褲
35129,星戰士強襲鎧靴
35130,星戰士精準面具
35131,星戰士精準戰鎧
35132,星戰士精準護手
35133,星戰士精準騎兵褲
35134,星戰士精準鎧靴
35135,星戰士游擊面罩
35136,星戰士游擊戰鎧
35137,星戰士游擊手套
35138,星戰士游擊騎兵褲
35139,星戰士游擊脛甲
35140,星戰士治癒面罩
35141,星戰士治癒戰鎧
35142,星戰士治癒手套
35143,星戰士治癒騎兵褲
35144,星戰士治癒脛甲
35145,星戰士詠咒面罩
35146,星戰士詠咒戰鎧
35147,星戰士詠咒手套
35148,星戰士詠咒騎兵褲
35149,星戰士詠咒脛甲
35150,星戰士禦敵耳墜
35151,星戰士強攻耳墜
35152,星戰士精準耳墜
35153,星戰士治癒耳墜
35154,星戰士詠咒耳墜
35155,星戰士禦敵項環
35156,星戰士強攻項環
35157,星戰士精準項環
35158,星戰士治癒項環
35159,星戰士詠咒項環
35160,星戰士禦敵手鐲
35161,星戰士強攻手鐲
35162,星戰士精準手鐲
35163,星戰士治癒手鐲
35164,星戰士詠咒手鐲
35165,星戰士禦敵戒指
35166,星戰士強攻戒指
35167,星戰士精準戒指
35168,星戰士治癒戒指
35169,星戰士詠咒戒指
35170,改良型星戰士手半劍
35171,改良型星戰士虎爪
35172,改良型星戰士戰斧
35173,改良型星戰士游擊槍
35174,改良型星戰士複合弓
35175,改良型星戰士破刃刀
35176,改良型星戰士巨劍
35177,改良型星戰士手槍
35178,改良型星戰士牧杖
35179,改良型星戰士咒杖
35180,改良型星戰士魔導書
35181,改良型星戰士魔導典
35182,改良型星戰士黃道儀
35183,改良型星戰士武士刀
35184,改良型星戰士刺劍
35185,改良型星戰士刺刀
35186,改良型星戰士圓月輪
35187,改良型星戰士蛇石針
35188,改良型星戰士戰鐮
35189,改良型星戰士圓盾
35190,改良型星戰士禦敵頭盔
35191,改良型星戰士禦敵鱗鎧
35192,改良型星戰士禦敵手鎧
35193,改良型星戰士禦敵腿甲
35194,改良型星戰士禦敵鎧靴
35195,改良型星戰士制敵頭盔
35196,改良型星戰士制敵鱗鎧
35197,改良型星戰士制敵手鎧
35198,改良型星戰士制敵腿甲
35199,改良型星戰士制敵鎧靴
35200,改良型星戰士強襲面具
35201,改良型星戰士強襲戰鎧
35202,改良型星戰士強襲護手
35203,改良型星戰士強襲騎兵褲
35204,改良型星戰士強襲鎧靴
35205,改良型星戰士精準面具
35206,改良型星戰士精準戰鎧
35207,改良型星戰士精準護手
35208,改良型星戰士精準騎兵褲
35209,改良型星戰士精準鎧靴
35210,改良型星戰士游擊面罩
35211,改良型星戰士游擊戰鎧
35212,改良型星戰士游擊手套
35213,改良型星戰士游擊騎兵褲
35214,改良型星戰士游擊脛甲
35215,改良型星戰士治癒面罩
35216,改良型星戰士治癒戰鎧
35217,改良型星戰士治癒手套
35218,改良型星戰士治癒騎兵褲
35219,改良型星戰士治癒脛甲
35220,改良型星戰士詠咒面罩
35221,改良型星戰士詠咒戰鎧
35222,改良型星戰士詠咒手套
35223,改良型星戰士詠咒騎兵褲
35224,改良型星戰士詠咒脛甲
35225,改良型星戰士禦敵耳墜
35226,改良型星戰士強攻耳墜
35227,改良型星戰士精準耳墜
35228,改良型星戰士治癒耳墜
35229,改良型星戰士詠咒耳墜
35230,改良型星戰士禦敵項環
35231,改良型星戰士強攻項環
35232,改良型星戰士精準項環
35233,改良型星戰士治癒項環
35234,改良型星戰士詠咒項環
35235,改良型星戰士禦敵手鐲
35236,改良型星戰士強攻手鐲
35237,改良型星戰士精準手鐲
35238,改良型星戰士治癒手鐲
35239,改良型星戰士詠咒手鐲
35240,改良型星戰士禦敵戒指
35241,改良型星戰士強攻戒指
35242,改良型星戰士精準戒指
35243,改良型星戰士治癒戒指
35244,改良型星戰士詠咒戒指
35245,日影蘭長劍
35246,日影蘭指虎
35247,日影蘭戰錘
35248,日影蘭三尖槍
35249,日影蘭豎琴弓
35250,日影蘭小刀
35251,日影蘭大劍
35252,日影蘭明火槍
35253,日影蘭牧杖
35254,日影蘭長杖
35255,日影蘭魔導書
35256,日影蘭魔導典
35257,日影蘭太陽儀
35258,日影蘭武士刀
35259,日影蘭花劍
35260,日影蘭刺刀
35261,日影蘭環刃
35262,日影蘭振空擺
35263,日影蘭戰鐮
35264,日影蘭之盾
35265,日影蘭禦敵頭冠
35266,日影蘭禦敵長衣
35267,日影蘭禦敵臂甲
35268,日影蘭禦敵短裙
35269,日影蘭禦敵長靴
35270,日影蘭制敵護面
35271,日影蘭制敵長衫
35272,日影蘭制敵半指手套
35273,日影蘭制敵馬褲
35274,日影蘭制敵皮靴
35275,日影蘭強襲護面
35276,日影蘭強襲長衫
35277,日影蘭強襲半指手套
35278,日影蘭強襲馬褲
35279,日影蘭強襲皮靴
35280,日影蘭精準頭甲
35281,日影蘭精準上衣
35282,日影蘭精準手套
35283,日影蘭精準騎兵褲
35284,日影蘭精準短靴
35285,日影蘭游擊頭甲
35286,日影蘭游擊上衣
35287,日影蘭游擊手套
35288,日影蘭游擊騎兵褲
35289,日影蘭游擊短靴
35290,日影蘭治癒頭甲
35291,日影蘭治癒長衣
35292,日影蘭治癒手環
35293,日影蘭治癒軟甲褲
35294,日影蘭治癒綁腿鞋
35295,日影蘭詠咒頭甲
35296,日影蘭詠咒長衣
35297,日影蘭詠咒手環
35298,日影蘭詠咒軟甲褲
35299,日影蘭詠咒綁腿鞋
35300,日影蘭禦敵耳墜
35301,日影蘭強攻耳墜
35302,日影蘭精準耳墜
35303,日影蘭治癒耳墜
35304,日影蘭詠咒耳墜
35305,日影蘭禦敵項鍊
35306,日影蘭強攻項鍊
35307,日影蘭精準項鍊
35308,日影蘭治癒項鍊
35309,日影蘭詠咒項鍊
35310,日影蘭禦敵手鐲
35311,日影蘭強攻手鐲
35312,日影蘭精準手鐲
35313,日影蘭治癒手鐲
35314,日影蘭詠咒手鐲
35315,日影蘭禦敵指環
35316,日影蘭強攻指環
35317,日影蘭精準指環
35318,日影蘭治癒指環
35319,日影蘭詠咒指環
35320,輝翠銀手鋸
35321,輝翠銀橫頭錘
35322,輝翠銀圓頭錘
35323,輝翠銀工藝錘
35324,輝翠銀皮革刀
35325,輝翠銀縫針
35326,輝翠銀蒸餾器
35327,輝翠銀鯰魚精煎鍋
35328,輝翠銀十字鎬
35329,輝翠銀手斧
35330,馬栗木釣竿
35331,輝翠銀羊角錘
35332,輝翠銀銼刀
35333,輝翠銀手鉗
35334,馬栗木泥岩砂輪機
35335,輝翠銀平斬
35336,馬栗木紡車
35337,輝翠銀研缽
35338,輝翠銀廚刀
35339,輝翠銀碎石錘
35340,輝翠銀園藝鐮
35341,鉍金手鋸
35342,鉍金橫頭錘
35343,鉍金圓頭錘
35344,鉍金工藝錘
35345,鉍金圓革刀
35346,弗里金縫針
35347,鉍金蒸餾器
35348,鉍金貓小胖煎鍋
35349,鉍金十字鎬
35350,鉍金手斧
35351,紅松木釣竿
35352,鉍金羊角錘
35353,鉍金銼刀
35354,鉍金手鉗
35355,紅松木泥岩砂輪機
35356,鉍金平斬
35357,紅松木紡車
35358,鉍金研缽
35359,鉍金廚刀
35360,鉍金碎石錘
35361,鉍金園藝鐮
35362,錳鋼手鋸
35363,錳鋼橫頭錘
35364,錳鋼圓頭錘
35365,錳鋼工藝錘
35366,錳鋼圓革刀
35367,錳鋼縫針
35368,錳鋼蒸餾器
35369,錳鋼陸行鳥煎鍋
35370,錳鋼十字鎬
35371,錳鋼手斧
35372,鐵木釣竿
35373,錳鋼羊角錘
35374,錳鋼銼刀
35375,錳鋼手鉗
35376,鐵木泥岩砂輪機
35377,錳鋼平斬
35378,鐵木紡車
35379,錳鋼研缽
35380,錳鋼廚刀
35381,錳鋼碎石錘
35382,錳鋼園藝鐮
35383,球粒隕石手鋸
35384,球粒隕石橫頭錘
35385,球粒隕石圓頭錘
35386,球粒隕石工藝錘
35387,球粒隕石圓革刀
35388,球粒隕石縫針
35389,球粒隕石蒸餾器
35390,球粒隕石炸彈煎鍋
35391,球粒隕石十字鎬
35392,球粒隕石手斧
35393,完滿木釣竿
35394,球粒隕石羊角錘
35395,球粒隕石銼刀
35396,球粒隕石手鉗
35397,完滿木泥岩砂輪機
35398,球粒隕石平斬
35399,完滿木紡車
35400,球粒隕石研缽
35401,球粒隕石廚刀
35402,球粒隕石碎石錘
35403,球粒隕石園藝鐮
35404,黑麻帽
35405,黑麻胴著
35406,伽迦象革半手甲
35407,黑麻束褲
35408,伽迦象革足袋
35409,馬栗木笠
35410,黑麻旅衣
35411,伽迦象革手甲
35412,黑麻軟褲
35413,伽迦象革草履
35414,雪亞麻布巧匠包頭巾
35415,雪亞麻布巧匠工作坎肩
35416,賽加羚羊革巧匠手套
35417,雪亞麻布巧匠打底褲
35418,賽加羚羊革巧匠皮鞋
35419,雪亞麻布大地包頭巾
35420,雪亞麻布大地外套
35421,賽加羚羊革大地手套
35422,雪亞麻布大地打底褲
35423,賽加羚羊革大地皮鞋
35424,絳紅草布巧匠無簷帽
35425,絳紅草布巧匠短上衣
35426,金毗羅鱷革巧匠手套
35427,絳紅草布巧匠打底褲
35428,金毗羅鱷革巧匠皮鞋
35429,絳紅草布大地貝雷帽
35430,絳紅草布大地坎肩
35431,金毗羅鱷革大地手套
35432,絳紅草布大地五分褲
35433,金毗羅鱷革大地筒靴
35434,迷彩絨巧匠工作帽
35435,迷彩絨巧匠工作衫
35436,蛇牛革巧匠半指手套
35437,迷彩絨巧匠騎兵褲
35438,蛇牛革巧匠工作靴
35439,迷彩絨大地狩獵帽
35440,迷彩絨大地短衣
35441,蛇牛革大地半指手套
35442,迷彩絨大地及膝褲
35443,蛇牛革大地矮靴
35444,紫黃晶巧匠耳夾
35445,紫黃晶巧匠項鍊
35446,紫黃晶巧匠腕環
35447,紫黃晶巧匠指環
35448,馬栗木大地耳墜
35449,馬栗木大地項鍊
35450,馬栗木大地手鐲
35451,馬栗木大地指環
35452,鐵木巧匠耳墜
35453,鐵木巧匠項鍊
35454,鐵木巧匠手鐲
35455,鐵木巧匠指環
35456,金毗羅鱷革大地耳墜
35457,金毗羅鱷革大地項鍊
35458,金毗羅鱷革大地手環
35459,金毗羅鱷革大地指環
35460,完滿木巧匠耳墜
35461,完滿木巧匠項鍊
35462,完滿木巧匠手鐲
35463,完滿木巧匠指環
35464,蛇牛革大地耳墜
35465,蛇牛革大地項鍊
35466,蛇牛革大地手環
35467,蛇牛革大地指環
35468,林木專業專用手鋸
35469,冶金專業專用錘
35470,板甲專業專用錘
35471,寶石專業專用工藝錘
35472,皮革專業專用革刀
35473,衣裝專業專用縫針
35474,煉化專業專用蒸餾器
35475,營養專業專用煎鍋
35476,地質專業專用十字鎬
35477,田野專業專用手斧
35478,海洋專業專用釣竿
35479,林木專業專用頭巾
35480,林木專業專用圍裙裝
35481,林木專業專用手套
35482,林木專業專用馬褲
35483,林木專業專用高跟鞋
35484,冶金專業專用護目鏡
35485,冶金專業專用圍裙裝
35486,冶金專業專用工作手套
35487,冶金專業專用軟甲褲
35488,冶金專業專用短靴
35489,板甲專業專用面罩
35490,板甲專業專用圍裙裝
35491,板甲專業專用工作手套
35492,板甲專業專用軟甲褲
35493,板甲專業專用工作筒靴
35494,寶石專業專用帽
35495,寶石專業專用坎肩
35496,寶石專業專用腕帶
35497,寶石專業專用軟甲褲
35498,寶石專業專用長靴
35499,皮革專業專用無簷帽
35500,皮革專業專用圍裙裝
35501,皮革專業專用護臂
35502,皮革專業專用腿套
35503,皮革專業專用筒靴
35504,衣裝專業專用帽
35505,衣裝專業專用燕尾服
35506,衣裝專業專用護袖
35507,衣裝專業專用禮褲
35508,衣裝專業專用皮靴
35509,煉化專業專用帽
35510,煉化專業專用斗篷
35511,煉化專業專用手套
35512,煉化專業專用腿套
35513,煉化專業專用鞋
35514,營養專業專用無簷帽
35515,營養專業專用圍裙裝
35516,營養專業專用連指手套
35517,營養專業專用軟甲褲
35518,營養專業專用鞋
35519,地質專業專用頭燈帽
35520,地質專業專用工作衫
35521,地質專業專用工作手套
35522,地質專業專用工作褲
35523,地質專業專用工作靴
35524,田野專業專用兜帽
35525,田野專業專用襯衫
35526,田野專業專用手套
35527,田野專業專用工作褲
35528,田野專業專用尖頭靴
35529,海洋專業專用帽
35530,海洋專業專用外套
35531,海洋專業專用工作手套
35532,海洋專業專用工作褲
35533,海洋專業專用工作靴
35534,
35535,
35536,
35537,
35538,
35539,
35540,
35541,
35542,
35543,
35544,
35545,
35546,
35547,
35548,
35549,
35550,
35551,
35552,
35553,
35554,第20賽季獨狼獎盃
35555,管弦樂琴留聲機
35556,鞋架
35557,常春藤壁畫
35558,桌墊
35559,雙軟墊
35560,馬林巴琴
35561,東方室內噴泉
35562,圓形木製夾層樓板
35563,群星壁掛
35564,森林舊椅子
35565,配藥工作臺
35566,花樣蠟燭套裝
35567,貓小胖地毯
35568,胡桃木立架花瓶
35569,鬆軟鬆餅套餐
35570,分福玩偶
35571,木製百葉簾
35572,鋼管舞杆
35573,仿古置物架
35574,木製垃圾桶
35575,仿製木屋閣樓天窗
35576,方孔隔離牆
35577,懸掛壁燈
35578,高架床
35579,餐廳木製展示櫃
35580,魔法景觀：紅玉海
35581,魔法景觀：極光
35582,伊爾美格花園噴泉
35583,鞦韆椅
35584,冬季休眠樹
35585,庭院智蛙擺飾
35586,小型古董時鐘塔
35587,白銀風車
35588,黃金外殼零件
35589,黃金精密齒輪
35590,黃金動力零件
35591,黃金發聲零件
35592,觀星鏡的支架
35593,乙太觀測組件
35594,乙太增幅組件
35595,乙太傳導組件
35596,特製甜味素
35597,特製酵母
35598,特製油脂
35599,特製添加劑
35600,拉札漢文化研究的必需品
35601,加雷馬文化研究的必需品
35602,極端環境文化研究的必需品
35603,古代文化研究的必需品
35604,特級乙太藥虱
35605,雷詠隆頭魚
35606,加雷馬蛤蜊
35607,助木剌
35608,木製雪峰小屋房產證書
35609,石製雪峰小屋房產證書
35610,混合製雪峰小屋房產證書
35611,木製雪峰公館房產證書
35612,石製雪峰公館房產證書
35613,混合製雪峰公館房產證書
35614,木製雪峰別墅房產證書
35615,石製雪峰別墅房產證書
35616,混合製雪峰別墅房產證書
35617,雪峰陸行鳥廄
35618,木工秘笈第九卷
35619,鍛冶秘笈第九卷
35620,甲胄秘笈第九卷
35621,金工秘笈第九卷
35622,皮革秘笈第九卷
35623,裁縫秘笈第九卷
35624,鍊金秘笈第九卷
35625,烹調秘笈第九卷
35626,收藏用馬栗木笠
35627,收藏用棕櫚木手鐲
35628,收藏用紅松木紡車
35629,收藏用鐵木泥岩砂輪機
35630,收藏用完滿木腕環
35631,收藏用輝翠銀短銃
35632,收藏用輝翠銀巨劍
35633,收藏用鉍金錘
35634,收藏用錳鋼橫頭錘
35635,收藏用球粒隕石廚刀
35636,收藏用輝翠銀拳套
35637,收藏用輝翠銀鳶盾
35638,收藏用鉍金貓小胖煎鍋
35639,收藏用錳鋼凶惡巨獸王戰甲
35640,收藏用球粒隕石鎖甲靴
35641,收藏用輝翠銀蛇石針
35642,收藏用白鑞項環
35643,收藏用弗里金耳環
35644,收藏用錳鋼最後的獨角獸之角
35645,收藏用星點石英項環
35646,收藏用伽迦象革皮鞋
35647,收藏用山雞蟾蜍革騎兵褲
35648,收藏用賽加羚羊革手套
35649,收藏用金毗羅鱷革皮鞋
35650,收藏用蛇牛革上裝
35651,收藏用黑麻帽
35652,收藏用阿爾馬斯提手套
35653,收藏用雪亞麻布巧匠工作坎肩
35654,收藏用絳紅草布無簷帽
35655,收藏用迷彩絨打底褲
35656,收藏用伽迦象革魔導典
35657,收藏用山雞蟾蜍革魔導書
35658,收藏用月凝膠
35659,收藏用錳鋼附魔墨水
35660,收藏用藥酒
35661,收藏用賢人麵包
35662,收藏用炸帝王蟹餅
35663,收藏用開心汁
35664,收藏用巨人魚子泥沙拉
35665,收藏用巨人新薯煎餅
35666,馬栗木武器箱（品級515）
35667,馬栗木頭部裝備箱（品級515）
35668,馬栗木身體裝備箱（品級515）
35669,馬栗木手臂裝備箱（品級515）
35670,馬栗木腿部裝備箱（品級515）
35671,馬栗木腳部裝備箱（品級515）
35672,馬栗木耳部裝備箱（品級515）
35673,馬栗木頸部裝備箱（品級515）
35674,馬栗木腕部裝備箱（品級515）
35675,馬栗木指環裝備箱（品級515）
35676,白鑞武器箱（品級525）
35677,白鑞頭部裝備箱（品級525）
35678,白鑞身體裝備箱（品級525）
35679,白鑞手臂裝備箱（品級525）
35680,白鑞腿部裝備箱（品級525）
35681,白鑞腳部裝備箱（品級525）
35682,白鑞耳部裝備箱（品級525）
35683,白鑞頸部裝備箱（品級525）
35684,白鑞腕部裝備箱（品級525）
35685,白鑞指環裝備箱（品級525）
35686,弗里金武器箱（品級533）
35687,弗里金頭部裝備箱（品級533）
35688,弗里金身體裝備箱（品級533）
35689,弗里金手臂裝備箱（品級533）
35690,弗里金腿部裝備箱（品級533）
35691,弗里金腳部裝備箱（品級533）
35692,弗里金耳部裝備箱（品級533）
35693,弗里金頸部裝備箱（品級533）
35694,弗里金腕部裝備箱（品級533）
35695,弗里金指環裝備箱（品級533）
35696,鐵木武器箱（品級539）
35697,鐵木頭部裝備箱（品級539）
35698,鐵木身體裝備箱（品級539）
35699,鐵木手臂裝備箱（品級539）
35700,鐵木腿部裝備箱（品級539）
35701,鐵木腳部裝備箱（品級539）
35702,鐵木耳部裝備箱（品級539）
35703,鐵木頸部裝備箱（品級539）
35704,鐵木腕部裝備箱（品級539）
35705,鐵木指環裝備箱（品級539）
35706,球粒隕石武器箱（品級545）
35707,球粒隕石頭部裝備箱（品級545）
35708,球粒隕石身體裝備箱（品級545）
35709,球粒隕石手臂裝備箱（品級545）
35710,球粒隕石腿部裝備箱（品級545）
35711,球粒隕石腳部裝備箱（品級545）
35712,球粒隕石耳部裝備箱（品級545）
35713,球粒隕石頸部裝備箱（品級545）
35714,球粒隕石腕部裝備箱（品級545）
35715,球粒隕石指環裝備箱（品級545）
35716,水晶都武器箱（品級500）
35717,水晶都禦敵裝備箱（品級500）
35718,水晶都制敵裝備箱（品級500）
35719,水晶都強襲裝備箱（品級500）
35720,水晶都精準裝備箱（品級500）
35721,水晶都游擊裝備箱（品級500）
35722,水晶都治癒裝備箱（品級500）
35723,水晶都詠咒裝備箱（品級500）
35724,水晶都禦敵飾品箱（品級500）
35725,水晶都強攻飾品箱（品級500）
35726,水晶都精準飾品箱（品級500）
35727,水晶都治癒飾品箱（品級500）
35728,水晶都詠咒飾品箱（品級500）
35729,聖堂潛行禦敵飾品箱（品級530）
35730,聖堂潛行強攻飾品箱（品級530）
35731,聖堂潛行精準飾品箱（品級530）
35732,聖堂潛行治癒飾品箱（品級530）
35733,聖堂潛行詠咒飾品箱（品級530）
35734,日影蘭武器箱（品級605）
35735,日影蘭頭部裝備箱（品級600）
35736,日影蘭身體裝備箱（品級600）
35737,日影蘭手臂裝備箱（品級600）
35738,日影蘭腿部裝備箱（品級600）
35739,日影蘭腳部裝備箱（品級600）
35740,日影蘭耳部裝備箱（品級600）
35741,日影蘭頸部裝備箱（品級600）
35742,日影蘭腕部裝備箱（品級600）
35743,日影蘭指環裝備箱（品級600）
35744,紫燈花的種子
35745,紅色紫燈花
35746,藍色紫燈花
35747,黃色紫燈花
35748,綠色紫燈花
35749,橙色紫燈花
35750,紫色紫燈花
35751,白色紫燈花
35752,黑色紫燈花
35753,混色紫燈花
35754,死亡鐮刀
35755,煉獄獵犬鐮刀
35756,角尊戰鐮
35757,閃熠奪命鐮
35758,紅蓮薙鐮
35759,天之戈
35760,深金戰鐮
35761,改良型斯卡艾瓦魔導鐮刀
35762,雷克蘭德鐮刀
35763,深金奪命鐮
35764,妖精奪命鐮
35765,靈青奪命鐮
35766,奇坦那守衛者奪命鐮
35767,鈦銅扎戈斧鐮
35768,拿巴示艾蘭扎戈斧鐮
35769,矮人銀戰鐮
35770,寬恕戰鐮
35771,改良型聖堂潛行戰鐮
35772,伊甸之晨奪命鐮
35773,煉獄獵犬振空擺
35774,角尊蛇石針
35775,閃熠蛇石針
35776,紅蓮天珠
35777,天之天珠
35778,石金蛇石針
35779,改良型斯卡艾瓦魔導飛翼
35780,雷克蘭德飛翼
35781,石金注射管
35782,妖精蛇石針
35783,靈青飛翼
35784,奇坦那守衛者飛翼
35785,鈦銅振空擺
35786,拿巴示艾蘭振空擺
35787,矮人銀蛇石針
35788,寬恕振空擺
35789,改良型聖堂潛行振空擺
35790,伊甸之晨振空擺
35791,永暗水晶
35792,聖光水晶
35793,永暗獎盃
35794,聖光獎盃
35795,
35796,新世界午餐組合：卷餅
35797,拉札漢絲綢架
35798,古代室內桌燈
35799,迷津警示牌
35800,亞伊太利斯星球儀
35801,無命鎮圓桌
35802,南瓜花盆
35803,星光旋轉掛飾
35804,薩維奈木人
35805,加雷馬貨箱
35806,北洋路燈
35807,薩維奈帆船
35808,南瓜鬼魂組合
35809,加雷馬混凝土內牆
35810,撞色木紋地板
35811,濃翠吊燈
35812,小型咖啡館外牆
35813,中型咖啡館外牆
35814,大型咖啡館外牆
35815,星極圖騰
35816,靈極圖騰
35817,腐朽的邊境頭盔
35818,腐朽的邊境鎧甲
35819,腐朽的邊境手鎧
35820,腐朽的邊境長褲
35821,腐朽的邊境鎖甲靴
35822,腐朽的邊境飾品
35823,第1頁邊境的斷章
35824,第2頁邊境的斷章
35825,第3頁邊境的斷章
35826,第4頁邊境的斷章
35827,腐朽的邊境長劍
35828,星戰士強化藥
35829,星戰士強化纖維
35830,星戰士硬化藥
35831,極小型神典石
35832,南瓜餅乾
35833,雙色寶石的收據
35834,稀少聖典神典石
35835,黃金核心素材
35836,黃金核心
35837,黃金連結零件素材
35838,黃金連結零件
35839,有型的文具套裝的素材
35840,有型的文具套裝
35841,觀星鏡操作杖素材
35842,觀星鏡操作杖
35843,黃金香料素材
35844,黃金香料
35845,炸魚餅必需品的素材
35846,炸魚餅必需品
35847,製作髮簪的素材
35848,製作指環的素材
35849,光明島鮭魚
35850,挽歌倖存者
35851,北洋外套
35852,智辯長袍
35853,降神猛士胴丸
35854,降神猛士籠手
35855,降神猛士佩楯
35856,降神猛士護脛
35857,公主迷你王冠
35858,候鳥羽飾
35859,驚奇眼罩
35860,薩雷安葉冠
35861,薩維奈緞帶
35862,紅緞帶
35863,小丑帽
35864,小丑上裝
35865,小丑短手套
35866,小丑打底褲
35867,小丑長靴
35868,開心披肩斗篷
35869,開心手鏈
35870,開心騎兵褲
35871,開心筒靴
35872,勇耕裝備箱（品級385）
35873,書龍裝備箱（品級385）
35874,亞拉戈武器箱（品級95）
35875,亞拉戈頭部裝備箱（品級90）
35876,亞拉戈身體裝備箱（品級90）
35877,亞拉戈手臂裝備箱（品級90）
35878,亞拉戈腿部裝備箱（品級90）
35879,亞拉戈腳部裝備箱（品級90）
35880,
35881,
35882,
35883,
35884,亞拉戈高位武器箱（品級115）
35885,亞拉戈高位頭部裝備箱（品級110）
35886,亞拉戈高位身體裝備箱（品級110）
35887,亞拉戈高位手臂裝備箱（品級110）
35888,亞拉戈高位腿部裝備箱（品級110）
35889,亞拉戈高位腳部裝備箱（品級110）
35890,
35891,
35892,
35893,
35894,龍神武器箱（品級135）
35895,龍神頭部裝備箱（品級130）
35896,龍神身體裝備箱（品級130）
35897,龍神手臂裝備箱（品級130）
35898,龍神腿部裝備箱（品級130）
35899,龍神腳部裝備箱（品級130）
35900,
35901,
35902,
35903,
35904,戈耳狄武器箱（品級210）
35905,戈耳狄頭部裝備箱（品級210）
35906,戈耳狄身體裝備箱（品級210）
35907,戈耳狄手臂裝備箱（品級210）
35908,戈耳狄腿部裝備箱（品級210）
35909,戈耳狄腳部裝備箱（品級210）
35910,
35911,
35912,
35913,
35914,彌達斯武器箱（品級245）
35915,彌達斯頭部裝備箱（品級240）
35916,彌達斯身體裝備箱（品級240）
35917,彌達斯手臂裝備箱（品級240）
35918,彌達斯腿部裝備箱（品級240）
35919,彌達斯腳部裝備箱（品級240）
35920,
35921,
35922,
35923,
35924,亞歷山大武器箱（品級275）
35925,亞歷山大頭部裝備箱（品級270）
35926,亞歷山大身體裝備箱（品級270）
35927,亞歷山大手臂裝備箱（品級270）
35928,亞歷山大腿部裝備箱（品級270）
35929,亞歷山大腳部裝備箱（品級270）
35930,
35931,
35932,
35933,
35934,
35935,源氏之頭部裝備箱（品級340）
35936,源氏之身體裝備箱（品級340）
35937,源氏之手臂裝備箱（品級340）
35938,源氏之腿部裝備箱（品級340）
35939,源氏之腳部裝備箱（品級340）
35940,源氏之耳部裝備箱（品級340）
35941,源氏之頸部裝備箱（品級340）
35942,源氏之腕部裝備箱（品級340）
35943,源氏之指環裝備箱（品級340）
35944,鑽石頭部裝備箱（品級370）
35945,鑽石身體裝備箱（品級370）
35946,鑽石手臂裝備箱（品級370）
35947,鑽石腿部裝備箱（品級370）
35948,鑽石腳部裝備箱（品級370）
35949,鑽石耳部裝備箱（品級370）
35950,鑽石頸部裝備箱（品級370）
35951,鑽石腕部裝備箱（品級370）
35952,鑽石指環裝備箱（品級370）
35953,歐米茄頭部裝備箱（品級400）
35954,歐米茄身體裝備箱（品級400）
35955,歐米茄手臂裝備箱（品級400）
35956,歐米茄腿部裝備箱（品級400）
35957,歐米茄腳部裝備箱（品級400）
35958,歐米茄耳部裝備箱（品級400）
35959,歐米茄頸部裝備箱（品級400）
35960,歐米茄腕部裝備箱（品級400）
35961,歐米茄指環裝備箱（品級400）
35962,迷津詳細地圖
35963,薩維奈島詳細地圖
35964,加雷馬詳細地圖
35965,嘆息海詳細地圖
35966,天外天垓詳細地圖
35967,厄爾庇斯詳細地圖
35968,魯迪玩偶
35969,幻栗齋
35970,小旗
35971,小異亞
35972,梅加斯三姐妹之形
35973,集成奧密克戎
35974,阿尼瑪之形
35975,遊星鳥
35976,納夏貓
35977,新型迷你尤里安傑
35978,迷你弗里多拉
35979,河馬幼獸
35980,蟹蟹
35981,月面仙人掌王子
35982,小巨怪
35983,神杖小蛇
35984,冒險者野餐籃
35985,黃金恰塔號
35986,小草賢人
35987,格雷布洛弗玩偶
35988,諾斯費拉圖
35989,小小守護者
35990,明燈天王之形
35991,紅色紫燈花耳環
35992,藍色紫燈花耳環
35993,黃色紫燈花耳環
35994,綠色紫燈花耳環
35995,橙色紫燈花耳環
35996,紫色紫燈花耳環
35997,白色紫燈花耳環
35998,黑色紫燈花耳環
35999,混色紫燈花耳環
36000,永暗猞猁魔笛
36001,聖光猞猁魔笛
36002,阿爾戈斯角笛
36003,卡呂冬堤斯角笛
36004,優勝犬笛
36005,犀蜴角笛
36006,恐慌裝甲認證金鑰
36007,等級檢測儀認證金鑰
36008,亞靈菲尼克斯角笛
36009,猴面爸爸笛
36010,仙子豬大王角笛
36011,永暗裝甲
36012,聖光裝甲
36013,郵差裝甲
36014,薩維奈裝甲
36015,書龍眼鏡
36016,書龍長袍
36017,書龍手套
36018,書龍皮裙
36019,書龍筒靴
36020,勇耕眼罩
36021,勇耕外套
36022,勇耕纏手帶
36023,勇耕軟甲褲
36024,勇耕筒靴
36025,惰性樹枝狀晶簇
36026,惰性樹枝狀水晶
36027,惰性花瓣狀晶簇
36028,惰性花瓣狀水晶
36029,華美型古典風格劍鬥士兜甲
36030,華美型古典風格騎士長衣
36031,華美型古典風格拳鬥士兜甲
36032,華美型古典風格弓鬥士長衣
36033,華美型古典風格雙劍鬥士兜甲
36034,華美型古典風格醫護兵長衣
36035,華美型古典風格旗手長衣
36036,賢人麵包
36037,裸麥酸湯
36038,庵摩羅果沙拉
36039,庵摩羅果優酪奶昔
36040,貓魅風味島萃烤串
36041,炸帝王蟹餅
36042,魚蔬清湯
36043,紅菜湯
36044,奶油紫湯
36045,皇帝濃湯
36046,開心汁
36047,胡蘿蔔絲
36048,恆娑鳥肉咖哩
36049,茄子鑲恆娑鳥肉
36050,辣味番茄燉蛋
36051,小扁豆咖哩
36052,北洋優酪乳
36053,巨人魚子泥沙拉
36054,亞考牛慕沙卡
36055,賢人三明治
36056,鹽烤淺灘鱈魚
36057,椰香魚羹
36058,厄爾庇斯之麵
36059,巨人新薯鬆餅
36060,高山茶
36061,高山茶餅乾
36062,厄爾庇斯佳餚
36063,星外洋蔥湯
36064,無花果沙拉
36065,無花果蜜餞
36066,無花果凍糕
36067,賢人漢堡
36068,奶汁牛肉
36069,南瓜香燴時蔬
36070,南瓜濃湯
36071,白桃汁
36072,白桃塔
36073,無花果餅乾
36074,薩維奈奶茶
36075,扇貝沙拉
36076,扇貝咖哩
36077,裸麥粉
36078,北洋食鹽
36079,紫蘇油
36080,棕櫚糖
36081,加雷馬乳酪
36082,椰奶
36083,裸麥
36084,北洋岩鹽
36085,薩維奈紫蘇
36086,棕櫚糖漿
36087,椰子
36088,冰山萵苣
36089,巨人新薯
36090,開心胡蘿蔔
36091,黃瓜
36092,艾布拉納小扁豆
36093,紅菜
36094,高山茶葉
36095,古代肉豆蔻
36096,無花果
36097,星外洋蔥
36098,薩維奈彩椒
36099,高級牛肉
36100,巨型南瓜
36101,白桃
36102,高級桂皮
36103,高級扇貝
36104,5級剛力之幻藥
36105,5級巧力之幻藥
36106,5級耐力之幻藥
36107,5級智力之幻藥
36108,5級意力之幻藥
36109,6級剛力之幻藥
36110,6級巧力之幻藥
36111,6級耐力之幻藥
36112,6級智力之幻藥
36113,6級意力之幻藥
36114,名匠藥酒
36115,巨匠藥酒
36116,魔匠藥酒
36117,魔法棱晶（魔石精）
36118,夸爾女王裝備箱
36119,豹紋夏衣裝備箱
36120,豹紋護身符裝備箱
36121,閃襲指環
36122,驚雷騎士武具
36123,無盡雲神騎士武具
36124,偃武騎士武具
36125,生命騎士武具
36126,邪龍怨影騎士武具
36127,神聖女神騎士武具
36128,無限鬼神騎士武具
36129,神龍夢幻騎士武具
36130,白帝騎士武具
36131,月讀命幽夜騎士武具
36132,朱焰騎士武具
36133,青君騎士武具
36134,黑迪斯騎士武具
36135,伊弗利特武器箱（品級60）
36136,迦樓羅武器箱（品級70）
36137,泰坦武器箱（品級80）
36138,莫古莫古武器箱（品級75）
36139,利維坦武器箱（品級95）
36140,拉姆武器箱（品級100）
36141,濕婆武器箱（品級110）
36142,俾斯麥武器箱（品級175）
36143,羅波那武器箱（品級190）
36144,尼德霍格武器箱（品級235）
36145,賽菲羅特武器箱（品級220）
36146,索菲亞武器箱（品級255）
36147,祖爾宛武器箱（品級265）
36148,須佐之男武器箱（品級320）
36149,神龍之武器箱（品級335）
36150,白虎之武器箱（品級355）
36151,月讀命之武器箱（品級365）
36152,朱雀之武器箱（品級385）
36153,青龍之武器箱（品級395）
36154,妖精王武器箱（品級450）
36155,黑迪斯武器箱（品級465）
36156,紅寶石武器箱（品級485）
36157,光之武器箱（品級495）
36158,綠寶石武器箱（品級515）
36159,鑽石武器箱（品級525）
36160,智辯圍裙褲
36161,智辯繫帶鞋
36162,輝翠銀沙
36163,輝翠銀礦
36164,鉍礦
36165,錳礦
36166,球粒隕石
36167,月堅鋼礦
36168,輝翠銀塊
36169,輝翠銀錠
36170,鉍金錠
36171,錳鋼錠
36172,球粒隕石錠
36173,月堅鋼錠
36174,紫黃晶原石
36175,白鑞礦
36176,弗里金礦
36177,藍鋯石原石
36178,星點石英原石
36179,銠金沙
36180,綠片岩
36181,鐵雲母
36182,紫黃晶
36183,白鑞錠
36184,弗里金錠
36185,藍鋯石
36186,星點石英
36187,銠金錠
36188,綠片岩磨刀石
36189,鐵雲母磨刀石
36190,馬栗木原木
36191,棕櫚原木
36192,紅松原木
36193,鐵木原木
36194,完滿木原木
36195,藤春木原木
36196,馬栗木木材
36197,棕櫚木材
36198,紅松木材
36199,鐵木木材
36200,完滿木木材
36201,藤春木木材
36202,黑麻
36203,阿爾馬斯提毛髮
36204,雪亞麻
36205,絳紅莫柯草
36206,迷彩棉
36207,金繭
36208,黑麻布
36209,阿爾馬斯提嗶嘰
36210,雪亞麻布
36211,絳紅草布
36212,迷彩絨
36213,黃金絲綢
36214,天然香料
36215,極硬水
36216,北洲苦灰石
36217,迷途草
36218,遺烈鄉骸炭
36219,遺烈鄉研磨劑
36220,薩維奈木賊草
36221,薩維奈絹絲
36222,兩棲犀的粗皮
36223,曉月靈砂
36224,巨岩靈砂
36225,巨樹靈砂
36226,巨海靈砂
36227,5級剛力之幻水
36228,5級巧力之幻水
36229,5級耐力之幻水
36230,5級智力之幻水
36231,5級意力之幻水
36232,6級剛力之幻水
36233,6級巧力之幻水
36234,6級耐力之幻水
36235,6級智力之幻水
36236,6級意力之幻水
36237,輝翠銀附魔墨水
36238,錳鋼附魔墨水
36239,月凝膠
36240,黃色火藥
36241,艾布拉納明礬
36242,伽迦象的粗皮
36243,山雞蟾蜍的粗皮
36244,賽加羚羊的粗皮
36245,金毗羅鱷的粗皮
36246,蛇牛的粗皮
36247,伽迦象革
36248,山雞蟾蜍革
36249,賽加羚羊革
36250,金毗羅鱷革
36251,蛇牛革
36252,兩棲犀革
36253,恆娑鳥胸肉
36254,亞考牛肩肉
36255,麝牛奶
36256,厄爾庇斯之鳥蛋
36257,慕斯怪的肉
36258,月面仙人掌的花
36259,炸藥怪的灰
36260,彩蝶鱗粉
36261,貝爾卡楠的樹液
36262,潛能量碎晶
36263,天水
36264,庵摩羅果
36265,九宮幻卡：巨怪
36266,九宮幻卡：畢舍遮
36267,九宮幻卡：異亞
36268,九宮幻卡：悌陽象族
36269,九宮幻卡：兔兔族
36270,九宮幻卡：阿爾戈斯
36271,九宮幻卡：赫密士
36272,九宮幻卡：邪執外道的亞蒙
36273,九宮幻卡：艾里克托尼奧斯
36274,九宮幻卡：梅加斯三姐妹
36275,九宮幻卡：梅蒂恩
36276,九宮幻卡：富爾什諾·萊韋耶勒爾
36277,九宮幻卡：阿尼瑪
36278,九宮幻卡：昆圖斯·范·秦納
36279,九宮幻卡：阿爾菲諾&阿莉塞（曉月）
36280,九宮幻卡：希斯拉德
36281,九宮幻卡：弗里多拉
36282,九宮幻卡：佐狄亞克
36283,九宮幻卡：海德林
36284,九宮幻卡：芝諾斯·加爾烏斯
36285,月石英
36286,暗性岩
36287,水瓶土
36288,棕櫚碎皮
36289,
36290,
36291,收藏用輝翠銀礦
36292,收藏用綠片岩
36293,收藏用紫黃晶原石
36294,收藏用鉍礦
36295,收藏用北洋岩鹽
36296,收藏用弗里金礦
36297,收藏用藍鋯石原石
36298,收藏用艾布拉納明礬
36299,收藏用鐵雲母
36300,收藏用白鑞礦
36301,收藏用薩維奈紫蘇
36302,收藏用鐵木原木
36303,收藏用棕櫚原木
36304,收藏用紅松原木
36305,收藏用椰子
36306,收藏用無花果
36307,收藏用裸麥
36308,收藏用古代肉豆蔻
36309,收藏用冰山萵苣
36310,收藏用迷彩棉
36311,輝煌工具的第一次加工組件：木工
36312,輝煌工具的第一次加工組件：鍛冶
36313,輝煌工具的第一次加工組件：甲冑
36314,輝煌工具的第一次加工組件：金工
36315,輝煌工具的第一次加工組件：皮革
36316,輝煌工具的第一次加工組件：裁縫
36317,輝煌工具的第一次加工組件：鍊金
36318,輝煌工具的第一次加工組件：烹調
36319,輝煌工具的第二次加工組件：木工
36320,輝煌工具的第二次加工組件：鍛冶
36321,輝煌工具的第二次加工組件：甲冑
36322,輝煌工具的第二次加工組件：金工
36323,輝煌工具的第二次加工組件：皮革
36324,輝煌工具的第二次加工組件：裁縫
36325,輝煌工具的第二次加工組件：鍊金
36326,輝煌工具的第二次加工組件：烹調
36327,輝煌工具的第三次加工組件：木工
36328,輝煌工具的第三次加工組件：鍛冶
36329,輝煌工具的第三次加工組件：甲冑
36330,輝煌工具的第三次加工組件：金工
36331,輝煌工具的第三次加工組件：皮革
36332,輝煌工具的第三次加工組件：裁縫
36333,輝煌工具的第三次加工組件：鍊金
36334,輝煌工具的第三次加工組件：烹調
36335,漆黑的虛無巨鐮
36336,歐米茄M服裝套裝
36337,歐米茄F服裝套裝
36338,歐米茄M耳夾
36339,歐米茄F耳環
36340,墮天使之翼
36341,大天使之翼
36342,迪亞布羅斯之翼
36343,仙子族之翼
36344,
36345,幻象橢圓眼鏡
36346,漆黑的武器箱
36347,管弦樂琴樂譜：佐特塔
36348,管弦樂琴樂譜：加雷馬快列
36349,管弦樂琴樂譜：天空燃燒之日
36350,管弦樂琴樂譜：創造之奇蹟
36351,管弦樂琴樂譜：星海
36352,管弦樂琴樂譜：先逝的群星
36353,管弦樂琴樂譜：開開心心胡蘿蔔
36354,管弦樂琴樂譜：呼喚終結之神
36355,管弦樂琴樂譜：你的答案
36356,
36357,管弦樂琴樂譜：懲戒的鐐銬
36358,管弦樂琴樂譜：此處有獅
36359,管弦樂琴樂譜：知識的水瓶
36360,管弦樂琴樂譜：落日之都
36361,管弦樂琴樂譜：迷津
36362,管弦樂琴樂譜：眾神的教誨
36363,管弦樂琴樂譜：白雪與黑鐵
36364,管弦樂琴樂譜：一小步
36365,管弦樂琴樂譜：遠古的天空
36366,管弦樂琴樂譜：近在天邊
36367,管弦樂琴樂譜：搏戰
36368,管弦樂琴樂譜：鋒芒
36369,管弦樂琴樂譜：終局
36370,管弦樂琴樂譜：終途旅人 - 足跡
36371,管弦樂琴樂譜：Flow -生如歸流-
36372,管弦樂琴樂譜：通向黎明
36373,管弦樂琴樂譜：邪龍咆哮
36374,管弦樂琴樂譜：昏暗的深處
36375,管弦樂琴樂譜：萬世箴言（鋼琴集）
36376,管弦樂琴樂譜：英傑（鋼琴集）
36377,管弦樂琴樂譜：古傷（鋼琴集）
36378,陳舊的樂譜：呼喚終結之神
36379,陳舊的樂譜：你的答案
36380,特製白雪覆蓋的樹
36381,特製魔力寒冰隔離牆
36382,特製魔力寒冰夾層樓板
36383,特製紙製紅牛
36384,特製毛絨絨庫普卡·叩普
36385,海扇蛤
36386,北洋鯡
36387,狗臉魨
36388,鈷鐵光鰓魚
36389,吉他魚
36390,薩雷安小龍蝦
36391,
36392,眼點麗魚
36393,大學究
36394,劍脊鋸蓋魚
36395,千慮魚
36396,湧潮大麗花
36397,子代蝴蝶魚
36398,鯝魚
36399,水面鯧
36400,小方磚麗魚
36401,
36402,寬身鋸蓋魚
36403,虹鱗鯪脂鯉
36404,中麗魚
36405,綠鰓鮭
36406,
36407,長嘴鱲
36408,紅弓鰭魚
36409,貪食沼蝦
36410,吹箭魚
36411,玄鐵刀背魚
36412,乙太螯蝦
36413,
36414,迷津羅非魚
36415,象魔鼻魚
36416,
36417,櫻使鱒
36418,長耳太陽魚
36419,銀脂鯉
36420,薩維奈鰕虎
36421,船鰨
36422,玫瑰蟹
36423,豹紋石斑魚
36424,
36425,婚宴娟紗
36426,暗影沙丁魚
36427,派克夏魚
36428,
36429,
36430,黃金尖吻鱸
36431,卡嘉雅落選者
36432,魔象蛙
36433,
36434,藍鰓太陽魚
36435,青銅皮皮拉魚
36436,綠劍尾魚
36437,
36438,飲乳魚
36439,塔門守衛
36440,紅鼓魚
36441,礦爐飛魚
36442,長吻脂鯉
36443,拉札巴里克魚
36444,半月鬥魚
36445,
36446,香蕉鰻魚
36447,小恆娑魚
36448,花角魚
36449,薩維奈鱷
36450,火紋鰕虎
36451,汃汃呀魚
36452,納茹奈章魚
36453,雄雞魚
36454,矛齒鯨
36455,
36456,艾布拉納鱒
36457,小魂靈
36458,青磷核
36459,冰原狗魚
36460,漆黑帝冠
36461,帝國琵琶魚
36462,藍尾鯰
36463,星藍虹鯧
36464,
36465,月夜麗魚
36466,淚眼
36467,複製巨骨舌魚
36468,魘魚
36469,
36470,紫魚
36471,不完整菌類987
36472,月面死亡蠕蟲
36473,靈岩之劍
36474,
36475,月壤龜
36476,島嶼跳魚
36477,登虹魚
36478,白化鰍
36479,金光閃閃
36480,曼加魚
36481,皮頦鱵
36482,
36483,
36484,花冠鮨
36485,巨脂鯉
36486,
36487,超弦
36488,吞星魚
36489,真空蝦
36490,
36491,宇宙雜訊
36492,玻璃魚
36493,
36494,佛恩·米克
36495,龍鱗魚
36496,伊普皮亞拉
36497,噬卵者
36498,
36499,鏡魚
36500,
36501,隕星尾
36502,阿俄伊德
36503,原型肉身
36504,
36505,洄游星
36506,蟲洞蠕蟲
36507,不明飛行物II
36508,三叉神海獸
36509,賢者癸辛
36510,二十四足文明人
36511,恐驚威
36512,梅德龍星人
36513,胡蘿蔔怪獸
36514,阿耳戈航員
36515,碧魚蓮
36516,宇宙象
36517,阿勒刻托
36518,事件穹界的回歸者
36519,額外維度實體-9318
36520,未受生魂
36521,法拉伊那
36522,薩維奈海參
36523,毛栗蟹
36524,薩維奈鰻魚
36525,頂髻魚
36526,神我魚
36527,巨膽石顎
36528,白濱沙丁魚
36529,紅海參
36530,神通騎
36531,樂園石斑魚
36532,總督陷阱魚
36533,藍槍魚
36534,總督的輕嘆
36535,獵船島水珍魚
36536,淺灘鱈魚
36537,酒房舞者
36538,代米爾合金魚
36539,長生魚
36540,阿迦瑪之掌
36541,酒紅鼻脂鯉
36542,僧侶銀刀
36543,庵摩羅麗魚
36544,摩耶根魚
36545,繁華烏鱧
36546,劍射魚
36547,灰色真鯊
36548,玉牡蠣
36549,鬼鬚
36550,自凝島鯉魚
36551,紅星蟹
36552,食骸魚
36553,虎皮鯊
36554,魴魚
36555,白海參
36556,紅玉鱈
36557,冠魚
36558,漁村豪雄
36559,大青鯊
36560,鏡仙衛
36561,布袋魚
36562,獄之小蓋
36563,蒲扇魨
36564,鮁魚
36565,黃背若梅鯛
36566,石頭蟹
36567,帶紋蛙魚
36568,奧薩德隆頭魚
36569,鯔魚
36570,仙人座
36571,菱鯛
36572,條紋蝦魚
36573,海龍鰻
36574,大鮃
36575,夜叉魚
36576,鋸鯊
36577,奧薩德圓鰭魚
36578,將軍盔
36579,藍鰭鰺
36580,鎧鯊
36581,螺旋魚
36582,蘇打魨
36583,鑽石刀魚
36584,王妃的珠扇
36585,白豹鰻
36586,鹽魷魚
36587,白金錘頭鯊
36588,黃金魚子
36589,醫蛭
36590,天空勺形魚餌
36591,蜉蝣
36592,蝦肉丸子
36593,青花魚塊
36594,灰蚯蚓
36595,奇美拉蠕蟲
36596,震撼板鉤
36597,星塵
36598,礦物傳承錄·北洋地域&伊爾薩巴德篇
36599,
36600,礦物傳承錄·星外天域篇
36601,礦物傳承錄·古代世界篇
36602,草木傳承錄·北洋地域&伊爾薩巴德篇
36603,
36604,草木傳承錄·星外天域篇
36605,草木傳承錄·古代世界篇
36606,魚類傳承錄·北洋地域&伊爾薩巴德篇
36607,
36608,魚類傳承錄·星外天域篇
36609,魚類傳承錄·古代世界篇
36610,傳承錄的三類交換票據
36611,陳舊的賽加羚羊革地圖
36612,陳舊的金毗羅鱷革地圖
36613,改良型水晶都蛇石針
36614,改良型水晶都戰鐮
36615,圓桌之騎士武具
36616,蒼天之武器箱（品級205）
36617,聖光武器箱（品級580）
36618,面妝樣式：小丑
36619,收藏用完滿木釣竿
36620,收藏用球粒隕石工藝錘
36621,收藏用球粒隕石蒸餾器
36622,收藏用球粒隕石縫針
36623,收藏用蛇牛革半手套
36624,收藏用迷彩絨工作帽
36625,收藏用蛇牛革魔導典
36626,收藏用無花果凍糕
36627,優質紙
36628,開心布
36629,留聲機金屬板
36630,厄爾庇斯之鳥胸肉
36631,戀人節旋轉掛飾
36632,機巧蓮座啟動鑰匙
36633,希的螺栓
36634,明燈天王的寶珠
36635,特殊配給貨箱（新生/蒼天）
36636,特殊配給貨箱（紅蓮）
36637,王家仙人掌
36638,小象頭
36639,小象服
36640,第20賽季霸者之證
36641,第20賽季猛者之證
36642,第20賽季強者之證
36643,惡魔切割者
36644,豐耕眼罩
36645,豐耕外套
36646,豐耕纏手帶
36647,豐耕軟甲褲
36648,豐耕筒靴
36649,誓約之刺
36650,療救眼鏡
36651,療救長袍
36652,療救手套
36653,療救皮裙
36654,療救筒靴
36655,
36656,戰利水晶
36657,星鈷幣
36658,稀少真理神典石
36659,墨烏賊
36660,種子蛙
36661,極光貝
36662,聖潔絨球
36663,灰白珊瑚
36664,留學生用文具
36665,留學生用魔器
36666,魔法餐盒
36667,特訓用魔法人偶
36668,輔助學習用品
36669,留學生用文具的素材
36670,留學生用魔器的素材
36671,餐盒的素材
36672,特訓用魔法人偶的素材
36673,輔助學習用品的素材
36674,留學生用文具的材料
36675,留學生用魔器的材料
36676,餐盒的材料
36677,特訓用魔法人偶的材料
36678,輔助學習用品的材料
36679,電吉他魚
36680,巨身鋸蓋魚
36681,捂耳太陽魚
36682,河馬蛙
36683,霧凇狗魚
36684,佛恩·阿穆
36685,駭驚威
36686,薩維奈卡拉墨魚
36687,條約圓手鋸
36688,條約橫頭錘
36689,條約圓頭錘
36690,條約工藝錘
36691,條約皮革刀
36692,條約縫針
36693,條約蒸餾器
36694,條約悌陽象煎鍋
36695,條約十字鎬
36696,條約手斧
36697,條約釣竿
36698,條約羊角錘
36699,條約銼刀
36700,條約手鉗
36701,條約砂輪機
36702,條約平斬
36703,條約紡車
36704,條約研缽
36705,條約廚刀
36706,條約碎石錘
36707,條約園藝鐮
36708,條約巧匠包頭巾
36709,條約巧匠坎肩
36710,條約巧匠半指手套
36711,條約巧匠垮褲
36712,條約巧匠淺口鞋
36713,條約大地毛帽
36714,條約大地外套
36715,條約大地手套
36716,條約大地馬褲
36717,條約大地矮靴
36718,改良型古典風格長劍
36719,改良型古典風格旋棍
36720,改良型古典風格戰斧
36721,改良型古典風格長槍
36722,改良型古典風格騎兵弓
36723,改良型古典風格小刀
36724,改良型古典風格巨劍
36725,改良型古典風格手砲
36726,改良型古典風格牧杖
36727,改良型古典風格長玉杖
36728,改良型古典風格魔導書
36729,改良型古典風格魔導典
36730,改良型古典風格黃道儀
36731,改良型古典風格武士刀
36732,改良型古典風格小劍
36733,改良型古典風格槍刃
36734,改良型古典風格圓月輪
36735,改良型古典風格蛇石針
36736,改良型古典風格戰鐮
36737,改良型古典風格長盾
36738,改良型古典風格劍鬥士頭甲
36739,改良型古典風格劍鬥士兜甲
36740,改良型古典風格劍鬥士袖甲
36741,改良型古典風格劍鬥士三角褲
36742,改良型古典風格劍鬥士脛甲
36743,改良型古典風格騎士頭甲
36744,改良型古典風格騎士長衣
36745,改良型古典風格騎士袖甲
36746,改良型古典風格騎士三角褲
36747,改良型古典風格騎士戰靴
36748,改良型古典風格拳鬥士面具
36749,改良型古典風格拳鬥士兜甲
36750,改良型古典風格拳鬥士袖甲
36751,改良型古典風格拳鬥士三角褲
36752,改良型古典風格拳鬥士戰靴
36753,改良型古典風格弓鬥士頭甲
36754,改良型古典風格弓鬥士長衣
36755,改良型古典風格弓鬥士腕環
36756,改良型古典風格弓鬥士三角褲
36757,改良型古典風格弓鬥士戰靴
36758,改良型古典風格雙劍鬥士面具
36759,改良型古典風格雙劍鬥士兜甲
36760,改良型古典風格雙劍鬥士袖甲
36761,改良型古典風格雙劍鬥士三角褲
36762,改良型古典風格雙劍鬥士戰靴
36763,改良型古典風格醫護兵月桂冠
36764,改良型古典風格醫護兵長衣
36765,改良型古典風格醫護兵腕環
36766,改良型古典風格醫護兵三角褲
36767,改良型古典風格醫護兵戰靴
36768,改良型古典風格旗手角冠
36769,改良型古典風格旗手長衣
36770,改良型古典風格旗手半指護手
36771,改良型古典風格旗手裙褲
36772,改良型古典風格旗手戰靴
36773,改良型古典風格禦敵耳墜
36774,改良型古典風格強攻耳墜
36775,改良型古典風格精準耳墜
36776,改良型古典風格治癒耳墜
36777,改良型古典風格詠咒耳墜
36778,改良型古典風格禦敵項環
36779,改良型古典風格強攻項環
36780,改良型古典風格精準項環
36781,改良型古典風格治癒項環
36782,改良型古典風格詠咒項環
36783,改良型古典風格禦敵手環
36784,改良型古典風格強攻手環
36785,改良型古典風格精準手環
36786,改良型古典風格治癒手環
36787,改良型古典風格詠咒手環
36788,改良型古典風格禦敵指環
36789,改良型古典風格強攻指環
36790,改良型古典風格精準指環
36791,改良型古典風格治癒指環
36792,改良型古典風格詠咒指環
36793,拉札漢強靈藥
36794,拉札漢的一類票據
36795,天工手鋸（複製品）
36796,天工橫頭錘（複製品）
36797,天工圓頭錘（複製品）
36798,天工工藝錘（複製品）
36799,天工圓革刀（複製品）
36800,天工縫針（複製品）
36801,天工蒸餾器（複製品）
36802,天工煎鍋（複製品）
36803,天工手斧（複製品）
36804,天工十字鎬（複製品）
36805,天工釣竿（複製品）
36806,第1賽季王者之證
36807,第1賽季勇者之證
36808,第1賽季獲獎者之證
36809,終極圖騰
36810,龍詩圖騰
36811,幸運彩蛋
36812,髮型樣式：莉瑟
36813,藍羽武器箱（品級595）
36814,街頭裝備箱
36815,
36816,
36817,
36818,
36819,
36820,燦爛古錢
36821,魔首頭盔
36822,魔首戰甲
36823,魔首手鎧
36824,魔首馬褲
36825,魔首鎧靴
36826,街頭鴨舌帽
36827,街頭上裝
36828,街頭手飾
36829,街頭工裝褲
36830,街頭高幫鞋
36831,街頭外套
36832,夏暮頭帶
36833,夏暮沙灘罩衫
36834,夏暮腕環
36835,夏暮泳褲
36836,夏暮涼鞋
36837,校園平頂帽
36838,校園外套
36839,校園打底褲
36840,校園皮鞋
36841,系扣校園外套
36842,校園長裙
36843,阿拉米格莉瑟服裝套裝
36844,萊韋耶勒爾特製帽
36845,萊韋耶勒爾特製外套
36846,萊韋耶勒爾特製手套
36847,萊韋耶勒爾特製長褲
36848,萊韋耶勒爾特製皮鞋
36849,藍羽陸行鳥裝甲
36850,餓狼陸行鳥裝甲
36851,悌陽象族人偶
36852,袋鼠玩偶
36853,原型恐慌裝甲
36854,門小奴
36855,吉娃汪
36856,發條小汽車
36857,開心彩蛋幸福兔
36858,迷你阿澤瑪
36859,諸神黃昏號模型
36860,藍足鰹鳥
36861,可幽可幽玩偶
36862,發條索魯斯
36863,木製雪峰小屋房頂
36864,石製雪峰小屋房頂
36865,混合製雪峰小屋房頂
36866,木製雪峰公館房頂
36867,石製雪峰公館房頂
36868,混合製雪峰公館房頂
36869,木製雪峰別墅房頂
36870,石製雪峰別墅房頂
36871,混合製雪峰別墅房頂
36872,木製雪峰小屋外牆
36873,石製雪峰小屋外牆
36874,混合製雪峰小屋外牆
36875,木製雪峰公館外牆
36876,石製雪峰公館外牆
36877,混合製雪峰公館外牆
36878,木製雪峰別墅外牆
36879,石製雪峰別墅外牆
36880,混合製雪峰別墅外牆
36881,雪峰古典窗
36882,雪峰尖窗
36883,雪峰方窗
36884,雪峰木製門
36885,雪峰裝飾門
36886,雪峰古典門
36887,雪峰內牆
36888,雪峰地板
36889,雪峰吊燈
36890,雪峰豪華吊燈
36891,雪峰枝形吊燈
36892,雪峰混合製煙囪
36893,雪峰圓形煙囪
36894,雪峰石製煙囪
36895,雪峰木製遮蓬
36896,雪峰石製遮蓬
36897,雪峰混合製遮蓬
36898,雪峰門牌
36899,雪峰懸掛門牌
36900,雪峰標旗
36901,雪峰石製圍牆
36902,雪峰柵欄圍牆
36903,雪峰園藝圍牆
36904,巨怪角笛
36905,菲爾亞角笛
36906,阿爾科諾斯特笛
36907,河馬車角笛
36908,不明飛行物體？認證金鑰
36909,醋蠍龍角笛
36910,輔助機602認證金鑰
36911,正統裂鉗蟹角笛
36912,藍羽猞猁魔笛
36913,大大柴笛
36914,
36915,演技教材·吃戀人巧克力
36916,演技教材·吃水煮蛋
36917,
36918,演技教材·亮出武器
36919,演技教材·收回武器
36920,演技教材·幹勁十足
36921,演技教材·飲用紅茶
36922,演技教材·展現
36923,藍羽劍
36924,藍羽旋棍刀
36925,藍羽斧
36926,藍羽戰戟
36927,藍羽長弓
36928,藍羽匕首
36929,藍羽大彎刀
36930,藍羽火槍
36931,藍羽幻杖
36932,藍羽咒杖
36933,藍羽魔導書
36934,藍羽魔導典
36935,藍羽黃道儀
36936,藍羽太刀
36937,藍羽刺劍
36938,藍羽刺刀
36939,藍羽輪標
36940,藍羽飛翼
36941,藍羽扎戈斧鐮
36942,藍羽盾
36943,絕境蒼天之劍
36944,絕境蒼天之拳
36945,絕境蒼天之斧
36946,絕境蒼天之戟
36947,絕境蒼天之弓
36948,絕境蒼天之刀
36949,絕境蒼天之大劍
36950,絕境蒼天之火
36951,絕境蒼天之幻杖
36952,絕境蒼天之咒杖
36953,絕境蒼天之書
36954,絕境蒼天之典
36955,絕境蒼天之儀
36956,絕境蒼天之太刀
36957,絕境蒼天之刺劍
36958,絕境蒼天之槍刃
36959,絕境蒼天之戰輪
36960,絕境蒼天之蛇石針
36961,絕境蒼天之奪命鐮
36962,絕境蒼天之盾
36963,凱旋長劍
36964,凱旋利爪
36965,凱旋戰斧
36966,凱旋長槍
36967,凱旋戰弓
36968,凱旋屠刀
36969,凱旋斷頭劍
36970,凱旋手槍
36971,凱旋牧杖
36972,凱旋法杖
36973,凱旋魔導書
36974,凱旋魔導典
36975,凱旋天星盤
36976,凱旋武士刀
36977,凱旋刺劍
36978,凱旋刺刀
36979,凱旋戰輪
36980,凱旋飛翼
36981,凱旋鐮刀
36982,凱旋盾
36983,美德忠騎翼冠
36984,美德忠騎胸甲
36985,美德忠騎手鎧
36986,美德忠騎腿甲
36987,美德忠騎鎧靴
36988,美德秘武王冠
36989,美德秘武鬥服
36990,美德秘武護腕
36991,美德秘武鬥褲
36992,美德秘武鬥鞋
36993,美德凶戰頭盔
36994,美德凶戰胸甲
36995,美德凶戰護手
36996,美德凶戰馬褲
36997,美德凶戰戰靴
36998,美德槍龍凶眼頭盔
36999,美德槍龍飛翼戰鎧
37000,美德槍龍臂甲
37001,美德槍龍腿甲
37002,美德槍龍鎧靴
37003,美德敘詩包頭巾
37004,美德敘詩斗篷
37005,美德敘詩掛肩手套
37006,美德敘詩緊身褲
37007,美德敘詩長靴
37008,美德白祈兜帽
37009,美德白祈長袍
37010,美德白祈半指護手
37011,美德白祈短裙
37012,美德白祈長靴
37013,美德黑咒三角帽
37014,美德黑咒魔術服
37015,美德黑咒手套
37016,美德黑咒褲襪
37017,美德黑咒長靴
37018,美德喚魂長角
37019,美德喚魂長衫
37020,美德喚魂護臂
37021,美德喚魂腰布裙
37022,美德喚魂涼鞋
37023,美德學術禮帽
37024,美德學術長袍
37025,美德學術手套
37026,美德學術裙褲
37027,美德學術長靴
37028,美德伊賀頭巾
37029,美德伊賀忍服
37030,美德伊賀手甲
37031,美德伊賀袴
37032,美德伊賀纏足
37033,美德混沌輕盔
37034,美德混沌胸甲
37035,美德混沌手鎧
37036,美德混沌重足鎧
37037,美德混沌鎖甲靴
37038,美德機工護目鏡
37039,美德機工襯衫
37040,美德機工手套
37041,美德機工襯褲
37042,美德機工長靴
37043,美德司天寬邊帽
37044,美德司天長袍
37045,美德司天手套
37046,美德司天馬褲
37047,美德司天皮靴
37048,美德明珍陣笠
37049,美德明珍羽織
37050,美德明珍手甲
37051,美德明珍袴
37052,美德明珍木屐
37053,美德鬥劍禮帽
37054,美德鬥劍罩衣
37055,美德鬥劍手套
37056,美德鬥劍馬褲
37057,美德鬥劍長靴
37058,美德護衛眼罩
37059,美德護衛長袍
37060,美德護衛半指護手
37061,美德護衛軟甲褲
37062,美德護衛高筒靴
37063,美德起舞頭飾
37064,美德起舞舞衣
37065,美德起舞護臂
37066,美德起舞打底褲
37067,美德起舞舞鞋
37068,美德說教面罩
37069,美德說教長衣
37070,美德說教手套
37071,美德說教束膝褲
37072,美德說教筒靴
37073,美德豐獲禮帽
37074,美德豐獲護甲
37075,美德豐獲護臂
37076,美德豐獲護膝褲
37077,美德豐獲短靴
37078,旅行者罩衣
37079,旅行者半指護手
37080,旅行者長靴
37081,旅行者單耳耳夾
37082,旅行者項鍊
37083,黑色黏土
37084,
37085,風景畫：萊韋耶勒爾府
37086,風景畫：知識神海港
37087,風景畫：哲學家議會會場
37088,風景畫：所思大書院
37089,風景畫：哲學家廣場
37090,風景畫：漂流的終點
37091,風景畫：公開講堂
37092,風景畫：魯維達紡絲局
37093,風景畫：巴爾夏恩大巴扎
37094,風景畫：妮洛帕拉畜產局
37095,風景畫：梅麗德酒房
37096,風景畫：雲使宮
37097,風景畫：阿爾扎達爾廟
37098,風景畫：魯維達紡絲局空中花園
37099,風景畫：詭巧之路
37100,風景畫：驚愕所
37101,風景畫：梅麗奧爾實驗農場
37102,風景畫：洞穴生物繁殖區
37103,風景畫：小薩雷安
37104,風景畫：新港
37105,風景畫：卡嘉雅舞臺
37106,風景畫：巨膽石採掘場
37107,風景畫：眾僧林園
37108,風景畫：摩耶幻泉
37109,風景畫：代米爾遺烈鄉
37110,風景畫：第三站
37111,風景畫：朱圖爾娜七號水上鑽井平臺
37112,風景畫：脫軌列車
37113,風景畫：加雷馬元老院
37114,風景畫：都市區
37115,風景畫：索魯斯廣場
37116,風景畫：異土庭
37117,風景畫：轉移六洋院
37118,風景畫：忘海
37119,風景畫：極北造物院
37120,風景畫：醒悟天測園
37121,風景畫：希德尼亞丘陵
37122,風景畫：胡蘿蔔所
37123,風景畫：最偉大的森林
37124,風景畫：海姆達爾級觀察艇殘骸
37125,風景畫：監視者之館
37126,風景畫：斯提格瑪一
37127,風景畫：瓦銘癸己
37128,風景畫：瓦銘丙
37129,風景畫：瓦銘癸辛
37130,風景畫：瓦銘甲
37131,眾神禦敵頭冠
37132,眾神禦敵胸甲
37133,眾神禦敵手鎧
37134,眾神禦敵腿甲
37135,眾神禦敵鎖甲靴
37136,眾神制敵頭冠
37137,眾神制敵護甲
37138,眾神制敵手鎧
37139,眾神制敵騎兵褲
37140,眾神制敵鎖甲靴
37141,眾神強襲頭冠
37142,眾神強襲護甲
37143,眾神強襲手鎧
37144,眾神強襲騎兵褲
37145,眾神強襲鎖甲靴
37146,眾神精準遮頭巾
37147,眾神精準戰鎧
37148,眾神精準臂甲
37149,眾神精準腿甲
37150,眾神精準鎖甲靴
37151,眾神游擊遮頭巾
37152,眾神游擊戰鎧
37153,眾神游擊臂甲
37154,眾神游擊腿甲
37155,眾神游擊鎖甲靴
37156,眾神治癒帽
37157,眾神治癒長袍
37158,眾神治癒臂甲
37159,眾神治癒長裙
37160,眾神治癒鎖甲靴
37161,眾神詠咒帽
37162,眾神詠咒長袍
37163,眾神詠咒臂甲
37164,眾神詠咒長裙
37165,眾神詠咒鎖甲靴
37166,廷臣禦敵氈帽
37167,廷臣禦敵短衣
37168,廷臣禦敵手套
37169,廷臣禦敵馬褲
37170,廷臣禦敵長筒靴
37171,
37172,廷臣制敵氈帽
37173,廷臣制敵短衣
37174,廷臣制敵手套
37175,廷臣制敵馬褲
37176,廷臣制敵長筒靴
37177,
37178,廷臣強襲氈帽
37179,廷臣強襲坎肩
37180,廷臣強襲手套
37181,廷臣強襲軟甲褲
37182,廷臣強襲長筒靴
37183,
37184,廷臣精準氈帽
37185,廷臣精準大衣
37186,廷臣精準手套
37187,廷臣精準打底褲
37188,廷臣精準長靴
37189,
37190,廷臣游擊氈帽
37191,廷臣游擊坎肩
37192,廷臣游擊手套
37193,廷臣游擊軟甲褲
37194,廷臣游擊長靴
37195,
37196,廷臣治癒帽
37197,廷臣治癒大衣
37198,廷臣治癒連指手套
37199,廷臣治癒打底褲
37200,廷臣治癒長靴
37201,
37202,廷臣詠咒帽
37203,廷臣詠咒大衣
37204,廷臣詠咒連指手套
37205,廷臣詠咒打底褲
37206,廷臣詠咒長靴
37207,
37208,廷臣禦敵耳墜
37209,廷臣強攻耳墜
37210,廷臣精準耳墜
37211,廷臣治癒耳墜
37212,廷臣詠咒耳墜
37213,廷臣禦敵項鍊
37214,廷臣強攻項鍊
37215,廷臣精準項鍊
37216,廷臣治癒項鍊
37217,廷臣詠咒項鍊
37218,廷臣禦敵手鏈
37219,廷臣強攻手鏈
37220,廷臣精準手鏈
37221,廷臣治癒手鏈
37222,廷臣詠咒手鏈
37223,廷臣禦敵指環
37224,廷臣強攻指環
37225,廷臣精準指環
37226,廷臣治癒指環
37227,廷臣詠咒指環
37228,
37229,
37230,
37231,
37232,
37233,
37234,
37235,
37236,
37237,
37238,
37239,
37240,
37241,
37242,
37243,
37244,
37245,
37246,
37247,肖像教材：騎士
37248,肖像教材：武僧
37249,肖像教材：戰士
37250,肖像教材：龍騎士
37251,肖像教材：吟遊詩人
37252,肖像教材：忍者
37253,肖像教材：暗黑騎士
37254,肖像教材：機工士
37255,肖像教材：白魔道士
37256,肖像教材：黑魔道士
37257,肖像教材：召喚士
37258,肖像教材：學者
37259,肖像教材：占星術師
37260,肖像教材：武士
37261,肖像教材：赤魔道士
37262,肖像教材：絕槍戰士
37263,肖像教材：舞者
37264,肖像教材：賢者
37265,肖像教材：奪魂者
37266,肖像教材：星極隊
37267,肖像教材：靈極隊
37268,魔首裝備箱
37269,肖像教材：王者
37270,肖像教材：勇者
37271,肖像教材：獲獎者
37272,肖像教材：青銅
37273,肖像教材：白銀
37274,肖像教材：黃金
37275,肖像教材：白金
37276,肖像教材：鑽石
37277,肖像教材：水晶
37278,薩維奈玉米
37279,艾布拉納賽黃晶原石
37280,艾布拉納賽黃晶
37281,薩維奈纖維
37282,鑲烤墨魚
37283,炸墨魚圈
37284,非揮發性鍊金藥
37285,蒼天之槍刃
37286,蒼天之戰輪
37287,蒼天之蛇石針
37288,蒼天之奪命鐮
37289,圓桌之槍刃
37290,圓桌之戰輪
37291,圓桌之蛇石針
37292,圓桌之奪命鐮
37293,紅色比爾格紫羅蘭項環
37294,藍色比爾格紫羅蘭項環
37295,黃色比爾格紫羅蘭項環
37296,綠色比爾格紫羅蘭項環
37297,橙色比爾格紫羅蘭項環
37298,紫色比爾格紫羅蘭項環
37299,白色比爾格紫羅蘭項環
37300,黑色比爾格紫羅蘭項環
37301,混色比爾格紫羅蘭項環
37302,比爾格紫羅蘭的種子
37303,紅色比爾格紫羅蘭
37304,藍色比爾格紫羅蘭
37305,黃色比爾格紫羅蘭
37306,綠色比爾格紫羅蘭
37307,橙色比爾格紫羅蘭
37308,紫色比爾格紫羅蘭
37309,白色比爾格紫羅蘭
37310,黑色比爾格紫羅蘭
37311,混色比爾格紫羅蘭
37312,特製東方白虎屏風
37313,
37314,
37315,
37316,
37317,豪勇直劍
37318,豪勇鐵甲
37319,豪勇戰斧
37320,豪勇長矛
37321,豪勇大弓
37322,豪勇苦無
37323,豪勇大劍
37324,豪勇短銃
37325,豪勇錫杖
37326,豪勇咒杖
37327,豪勇經典
37328,豪勇文書
37329,豪勇干支
37330,豪勇太刀
37331,豪勇細劍
37332,豪勇之盾
37333,豪勇騎士武具
37334,九宮幻卡：鐵壁
37335,九宮幻卡：河馬車
37336,九宮幻卡：魔邪象族
37337,九宮幻卡：拉爾戈
37338,九宮幻卡：阿澤瑪
37339,九宮幻卡：納爾
37340,九宮幻卡：札爾
37341,九宮幻卡：希
37342,九宮幻卡：明燈天王
37343,九宮幻卡：謳歌終結之物
37344,薑餅小屋外牆
37345,薑餅公館外牆
37346,薑餅別墅外牆
37347,古典梳粧檯
37348,木柴架
37349,大理石室內噴泉
37350,
37351,水晶壁掛
37352,原木立柱
37353,咕哎鐘
37354,小黑板
37355,東方四柱床
37356,奇妙芭菲
37357,遊末邦睡榻
37358,碳烤香魚
37359,常春藤幕簾
37360,底燈木製夾層樓板
37361,彈簧門櫃台
37362,加隆德工具套裝
37363,書櫃暗門隔離牆
37364,簡易拱窗
37365,複製立柱
37366,弧面大理石隔離牆
37367,鋼鐵座椅
37368,室內攀爬架
37369,白鋼儲物櫃
37370,伊修加爾德收藏櫃
37371,伊修加爾德壁燈
37372,占星院星象圖
37373,仿製雪峰方窗
37374,福爾唐府邸壁爐
37375,伊修加爾德門墊
37376,大聖堂講壇
37377,神學院桌子
37378,神學院椅子
37379,神學院書櫃
37380,藍羽星盤
37381,魔法景觀：空中庭園
37382,魔法景觀：阿巴拉提亞雲海
37383,多格玩偶
37384,拉格玩偶
37385,馬格玩偶
37386,莫古利氣球
37387,彩蛋籃
37388,彩蛋狩獵旋轉掛飾
37389,皇帝的肖像畫
37390,降神祭朱紅白鶴旗
37391,水晶衝突藍戰旗
37392,水晶衝突紅戰旗
37393,特製彩蛋狩獵小茶點
37394,特製預言蛋肩包
37395,特製冰海岸
37396,特製烤玉米
37397,伊修加爾德浴室
37398,常春藤白拱橋
37399,戶外紅磚積雪長椅
37400,高架木製平臺
37401,花園大門
37402,植物套裝
37403,陶瓷糖果叢林
37404,伊修加爾德廢墟外牆
37405,雪峰路燈
37406,夏日篝火
37407,特製賣面具的攤位
37408,亞馬烏羅提內牆
37409,亞馬烏羅提地板
37410,亞馬烏羅提枝形吊燈
37411,管弦樂琴樂譜：打開的地圖
37412,管弦樂琴樂譜：終結之戰
37413,管弦樂琴樂譜：情感所影響的力量
37414,管弦樂琴樂譜：眾生如歸流
37415,管弦樂琴樂譜：起始的幻域
37416,管弦樂琴樂譜：巡禮者之路
37417,管弦樂琴樂譜：威光
37418,管弦樂琴樂譜：生命的天平
37419,管弦樂琴樂譜：河馬騎手團
37420,管弦樂琴樂譜：智慧的海螺
37421,管弦樂琴樂譜：終有一日　～曉月～
37422,管弦樂琴樂譜：多彩之都
37423,管弦樂琴樂譜：熏香之都
37424,管弦樂琴樂譜：迷夢
37425,管弦樂琴樂譜：眾人的祈禱
37426,管弦樂琴樂譜：黑暗與黑鐵
37427,管弦樂琴樂譜：回去吧，回到遙遠的故鄉
37428,管弦樂琴樂譜：遠古的星空
37429,管弦樂琴樂譜：城鎮主題曲　～曉月～
37430,管弦樂琴樂譜：熱身
37431,管弦樂琴樂譜：狩獵時機　～曉月～
37432,管弦樂琴樂譜：快跑！　～曉月～
37433,管弦樂琴樂譜：猶如夏雨
37434,管弦樂琴樂譜：墮落
37435,管弦樂琴樂譜：戰禍
37436,管弦樂琴樂譜：天賜良機
37437,管弦樂琴樂譜：崇山峻嶺
37438,管弦樂琴樂譜：深宵之海（鋼琴集）
37439,管弦樂琴樂譜：異想天開（鋼琴集）
37440,管弦樂琴樂譜：紅色夜闌（鋼琴集）
37441,陳舊的樂譜：終結之戰
37442,魔戒軍師之面·陽
37443,魔戒軍師之胴·陽
37444,魔戒軍師之手·陽
37445,魔戒軍師之腿·陽
37446,魔戒軍師之足·陽
37447,魔戒軍師之面·陰
37448,魔戒軍師之胴·陰
37449,魔戒軍師之手·陰
37450,魔戒軍師之腿·陰
37451,魔戒軍師之足·陰
37452,魔戒鬥師·刃之面·陽
37453,魔戒鬥師·刃之胴·陽
37454,魔戒鬥師·刃之手·陽
37455,魔戒鬥師·刃之腿·陽
37456,魔戒鬥師·刃之足·陽
37457,魔戒鬥師·刃之面·陰
37458,魔戒鬥師·刃之胴·陰
37459,魔戒鬥師·刃之手·陰
37460,魔戒鬥師·刃之腿·陰
37461,魔戒鬥師·刃之足·陰
37462,魔戒軍師之面·陽【眾】
37463,魔戒軍師之胴·陽【眾】
37464,魔戒軍師之手·陽【眾】
37465,魔戒軍師之腿·陽【眾】
37466,魔戒軍師之足·陽【眾】
37467,魔戒軍師之面·陰【眾】
37468,魔戒軍師之胴·陰【眾】
37469,魔戒軍師之手·陰【眾】
37470,魔戒軍師之腿·陰【眾】
37471,魔戒軍師之足·陰【眾】
37472,魔戒鬥師·刃之面·陽【眾】
37473,魔戒鬥師·刃之胴·陽【眾】
37474,魔戒鬥師·刃之手·陽【眾】
37475,魔戒鬥師·刃之腿·陽【眾】
37476,魔戒鬥師·刃之足·陽【眾】
37477,魔戒鬥師·刃之面·陰【眾】
37478,魔戒鬥師·刃之胴·陰【眾】
37479,魔戒鬥師·刃之手·陰【眾】
37480,魔戒鬥師·刃之腿·陰【眾】
37481,魔戒鬥師·刃之足·陰【眾】
37482,特製獵蛋裝甲
37483,特製情人裝甲
37484,白色花邊陽傘
37485,藍色印花陽傘
37486,幻象金邊墨鏡
37487,幻象經典眼鏡
37488,驚奇纖維
37489,深海大理石
37490,漂流種子
37491,絢爛華麗的羽毛
37492,藍色的羽毛
37493,萊韋耶勒爾特製裝備箱
37494,
37495,
37496,
37497,
37498,
37499,
37500,
37501,
37502,
37503,
37504,
37505,
37506,
37507,
37508,
37509,
37510,
37511,
37512,
37513,
37514,
37515,
37516,
37517,
37518,
37519,
37520,
37521,
37522,
37523,
37524,
37525,
37526,
37527,
37528,
37529,
37530,
37531,
37532,
37533,
37534,
37535,
37536,
37537,
37538,
37539,
37540,
37541,
37542,
37543,
37544,
37545,
37546,
37547,
37548,
37549,謝爾達萊青船幣
37550,謝爾達萊綠島幣
37551,無人島棕櫚葉
37552,無人島蘋果
37553,無人島小樹枝
37554,無人島石材
37555,無人島雙殼貝
37556,無人島球藻
37557,無人島珊瑚
37558,無人島草葉
37559,無人島砂礫
37560,無人島原木
37561,無人島棕櫚原木
37562,無人島藤蔓
37563,無人島樹液
37564,無人島銅礦
37565,無人島石灰岩
37566,無人島岩鹽
37567,無人島甘蔗
37568,無人島棉花
37569,無人島麻
37570,無人島黏土
37571,無人島錫砂
37572,無人島鐵礦
37573,無人島石英
37574,無人島花崗岩
37575,無人島海水魚
37576,無人島烏賊
37577,無人島水母
37578,無人島香薺
37579,無人島石榴石原石
37580,無人島雲杉原木
37581,無人島錘頭鯊
37582,無人島銀礦
37583,海島新薯的芽塊
37584,海島甘藍的種子
37585,海島莓果的種子
37586,海島南瓜的種子
37587,海島洋蔥的種子
37588,海島番茄的種子
37589,海島小麥的種子
37590,海島玉米的種子
37591,海島高山蘿蔔的種子
37592,海島小蘿蔔的種子
37593,海島新薯
37594,海島甘藍
37595,海島莓果
37596,海島南瓜
37597,海島洋蔥
37598,海島番茄
37599,海島小麥
37600,海島玉米
37601,海島高山蘿蔔
37602,海島小蘿蔔
37603,牧場動物的絨毛
37604,牧場動物的尖爪
37605,牧場動物的獸毛
37606,牧場動物的羽毛
37607,牧場動物的鳥蛋
37608,牧場動物的甲殼
37609,牧場動物的尖牙
37610,牧場動物的角片
37611,牧場動物的乳汁
37612,無人島果實飼料
37613,無人島蔬菜飼料
37614,無人島高級蔬菜飼料
37615,捕獸網
37616,捕獸繩
37617,捕獸用睡眠球
37618,開拓工坊酸泡菜
37619,開拓工坊烤南瓜
37620,海島束腰衣
37621,海島廚刀
37622,海島木刷
37623,開拓工坊水煮蛋
37624,海島骨拳
37625,海島獸牙耳墜
37626,開拓工坊奶油
37627,海島座椅
37628,海島治療劑
37629,海島木製項鍊
37630,開拓工坊烤扇貝
37631,海島珊瑚戒指
37632,海島開面盔
37633,開拓工坊火藥
37634,海島石刃棒
37635,海島磚塊櫃台
37636,綿羊銅像
37637,開拓工坊植物成長劑
37638,海島石榴石刺劍
37639,海島雲杉圓盾
37640,開拓工坊鯊油
37641,海島白銀耳夾
37642,開拓工坊甜新薯
37643,開拓工坊高山蘿蔔沙拉
37644,開拓工坊焦糖
37645,海島緞帶
37646,海島繩索
37647,海島騎士帽
37648,海島角笛
37649,海島鹽漬鱈魚
37650,海島墨魚汁
37651,開拓工坊仙藥
37652,海島莓果醬
37653,開拓工坊洋蔥湯
37654,海島番茄醬
37655,開拓工坊魚派
37656,開拓工坊玉米片
37657,開拓工坊醃小蘿蔔
37658,海島鐵斧
37659,海島石英戒指
37660,開拓工坊瓷罐
37661,開拓工坊果蔬汁
37662,開拓工坊南瓜布丁
37663,海島綿羊地毯
37664,海島園藝鐮
37665,海島床
37666,海島鱗指套
37667,海島手杖
37668,
37669,
37670,
37671,
37672,
37673,
37674,
37675,
37676,
37677,
37678,
37679,開拓用石斧
37680,開拓用石錘
37681,開拓用銅鏟
37682,開拓用銅鐮
37683,開拓用青銅魚叉
37684,開拓用十字鎬
37685,魔法人偶用耕種設備
37686,魔法人偶用飼養設備
37687,魔法人偶用開拓設備
37688,真厲害級魔法人偶用開拓設備
37689,十分厲害級魔法人偶用開拓設備
37690,非常厲害級魔法人偶用開拓設備
37691,不定性結晶花
37692,昇華結晶花
37693,樂園精油
37694,不定性鐵隕石
37695,昇華鐵隕石
37696,火成精油
37697,摩耶靈龜
37698,碧洋精油
37699,獺獺噴泉建造用組件
37700,獺獺噴泉建造用金屬材料
37701,獺獺噴泉建造用合成樹脂
37702,獺獺噴泉建造許可證書
37703,完美主義手鋸
37704,完美主義橫頭錘
37705,完美主義圓頭錘
37706,完美主義工藝錘
37707,完美主義圓革刀
37708,完美主義縫針
37709,完美主義蒸餾器
37710,完美主義煎鍋
37711,完美主義十字鎬
37712,完美主義手斧
37713,完美主義釣竿
37714,完美主義羊角錘
37715,完美主義銼刀
37716,完美主義手鉗
37717,完美主義砂輪機
37718,完美主義平斬
37719,完美主義紡車
37720,完美主義研缽
37721,完美主義廚刀
37722,完美主義碎石錘
37723,完美主義園藝鐮
37724,完美主義巧匠無簷帽
37725,完美主義巧匠工作坎肩
37726,完美主義巧匠半指護手
37727,完美主義巧匠軟甲褲
37728,完美主義巧匠長靴
37729,完美主義大地工作帽
37730,完美主義大地工作坎肩
37731,完美主義大地半指手套
37732,完美主義大地軟甲褲
37733,完美主義大地工作靴
37734,木工秘笈第十卷
37735,鍛冶秘笈第十卷
37736,甲胄秘笈第十卷
37737,金工秘笈第十卷
37738,皮革秘笈第十卷
37739,裁縫秘笈第十卷
37740,鍊金秘笈第十卷
37741,烹調秘笈第十卷
37742,復興長劍
37743,復興指虎
37744,復興雙刃斧
37745,復興長槍
37746,復興複合弓
37747,復興小刀
37748,復興巨劍
37749,復興重砲
37750,復興牧杖
37751,復興法杖
37752,復興魔導書
37753,復興魔導典
37754,復興天星盤
37755,復興武士刀
37756,復興刺劍
37757,復興魔機刃
37758,復興戰輪
37759,復興振空擺
37760,復興扎戈斧鐮
37761,復興鳶盾
37762,復興禦敵頭盔
37763,復興禦敵胸甲
37764,復興禦敵臂甲
37765,復興禦敵護膝褲
37766,復興禦敵鎧靴
37767,復興制敵頭盔
37768,復興制敵胸甲
37769,復興制敵臂甲
37770,復興制敵護膝褲
37771,復興制敵鎧靴
37772,復興強襲兜帽
37773,復興強襲上衣
37774,復興強襲護臂
37775,復興強襲護膝褲
37776,復興強襲皮鞋
37777,復興精準貝雷帽
37778,復興精準上衣
37779,復興精準手套
37780,復興精準護膝褲
37781,復興精準鎧靴
37782,復興游擊兜帽
37783,復興游擊上衣
37784,復興游擊護臂
37785,復興游擊護膝褲
37786,復興游擊鎧靴
37787,復興治癒貝雷帽
37788,復興治癒外套
37789,復興治癒手套
37790,復興治癒護膝褲
37791,復興治癒皮鞋
37792,復興詠咒兜帽
37793,復興詠咒外套
37794,復興詠咒護臂
37795,復興詠咒護膝褲
37796,復興詠咒皮鞋
37797,復興禦敵耳墜
37798,復興強攻耳墜
37799,復興精準耳墜
37800,復興治癒耳墜
37801,復興詠咒耳墜
37802,復興禦敵項鍊
37803,復興強攻項鍊
37804,復興精準項鍊
37805,復興治癒項鍊
37806,復興詠咒項鍊
37807,復興禦敵手鐲
37808,復興強攻手鐲
37809,復興精準手鐲
37810,復興治癒手鐲
37811,復興詠咒手鐲
37812,復興禦敵戒指
37813,復興強攻戒指
37814,復興精準戒指
37815,復興治癒戒指
37816,復興詠咒戒指
37817,發晶原石
37818,仁面木原木
37819,訶子
37820,鈦鐵礦
37821,楊梅
37822,灰綠矽藻土
37823,波洛伽槲寄生
37824,
37825,薩維奈貴榴石
37826,拉札漢清漆
37827,泰坦蚺的粗皮
37828,釩鉛礦
37829,白花葛布
37830,發晶
37831,仁面木木材
37832,泰坦蚺革
37833,鈦鐵錠
37834,楊梅染布
37835,7級剛力之幻水
37836,7級巧力之幻水
37837,7級耐力之幻水
37838,7級智力之幻水
37839,7級意力之幻水
37840,7級剛力之幻藥
37841,7級巧力之幻藥
37842,7級耐力之幻藥
37843,7級智力之幻藥
37844,7級意力之幻藥
37845,巨劍鋸蓋魚
37846,潛底弓鰭魚
37847,鬱金香蟹
37848,巨吻脂鯉
37849,暗影帝冠
37850,仿製巨骨舌魚
37851,破軍尾
37852,阿耳戈雄英
37853,水中輝星
37854,密文幣
37855,
37856,煞風長刀
37857,煞風之拳
37858,煞風戰斧
37859,煞風長槍
37860,煞風長弓
37861,煞風小刀
37862,煞風大彎刀
37863,煞風火槍
37864,煞風牧杖
37865,煞風法杖
37866,煞風魔導書
37867,煞風魔導典
37868,煞風黃道儀
37869,煞風武士刀
37870,煞風刺劍
37871,煞風槍刃
37872,煞風禍環
37873,煞風蛇石針
37874,煞風扎戈斧鐮
37875,煞風盾
37876,煉淨禦敵頭盔
37877,煉淨禦敵胸甲
37878,煉淨禦敵手鎧
37879,煉淨禦敵騎兵褲
37880,煉淨禦敵鎖甲靴
37881,煉淨制敵頭盔
37882,煉淨制敵胸甲
37883,煉淨制敵手鎧
37884,煉淨制敵騎兵褲
37885,煉淨制敵鎖甲靴
37886,煉淨強襲兜帽
37887,煉淨強襲棉甲
37888,煉淨強襲護臂
37889,煉淨強襲襯褲
37890,煉淨強襲筒靴
37891,煉淨精準面具
37892,煉淨精準外套
37893,煉淨精準手套
37894,煉淨精準緊身褲
37895,煉淨精準長靴
37896,煉淨游擊面具
37897,煉淨游擊外套
37898,煉淨游擊手套
37899,煉淨游擊緊身褲
37900,煉淨游擊長靴
37901,煉淨治癒頭盔
37902,煉淨治癒戰甲
37903,煉淨治癒護臂
37904,煉淨治癒裙褲
37905,煉淨治癒筒靴
37906,煉淨詠咒頭盔
37907,煉淨詠咒戰甲
37908,煉淨詠咒護臂
37909,煉淨詠咒裙褲
37910,煉淨詠咒筒靴
37911,煉淨禦敵耳墜
37912,煉淨強攻耳墜
37913,煉淨精準耳墜
37914,煉淨治癒耳墜
37915,煉淨詠咒耳墜
37916,煉淨禦敵項環
37917,煉淨強攻項環
37918,煉淨精準項環
37919,煉淨治癒項環
37920,煉淨詠咒項環
37921,煉淨禦敵手鐲
37922,煉淨強攻手鐲
37923,煉淨精準手鐲
37924,煉淨治癒手鐲
37925,煉淨詠咒手鐲
37926,煉淨禦敵戒指
37927,煉淨強攻戒指
37928,煉淨精準戒指
37929,煉淨治癒戒指
37930,煉淨詠咒戒指
37931,月使長劍
37932,月使聖徒
37933,月使巨斧
37934,月使雙尖槍
37935,月使複合弓
37936,月使刺刀
37937,月使巨劍
37938,月使手砲
37939,月使幻杖
37940,月使長杖
37941,月使魔導書
37942,月使魔導典
37943,月使量天儀
37944,月使武士刀
37945,月使小劍
37946,月使槍刃
37947,月使環刃
37948,月使飛翼
37949,月使奪命鐮
37950,月使鳶盾
37951,月使禦敵護面
37952,月使禦敵上衣
37953,月使禦敵手套
37954,月使禦敵軟甲褲
37955,月使禦敵筒靴
37956,月使制敵包頭巾
37957,月使制敵緊身衣
37958,月使制敵半指護手
37959,月使制敵軟甲褲
37960,月使制敵長靴
37961,月使強襲護面
37962,月使強襲上衣
37963,月使強襲手套
37964,月使強襲軟甲褲
37965,月使強襲筒靴
37966,月使精準護面
37967,月使精準緊身衣
37968,月使精準半指護手
37969,月使精準軟甲褲
37970,月使精準長靴
37971,月使游擊包頭巾
37972,月使游擊緊身衣
37973,月使游擊手套
37974,月使游擊軟甲褲
37975,月使游擊筒靴
37976,月使治癒髮夾
37977,月使治癒緊身上衣
37978,月使治癒手套
37979,月使治癒長裙
37980,月使治癒筒靴
37981,月使詠咒髮夾
37982,月使詠咒緊身上衣
37983,月使詠咒手套
37984,月使詠咒長裙
37985,月使詠咒筒靴
37986,月使禦敵耳墜
37987,月使強攻耳墜
37988,月使精準耳墜
37989,月使治癒耳墜
37990,月使詠咒耳墜
37991,月使禦敵項鍊
37992,月使強攻項鍊
37993,月使精準項鍊
37994,月使治癒項鍊
37995,月使詠咒項鍊
37996,月使禦敵手鐲
37997,月使強攻手鐲
37998,月使精準手鐲
37999,月使治癒手鐲
38000,月使詠咒手鐲
38001,月使禦敵戒指
38002,月使強攻戒指
38003,月使精準戒指
38004,月使治癒戒指
38005,月使詠咒戒指
38006,改良型月使長劍
38007,改良型月使聖徒
38008,改良型月使巨斧
38009,改良型月使雙尖槍
38010,改良型月使複合弓
38011,改良型月使刺刀
38012,改良型月使巨劍
38013,改良型月使手砲
38014,改良型月使幻杖
38015,改良型月使長杖
38016,改良型月使魔導書
38017,改良型月使魔導典
38018,改良型月使量天儀
38019,改良型月使武士刀
38020,改良型月使小劍
38021,改良型月使槍刃
38022,改良型月使環刃
38023,改良型月使飛翼
38024,改良型月使奪命鐮
38025,改良型月使鳶盾
38026,改良型月使禦敵護面
38027,改良型月使禦敵上衣
38028,改良型月使禦敵手套
38029,改良型月使禦敵軟甲褲
38030,改良型月使禦敵筒靴
38031,改良型月使制敵包頭巾
38032,改良型月使制敵緊身衣
38033,改良型月使制敵半指護手
38034,改良型月使制敵軟甲褲
38035,改良型月使制敵長靴
38036,改良型月使強襲護面
38037,改良型月使強襲上衣
38038,改良型月使強襲手套
38039,改良型月使強襲軟甲褲
38040,改良型月使強襲筒靴
38041,改良型月使精準護面
38042,改良型月使精準緊身衣
38043,改良型月使精準半指護手
38044,改良型月使精準軟甲褲
38045,改良型月使精準長靴
38046,改良型月使游擊包頭巾
38047,改良型月使游擊緊身衣
38048,改良型月使游擊手套
38049,改良型月使游擊軟甲褲
38050,改良型月使游擊筒靴
38051,改良型月使治癒髮夾
38052,改良型月使治癒緊身上衣
38053,改良型月使治癒手套
38054,改良型月使治癒長裙
38055,改良型月使治癒筒靴
38056,改良型月使詠咒髮夾
38057,改良型月使詠咒緊身上衣
38058,改良型月使詠咒手套
38059,改良型月使詠咒長裙
38060,改良型月使詠咒筒靴
38061,改良型月使禦敵耳墜
38062,改良型月使強攻耳墜
38063,改良型月使精準耳墜
38064,改良型月使治癒耳墜
38065,改良型月使詠咒耳墜
38066,改良型月使禦敵項鍊
38067,改良型月使強攻項鍊
38068,改良型月使精準項鍊
38069,改良型月使治癒項鍊
38070,改良型月使詠咒項鍊
38071,改良型月使禦敵手鐲
38072,改良型月使強攻手鐲
38073,改良型月使精準手鐲
38074,改良型月使治癒手鐲
38075,改良型月使詠咒手鐲
38076,改良型月使禦敵戒指
38077,改良型月使強攻戒指
38078,改良型月使精準戒指
38079,改良型月使治癒戒指
38080,改良型月使詠咒戒指
38081,深壑手半劍
38082,深壑虎爪
38083,深壑戰斧
38084,深壑游擊槍
38085,深壑複合弓
38086,深壑屠刀
38087,深壑斷頭劍
38088,深壑手槍
38089,深壑長杖
38090,深壑法杖
38091,深壑之書
38092,深壑之典
38093,深壑太陽儀
38094,深壑武士刀
38095,深壑輕劍
38096,深壑鋸刃
38097,深壑圓月輪
38098,深壑飛翼
38099,深壑奪命鐮
38100,深壑盾
38101,深壑禦敵頭盔
38102,深壑禦敵胸甲
38103,深壑禦敵手鎧
38104,深壑禦敵騎兵褲
38105,深壑禦敵鎖甲靴
38106,深壑制敵頭盔
38107,深壑制敵胸甲
38108,深壑制敵手鎧
38109,深壑制敵騎兵褲
38110,深壑制敵鎖甲靴
38111,深壑強襲兜帽
38112,深壑強襲棉甲
38113,深壑強襲護臂
38114,深壑強襲襯褲
38115,深壑強襲筒靴
38116,深壑精準面具
38117,深壑精準外套
38118,深壑精準手套
38119,深壑精準緊身褲
38120,深壑精準長靴
38121,深壑游擊面具
38122,深壑游擊外套
38123,深壑游擊手套
38124,深壑游擊緊身褲
38125,深壑游擊長靴
38126,深壑治癒頭盔
38127,深壑治癒戰甲
38128,深壑治癒護臂
38129,深壑治癒裙褲
38130,深壑治癒筒靴
38131,深壑詠咒頭盔
38132,深壑詠咒戰甲
38133,深壑詠咒護臂
38134,深壑詠咒裙褲
38135,深壑詠咒筒靴
38136,深壑禦敵耳墜
38137,深壑強攻耳墜
38138,深壑精準耳墜
38139,深壑治癒耳墜
38140,深壑詠咒耳墜
38141,深壑禦敵項環
38142,深壑強攻項環
38143,深壑精準項環
38144,深壑治癒項環
38145,深壑詠咒項環
38146,深壑禦敵手鐲
38147,深壑強攻手鐲
38148,深壑精準手鐲
38149,深壑治癒手鐲
38150,深壑詠咒手鐲
38151,深壑禦敵戒指
38152,深壑強攻戒指
38153,深壑精準戒指
38154,深壑治癒戒指
38155,深壑詠咒戒指
38156,特羅亞禦敵頭冠
38157,特羅亞禦敵兜甲
38158,特羅亞禦敵臂甲
38159,特羅亞禦敵騎兵褲
38160,特羅亞禦敵鎧靴
38161,特羅亞制敵頭冠
38162,特羅亞制敵兜甲
38163,特羅亞制敵臂甲
38164,特羅亞制敵騎兵褲
38165,特羅亞制敵鎧靴
38166,特羅亞強襲頭巾
38167,特羅亞強襲上裝
38168,特羅亞強襲半指護手
38169,特羅亞強襲馬褲
38170,特羅亞強襲護腿
38171,特羅亞精準纏頭巾
38172,特羅亞精準斗篷
38173,特羅亞精準護臂
38174,特羅亞精準長裙
38175,特羅亞精準長靴
38176,特羅亞游擊頭巾
38177,特羅亞游擊上裝
38178,特羅亞游擊半指護手
38179,特羅亞游擊馬褲
38180,特羅亞游擊護腿
38181,特羅亞治癒寬邊帽
38182,特羅亞治癒斗篷
38183,特羅亞治癒護臂
38184,特羅亞治癒長裙
38185,特羅亞治癒長靴
38186,特羅亞詠咒寬邊帽
38187,特羅亞詠咒斗篷
38188,特羅亞詠咒護臂
38189,特羅亞詠咒長裙
38190,特羅亞詠咒長靴
38191,特羅亞禦敵耳墜
38192,特羅亞強攻耳墜
38193,特羅亞精準耳墜
38194,特羅亞治癒耳墜
38195,特羅亞詠咒耳墜
38196,特羅亞禦敵項環
38197,特羅亞強攻項環
38198,特羅亞精準項環
38199,特羅亞治癒項環
38200,特羅亞詠咒項環
38201,特羅亞禦敵手鐲
38202,特羅亞強攻手鐲
38203,特羅亞精準手鐲
38204,特羅亞治癒手鐲
38205,特羅亞詠咒手鐲
38206,特羅亞禦敵戒指
38207,特羅亞強攻戒指
38208,特羅亞精準戒指
38209,特羅亞治癒戒指
38210,特羅亞詠咒戒指
38211,稀少萬物神典石
38212,海島農場工作衫
38213,海島農場棉手套
38214,海島農場寬鬆褲
38215,海島農場靴
38216,海島農場磨邊短褲
38217,海島探險者帽
38218,海島探險者上衣
38219,海島探險者半指皮手套
38220,海島探險者軟甲褲
38221,海島探險者靴
38222,海島探險者及膝褲
38223,黑色帽
38224,黑色長外套
38225,黑色革手套
38226,黑色長褲
38227,黑色皮鞋
38228,守夜醫面具
38229,守夜醫白大褂
38230,守夜醫橡膠手套
38231,守夜醫打底褲
38232,守夜醫皮鞋
38233,提燈怪頭套
38234,提燈怪身體
38235,提燈怪手套
38236,提燈怪短褲
38237,提燈怪短靴
38238,貓小胖兜帽
38239,貓小胖家居服
38240,貓小胖家居五分褲
38241,貓小胖拖鞋
38242,貓小胖家居短褲
38243,法外執行者帽
38244,法外執行者上衣
38245,法外執行者手套
38246,法外執行者長褲
38247,法外執行者皮鞋
38248,遠北帽
38249,遠北束腰衣
38250,遠北纖維手套
38251,遠北裙褲
38252,遠北筒靴
38253,愛情傳道士圓禮帽
38254,愛情傳道士外套
38255,愛情傳道士長褲
38256,愛情傳道士短靴
38257,愛情傳道士禮帽
38258,愛情傳道士褶邊連衣裙
38259,愛情傳道士短褲
38260,愛情傳道士禮靴
38261,蜜瓜派
38262,蜜瓜果汁
38263,落日胡蘿蔔絲
38264,胡蘿蔔布丁
38265,旋轉烤肉卷餅
38266,洛夫坦山羊臀肉排
38267,懸掛番茄沙拉
38268,加雷馬披薩
38269,帝王海膽奶油麵
38270,焗帝王海膽佐麵包
38271,電感蜜瓜
38272,落日胡蘿蔔
38273,洛夫坦山羊臀肉
38274,懸掛番茄
38275,帝王海膽
38276,新鮮地錢
38277,宇宙海鹽
38278,碎星鎂粉
38279,高純度翠綠石英
38280,甲烷礦蛋
38281,開拓用天然鹼礦石
38282,用於調查水質的礦物樣本
38283,用於肥料的礦石
38284,用於改良咖啡的岩鹽
38285,新星產的石灰生物
38286,用於頭部防具的滑石
38287,用於飼料的岩苔
38288,新星產的岩鹽
38289,新星產的矽藻團
38290,卡列連黑岩鹽
38291,遊樂區的岩石
38292,極力推薦的貝類
38293,用於飼料的岩蟲
38294,用於住處的黏土
38295,用於改善環境的苔蘚
38296,龍族喜歡的地蟲
38297,日用磨爪石
38298,用於淨化土壤的金屬沙
38299,刷牙用的多孔石
38300,新鮮星外洋蔥
38301,龍眼大豆
38302,宇宙孜然
38303,索姆阿爾花
38304,甲烷花
38305,用於開拓的宇宙米
38306,用於調查水質的植物樣本
38307,用於肥料的乾草
38308,用於改良咖啡的花蜜
38309,新星產的棘皮生物
38310,用於頭部防具的香草
38311,用於飼料的海藻
38312,新星產的海藻
38313,新星產的苔蘚
38314,卡列連多色麥
38315,遊樂區的惡臭植物
38316,極力推薦的海藻
38317,用於飼料的苔蘚
38318,用於住處的木材
38319,用於改善環境的花草
38320,龍族喜歡的果實
38321,日用絨毛植物
38322,用於淨化土壤的藥草
38323,刷牙用的富纖維草
38324,新鮮星外巨藻
38325,宇宙鯡魚
38326,彗星鰹魚
38327,翠晶魚
38328,甲烷魨
38329,用於開拓的小魚
38330,用於調查水質的生物樣本
38331,用於肥料的小魚
38332,用於改良咖啡的球藻
38333,新星產的軟體魚
38334,用於頭部防具的黏液魚
38335,用於飼料的小魚
38336,新星產的海魚
38337,新星產的藻魚
38338,卡列連真骨魚
38339,遊樂區的異形魚
38340,極力推薦的甲殼動物
38341,用於飼料的甲殼動物
38342,用於住處的珊瑚
38343,用於改善環境的魚
38344,龍族喜歡的硬魚
38345,日用綿藻
38346,用於淨化土壤的藥魚
38347,刷牙用的海綿動物
38348,肖像教材：藍色
38349,肖像教材：紅色
38350,第2賽季王者之證
38351,第2賽季勇者之證
38352,第2賽季獲獎者之證
38353,肖像教材：第2賽季王者
38354,肖像教材：第2賽季勇者
38355,肖像教材：第2賽季獲獎者
38356,肖像教材：第2賽季青銅
38357,肖像教材：第2賽季白銀
38358,肖像教材：第2賽季黃金
38359,肖像教材：第2賽季白金
38360,肖像教材：第2賽季鑽石
38361,肖像教材：第2賽季水晶
38362,第3賽季王者之證
38363,第3賽季勇者之證
38364,第3賽季獲獎者之證
38365,肖像教材：第3賽季王者
38366,肖像教材：第3賽季勇者
38367,肖像教材：第3賽季獲獎者
38368,肖像教材：第3賽季青銅
38369,肖像教材：第3賽季白銀
38370,肖像教材：第3賽季黃金
38371,肖像教材：第3賽季白金
38372,肖像教材：第3賽季鑽石
38373,肖像教材：第3賽季水晶
38374,煞風大妖異圖騰
38375,腐朽的煉淨頭盔
38376,腐朽的煉淨鎧甲
38377,腐朽的煉淨手鎧
38378,腐朽的煉淨長褲
38379,腐朽的煉淨鎖甲靴
38380,腐朽的煉淨飾品
38381,第1頁煉淨的斷章
38382,第2頁煉淨的斷章
38383,第3頁煉淨的斷章
38384,第4頁煉淨的斷章
38385,腐朽的煉淨長劍
38386,月光強化藥
38387,月光強化纖維
38388,月光硬化藥
38389,極薄型神典石
38390,深壑武器箱（品級635）
38391,深壑頭部裝備箱（品級630）
38392,深壑身體裝備箱（品級630）
38393,深壑手臂裝備箱（品級630）
38394,深壑腿部裝備箱（品級630）
38395,深壑腳部裝備箱（品級630）
38396,深壑耳部裝備箱（品級630）
38397,深壑頸部裝備箱（品級630）
38398,深壑腕部裝備箱（品級630）
38399,深壑指環裝備箱（品級630）
38400,曼德維爾長劍
38401,曼德維爾指虎
38402,曼德維爾戰斧
38403,曼德維爾長槍
38404,曼德維爾琴弓
38405,曼德維爾匕首
38406,曼德維爾雙手劍
38407,曼德維爾左輪槍
38408,曼德維爾牧杖
38409,曼德維爾法杖
38410,曼德維爾魔導書
38411,曼德維爾魔導典
38412,曼德維爾黃道儀
38413,曼德維爾武士刀
38414,曼德維爾刺劍
38415,曼德維爾槍刃
38416,曼德維爾圓月輪
38417,曼德維爾蛇石針
38418,曼德維爾鐮刀
38419,曼德維爾鳶盾
38420,稀少隕石
38421,華美型復興禦敵胸甲
38422,華美型復興制敵胸甲
38423,華美型復興強襲上衣
38424,華美型復興精準上衣
38425,華美型復興游擊上衣
38426,華美型復興治癒外套
38427,華美型復興詠咒外套
38428,魔法棱晶（葉小妖大頭）
38429,九宮幻卡：N-7000
38430,九宮幻卡：征服者革律翁
38431,九宮幻卡：希拉狄哈劍鬥士
38432,九宮幻卡：索恩自走人偶
38433,九宮幻卡：貝雅特麗齊
38434,九宮幻卡：比爾格
38435,九宮幻卡：鬼陰火澤雷斯·夏
38436,九宮幻卡：斯卡米留尼
38437,九宮幻卡：巴爾巴莉希亞
38438,九宮幻卡：拉哈布雷亞
38439,九宮幻卡：赫淮斯托斯
38440,煞風裝甲
38441,海島開拓者裝甲
38442,髮型樣式：高馬尾辮
38443,髮型樣式：樸素單馬尾
38444,貓耳小小員
38445,迷你遺光
38446,發條深紅驅逐者
38447,發條蔚藍驅逐者
38448,斯卡米留尼之形
38449,辰龍巧兒陸行鳥
38450,鼯鼠
38451,擦擦羽衣精
38452,水道蜥蜴
38453,迷你好友
38454,迷你艾里克托尼奧斯
38455,加隆德GL-II鑰匙
38456,繆·繆咻角笛
38457,幻奇獵鷹笛
38458,魔法雨傘
38459,魔法陽傘
38460,幻象閃電角笛
38461,希拉狄哈王座
38462,羽衣精笛
38463,炎靈獸水晶
38464,煞風猞猁魔笛
38465,肖像教材：希拉狄哈水道
38466,肖像教材：奧密克戎族
38467,掠奪劍術士武具（15級）
38468,
38469,教練劍術士武具（20級）
38470,霜咬劍術士武具（24級）
38471,判官劍術士武具（28級）
38472,抑制騎士武具（32級）
38473,火舌騎士武具（35級）
38474,哭鳴騎士武具（38級）
38475,古代騎士武具（41級）
38476,澤梅爾騎士武具（44級）
38477,聖堂騎士武具（47級）
38478,亞拉戈騎士武具（品級95）
38479,亞拉戈高位騎士武具（品級115）
38480,龍神騎士武具（品級135）
38481,軍用騎士武具（品級120）
38482,解剖騎士武具（品級130）
38483,提爾鋒騎士武具（品級136）
38484,戰女神判官騎士武具（品級142）
38485,貝拉哈迪亞騎士武具（品級148）
38486,雲神騎士武具（品級175）
38487,武神騎士武具（品級190）
38488,戈耳狄騎士武具（品級210）
38489,蒼天騎士武具（品級205）
38490,魔神騎士武具（品級220）
38491,彌達斯騎士武具（品級245）
38492,邪龍騎士武具（品級235）
38493,女神騎士武具（品級255）
38494,亞歷山大騎士武具（品級275）
38495,鬼神騎士武具（品級265）
38496,
38497,鬼船騎士武具（品級260）
38498,紅玉騎士武具（品級270）
38499,模兒族騎士武具（品級276）
38500,延夏騎士武具（品級282）
38501,魔化騎士武具（品級288）
38502,紅蓮騎士武具（品級300）
38503,須佐之男騎士武具（品級320）
38504,源氏騎士武具（品級345）
38505,神龍騎士武具（品級335）
38506,白虎騎士武具（品級355）
38507,鑽石騎士武具（品級375）
38508,月讀命騎士武具（品級365）
38509,朱雀騎士武具（品級385）
38510,歐米茄騎士武具（品級405）
38511,青龍騎士武具（品級395）
38512,雷克蘭德騎士武具（品級390）
38513,妖精騎士武具（品級400）
38514,奇坦那騎士武具（品級406）
38515,拿巴示艾蘭騎士武具（品級412）
38516,寬恕騎士武具（品級418）
38517,妖精王騎士武具（品級450）
38518,伊甸之恩騎士武具（品級475）
38519,黑迪斯騎士武具（品級465）
38520,紅寶石騎士武具（品級485）
38521,伊甸之律騎士武具（品級505）
38522,光之騎士武具（品級495）
38523,綠寶石騎士武具（品級515）
38524,伊甸之晨騎士武具（品級535）
38525,鑽石武器騎士武具（品級525）
38526,異怪騎士武具（品級520）
38527,帝國騎士武具（品級530）
38528,波洛伽騎士武具（品級536）
38529,造物院騎士武具（品級542）
38530,聖光騎士武具（品級580）
38531,日影蘭騎士武具（品級605）
38532,藍羽騎士武具（品級595）
38533,希拉狄哈遺物
38534,希拉狄哈銀貨
38535,希拉狄哈書籍
38536,海島幻象棱晶
38537,仙人掌陽傘
38538,藍色仙子族之翼
38539,仿製鑽石
38540,蔬菜禮花筒
38541,夢羽妖精王劍
38542,夢羽妖精王利爪
38543,夢羽妖精王重斧
38544,夢羽妖精王長槍
38545,夢羽妖精王長弓
38546,夢羽妖精王屠刀
38547,夢羽妖精王斷頭劍
38548,夢羽妖精王手砲
38549,夢羽妖精王牧杖
38550,夢羽妖精王法杖
38551,夢羽妖精王魔導書
38552,夢羽妖精王魔導典
38553,夢羽妖精王天球儀
38554,夢羽妖精王刀
38555,夢羽妖精王刺劍
38556,夢羽妖精王魔機刃
38557,夢羽妖精王環刃
38558,夢羽妖精王圓盾
38559,希拉狄哈耳墜
38560,紅色香豌豆花項鍊
38561,藍色香豌豆花項鍊
38562,黃色香豌豆花項鍊
38563,綠色香豌豆花項鍊
38564,橙色香豌豆花項鍊
38565,紫色香豌豆花項鍊
38566,白色香豌豆花項鍊
38567,黑色香豌豆花項鍊
38568,混色香豌豆花項鍊
38569,演技教材·叛逆精神
38570,演技教材·兩眼放光
38571,演技教材·吃南瓜餅乾
38572,演技教材·觀戰
38573,夢羽妖精王騎士武具
38574,煞風騎士武具（品級615）
38575,深壑騎士武具（品級635）
38576,仿製圓形彩繪玻璃窗
38577,樹枝盆栽掛架
38578,收納筐
38579,監獄隔板門
38580,活常春藤壁飾
38581,監獄隔離牆
38582,三大洲全景圖
38583,奇妙門窗
38584,劇團大型置物架
38585,起司火鍋
38586,青藍之手隔離牆
38587,羽翼壁飾
38588,龍星栗子蛋糕
38589,椰汁
38590,
38591,側系帶窗簾
38592,榻榻米夾層樓板
38593,魔法景觀：黃金港
38594,魔法景觀：太陽海岸
38595,北洋清洗台
38596,北洋座椅
38597,北洋書桌
38598,北洋地毯
38599,加雷馬式暖爐
38600,希拉狄哈座椅
38601,希拉狄哈櫥櫃
38602,希拉狄哈邊桌
38603,希拉狄哈吊旗
38604,鬼火燈籠
38605,葉小妖掛鐘
38606,原生態木製橫樑
38607,石製臺階
38608,石製夾層樓板
38609,驚奇百寶城壁掛霓虹燈
38610,農場麥稈床
38611,戀人節心形桌台
38612,巴爾巴莉希亞之劍展示台
38613,
38614,
38615,
38616,起床鬧鐘
38617,櫃台咖啡套裝
38618,露營帳篷
38619,雪峰瞭望塔遺跡
38620,堆雪包
38621,綻放庭院桌
38622,竹製籬笆牆
38623,野營套裝
38624,幻光枯樹
38625,東方水井
38626,東方路燈
38627,厄爾庇斯石製立柱
38628,陸行鳥飼養用具
38629,管弦樂琴樂譜：高貝扎四天王之戰　～禁斷的記憶～
38630,管弦樂琴樂譜：特羅亞國　～曉月～
38631,管弦樂琴樂譜：戰鬥2（FINAL FANTASY IV）　～曉月～
38632,管弦樂琴樂譜：薩納蘭的熱沙
38633,管弦樂琴樂譜：無聲尖叫
38634,管弦樂琴樂譜：尖叫
38635,管弦樂琴樂譜：其火尚存
38636,管弦樂琴樂譜：相白質黑
38637,管弦樂琴樂譜：冒險途中的小憩
38638,管弦樂琴樂譜：豐饒之島
38639,管弦樂琴樂譜：天邊的瑤星
38640,管弦樂琴樂譜：艾奧傑亞陸行鳥
38641,管弦樂琴樂譜：雙蛇黨統合司令部 
38642,管弦樂琴樂譜：黑渦司令部
38643,管弦樂琴樂譜：不滅隊作戰總部
38644,管弦樂琴樂譜：露水之玉，明月之光
38645,管弦樂琴樂譜：海上漣漪
38646,管弦樂琴樂譜：沙中秘密
38647,管弦樂琴樂譜：同仇敵愾
38648,管弦樂琴樂譜：鐘聲
38649,管弦樂琴樂譜：聖痕
38650,管弦樂琴樂譜：魔導軍團
38651,管弦樂琴樂譜：天幕之下
38652,管弦樂琴樂譜：千聲悲鳴
38653,管弦樂琴樂譜：莫要在野營地撒野
38654,管弦樂琴樂譜：夏弗還是布吉
38655,管弦樂琴樂譜：近在天邊（超越漆黑）
38656,管弦樂琴樂譜：此處有獅（超越漆黑）
38657,管弦樂琴樂譜：無聲
38658,陳舊的樂譜：高貝扎四天王之戰
38659,香豌豆花的種子
38660,紅色香豌豆花
38661,藍色香豌豆花
38662,黃色香豌豆花
38663,綠色香豌豆花
38664,橙色香豌豆花
38665,紫色香豌豆花
38666,白色香豌豆花
38667,黑色香豌豆花
38668,混色香豌豆花
38669,特製南瓜花盆
38670,特製星光旋轉掛飾
38671,特製南瓜鬼魂組合
38672,萊韋耶勒爾地板
38673,萊韋耶勒爾吊燈
38674,萊韋耶勒爾內牆
38675,風之大妖異的寶珠
38676,魔女的肖像畫
38677,守護者的肖像畫
38678,占卜師的肖像畫
38679,接待員的肖像畫
38680,名門之子的肖像畫
38681,名門之女的肖像畫
38682,巴爾德西昂委員會代表的肖像畫
38683,水晶冒險者的肖像畫
38684,防塵疏水布
38685,破舊的輕量管
38686,驚奇革
38687,煞風武器箱（品級615）
38688,新款阿莉塞服裝套裝
38689,愛情傳道士外套裝備箱
38690,愛情傳道士連衣裙裝備箱
38691,羽衣精耳墜
38692,
38693,
38694,
38695,
38696,
38697,
38698,
38699,
38700,
38701,
38702,
38703,
38704,
38705,
38706,
38707,
38708,
38709,水神騎士武具（品級95級）
38710,冰神騎士武具（品級110級）
38711,雷神騎士武具（品級100級）
38712,神光騎士武具（品級160級）
38713,淺海盾
38714,暗耀騎士武具（品級55級）
38715,卓越手鋸
38716,卓越橫頭錘
38717,卓越圓頭錘
38718,卓越工藝錘
38719,卓越圓革刀
38720,卓越縫針
38721,卓越蒸餾器
38722,卓越煎鍋
38723,卓越十字鎬
38724,卓越手斧
38725,卓越釣竿
38726,改良型卓越手鋸
38727,改良型卓越橫頭錘
38728,改良型卓越圓頭錘
38729,改良型卓越工藝錘
38730,改良型卓越圓革刀
38731,改良型卓越縫針
38732,改良型卓越蒸餾器
38733,改良型卓越煎鍋
38734,改良型卓越十字鎬
38735,改良型卓越手斧
38736,改良型卓越釣竿
38737,水晶手鋸
38738,水晶橫頭錘
38739,水晶圓頭錘
38740,水晶工藝錘
38741,水晶圓革刀
38742,水晶縫針
38743,水晶蒸餾器
38744,水晶煎鍋
38745,水晶十字鎬
38746,水晶手斧
38747,水晶釣竿
38748,卓越商會特選鐵木木材
38749,卓越商會特選錳鋼錠
38750,卓越商會特選純鈦板
38751,卓越商會特選玻璃片
38752,卓越商會特選斯劍虎革
38753,卓越商會特選絳紅草布
38754,卓越商會特選阱蛇麻的葉子
38755,卓越商會特選仙子莓
38756,面向收藏家的座椅
38757,面向收藏家的壁燈
38758,面向收藏家的裝飾門
38759,面向收藏家的化妝鏡
38760,面向收藏家的地毯
38761,面向收藏家的裝飾帷幔
38762,面向收藏家的化妝箱
38763,面向收藏家的仙子莓茶
38764,面向收藏家的馬林巴琴
38765,面向收藏家的虹吸咖啡機
38766,面向收藏家的長椅
38767,面向收藏家的天文望遠鏡
38768,面向收藏家的皮革沙發
38769,面向收藏家的紅地毯
38770,面向收藏家的聖靈藥瓶
38771,面向收藏家的仙子莓塔
38772,卓越工具的第一次加工組件：木工
38773,卓越工具的第一次加工組件：鍛冶
38774,卓越工具的第一次加工組件：甲冑
38775,卓越工具的第一次加工組件：金工
38776,卓越工具的第一次加工組件：皮革
38777,卓越工具的第一次加工組件：裁縫
38778,卓越工具的第一次加工組件：鍊金
38779,卓越工具的第一次加工組件：烹調
38780,卓越工具的第二次加工組件：木工
38781,卓越工具的第二次加工組件：鍛冶
38782,卓越工具的第二次加工組件：甲冑
38783,卓越工具的第二次加工組件：金工
38784,卓越工具的第二次加工組件：皮革
38785,卓越工具的第二次加工組件：裁縫
38786,卓越工具的第二次加工組件：鍊金
38787,卓越工具的第二次加工組件：烹調
38788,面向收藏家的硬質金合歡樹皮
38789,改良用的土之碎晶
38790,面向收藏家的彩虹晶
38791,改良用的水之碎晶
38792,白金海馬
38793,擊木燈塔守衛
38794,面向收藏家的雷霆薄荷
38795,改良用的雷之水晶
38796,面向收藏家的紅孔雀石
38797,改良用的火之水晶
38798,鏡中影
38799,亮片巨骨舌魚
38800,卓越工具的第一次加工組件：園藝
38801,卓越工具的第一次加工組件：採掘
38802,卓越工具長杆的第一次加工組件：捕魚
38803,卓越工具繞線輪的第一次加工組件：捕魚
38804,卓越工具的第二次加工組件：園藝
38805,卓越工具的第二次加工組件：採掘
38806,卓越工具長杆的第二次加工組件：捕魚
38807,卓越工具繞線輪的第二次加工組件：捕魚
38808,卓越丸子
38809,卓越工具箱
38810,鰭人海帶
38811,賢島窯鱒
38812,尊紫鱈
38813,宗母的淚珠
38814,虹花貝
38815,牧羊工具
38816,山岳防寒用品
38817,孚布特風土美食
38818,孚布特樣式工藝品
38819,可愛的禮物
38820,羊飼料的素材
38821,山岳防寒燃料
38822,孚布特風土美食的素材
38823,孚布特樣式工藝品的素材
38824,可愛的禮物的素材
38825,牧羊工具的材料
38826,山岳防寒用品的材料
38827,孚布特風土美食的材料
38828,孚布特樣式工藝品的材料
38829,可愛的禮物的材料
38830,萬慮魚
38831,苔綠鰓鮭
38832,雷雲隆頭魚
38833,棕香蕉鰻魚
38834,冰月壤龜
38835,宇宙霧霾
38836,大麗花冠鮨
38837,湖跳魚
38838,石綠鰻
38839,條紋麗魚
38840,石綠鱒
38841,拉諾西亞龍
38842,舞臺重要組件的材料
38843,舞臺重要組件
38844,開發機械的必需品材料
38845,開發機械的必需品
38846,出品菜餚的必需品材料
38847,出品菜餚的必需品
38848,畫材必需品的材料
38849,畫材必需品
38850,搭建活動台必需品材料
38851,搭建活動台必需品
38852,音箱調音設備的材料
38853,音箱調音設備
38854,管樂器組件的材料
38855,管樂器組件
38856,貨幣製造工具的材料
38857,貨幣製造工具
38858,署名紀念品的材料
38859,署名紀念品
38860,燈飾替換組件的材料
38861,燈飾替換組件
38862,攜帶式螢光棒組件的材料
38863,攜帶式螢光棒組件
38864,清掃機改良組件的材料
38865,清掃機改良組件
38866,錄音協助機開發組件的材料
38867,錄音協助機開發組件
38868,防護服組件的材料
38869,氣密性防護服組件
38870,尋找刺激用的工具材料
38871,尋找刺激用的工具
38872,印刷食譜的工具材料
38873,印刷食譜的工具
38874,修理冷凍器的組件材料
38875,修理冷凍器的組件
38876,修理採集工具的組件材料
38877,修理採集工具的組件
38878,缺少的烹飪用品材料
38879,缺少的烹飪用品
38880,健身用品的材料
38881,健身用品
38882,塗料調和用品材料
38883,塗料調和用品
38884,超強力洗滌劑的材料
38885,超強力洗滌劑
38886,對菌類兵器的材料
38887,對菌類兵器
38888,時尚飾品的材料
38889,時尚飾品
38890,研究者圓手鋸
38891,研究者橫頭錘
38892,研究者圓頭錘
38893,研究者工藝錘
38894,研究者皮革刀
38895,研究者縫針
38896,研究者蒸餾器
38897,研究者煎鍋
38898,研究者十字鎬
38899,研究者手斧
38900,研究者釣竿
38901,研究者羊角錘
38902,研究者銼刀
38903,研究者手鉗
38904,研究者砂輪機
38905,研究者平斬
38906,研究者紡車
38907,研究者研缽
38908,研究者廚刀
38909,研究者碎石錘
38910,研究者園藝鐮
38911,研究者巧匠護目鏡
38912,研究者巧匠長衣
38913,研究者巧匠手套
38914,研究者巧匠軟甲褲
38915,研究者巧匠筒靴
38916,研究者大地頭燈帽
38917,研究者大地工作坎肩
38918,研究者大地護臂
38919,研究者大地打底褲
38920,研究者大地皮靴
38921,研究者巧匠耳墜
38922,研究者巧匠項鍊
38923,研究者巧匠手鐲
38924,研究者巧匠戒指
38925,研究者大地耳墜
38926,研究者大地項鍊
38927,研究者大地手環
38928,研究者大地指環
38929,近東蝦香飯
38930,近東蝦咖哩
38931,黝簾石
38932,工匠的幻水
38933,晨霧樹皮
38934,黝簾石原石
38935,近東蝦
38936,地鳴靈砂
38937,土之石英
38938,苦參
38939,銅綠虹鯧
38940,稀少球粒隕石
38941,正統魔器碎片
38942,正統神典石
38943,正統聚魔柄
38944,正統治療劑
38945,銀輝寶藏
38946,金輝寶藏
38947,鉑輝寶藏
38948,特製暗黑預言蛋
38949,煬火大妖異圖騰
38950,喜悅古錢
38951,歐米茄圖騰
38952,胡蘿蔔幣
38953,風雅東洋小屋外牆
38954,風雅東洋公館外牆
38955,風雅東洋別墅外牆
38956,聖級治療劑
38957,冥魂禦敵頭冠
38958,冥魂禦敵戰鎧
38959,冥魂禦敵手鎧
38960,冥魂禦敵打底褲
38961,冥魂禦敵鎧靴
38962,冥魂制敵寬邊帽
38963,冥魂制敵長衣
38964,冥魂制敵半指手套
38965,冥魂制敵打底褲
38966,冥魂制敵筒靴
38967,冥魂強襲頭盔
38968,冥魂強襲戰鎧
38969,冥魂強襲手鎧
38970,冥魂強襲打底褲
38971,冥魂強襲鎧靴
38972,冥魂精準包頭巾
38973,冥魂精準外套
38974,冥魂精準手套
38975,冥魂精準打底褲
38976,冥魂精準脛甲
38977,冥魂游擊頭盔
38978,冥魂游擊戰鎧
38979,冥魂游擊手鎧
38980,冥魂游擊打底褲
38981,冥魂游擊鎧靴
38982,冥魂治癒寬邊帽
38983,冥魂治癒長衣
38984,冥魂治癒半指手套
38985,冥魂治癒打底褲
38986,冥魂治癒長靴
38987,冥魂詠咒禮帽
38988,冥魂詠咒長衣
38989,冥魂詠咒禮服手套
38990,冥魂詠咒軟甲褲
38991,冥魂詠咒長靴
38992,冥魂禦敵耳墜
38993,冥魂強攻耳墜
38994,冥魂精準耳墜
38995,冥魂治癒耳墜
38996,冥魂詠咒耳墜
38997,冥魂禦敵項環
38998,冥魂強攻項環
38999,冥魂精準項環
39000,冥魂治癒項環
39001,冥魂詠咒項環
39002,冥魂禦敵手環
39003,冥魂強攻手環
39004,冥魂精準手環
39005,冥魂治癒手環
39006,冥魂詠咒手環
39007,冥魂禦敵戒指
39008,冥魂強攻戒指
39009,冥魂精準戒指
39010,冥魂治癒戒指
39011,冥魂詠咒戒指
39012,改良型復興長劍
39013,改良型復興指虎
39014,改良型復興雙刃斧
39015,改良型復興長槍
39016,改良型復興複合弓
39017,改良型復興小刀
39018,改良型復興巨劍
39019,改良型復興重砲
39020,改良型復興牧杖
39021,改良型復興法杖
39022,改良型復興魔導書
39023,改良型復興魔導典
39024,改良型復興天星盤
39025,改良型復興武士刀
39026,改良型復興刺劍
39027,改良型復興魔機刃
39028,改良型復興戰輪
39029,改良型復興振空擺
39030,改良型復興扎戈斧鐮
39031,改良型復興鳶盾
39032,改良型復興禦敵頭盔
39033,改良型復興禦敵胸甲
39034,改良型復興禦敵臂甲
39035,改良型復興禦敵護膝褲
39036,改良型復興禦敵鎧靴
39037,改良型復興制敵頭盔
39038,改良型復興制敵胸甲
39039,改良型復興制敵臂甲
39040,改良型復興制敵護膝褲
39041,改良型復興制敵鎧靴
39042,改良型復興強襲兜帽
39043,改良型復興強襲上衣
39044,改良型復興強襲護臂
39045,改良型復興強襲護膝褲
39046,改良型復興強襲皮鞋
39047,改良型復興精準貝雷帽
39048,改良型復興精準上衣
39049,改良型復興精準手套
39050,改良型復興精準護膝褲
39051,改良型復興精準鎧靴
39052,改良型復興游擊兜帽
39053,改良型復興游擊上衣
39054,改良型復興游擊護臂
39055,改良型復興游擊護膝褲
39056,改良型復興游擊鎧靴
39057,改良型復興治癒貝雷帽
39058,改良型復興治癒外套
39059,改良型復興治癒手套
39060,改良型復興治癒護膝褲
39061,改良型復興治癒皮鞋
39062,改良型復興詠咒兜帽
39063,改良型復興詠咒外套
39064,改良型復興詠咒護臂
39065,改良型復興詠咒護膝褲
39066,改良型復興詠咒皮鞋
39067,改良型復興禦敵耳墜
39068,改良型復興強攻耳墜
39069,改良型復興精準耳墜
39070,改良型復興治癒耳墜
39071,改良型復興詠咒耳墜
39072,改良型復興禦敵項鍊
39073,改良型復興強攻項鍊
39074,改良型復興精準項鍊
39075,改良型復興治癒項鍊
39076,改良型復興詠咒項鍊
39077,改良型復興禦敵手鐲
39078,改良型復興強攻手鐲
39079,改良型復興精準手鐲
39080,改良型復興治癒手鐲
39081,改良型復興詠咒手鐲
39082,改良型復興禦敵戒指
39083,改良型復興強攻戒指
39084,改良型復興精準戒指
39085,改良型復興治癒戒指
39086,改良型復興詠咒戒指
39087,達摩強靈藥
39088,拉札漢的二類票據
39089,神格禦敵髮夾
39090,神格禦敵戰鎧
39091,神格禦敵手鎧
39092,神格禦敵馬褲
39093,神格禦敵鎖甲靴
39094,神格制敵髮夾
39095,神格制敵戰鎧
39096,神格制敵手鎧
39097,神格制敵馬褲
39098,神格制敵鎖甲靴
39099,神格強襲髮夾
39100,神格強襲束腰衣
39101,神格強襲手套
39102,神格強襲騎兵褲
39103,神格強襲鎧靴
39104,神格精準髮夾
39105,神格精準束腰衣
39106,神格精準手套
39107,神格精準騎兵褲
39108,神格精準鎧靴
39109,神格游擊髮夾
39110,神格游擊束腰衣
39111,神格游擊手套
39112,神格游擊騎兵褲
39113,神格游擊鎧靴
39114,神格治癒面罩
39115,神格治癒斗篷
39116,神格治癒護臂
39117,神格治癒打底褲
39118,神格治癒鎧鞋
39119,神格詠咒面罩
39120,神格詠咒斗篷
39121,神格詠咒護臂
39122,神格詠咒打底褲
39123,神格詠咒鎧鞋
39124,煬火寬刃劍
39125,煬火虎爪
39126,煬火戰斧
39127,煬火雙尖槍
39128,煬火騎兵弓
39129,煬火屠刀
39130,煬火斷頭劍
39131,煬火左輪槍
39132,煬火牧杖
39133,煬火法杖
39134,煬火魔導書
39135,煬火魔導典
39136,煬火黃道儀
39137,煬火武士刀
39138,煬火輕劍
39139,煬火槍刃
39140,煬火圓月輪
39141,煬火飛翼
39142,煬火鐮刀
39143,煬火步兵盾
39144,曼德維爾驚異長劍
39145,曼德維爾驚異指虎
39146,曼德維爾驚異戰斧
39147,曼德維爾驚異長槍
39148,曼德維爾驚異琴弓
39149,曼德維爾驚異匕首
39150,曼德維爾驚異雙手劍
39151,曼德維爾驚異左輪槍
39152,曼德維爾驚異牧杖
39153,曼德維爾驚異法杖
39154,曼德維爾驚異魔導書
39155,曼德維爾驚異魔導典
39156,曼德維爾驚異黃道儀
39157,曼德維爾驚異武士刀
39158,曼德維爾驚異刺劍
39159,曼德維爾驚異槍刃
39160,曼德維爾驚異圓月輪
39161,曼德維爾驚異蛇石針
39162,曼德維爾驚異鐮刀
39163,曼德維爾驚異鳶盾
39164,絕境歐米茄長劍
39165,絕境歐米茄拳套
39166,絕境歐米茄戰斧
39167,絕境歐米茄三尖槍
39168,絕境歐米茄長弓
39169,絕境歐米茄奪命鐮
39170,絕境歐米茄大劍
39171,絕境歐米茄短銃
39172,絕境歐米茄牧杖
39173,絕境歐米茄咒杖
39174,絕境歐米茄魔導書
39175,絕境歐米茄魔導典
39176,絕境歐米茄黃道儀
39177,絕境歐米茄武士刀
39178,絕境歐米茄小劍
39179,絕境歐米茄刺刀
39180,絕境歐米茄圓月輪
39181,絕境歐米茄飛翼
39182,絕境歐米茄扎戈斧鐮
39183,絕境歐米茄鳶盾
39184,正統鬥劍
39185,正統手柄刀
39186,正統斧
39187,正統游擊槍
39188,正統弓
39189,正統屠刀
39190,正統巨劍
39191,正統明火槍
39192,正統幻杖
39193,正統咒杖
39194,正統魔導書
39195,正統魔導典
39196,正統天星盤
39197,正統武士刀
39198,正統小劍
39199,正統魔機刃
39200,正統圓月輪
39201,正統飛翼
39202,正統奪命鐮
39203,正統盾
39204,高尚鬥劍
39205,高尚手柄刀
39206,高尚斧
39207,高尚游擊槍
39208,高尚弓
39209,高尚屠刀
39210,高尚巨劍
39211,高尚明火槍
39212,高尚幻杖
39213,高尚咒杖
39214,高尚魔導書
39215,高尚魔導典
39216,高尚天星盤
39217,高尚武士刀
39218,高尚小劍
39219,高尚魔機刃
39220,高尚圓月輪
39221,高尚飛翼
39222,高尚奪命鐮
39223,高尚盾
39224,無人島天然樹脂
39225,無人島椰子
39226,無人島蜂巢
39227,無人島木化石
39228,無人島色彩繽紛的花
39229,海島紅彩椒種子
39230,海島韭蔥種子
39231,海島紅彩椒
39232,海島韭蔥
39233,開拓用黑鐵手斧
39234,不定性海綿菇
39235,昇華海綿菇
39236,純淨樂園精油
39237,不定性無粒隕石
39238,昇華無粒隕石
39239,純淨火成精油
39240,葉草魚
39241,純淨碧洋精油
39242,家用獺獺噴泉組件
39243,家用獺獺噴泉金屬材料
39244,家用獺獺噴泉合成樹脂
39245,鳳凰英雄頭盔
39246,鳳凰英雄戰衣
39247,海島牧人頭飾
39248,海島牧人束腰衣
39249,海島牧人腕帶
39250,海島牧人打底褲
39251,海島牧人涼鞋
39252,海島假日遮陽帽
39253,海島假日襯衫
39254,海島假日腕環
39255,海島假日短打底褲
39256,海島假日涼鞋
39257,海島假日系結襯衫
39258,海島假日夏褲
39259,海島假日繩編涼鞋
39260,威望光之王冠
39261,威望光之鎧甲
39262,威望光之手鎧
39263,威望光之褲甲
39264,威望光之鎧靴
39265,威望洋蔥面具
39266,威望洋蔥之鎧
39267,威望洋蔥手鎧
39268,威望洋蔥垮褲
39269,威望洋蔥長靴
39270,威望風魔眼帶
39271,威望風魔之衣
39272,威望風魔手甲
39273,威望風魔之袴
39274,威望風魔纏足
39275,威望民謠王冠
39276,威望民謠護甲
39277,威望民謠手鎧
39278,威望民謠垮褲
39279,威望民謠長靴
39280,威望風魔眼帶·陰
39281,威望風魔之衣·陰
39282,威望風魔手甲·陰
39283,威望風魔之袴·陰
39284,威望風魔纏足·陰
39285,威望皇室王冠
39286,威望皇室背心
39287,威望皇室天光拳套
39288,威望皇室馬褲
39289,威望皇室皮靴
39290,威望深紅帽子
39291,威望深紅背心
39292,威望深紅天光拳套
39293,威望深紅馬褲
39294,威望深紅皮靴
39295,就學帽
39296,就學外套
39297,就學長褲
39298,就學皮鞋
39299,就學水手服
39300,就學水手短裙
39301,就學便鞋
39302,蓋亞服裝套裝
39303,魔導護耳
39304,魔導外套
39305,魔導指套
39306,魔導打底褲
39307,魔導短靴
39308,沙龍服務員帽
39309,沙龍服務員坎肩
39310,沙龍服務員手套
39311,沙龍服務員打底褲
39312,沙龍服務員皮鞋
39313,沙龍服務員禮服坎肩
39314,沙龍服務員禮服手套
39315,沙龍服務員長裙
39316,紅色牽牛花頭花
39317,藍色牽牛花頭花
39318,黃色牽牛花頭花
39319,綠色牽牛花頭花
39320,橙色牽牛花頭花
39321,紫色牽牛花頭花
39322,白色牽牛花頭花
39323,黑色牽牛花頭花
39324,混色牽牛花頭花
39325,柯基犬耳墜
39326,柯基犬圍巾
39327,兔兔族耳墜
39328,仙子豬耳墜
39329,曼德維爾長劍（複製品）
39330,曼德維爾指虎（複製品）
39331,曼德維爾戰斧（複製品）
39332,曼德維爾長槍（複製品）
39333,曼德維爾琴弓（複製品）
39334,曼德維爾匕首（複製品）
39335,曼德維爾雙手劍（複製品）
39336,曼德維爾左輪槍（複製品）
39337,曼德維爾牧杖（複製品）
39338,曼德維爾法杖（複製品）
39339,曼德維爾魔導書（複製品）
39340,曼德維爾魔導典（複製品）
39341,曼德維爾黃道儀（複製品）
39342,曼德維爾武士刀（複製品）
39343,曼德維爾刺劍（複製品）
39344,曼德維爾槍刃（複製品）
39345,曼德維爾圓月輪（複製品）
39346,曼德維爾蛇石針（複製品）
39347,曼德維爾鐮刀（複製品）
39348,曼德維爾鳶盾（複製品）
39349,開拓工坊珊瑚劍
39350,開拓工坊椰汁
39351,開拓工坊蜂蜜
39352,海島藍蛋白石
39353,開拓工坊乾燥花
39354,開拓工坊彩椒粉
39355,開拓工坊韭蔥洋蔥湯
39356,開拓工坊無人麵包
39357,開拓工坊新薯沙拉
39358,開拓工坊調味汁
39359,偽王面具
39360,偽王戰甲
39361,偽王手鎧
39362,偽王馬褲
39363,偽王鎧靴
39364,偽王裝備箱
39365,稀少虛構神典石
39366,煬火騎士武具（品級625）
39367,九宮幻卡：機關陰陽師&機關保鑣
39368,九宮幻卡：夢明威
39369,九宮幻卡：貓耳小員
39370,九宮幻卡：安登
39371,九宮幻卡：超威盧格
39372,九宮幻卡：蜜言妖
39373,九宮幻卡：梅茵菲娜
39374,九宮幻卡：凱納槽
39375,九宮幻卡：盧比坎特
39376,九宮幻卡：維涅斯
39377,
39378,簡易矮桌
39379,花藝鳥籠
39380,妖精門
39381,熱帶風情沙發
39382,炭火熨斗
39383,仙人掌盆栽
39384,東方彩繪玻璃窗
39385,古舊的咒術道具
39386,幽冥的沙漏
39387,古典水壺
39388,阿爾法式亞拉戈終端
39389,貝塔式亞拉戈終端
39390,烹飪玩具套裝
39391,拉拉菲爾座椅
39392,山岳隔離牆
39393,山岳隔板門
39394,山岳立柱
39395,青藍之手掛鐘
39396,彩虹躍動地墊
39397,兔兔族素材商人契約
39398,兔兔族雜用商人契約
39399,兔兔族修理工契約
39400,兔兔族傭人契約
39401,多彩懸掛壁燈
39402,多彩屏風
39403,多彩睡床
39404,多彩座椅
39405,多彩圓桌
39406,多彩桌燈
39407,多彩書櫃隔離牆
39408,多彩地毯
39409,水幕隔離牆
39410,火之天王的斗篷
39411,妖精圓桌
39412,布丁布丁
39413,驚奇百寶城氣球
39414,簡易水槽
39415,魔法景觀：水晶塔
39416,魔法景觀：兀爾德泉
39417,彩蛋狩獵的海報2024
39418,女兒節的海報2024
39419,樹籬隔離矮牆
39420,正統優雷卡展示台
39421,家用獺獺噴泉
39422,多彩燈柱
39423,簡易噴泉
39424,東方人力車
39425,賣檸檬水的攤位
39426,焦化葉小妖石窯
39427,石製花園圍牆
39428,五彩繽紛的花叢
39429,多彩內牆
39430,多彩地板
39431,多彩頂燈
39432,兔兔族玩偶
39433,特製戀人節旋轉掛飾
39434,特製彩蛋籃
39435,特製彩蛋狩獵旋轉掛飾
39436,第4賽季王者之證
39437,第4賽季勇者之證
39438,第4賽季獲獎者之證
39439,肖像教材：第4賽季王者
39440,肖像教材：第4賽季勇者
39441,肖像教材：第4賽季獲獎者
39442,肖像教材：第4賽季青銅
39443,肖像教材：第4賽季白銀
39444,肖像教材：第4賽季黃金
39445,肖像教材：第4賽季白金
39446,肖像教材：第4賽季鑽石
39447,肖像教材：第4賽季水晶
39448,第5賽季王者之證
39449,第5賽季勇者之證
39450,第5賽季獲獎者之證
39451,肖像教材：第5賽季王者
39452,肖像教材：第5賽季勇者
39453,肖像教材：第5賽季獲獎者
39454,肖像教材：第5賽季青銅
39455,肖像教材：第5賽季白銀
39456,肖像教材：第5賽季黃金
39457,肖像教材：第5賽季白金
39458,肖像教材：第5賽季鑽石
39459,肖像教材：第5賽季水晶
39460,牽牛花的種子
39461,紅色牽牛花
39462,藍色牽牛花
39463,黃色牽牛花
39464,綠色牽牛花
39465,橙色牽牛花
39466,紫色牽牛花
39467,白色牽牛花
39468,黑色牽牛花
39469,混色牽牛花
39470,煬火裝甲
39471,亞拉戈裝甲
39472,髮型樣式：薩雷安叛逆者
39473,髮型樣式：寸頭
39474,柯基犬
39475,天藍背魔鳥
39476,鈴小龍
39477,自走人偶媽媽
39478,凱納槽之形
39479,探明威
39480,私用棒槌樹
39481,迷你哈羅妮
39482,小火車
39483,迷你戈德伯特
39484,迷你艾多紐斯
39485,月面躍動機認證金鑰
39486,永恆角笛
39487,青磷氣球
39488,安登三世角笛
39489,黑傑克號啟動鑰匙
39490,法厄同角笛
39491,粉紅認證金鑰
39492,煬火猞猁魔笛
39493,魔導復仇者金色塗裝特製型認證金鑰
39494,克律索馬羅斯角笛
39495,海島短吻鱷角笛
39496,演技教材·魔術
39497,演技教材·公主之舞
39498,演技教材·通訊珠
39499,
39500,演技教材·嚇唬人
39501,魔法棱晶（沙狐頭）
39502,熱帶禮花筒
39503,貓耳小傘
39504,防雨系統
39505,高尚耳墜
39506,高尚項鍊
39507,高尚手環
39508,高尚戒指
39509,夜鶴髮束
39510,夜鶴胴著
39511,夜鶴襯裙
39512,夜鶴木屐
39513,夜鶴褌
39514,威望亞拉戈高位禦敵頭冠
39515,威望亞拉戈高位重長衣
39516,威望亞拉戈高位禦敵手鎧
39517,威望亞拉戈高位禦敵軟甲褲
39518,威望亞拉戈高位禦敵鎧靴
39519,威望亞拉戈高位制敵頭甲
39520,威望亞拉戈高位制敵胸甲
39521,威望亞拉戈高位制敵手鎧
39522,威望亞拉戈高位制敵軟甲褲
39523,威望亞拉戈高位制敵鎧靴
39524,威望亞拉戈高位強襲頭甲
39525,威望亞拉戈高位強襲胸甲
39526,威望亞拉戈高位強襲手鎧
39527,威望亞拉戈高位強襲軟甲褲
39528,威望亞拉戈高位強襲鎧靴
39529,威望亞拉戈高位精準口罩
39530,威望亞拉戈高位精準長衣
39531,威望亞拉戈高位精準手套
39532,威望亞拉戈高位精準馬褲
39533,威望亞拉戈高位精準筒靴
39534,威望亞拉戈高位游擊頭冠
39535,威望亞拉戈高位游擊胸甲
39536,威望亞拉戈高位游擊手鎧
39537,威望亞拉戈高位游擊喇叭褲
39538,威望亞拉戈高位游擊長靴
39539,威望亞拉戈高位治癒頭冠
39540,威望亞拉戈高位治癒長衣
39541,威望亞拉戈高位治癒手套
39542,威望亞拉戈高位治癒喇叭褲
39543,威望亞拉戈高位治癒長靴
39544,威望亞拉戈高位詠咒口罩
39545,威望亞拉戈高位詠咒長衣
39546,威望亞拉戈高位詠咒手套
39547,威望亞拉戈高位詠咒馬褲
39548,威望亞拉戈高位詠咒筒靴
39549,緋光寬刃劍
39550,緋光鋼拳
39551,緋光戰斧
39552,緋光游擊槍
39553,緋光戰弓
39554,緋光小刀
39555,緋光巨劍
39556,緋光刀鎖
39557,緋光牧杖
39558,緋光法杖
39559,緋光魔導書
39560,緋光魔導典
39561,緋光天儀
39562,緋光武士刀
39563,緋光重刺劍
39564,緋光鋸刃
39565,緋光圓月輪
39566,緋光盾
39567,緋光騎士武具
39568,歐米茄飛翼
39569,歐米茄扎戈斧鐮
39570,肖像教材：獵隼
39571,肖像教材：渡鴉
39572,肖像教材：仙子族
39573,肖像教材：奇塔利族
39574,肖像教材：矮人族
39575,肖像教材：悌陽象族
39576,肖像教材：兔兔族
39577,肖像教材：正統優雷卡
39578,肖像教材：海島假日
39579,肖像教材：海島追憶
39580,肖像教材：高尚
39581,
39582,陳舊的樂譜：魂火鑄就
39583,火之大妖異的寶珠
39584,煬火武器箱（品級625）
39585,古舊的咒術道具碎片
39586,青藍之手齒輪
39587,白花崗岩
39588,不祥裝甲板
39589,淨潔布
39590,驚奇補劑
39591,陳舊的蛇牛革地圖
39592,灼熱的火角
39593,陳舊的特殊地圖3
39594,管弦樂琴樂譜：與此同時　～野心蠢動～
39595,超強力膠
39596,管弦樂琴樂譜：魂火鑄就
39597,管弦樂琴樂譜：夢明旅人
39598,管弦樂琴樂譜：洞中青輝
39599,管弦樂琴樂譜：禁地優雷卡　～曉月～
39600,管弦樂琴樂譜：眾神的寵愛
39601,管弦樂琴樂譜：躍動的大地
39602,管弦樂琴樂譜：滿月之夜
39603,管弦樂琴樂譜：勝利的號角　～新生～
39604,管弦樂琴樂譜：險技
39605,管弦樂琴樂譜：古城牆內
39606,管弦樂琴樂譜：昔日的迴響
39607,管弦樂琴樂譜：極寒戰線
39608,管弦樂琴樂譜：守財奴的愚行
39609,管弦樂琴樂譜：落日遺跡
39610,管弦樂琴樂譜：神聖的教導
39611,管弦樂琴樂譜：進退
39612,管弦樂琴樂譜：啪啪呀降質版
39613,管弦樂琴樂譜：戰鬥1（FINAL FANTASY IV）
39614,管弦樂琴樂譜：掠奪者的財寶
39615,管弦樂琴樂譜：水晶雨
39616,管弦樂琴樂譜：極樂
39617,管弦樂琴樂譜：哀愁
39618,管弦樂琴樂譜：夢中的天空
39619,管弦樂琴樂譜：末路盡頭（交響樂版）
39620,管弦樂琴樂譜：生如歸流（交響樂版）
39621,蔽日的約定之錘
39622,漆黑的約定之錘
39623,荒蕪的約定之錘
39624,暗影的約定之錘
39625,靈極的約定之錘
39626,黃道的約定之錘
39627,幽暗的約定之錘
39628,約定之錘武器箱
39629,草人頭
39630,繼業者長劍
39631,繼業者指虎
39632,繼業者戰斧
39633,繼業者長槍
39634,繼業者複合弓
39635,繼業者左手劍
39636,繼業者巨劍
39637,繼業者左輪槍
39638,繼業者牧杖
39639,繼業者法杖
39640,繼業者魔導書
39641,繼業者魔導典
39642,繼業者天星盤
39643,繼業者武士刀
39644,繼業者小劍
39645,繼業者槍刃
39646,繼業者圓月輪
39647,繼業者飛翼
39648,繼業者扎戈斧鐮
39649,繼業者之盾
39650,繼業者禦敵頭帶
39651,繼業者禦敵短衣
39652,繼業者禦敵半指手套
39653,繼業者禦敵護膝褲
39654,繼業者禦敵矮靴
39655,繼業者制敵頭帶
39656,繼業者制敵短衣
39657,繼業者制敵半指手套
39658,繼業者制敵護膝褲
39659,繼業者制敵矮靴
39660,繼業者強襲頭帶
39661,繼業者強襲短衣
39662,繼業者強襲手套
39663,繼業者強襲打底褲
39664,繼業者強襲皮靴
39665,繼業者精準頭帶
39666,繼業者精準短衣
39667,繼業者精準半指手套
39668,繼業者精準護膝褲
39669,繼業者精準矮靴
39670,繼業者游擊頭帶
39671,繼業者游擊短衣
39672,繼業者游擊手套
39673,繼業者游擊打底褲
39674,繼業者游擊皮靴
39675,繼業者治癒貝雷帽
39676,繼業者治癒長衣
39677,繼業者治癒護臂
39678,繼業者治癒打底褲
39679,繼業者治癒矮靴
39680,繼業者詠咒貝雷帽
39681,繼業者詠咒長衣
39682,繼業者詠咒護臂
39683,繼業者詠咒打底褲
39684,繼業者詠咒矮靴
39685,繼業者禦敵耳墜
39686,繼業者強攻耳墜
39687,繼業者精準耳墜
39688,繼業者治癒耳墜
39689,繼業者詠咒耳墜
39690,繼業者禦敵項環
39691,繼業者強攻項環
39692,繼業者精準項環
39693,繼業者治癒項環
39694,繼業者詠咒項環
39695,繼業者禦敵手環
39696,繼業者強攻手環
39697,繼業者精準手環
39698,繼業者治癒手環
39699,繼業者詠咒手環
39700,繼業者禦敵盔甲戒指
39701,繼業者強攻盔甲戒指
39702,繼業者精準盔甲戒指
39703,繼業者治癒盔甲戒指
39704,繼業者詠咒盔甲戒指
39705,暗櫻原木
39706,軟銀礦
39707,紫鋰輝石原石
39708,磁赤鐵礦
39709,油菜花
39710,愛情花
39711,液體玻璃
39712,薩維奈助溶劑
39713,研磨油
39714,拉札漢棉布
39715,恐鱷的粗皮
39716,鍊金用純水
39717,暗櫻木材
39718,軟銀錠
39719,紫鋰輝石
39720,石榴紅棉布
39721,恐鱷鞣革
39722,8級剛力之幻水
39723,8級巧力之幻水
39724,8級耐力之幻水
39725,8級智力之幻水
39726,8級意力之幻水
39727,8級剛力之幻藥
39728,8級巧力之幻藥
39729,8級耐力之幻藥
39730,8級智力之幻藥
39731,8級意力之幻藥
39732,喬菈水晶手鋸
39733,喬菈水晶橫頭錘
39734,喬菈水晶圓頭錘
39735,喬菈水晶工藝錘
39736,喬菈水晶圓革刀
39737,喬菈水晶縫針
39738,喬菈水晶蒸餾器
39739,喬菈水晶煎鍋
39740,喬菈水晶十字鎬
39741,喬菈水晶手斧
39742,喬菈水晶釣竿
39743,喬菈卓絕手鋸
39744,喬菈卓絕橫頭錘
39745,喬菈卓絕圓頭錘
39746,喬菈卓絕工藝錘
39747,喬菈卓絕圓革刀
39748,喬菈卓絕縫針
39749,喬菈卓絕蒸餾器
39750,喬菈卓絕煎鍋
39751,喬菈卓絕十字鎬
39752,喬菈卓絕手斧
39753,喬菈卓絕釣竿
39754,水晶手鋸（複製品）
39755,水晶橫頭錘（複製品）
39756,水晶圓頭錘（複製品）
39757,水晶工藝錘（複製品）
39758,水晶圓革刀（複製品）
39759,水晶縫針（複製品）
39760,水晶蒸餾器（複製品）
39761,水晶煎鍋（複製品）
39762,水晶十字鎬（複製品）
39763,水晶手斧（複製品）
39764,水晶釣竿（複製品）
39765,卓越商會特選暗栗木木材
39766,卓越商會特選鉍金錠
39767,卓越商會特選鈷鐵板
39768,卓越商會特選靈青石材
39769,卓越商會特選綠飄龍革
39770,卓越商會特選疏水布
39771,卓越商會特選拉凱提卡幼苗
39772,卓越商會特選烏賊墨汁
39773,面向收藏家的畫框
39774,面向收藏家的武士刀
39775,面向收藏家的水族箱
39776,面向收藏家的輪刃
39777,面向收藏家的校園皮鞋
39778,面向收藏家的亞麻陽傘
39779,面向收藏家的莫古利綠雕
39780,面向收藏家的烏賊墨汁長棍麵包
39781,面向收藏家的書櫃
39782,面向收藏家的吊燈
39783,面向收藏家的紋章盾
39784,面向收藏家的虎爪
39785,面向收藏家的喝水碧企鵝
39786,面向收藏家的外套
39787,面向收藏家的植物隔離矮牆
39788,面向收藏家的黑色醬汁直麵
39789,卓越工具的第三次加工組件：木工
39790,卓越工具的第三次加工組件：鍛冶
39791,卓越工具的第三次加工組件：甲冑
39792,卓越工具的第三次加工組件：金工
39793,卓越工具的第三次加工組件：皮革
39794,卓越工具的第三次加工組件：裁縫
39795,卓越工具的第三次加工組件：鍊金
39796,卓越工具的第三次加工組件：烹調
39797,卓越工具的第四次加工組件：木工
39798,卓越工具的第四次加工組件：鍛冶
39799,卓越工具的第四次加工組件：甲冑
39800,卓越工具的第四次加工組件：金工
39801,卓越工具的第四次加工組件：皮革
39802,卓越工具的第四次加工組件：裁縫
39803,卓越工具的第四次加工組件：鍊金
39804,卓越工具的第四次加工組件：烹調
39805,面向收藏家的枯骨
39806,改良用的冰之水晶
39807,面向收藏家的仙果
39808,改良用的風之水晶
39809,黃遁魚
39810,得到寬恕的憂鬱
39811,面向收藏家的皇金礦
39812,改良用的雷之晶簇
39813,面向收藏家的丁香花
39814,改良用的土之晶簇
39815,油膜魚
39816,貢薩洛蛞蝓
39817,卓越工具的第三次加工靈砂：採掘
39818,卓越工具的第三次加工靈砂：園藝
39819,卓越工具長杆的第三次加工靈砂：捕魚
39820,卓越工具繞線輪的第三次加工靈砂：捕魚
39821,卓越工具的第四次加工精油：採掘
39822,卓越工具的第四次加工精油：園藝
39823,卓越工具長杆的第四次加工精油：捕魚
39824,卓越工具繞線輪的第四次加工精油：捕魚
39825,靈感手鋸
39826,靈感橫頭錘
39827,靈感圓頭錘
39828,靈感工藝錘
39829,靈感圓革刀
39830,靈感縫針
39831,靈感蒸餾器
39832,靈感平底鍋
39833,靈感十字鎬
39834,靈感手斧
39835,靈感釣竿
39836,靈感羊角錘
39837,靈感銼刀
39838,靈感手鉗
39839,靈感砂輪機
39840,靈感平斬
39841,靈感紡車
39842,靈感研缽
39843,靈感廚刀
39844,靈感碎石錘
39845,靈感園藝鐮
39846,靈感巧匠工作帽
39847,靈感巧匠工作衫
39848,靈感巧匠半指手套
39849,靈感巧匠騎兵褲
39850,靈感巧匠工作靴
39851,靈感大地狩獵帽
39852,靈感大地外套
39853,靈感大地半指手套
39854,靈感大地及膝褲
39855,靈感大地矮靴
39856,靈感巧匠耳環
39857,靈感巧匠項鍊
39858,靈感巧匠手鐲
39859,靈感巧匠戒指
39860,靈感大地耳環
39861,靈感大地項鍊
39862,靈感大地手環
39863,靈感大地戒指
39864,火龍果
39865,暗色茄子
39866,高級孜然
39867,鱘魚
39868,球形甘藍
39869,蜜浸火龍果
39870,火龍果果昔
39871,茄泥醬
39872,燒烤暗色茄子
39873,宇宙香辣湯
39874,窯烤盜龍腿
39875,魚子醬三明治
39876,魚子醬佐小餅乾
39877,淺醃球形甘藍
39878,球形甘藍燉菜
39879,黑瑪瑙刀背魚
39880,塔門監兵
39881,首領矛齒鯨
39882,噬炎者
39883,金光皮頦鱵
39884,六根山遺物
39885,紫州通寶
39886,六根山書籍
39887,無人島石炭
39888,無人島堆積岩
39889,無人島燈火茸
39890,無人島大理石
39891,無人島靈銀礦
39892,無人島氣泡水
39893,無人島幻影石
39894,無人島長臂蝦
39895,海島花豆的豆子
39896,海島紅菜的種子
39897,海島茄子的種子
39898,海島櫛瓜的種子
39899,海島花豆
39900,海島紅菜
39901,海島茄子
39902,海島櫛瓜
39903,開拓用鋼錘
39904,魔法人偶用碎岩設備
39905,空前絕後級魔法人偶用開拓設備
39906,不定性訶子葉
39907,昇華訶子葉
39908,熟成樂園精油
39909,不定性綠片岩
39910,昇華綠片岩
39911,熟成火成精油
39912,戰女神之聖盾
39913,熟成碧洋精油
39914,船景跳跳樂建造用組件
39915,船景跳跳樂建造用金屬材料
39916,船景跳跳樂建造用合成樹脂
39917,船景跳跳樂建造許可證書
39918,陳舊的特殊地圖4
39919,稀少外典神典石
39920,曼德維爾威嚴之劍
39921,曼德維爾威嚴之拳
39922,曼德維爾威嚴巨斧
39923,曼德維爾威嚴長槍
39924,曼德維爾威嚴琴弓
39925,曼德維爾威嚴匕首
39926,曼德維爾威嚴巨劍
39927,曼德維爾威嚴手槍
39928,曼德維爾威嚴幻杖
39929,曼德維爾威嚴咒杖
39930,曼德維爾威嚴魔導書
39931,曼德維爾威嚴魔導典
39932,曼德維爾威嚴太陽儀
39933,曼德維爾威嚴武士刀
39934,曼德維爾威嚴重刺劍
39935,曼德維爾威嚴刺刀
39936,曼德維爾威嚴圓月輪
39937,曼德維爾威嚴飛翼
39938,曼德維爾威嚴戰鐮
39939,曼德維爾威嚴盾
39940,虛無彎刃刀
39941,虛無利爪
39942,虛無雙刃斧
39943,虛無騎槍
39944,虛無騎兵弓
39945,虛無匕首
39946,虛無巨劍
39947,虛無明火槍
39948,虛無牧杖
39949,虛無法杖
39950,虛無魔導書
39951,虛無魔導典
39952,虛無黃道儀
39953,虛無武士刀
39954,虛無刺劍
39955,虛無刺刀
39956,虛無圓月輪
39957,虛無飛翼
39958,虛無戰鐮
39959,虛無鳶盾
39960,荒天禦敵護面
39961,荒天禦敵戰鎧
39962,荒天禦敵手鎧
39963,荒天禦敵騎兵褲
39964,荒天禦敵鎖甲靴
39965,荒天制敵護面
39966,荒天制敵戰鎧
39967,荒天制敵手鎧
39968,荒天制敵騎兵褲
39969,荒天制敵鎖甲靴
39970,荒天強襲狩獵帽
39971,荒天強襲斗篷
39972,荒天強襲手套
39973,荒天強襲騎兵褲
39974,荒天強襲鎧靴
39975,荒天精準狩獵帽
39976,荒天精準斗篷
39977,荒天精準護臂
39978,荒天精準騎兵褲
39979,荒天精準鎧靴
39980,荒天游擊狩獵帽
39981,荒天游擊斗篷
39982,荒天游擊手套
39983,荒天游擊騎兵褲
39984,荒天游擊鎧靴
39985,荒天治癒包頭巾
39986,荒天治癒長袍
39987,荒天治癒腕套
39988,荒天治癒長裙
39989,荒天治癒涼鞋
39990,荒天詠咒包頭巾
39991,荒天詠咒長袍
39992,荒天詠咒手套
39993,荒天詠咒長裙
39994,荒天詠咒涼鞋
39995,荒天禦敵耳墜
39996,荒天強攻耳墜
39997,荒天精準耳墜
39998,荒天治癒耳墜
39999,荒天詠咒耳墜
40000,荒天禦敵項鍊
40001,荒天強攻項鍊
40002,荒天精準項鍊
40003,荒天治癒項鍊
40004,荒天詠咒項鍊
40005,荒天禦敵手鐲
40006,荒天強攻手鐲
40007,荒天精準手鐲
40008,荒天治癒手鐲
40009,荒天詠咒手鐲
40010,荒天禦敵指環
40011,荒天強攻戒指
40012,荒天精準指環
40013,荒天治癒指環
40014,荒天詠咒指環
40015,北極星刺
40016,龍鬚拳
40017,碎石怒環
40018,狼
40019,青鳥之巢
40020,忍者菜刀
40021,浴血被提
40022,勝利屬於人民
40023,弦月玉兔
40024,邪焰冥燈
40025,百合中的相遇
40026,仙女迷戀
40027,觀星者
40028,彼岸此岸
40029,燈火手杖
40030,地獄三頭犬之牙
40031,雙月
40032,美麗的樹枝
40033,化身之鐮
40034,艦盾
40035,信條禦敵頭冠
40036,信條禦敵胸甲
40037,信條禦敵手鎧
40038,信條禦敵馬褲
40039,信條禦敵鎖甲靴
40040,信條制敵頭冠
40041,信條制敵胸甲
40042,信條制敵手鎧
40043,信條制敵馬褲
40044,信條制敵鎖甲靴
40045,信條強襲眼罩
40046,信條強襲護甲
40047,信條強襲護臂
40048,信條強襲軟甲褲
40049,信條強襲長靴
40050,信條精準狩獵帽
40051,信條精準戰鎧
40052,信條精準半指手套
40053,信條精準騎兵褲
40054,信條精準短靴
40055,信條游擊眼罩
40056,信條游擊護甲
40057,信條游擊護臂
40058,信條游擊軟甲褲
40059,信條游擊長靴
40060,信條治癒頭冠
40061,信條治癒戰甲
40062,信條治癒手鎧
40063,信條治癒騎兵褲
40064,信條治癒鎖甲靴
40065,信條詠咒頭冠
40066,信條詠咒戰甲
40067,信條詠咒手鎧
40068,信條詠咒騎兵褲
40069,信條詠咒鎖甲靴
40070,信條禦敵耳墜
40071,信條強攻耳墜
40072,信條精準耳墜
40073,信條治癒耳墜
40074,信條詠咒耳墜
40075,信條禦敵項鍊
40076,信條強攻項鍊
40077,信條精準項鍊
40078,信條治癒項鍊
40079,信條詠咒項鍊
40080,信條禦敵手鐲
40081,信條強攻手鐲
40082,信條精準手鐲
40083,信條治癒手鐲
40084,信條詠咒手鐲
40085,信條禦敵指環
40086,信條強攻戒指
40087,信條精準指環
40088,信條治癒指環
40089,信條詠咒指環
40090,改良型北極星刺
40091,改良型龍鬚拳
40092,改良型碎石怒環
40093,改良型狼
40094,改良型青鳥之巢
40095,改良型忍者菜刀
40096,改良型浴血被提
40097,改良型勝利屬於人民
40098,改良型弦月玉兔
40099,改良型邪焰冥燈
40100,改良型百合中的相遇
40101,改良型仙女迷戀
40102,改良型觀星者
40103,改良型彼岸此岸
40104,改良型燈火手杖
40105,改良型地獄三頭犬之牙
40106,改良型雙月
40107,改良型美麗的樹枝
40108,改良型化身之鐮
40109,改良型艦盾
40110,改良型信條禦敵頭冠
40111,改良型信條禦敵胸甲
40112,改良型信條禦敵手鎧
40113,改良型信條禦敵馬褲
40114,改良型信條禦敵鎖甲靴
40115,改良型信條制敵頭冠
40116,改良型信條制敵胸甲
40117,改良型信條制敵手鎧
40118,改良型信條制敵馬褲
40119,改良型信條制敵鎖甲靴
40120,改良型信條強襲眼罩
40121,改良型信條強襲護甲
40122,改良型信條強襲護臂
40123,改良型信條強襲軟甲褲
40124,改良型信條強襲長靴
40125,改良型信條精準狩獵帽
40126,改良型信條精準戰鎧
40127,改良型信條精準半指手套
40128,改良型信條精準騎兵褲
40129,改良型信條精準短靴
40130,改良型信條游擊眼罩
40131,改良型信條游擊護甲
40132,改良型信條游擊護臂
40133,改良型信條游擊軟甲褲
40134,改良型信條游擊長靴
40135,改良型信條治癒頭冠
40136,改良型信條治癒戰甲
40137,改良型信條治癒手鎧
40138,改良型信條治癒騎兵褲
40139,改良型信條治癒鎖甲靴
40140,改良型信條詠咒頭冠
40141,改良型信條詠咒戰甲
40142,改良型信條詠咒手鎧
40143,改良型信條詠咒騎兵褲
40144,改良型信條詠咒鎖甲靴
40145,改良型信條禦敵耳墜
40146,改良型信條強攻耳墜
40147,改良型信條精準耳墜
40148,改良型信條治癒耳墜
40149,改良型信條詠咒耳墜
40150,改良型信條禦敵項鍊
40151,改良型信條強攻項鍊
40152,改良型信條精準項鍊
40153,改良型信條治癒項鍊
40154,改良型信條詠咒項鍊
40155,改良型信條禦敵手鐲
40156,改良型信條強攻手鐲
40157,改良型信條精準手鐲
40158,改良型信條治癒手鐲
40159,改良型信條詠咒手鐲
40160,改良型信條禦敵指環
40161,改良型信條強攻戒指
40162,改良型信條精準指環
40163,改良型信條治癒指環
40164,改良型信條詠咒指環
40165,成神之劍
40166,成神之拳
40167,成神之巨斧
40168,成神之三尖槍
40169,成神之琴弓
40170,成神之匕首
40171,成神之巨劍
40172,成神之刀鎖
40173,成神之牧杖
40174,成神之法杖
40175,成神之書
40176,成神之典
40177,成神之天星盤
40178,成神之武士刀
40179,成神之花劍
40180,成神之刺刀
40181,成神之戰輪
40182,成神之飛翼
40183,成神之戰鐮
40184,成神之鳶盾
40185,成神之禦敵護面
40186,成神之禦敵戰鎧
40187,成神之禦敵手鎧
40188,成神之禦敵騎兵褲
40189,成神之禦敵鎖甲靴
40190,成神之制敵護面
40191,成神之制敵戰鎧
40192,成神之制敵手鎧
40193,成神之制敵騎兵褲
40194,成神之制敵鎖甲靴
40195,成神之強襲狩獵帽
40196,成神之強襲斗篷
40197,成神之強襲手套
40198,成神之強襲騎兵褲
40199,成神之強襲鎧靴
40200,成神之精準狩獵帽
40201,成神之精準斗篷
40202,成神之精準護臂
40203,成神之精準騎兵褲
40204,成神之精準鎧靴
40205,成神之游擊狩獵帽
40206,成神之游擊斗篷
40207,成神之游擊手套
40208,成神之游擊騎兵褲
40209,成神之游擊鎧靴
40210,成神之治癒包頭巾
40211,成神之治癒長袍
40212,成神之治癒腕套
40213,成神之治癒長裙
40214,成神之治癒涼鞋
40215,成神之詠咒包頭巾
40216,成神之詠咒長袍
40217,成神之詠咒手套
40218,成神之詠咒長裙
40219,成神之詠咒涼鞋
40220,成神之禦敵耳墜
40221,成神之強攻耳墜
40222,成神之精準耳墜
40223,成神之治癒耳墜
40224,成神之詠咒耳墜
40225,成神之禦敵項鍊
40226,成神之強攻項鍊
40227,成神之精準項鍊
40228,成神之治癒項鍊
40229,成神之詠咒項鍊
40230,成神之禦敵手鐲
40231,成神之強攻手鐲
40232,成神之精準手鐲
40233,成神之治癒手鐲
40234,成神之詠咒手鐲
40235,成神之禦敵指環
40236,成神之強攻戒指
40237,成神之精準指環
40238,成神之治癒指環
40239,成神之詠咒指環
40240,間隔禦敵頭盔
40241,間隔禦敵胸甲
40242,間隔禦敵手鎧
40243,間隔禦敵馬褲
40244,間隔禦敵鎖甲靴
40245,間隔制敵頭盔
40246,間隔制敵胸甲
40247,間隔制敵手鎧
40248,間隔制敵馬褲
40249,間隔制敵鎖甲靴
40250,間隔強襲假面
40251,間隔強襲鱗甲
40252,間隔強襲手套
40253,間隔強襲打底褲
40254,間隔強襲脛甲
40255,間隔精準禮帽
40256,間隔精準長衣
40257,間隔精準手套
40258,間隔精準馬褲
40259,間隔精準脛甲
40260,間隔游擊面具
40261,間隔游擊鱗甲
40262,間隔游擊手套
40263,間隔游擊打底褲
40264,間隔游擊脛甲
40265,間隔治癒兜帽
40266,間隔治癒鱗甲
40267,間隔治癒護臂
40268,間隔治癒馬褲
40269,間隔治癒脛甲
40270,間隔詠咒兜帽
40271,間隔詠咒鱗甲
40272,間隔詠咒護臂
40273,間隔詠咒馬褲
40274,間隔詠咒脛甲
40275,間隔禦敵耳墜
40276,間隔強攻耳墜
40277,間隔精準耳墜
40278,間隔治癒耳墜
40279,間隔詠咒耳墜
40280,間隔禦敵項環
40281,間隔強攻項環
40282,間隔精準項環
40283,間隔治癒項環
40284,間隔詠咒項環
40285,間隔禦敵手環
40286,間隔強攻手環
40287,間隔精準手環
40288,間隔治癒手環
40289,間隔詠咒手環
40290,間隔禦敵指環
40291,間隔強攻指環
40292,間隔精準指環
40293,間隔治癒指環
40294,間隔詠咒指環
40295,虛無大妖異圖騰
40296,虛無武器箱（品級645）
40297,腐朽的荒天頭盔
40298,腐朽的荒天鎧甲
40299,腐朽的荒天手鎧
40300,腐朽的荒天長褲
40301,腐朽的荒天鎖甲靴
40302,腐朽的荒天飾品
40303,第1頁荒天的斷章
40304,第2頁荒天的斷章
40305,第3頁荒天的斷章
40306,第4頁荒天的斷章
40307,成神武器箱（品級665）
40308,成神頭部裝備箱（品級660）
40309,成神身體裝備箱（品級660）
40310,成神手臂裝備箱（品級660）
40311,成神腿部裝備箱（品級660）
40312,成神腳部裝備箱（品級660）
40313,成神耳部裝備箱（品級660）
40314,成神頸部裝備箱（品級660）
40315,成神腕部裝備箱（品級660）
40316,成神指環裝備箱（品級660）
40317,腐朽的荒天長劍
40318,至天強化藥
40319,至天強化纖維
40320,至天硬化藥
40321,極密型神典石
40322,稀少無球粒隕石
40323,曼德維爾驚異長劍（複製品）
40324,曼德維爾驚異指虎（複製品）
40325,曼德維爾驚異戰斧（複製品）
40326,曼德維爾驚異長槍（複製品）
40327,曼德維爾驚異琴弓（複製品）
40328,曼德維爾驚異匕首（複製品）
40329,曼德維爾驚異雙手劍（複製品）
40330,曼德維爾驚異左輪槍（複製品）
40331,曼德維爾驚異牧杖（複製品）
40332,曼德維爾驚異法杖（複製品）
40333,曼德維爾驚異魔導書（複製品）
40334,曼德維爾驚異魔導典（複製品）
40335,曼德維爾驚異黃道儀（複製品）
40336,曼德維爾驚異武士刀（複製品）
40337,曼德維爾驚異刺劍（複製品）
40338,曼德維爾驚異槍刃（複製品）
40339,曼德維爾驚異圓月輪（複製品）
40340,曼德維爾驚異蛇石針（複製品）
40341,曼德維爾驚異鐮刀（複製品）
40342,曼德維爾驚異鳶盾（複製品）
40343,虛無騎士武具（品級645）
40344,成神騎士武具（品級665）
40345,青瞳
40346,幻影禮帽
40347,幻影長袍
40348,幻影手套
40349,幻影長褲
40350,幻影皮鞋
40351,幻影沙丁魚耳墜
40352,幻影沙丁魚項鍊
40353,幻影沙丁魚手鏈
40354,幻影沙丁魚戒指
40355,幻影裝備箱（品級530）
40356,演技教材·威光降臨
40357,演技教材·雀躍
40358,演技教材·手撫胸
40359,演技教材·聲援小白
40360,演技教材·聲援小紫
40361,演技教材·聲援小綠
40362,
40363,演技教材·比對文獻
40364,幻象玫瑰色眼鏡
40365,付喪神油紙傘
40366,監工小員傘
40367,高貝扎裝甲
40368,貓耳裝甲
40369,海鸚
40370,滄小龍
40371,送行提燈
40372,蒸氣飛空獺獺
40373,紅電氣石武器
40374,黑小猩
40375,驚奇炸藥仔
40376,小呂薩
40377,忍犬白丸
40378,忍犬黑丸
40379,迷你雅典娜
40380,迷你巴爾巴莉希亞
40381,遮光器土偶
40382,海島水牛角笛
40383,旅行協助機認證金鑰
40384,加隆德GL-IS鑰匙
40385,巨型鈍口螈角笛
40386,新生鳳凰角笛
40387,蕩悠悠笛
40388,獅子王子魔笛
40389,影之角笛
40390,魔法兒童床
40391,暗影猞猁魔笛
40392,魔法棱晶（鬼火）
40393,海洋禮花筒
40394,魔法棱晶（兔兔頭）
40395,紅色菊花頭花
40396,藍色菊花頭花
40397,黃色菊花頭花
40398,綠色菊花頭花
40399,橙色菊花頭花
40400,紫色菊花頭花
40401,白色菊花頭花
40402,黑色菊花頭花
40403,混色菊花頭花
40404,樸素寢室眼罩
40405,樸素寢室襯衫
40406,樸素寢室打底褲
40407,樸素寢室拖鞋
40408,仙人掌寢室眼罩
40409,仙人掌寢室襯衫
40410,仙人掌寢室打底褲
40411,仙人掌寢室拖鞋
40412,陸行鳥寢室眼罩
40413,陸行鳥寢室襯衫
40414,陸行鳥寢室打底褲
40415,陸行鳥寢室拖鞋
40416,正統聖人帽
40417,正統聖人短袍
40418,正統聖人手套
40419,正統聖人打底褲
40420,正統聖人長靴
40421,領主貝雷帽
40422,領主皮衣
40423,領主手套
40424,領主馬褲
40425,領主長靴
40426,男爵禮帽
40427,男爵外套
40428,男爵護腕
40429,男爵及膝褲
40430,男爵長靴
40431,海島度假草帽
40432,海島度假襯衫
40433,海島度假手錶
40434,海島度假長褲
40435,海島度假繩編涼鞋
40436,
40437,
40438,
40439,
40440,
40441,紫州武人烏帽子
40442,紫州武人直垂
40443,紫州武人切袴
40444,紫州緒太草履
40445,紫州御前髮簪
40446,紫州御前小袿
40447,紫州御前袴
40448,冰心長袍
40449,冰心護臂
40450,冰心打底褲
40451,冰心高筒靴
40452,
40453,
40454,
40455,
40456,改良型煉獄獵犬戰鎬
40457,改良型煉獄獵犬利爪
40458,改良型煉獄獵犬戰斧
40459,改良型煉獄獵犬長槍
40460,改良型煉獄獵犬長弓
40461,改良型煉獄獵犬破刃刀
40462,改良型煉獄獵犬大彎刀
40463,改良型煉獄獵犬手槍
40464,改良型煉獄獵犬牧杖
40465,改良型煉獄獵犬長杖
40466,改良型煉獄獵犬魔導書
40467,改良型煉獄獵犬魔導典
40468,改良型煉獄獵犬天星盤
40469,改良型煉獄獵犬武士刀
40470,改良型煉獄獵犬穿甲劍
40471,改良型煉獄獵犬槍刃
40472,改良型煉獄獵犬圓月輪
40473,改良型煉獄獵犬振空擺
40474,改良型煉獄獵犬鐮刀
40475,改良型煉獄獵犬鳶盾
40476,紳魔道士的傘
40477,天青圖騰·魔法吐息
40478,天青圖騰·力場
40479,表彰水晶
40480,肖像教材：第6賽季王者
40481,肖像教材：第6賽季勇者
40482,肖像教材：第6賽季獲獎者
40483,肖像教材：第6賽季水晶
40484,肖像教材：第6賽季鑽石
40485,肖像教材：第6賽季白金
40486,肖像教材：第6賽季黃金
40487,肖像教材：第6賽季白銀
40488,肖像教材：第6賽季青銅
40489,肖像教材：第7賽季王者
40490,肖像教材：第7賽季勇者
40491,肖像教材：第7賽季獲獎者
40492,肖像教材：第7賽季水晶
40493,肖像教材：第7賽季鑽石
40494,肖像教材：第7賽季白金
40495,肖像教材：第7賽季黃金
40496,肖像教材：第7賽季白銀
40497,肖像教材：第7賽季青銅
40498,肖像教材：東方荒魂
40499,肖像教材：東方和魂
40500,肖像教材：時代的終結
40501,肖像教材：10周年紀念
40502,肖像教材：甲人族
40503,肖像教材：阿難陀族
40504,肖像教材：鯰魚精族
40505,肖像教材：青魔道士
40506,肖像教材：海釣愛好者
40507,肖像教材：願者上鉤
40508,肖像教材：運籌帷幄
40509,肖像教材：六根山
40510,第6賽季王者之證
40511,第6賽季勇者之證
40512,第6賽季獲獎者之證
40513,第7賽季王者之證
40514,第7賽季勇者之證
40515,第7賽季獲獎者之證
40516,2024年度水晶衝突區域錦標賽冠軍之證
40517,2023年度水晶衝突區域錦標賽冠軍之證
40518,2023年度水晶衝突區域錦標賽冠軍之證
40519,2024年度水晶衝突區域錦標賽晉級決賽之證
40520,2024年度水晶衝突區域錦標賽突破預選之證
40521,粉紅蝦
40522,賽蓮貽貝
40523,箭頭烏賊
40524,深影沙丁魚
40525,賽蓮鯔魚
40526,海妖魨
40527,詩人的笛子
40528,海中象魔
40529,幻光腔棘魚
40530,幽暗鯊
40531,人魚之鱗
40532,寬頭烏賊
40533,鮮艷粉紅蝦
40534,潛底腔棘魚
40535,賽蓮的嘆息
40536,黑色旋齒鯊
40537,偽裝章魚
40538,翠玉蝦
40539,妮美雅的紡車
40540,塔尼瓦
40541,黃金鯡
40542,漩渦螺
40543,斑紋蝦
40544,槍烏賊
40545,提燈水母
40546,斑紋龍
40547,揚旗鰕虎
40548,鼠鯊
40549,幻海求仙
40550,水引魚
40551,小判鯙
40552,寶彩蝦
40553,毒平鰺
40554,劍烏賊
40555,裝甲魚
40556,韋駝天飛魚
40557,龍捲螺
40558,捷疾鬼
40559,犁頭魟
40560,琉璃龍
40561,深紅巨藻
40562,暗礁烏賊
40563,松皮鰈魚
40564,羽衣鱔
40565,紫水鰕虎
40566,三番叟
40567,馬龍蝦
40568,蒼玉仁王
40569,幻海大蛇
40570,天之虎
40571,芭蕉烏賊
40572,弓馬龍蝦
40573,黑齒海參
40574,仙貝章魚
40575,食蛸鯊
40576,龜甲糰子魚
40577,黃菖蒲
40578,紅玉仁王
40579,巨型真魷
40580,獄之蟹
40581,平鏟鯽魚
40582,加雷馬藍鰓太陽魚
40583,延夏鱉
40584,公主鮭
40585,墨鱗魚
40586,無二蝦
40587,錦鯉
40588,延夏蝶鱘
40589,幻海骨舌魚
40590,茂鯊
40591,玄水蝦
40592,夜刀神
40593,蒼鷺鰻
40594,烏貝
40595,無二鰕虎
40596,彩虹鱒
40597,返祖鯰魚精
40598,無二鱷
40599,銀鱗五色
40600,梅泉寶龜
40601,髮型樣式：雜亂中長髮
40602,九宮幻卡：妖怪提燈
40603,九宮幻卡：鐵鼠豪雷
40604,九宮幻卡：怨靈猛虎
40605,九宮幻卡：八足巨妖
40606,九宮幻卡：原型卡邦庫爾
40607,九宮幻卡：金德爾
40608,九宮幻卡：獅子王
40609,九宮幻卡：特彌斯
40610,九宮幻卡：煙煙羅
40611,九宮幻卡：高貝扎
40612,九宮幻卡：雅典娜
40613,華美型繼業者禦敵短衣
40614,華美型繼業者制敵短衣
40615,華美型繼業者強襲短衣
40616,華美型繼業者精準短衣
40617,華美型繼業者游擊短衣
40618,華美型繼業者治癒長衣
40619,華美型繼業者詠咒長衣
40620,監視者之館內牆
40621,監視者之館地板
40622,監視者之館頂燈
40623,園藝師工作桌
40624,仿製簾窗
40625,什錦餅乾
40626,園藝蠟燭擺件
40627,謝爾達萊盆栽
40628,甲文明椅子
40629,經典桌面檯燈
40630,仿製月光窗
40631,金屬管置物架
40632,蒸籠燒賣
40633,煎餃
40634,懸掛廚房櫃
40635,魔法景觀：碧藍天空
40636,魔法景觀：漫天星空
40637,熱帶風情獨立式吊床
40638,經典桌上餐具
40639,經典雨傘架
40640,鄉村原木桌
40641,鄉村原木座椅
40642,散落的書籍
40643,老式邊桌
40644,短柱書架
40645,仿製金庫
40646,常青藤吊燈
40647,水晶都吊墜壁燈
40648,魚竿架
40649,東方室內竹景噴泉
40650,仙人掌種群盆景
40651,翠綠木柱
40652,熱帶風情隔離牆
40653,大鎧飾
40654,東方篝火
40655,仿製關閉的門
40656,壁掛式鍋架
40657,自助酒桶
40658,古典書桌
40659,自然原木隔離矮牆
40660,維爾利特的肖像畫
40661,斯卡米留尼之劍展示台
40662,凶水四天王像
40663,黃昏之劍展示台
40664,新生祭宣傳海報
40665,壁掛式血蝙蝠裝飾
40666,
40667,戀人節心形椅
40668,
40669,
40670,
40671,海島庭園圍欄
40672,海島陽傘桌
40673,海島庭園木椅
40674,鐵路枕木
40675,庭院小溪
40676,分層臺階式蘑菇燈
40677,陸行鳥照明灌木
40678,鄉村鞦韆雙人長椅
40679,裝飾噴泉
40680,破損花缽
40681,井泵
40682,常青藤遮陽棚木製平臺
40683,珀犬石像
40684,石燈籠
40685,基樁石燈籠
40686,菊花種子
40687,紅色菊花
40688,藍色菊花
40689,黃色菊花
40690,綠色菊花
40691,橙色菊花
40692,紫色菊花
40693,白色菊花
40694,黑色菊花
40695,混色菊花
40696,古舊連接管
40697,綠柄桑木木材
40698,佈滿苔蘚的圓木
40699,壞掉的邊桌
40700,輕柔棉布
40701,管弦樂琴樂譜：另一個月亮　～曉月～
40702,陳舊的樂譜：虛無界的救贖者
40703,管弦樂琴樂譜：虛無界的救贖者
40704,管弦樂琴樂譜：清涼的洞窟
40705,管弦樂琴樂譜：新生的大地
40706,管弦樂琴樂譜：星球的嘆息
40707,管弦樂琴樂譜：紅色山棱
40708,管弦樂琴樂譜：疲憊不堪
40709,管弦樂琴樂譜：轉瞬即逝
40710,管弦樂琴樂譜：不倦之人雅典娜
40711,管弦樂琴樂譜：阿爾蒂瑪完美形態　～曉月～
40712,管弦樂琴樂譜：戰鬥2（FINAL FANTASY III）
40713,管弦樂琴樂譜：邊境亂戰
40714,管弦樂琴樂譜：險惡
40715,管弦樂琴樂譜：思維迷路
40716,管弦樂琴樂譜：英雄凱旋
40717,管弦樂琴樂譜：混沌的預感
40718,管弦樂琴樂譜：軍略
40719,管弦樂琴樂譜：破滅
40720,管弦樂琴樂譜：奸計
40721,管弦樂琴樂譜：恬靜一刻
40722,管弦樂琴樂譜：獻上我的靈魂
40723,管弦樂琴樂譜：隕石
40724,
40725,管弦樂琴樂譜：漆黑使者（交響樂版）
40726,管弦樂琴樂譜：呼喚終結之神（交響樂版）
40727,管弦樂琴樂譜：你的答案（交響樂版）
40728,管弦樂琴樂譜：近在天邊（交響樂版）
40729,管弦樂琴樂譜：終結之戰（交響樂版）
40730,管弦樂琴樂譜：堅不可摧（脈動電音）
40731,管弦樂琴樂譜：平衡（脈動電音）
40732,管弦樂琴樂譜：陰謀美計（脈動電音）
40733,管弦樂琴樂譜：偉大的母港（脈動電音）
40734,管弦樂琴樂譜：一瞬千里（脈動電音）
40735,
40736,
40737,
40738,
40739,
40740,海島暖爐
40741,海島提燈
40742,開拓工坊泡鹼
40743,開拓工坊五海雜燴湯
40744,開拓工坊化石標本
40745,海島浴缸
40746,海島眼鏡
40747,開拓工坊隔熱玻璃
40748,開拓工坊煎紅花菜豆
40749,開拓工坊紅菜湯
40750,海島僧厥鑲茄子
40751,開拓工坊醃櫛瓜
40752,大妖異的黑鎧碎片
40753,土之大妖異的寶珠
40754,水之大妖異的寶珠
40755,管弦樂琴樂譜：天降之絨
40756,紫州靈石
40757,青龍雕像
40758,朱雀雕像
40759,特製嶄新的冒險海報
40760,特製禁斷的記憶海報
40761,特製天之祝祭，地之鳴動海報
40762,特製負罪的王座海報
40763,複製原畫«曉月群像»
40764,特製夏日篝火
40765,虛月禦敵頭冠
40766,虛月禦敵大衣
40767,虛月禦敵手鎧
40768,虛月禦敵騎兵褲
40769,虛月禦敵鎧靴
40770,虛月制敵頭冠
40771,虛月制敵鏈甲
40772,虛月制敵手鎧
40773,虛月制敵騎兵褲
40774,虛月制敵鎧靴
40775,虛月強襲兜帽
40776,虛月強襲上裝
40777,虛月強襲護臂
40778,虛月強襲打底褲
40779,虛月強襲長靴
40780,虛月精準兜帽
40781,虛月精準上裝
40782,虛月精準護臂
40783,虛月精準打底褲
40784,虛月精準長靴
40785,虛月游擊兜帽
40786,虛月游擊上裝
40787,虛月游擊護臂
40788,虛月游擊打底褲
40789,虛月游擊長靴
40790,虛月治癒頭冠
40791,虛月治癒大衣
40792,虛月治癒手套
40793,虛月治癒騎兵褲
40794,虛月治癒短靴
40795,虛月詠咒寬邊帽
40796,虛月詠咒大衣
40797,虛月詠咒手套
40798,虛月詠咒騎兵褲
40799,虛月詠咒短靴
40800,虛月禦敵耳夾
40801,虛月強攻耳夾
40802,虛月精準耳夾
40803,虛月治癒耳夾
40804,虛月詠咒耳夾
40805,虛月禦敵項鍊
40806,虛月強攻項鍊
40807,虛月精準項鍊
40808,虛月治癒項鍊
40809,虛月詠咒項鍊
40810,虛月禦敵手鐲
40811,虛月強攻手鐲
40812,虛月精準手鐲
40813,虛月治癒手鐲
40814,虛月詠咒手鐲
40815,虛月禦敵指環
40816,虛月強攻指環
40817,虛月精準指環
40818,虛月治癒指環
40819,虛月詠咒指環
40820,改良型繼業者長劍
40821,改良型繼業者指虎
40822,改良型繼業者戰斧
40823,改良型繼業者長槍
40824,改良型繼業者複合弓
40825,改良型繼業者左手劍
40826,改良型繼業者巨劍
40827,改良型繼業者左輪槍
40828,改良型繼業者牧杖
40829,改良型繼業者法杖
40830,改良型繼業者魔導書
40831,改良型繼業者魔導典
40832,改良型繼業者天星盤
40833,改良型繼業者武士刀
40834,改良型繼業者小劍
40835,改良型繼業者槍刃
40836,改良型繼業者圓月輪
40837,改良型繼業者飛翼
40838,改良型繼業者扎戈斧鐮
40839,改良型繼業者之盾
40840,改良型繼業者禦敵頭帶
40841,改良型繼業者禦敵短衣
40842,改良型繼業者禦敵半指手套
40843,改良型繼業者禦敵護膝褲
40844,改良型繼業者禦敵矮靴
40845,改良型繼業者制敵頭帶
40846,改良型繼業者制敵短衣
40847,改良型繼業者制敵半指手套
40848,改良型繼業者制敵護膝褲
40849,改良型繼業者制敵矮靴
40850,改良型繼業者強襲頭帶
40851,改良型繼業者強襲短衣
40852,改良型繼業者強襲手套
40853,改良型繼業者強襲打底褲
40854,改良型繼業者強襲皮靴
40855,改良型繼業者精準頭帶
40856,改良型繼業者精準短衣
40857,改良型繼業者精準半指手套
40858,改良型繼業者精準護膝褲
40859,改良型繼業者精準矮靴
40860,改良型繼業者游擊頭帶
40861,改良型繼業者游擊短衣
40862,改良型繼業者游擊手套
40863,改良型繼業者游擊打底褲
40864,改良型繼業者游擊皮靴
40865,改良型繼業者治癒貝雷帽
40866,改良型繼業者治癒長衣
40867,改良型繼業者治癒護臂
40868,改良型繼業者治癒打底褲
40869,改良型繼業者治癒矮靴
40870,改良型繼業者詠咒貝雷帽
40871,改良型繼業者詠咒長衣
40872,改良型繼業者詠咒護臂
40873,改良型繼業者詠咒打底褲
40874,改良型繼業者詠咒矮靴
40875,改良型繼業者禦敵耳墜
40876,改良型繼業者強攻耳墜
40877,改良型繼業者精準耳墜
40878,改良型繼業者治癒耳墜
40879,改良型繼業者詠咒耳墜
40880,改良型繼業者禦敵項環
40881,改良型繼業者強攻項環
40882,改良型繼業者精準項環
40883,改良型繼業者治癒項環
40884,改良型繼業者詠咒項環
40885,改良型繼業者禦敵手環
40886,改良型繼業者強攻手環
40887,改良型繼業者精準手環
40888,改良型繼業者治癒手環
40889,改良型繼業者詠咒手環
40890,改良型繼業者禦敵盔甲戒指
40891,改良型繼業者強攻盔甲戒指
40892,改良型繼業者精準盔甲戒指
40893,改良型繼業者治癒盔甲戒指
40894,改良型繼業者詠咒盔甲戒指
40895,象鼻獅強靈藥
40896,拉札漢的三類票據
40897,神譜禦敵頭甲
40898,神譜禦敵戰鎧
40899,神譜禦敵手鎧
40900,神譜禦敵馬褲
40901,神譜禦敵鎖甲靴
40902,神譜制敵頭甲
40903,神譜制敵戰鎧
40904,神譜制敵手鎧
40905,神譜制敵馬褲
40906,神譜制敵鎖甲靴
40907,神譜強襲頭冠
40908,神譜強襲護甲
40909,神譜強襲臂甲
40910,神譜強襲騎兵褲
40911,神譜強襲短靴
40912,神譜精準頭冠
40913,神譜精準護甲
40914,神譜精準臂甲
40915,神譜精準騎兵褲
40916,神譜精準短靴
40917,神譜游擊頭冠
40918,神譜游擊護甲
40919,神譜游擊臂甲
40920,神譜游擊騎兵褲
40921,神譜游擊短靴
40922,神譜治癒頭冠
40923,神譜治癒長袍
40924,神譜治癒護臂
40925,神譜治癒長裙
40926,神譜治癒涼鞋
40927,神譜詠咒頭冠
40928,神譜詠咒長袍
40929,神譜詠咒護臂
40930,神譜詠咒長裙
40931,神譜詠咒涼鞋
40932,曼德維爾盈滿彎刃刀
40933,曼德維爾盈滿之拳
40934,曼德維爾盈滿戰斧
40935,曼德維爾盈滿三尖槍
40936,曼德維爾盈滿複合弓
40937,曼德維爾盈滿匕首
40938,曼德維爾盈滿巨劍
40939,曼德維爾盈滿左輪槍
40940,曼德維爾盈滿牧杖
40941,曼德維爾盈滿法杖
40942,曼德維爾盈滿魔導書
40943,曼德維爾盈滿魔導典
40944,曼德維爾盈滿黃道儀
40945,曼德維爾盈滿武士刀
40946,曼德維爾盈滿刺劍
40947,曼德維爾盈滿槍刃
40948,曼德維爾盈滿圓月輪
40949,曼德維爾盈滿飛翼
40950,曼德維爾盈滿扎戈斧鐮
40951,曼德維爾盈滿鳶盾
40952,曼德維爾威嚴之劍（複製品）
40953,曼德維爾威嚴之拳（複製品）
40954,曼德維爾威嚴巨斧（複製品）
40955,曼德維爾威嚴長槍（複製品）
40956,曼德維爾威嚴琴弓（複製品）
40957,曼德維爾威嚴匕首（複製品）
40958,曼德維爾威嚴巨劍（複製品）
40959,曼德維爾威嚴手槍（複製品）
40960,曼德維爾威嚴幻杖（複製品）
40961,曼德維爾威嚴咒杖（複製品）
40962,曼德維爾威嚴魔導書（複製品）
40963,曼德維爾威嚴魔導典（複製品）
40964,曼德維爾威嚴太陽儀（複製品）
40965,曼德維爾威嚴武士刀（複製品）
40966,曼德維爾威嚴重刺劍（複製品）
40967,曼德維爾威嚴刺刀（複製品）
40968,曼德維爾威嚴圓月輪（複製品）
40969,曼德維爾威嚴飛翼（複製品）
40970,曼德維爾威嚴戰鐮（複製品）
40971,曼德維爾威嚴盾（複製品）
40972,曼德維爾威嚴之劍·啞光（複製品）
40973,曼德維爾威嚴之拳·啞光（複製品）
40974,曼德維爾威嚴巨斧·啞光（複製品）
40975,曼德維爾威嚴長槍·啞光（複製品）
40976,曼德維爾威嚴琴弓·啞光（複製品）
40977,曼德維爾威嚴匕首·啞光（複製品）
40978,曼德維爾威嚴巨劍·啞光（複製品）
40979,曼德維爾威嚴手槍·啞光（複製品）
40980,曼德維爾威嚴幻杖·啞光（複製品）
40981,曼德維爾威嚴咒杖·啞光（複製品）
40982,曼德維爾威嚴魔導書·啞光（複製品）
40983,曼德維爾威嚴魔導典·啞光（複製品）
40984,曼德維爾威嚴太陽儀·啞光（複製品）
40985,曼德維爾威嚴武士刀·啞光（複製品）
40986,曼德維爾威嚴重刺劍·啞光（複製品）
40987,曼德維爾威嚴刺刀·啞光（複製品）
40988,曼德維爾威嚴圓月輪·啞光（複製品）
40989,曼德維爾威嚴飛翼·啞光（複製品）
40990,曼德維爾威嚴戰鐮·啞光（複製品）
40991,曼德維爾威嚴盾·啞光（複製品）
40992,曼德維爾盈滿彎刃刀（複製品）
40993,曼德維爾盈滿之拳（複製品）
40994,曼德維爾盈滿戰斧（複製品）
40995,曼德維爾盈滿三尖槍（複製品）
40996,曼德維爾盈滿複合弓（複製品）
40997,曼德維爾盈滿匕首（複製品）
40998,曼德維爾盈滿巨劍（複製品）
40999,曼德維爾盈滿左輪槍（複製品）
41000,曼德維爾盈滿牧杖（複製品）
41001,曼德維爾盈滿法杖（複製品）
41002,曼德維爾盈滿魔導書（複製品）
41003,曼德維爾盈滿魔導典（複製品）
41004,曼德維爾盈滿黃道儀（複製品）
41005,曼德維爾盈滿武士刀（複製品）
41006,曼德維爾盈滿刺劍（複製品）
41007,曼德維爾盈滿槍刃（複製品）
41008,曼德維爾盈滿圓月輪（複製品）
41009,曼德維爾盈滿飛翼（複製品）
41010,曼德維爾盈滿扎戈斧鐮（複製品）
41011,曼德維爾盈滿鳶盾（複製品）
41012,
41013,
41014,
41015,
41016,
41017,
41018,
41019,
41020,
41021,
41022,
41023,
41024,
41025,
41026,
41027,
41028,
41029,
41030,
41031,
41032,雛晶
41033,虛器手半劍
41034,虛器利爪
41035,虛器巨斧
41036,虛器長槍
41037,虛器騎兵弓
41038,虛器屠刀
41039,虛器斷頭劍
41040,虛器手槍
41041,虛器牧杖
41042,虛器法杖
41043,虛器魔導書
41044,虛器魔導典
41045,虛器黃道儀
41046,虛器武士刀
41047,虛器小劍
41048,虛器槍刃
41049,虛器環刃
41050,虛器振空擺
41051,虛器戰鐮
41052,虛器鳶盾
41053,暗黑圖騰
41054,虛器裝備箱（品級655）
41055,虛器騎士武具（品級655）
41056,大妖異的水晶
41057,澤羅姆斯裝甲
41058,小骨魚
41059,小貓鯡魚
41060,星環貝
41061,黃尾魚
41062,蛋白脂鯉
41063,緩解腰痛的必需品
41064,魅惑貓咪的必需品
41065,魅力十足的立體模型
41066,應對眼疲勞的必需品
41067,研究員的休息必需品
41068,緩解腰痛必需品的素材
41069,魅惑貓咪必需品的素材
41070,立體模型的素材
41071,應對眼疲勞必需品的素材
41072,休息必需品的素材
41073,緩解腰痛必需品的材料
41074,魅惑貓咪必需品的材料
41075,魅力十足的立體模型的材料
41076,應對眼疲勞必需品的材料
41077,研究員的休息必需品的材料
41078,阿羅阿羅島遺物
41079,阿羅阿羅金貨
41080,阿羅阿羅島書籍
41081,阿澤瑪耳墜
41082,蕨類內牆
41083,米灰色地毯
41084,海底吊燈
41085,壁掛魚餌展示框
41086,澤羅姆斯的追憶
41087,水晶都壁掛雨棚
41088,天蓬吊簾
41089,隆卡壁爐
41090,閱讀凳子
41091,雜誌展示架
41092,星空屏風
41093,
41094,仿製地窖門
41095,曼德維爾冒險者穀物片
41096,仿晶簇室內燈
41097,冥魂石洞標旗
41098,
41099,
41100,
41101,
41102,首席神官的椅子
41103,原木夾層樓板
41104,仙子花飾壁燈
41105,舷窗隔離牆
41106,葉小妖蘚球
41107,蠟封信紙套裝
41108,雪頂莫古泡泡冰
41109,高級皮革沙發
41110,牆面收藏櫃
41111,希望之地地毯
41112,
41113,巨型鐘錶窗
41114,背世咖啡廳盃優勝獎盃
41115,特製覺醒之境海報
41116,特製混沌的漩渦海報
41117,特製艾奧傑亞的守護者海報
41118,特製寒冰的幻想海報
41119,特製希望的燈火海報
41120,特製光與暗的分界海報
41121,特製命運的齒輪海報
41122,特製絕命怒嚎海報
41123,特製靈魂繼承者海報
41124,特製命運的止境海報
41125,特製純白誓約、漆黑密約海報
41126,特製追憶的凶星海報
41127,特製水晶的殘光海報
41128,特製另一個未來海報
41129,特製死鬥至黎明海報
41130,特製光明的起點海報
41131,複製原畫«工藝神比爾格»
41132,複製原畫«破壞神拉爾戈»
41133,複製原畫«太陽神阿澤瑪»
41134,複製原畫«商貿神納爾札爾»
41135,複製原畫«大地神諾菲卡»
41136,複製原畫«光陰神阿爾基克»
41137,
41138,可移動式庭院斜梯
41139,花亭
41140,
41141,厄爾庇斯庭院噴泉
41142,野草草叢
41143,藍帽蘑菇檯燈
41144,仿製魔導維修站牆
41145,迷津葡萄路燈
41146,東方枯山水庭
41147,薩雷安反射水池
41148,
41149,特製鬼火燈籠
41150,特製幻光枯樹
41151,特製降神祭朱紅白鶴旗
41152,特製戀人節心形桌台
41153,特製女兒節的海報2024
41154,特製彩蛋狩獵的海報2024
41155,
41156,
41157,管弦樂琴樂譜：滿月之夜（繼續前進）
41158,
41159,
41160,魯冰花種子
41161,紅色魯冰花
41162,藍色魯冰花
41163,黃色魯冰花
41164,綠色魯冰花
41165,橙色魯冰花
41166,紫色魯冰花
41167,白色魯冰花
41168,黑色魯冰花
41169,混色魯冰花
41170,管弦樂琴樂譜：末路盡頭（繼續前進）
41171,管弦樂琴樂譜：相白質黑（繼續前進）
41172,管弦樂琴樂譜：尖叫（繼續前進）
41173,管弦樂琴樂譜：生命的天平（繼續前進）
41174,管弦樂琴樂譜：不倦之人雅典娜（繼續前進）
41175,管弦樂琴樂譜：生如歸流（繼續前進）
41176,管弦樂琴樂譜：遠古的昊空（繼續前進）
41177,管弦樂琴樂譜：開開心心胡蘿蔔（繼續前進）
41178,管弦樂琴樂譜：迷津（繼續前進）
41179,管弦樂琴樂譜：滿月之夜（Amanda Achen演唱版）
41180,諾弗蘭特遠見手鋸
41181,諾弗蘭特遠見橫頭錘
41182,諾弗蘭特遠見圓頭錘
41183,諾弗蘭特遠見工藝錘
41184,諾弗蘭特遠見圓革刀
41185,諾弗蘭特遠見縫針
41186,諾弗蘭特遠見蒸餾器
41187,諾弗蘭特遠見平底鍋
41188,諾弗蘭特遠見十字鎬
41189,諾弗蘭特遠見手斧
41190,諾弗蘭特遠見釣竿
41191,領航星手鋸
41192,領航星橫頭錘
41193,領航星圓頭錘
41194,領航星工藝錘
41195,領航星圓革刀
41196,領航星縫針
41197,領航星蒸餾器
41198,領航星平底鍋
41199,領航星十字鎬
41200,領航星手斧
41201,領航星釣竿
41202,喬菈水晶手鋸（複製品）
41203,喬菈水晶橫頭錘（複製品）
41204,喬菈水晶圓頭錘（複製品）
41205,喬菈水晶工藝錘（複製品）
41206,喬菈水晶圓革刀（複製品）
41207,喬菈水晶縫針（複製品）
41208,喬菈水晶蒸餾器（複製品）
41209,喬菈水晶煎鍋（複製品）
41210,喬菈水晶十字鎬（複製品）
41211,喬菈水晶手斧（複製品）
41212,喬菈水晶釣竿（複製品）
41213,喬菈卓絕手鋸（複製品）
41214,喬菈卓絕橫頭錘（複製品）
41215,喬菈卓絕圓頭錘（複製品）
41216,喬菈卓絕工藝錘（複製品）
41217,喬菈卓絕圓革刀（複製品）
41218,喬菈卓絕縫針（複製品）
41219,喬菈卓絕蒸餾器（複製品）
41220,喬菈卓絕煎鍋（複製品）
41221,喬菈卓絕十字鎬（複製品）
41222,喬菈卓絕手斧（複製品）
41223,喬菈卓絕釣竿（複製品）
41224,諾弗蘭特遠見手鋸（複製品）
41225,諾弗蘭特遠見橫頭錘（複製品）
41226,諾弗蘭特遠見圓頭錘（複製品）
41227,諾弗蘭特遠見工藝錘（複製品）
41228,諾弗蘭特遠見圓革刀（複製品）
41229,諾弗蘭特遠見縫針（複製品）
41230,諾弗蘭特遠見蒸餾器（複製品）
41231,諾弗蘭特遠見平底鍋（複製品）
41232,諾弗蘭特遠見十字鎬（複製品）
41233,諾弗蘭特遠見手斧（複製品）
41234,諾弗蘭特遠見釣竿（複製品）
41235,領航星手鋸（複製品）
41236,領航星橫頭錘（複製品）
41237,領航星圓頭錘（複製品）
41238,領航星工藝錘（複製品）
41239,領航星圓革刀（複製品）
41240,領航星縫針（複製品）
41241,領航星蒸餾器（複製品）
41242,領航星平底鍋（複製品）
41243,領航星十字鎬（複製品）
41244,領航星手斧（複製品）
41245,領航星釣竿（複製品）
41246,卓越商會特選竹材
41247,卓越商會特選硬鋁錠
41248,卓越商會特選砲銅板
41249,卓越商會特選大理石
41250,卓越商會特選砂獷獸革
41251,卓越商會特選紫草布
41252,卓越商會特選鼠曲草
41253,卓越商會特選藍蟹
41254,面向收藏家的竹製籬笆牆
41255,面向收藏家的鬧鐘
41256,面向收藏家的小號
41257,面向收藏家的洗面台
41258,面向收藏家的皮盾
41259,面向收藏家的三角帽
41260,面向收藏家的月之幕簾
41261,面向收藏家的炸蟹餅
41262,面向收藏家的添水
41263,面向收藏家的傳喚鈴
41264,面向收藏家的號角
41265,面向收藏家的大理石噴泉
41266,面向收藏家的皮衣
41267,面向收藏家的貓小胖沙發
41268,面向收藏家的耐力之幻藥
41269,面向收藏家的辣醬炒全蟹
41270,卓越工具的第五次加工組件：木工
41271,卓越工具的第五次加工組件：鍛冶
41272,卓越工具的第五次加工組件：甲冑
41273,卓越工具的第五次加工組件：金工
41274,卓越工具的第五次加工組件：皮革
41275,卓越工具的第五次加工組件：裁縫
41276,卓越工具的第五次加工組件：鍊金
41277,卓越工具的第五次加工組件：烹調
41278,卓越工具的第六次加工組件：木工
41279,卓越工具的第六次加工組件：鍛冶
41280,卓越工具的第六次加工組件：甲冑
41281,卓越工具的第六次加工組件：金工
41282,卓越工具的第六次加工組件：皮革
41283,卓越工具的第六次加工組件：裁縫
41284,卓越工具的第六次加工組件：鍊金
41285,卓越工具的第六次加工組件：烹調
41286,面向收藏家的瀝青
41287,改良用風之晶簇
41288,面向收藏家的大蜜蜂的巢
41289,改良用火之晶簇
41290,面向收藏家的黑瑪瑙原石
41291,改良用冰之晶簇
41292,面向收藏家的燈火茸
41293,改良用水之晶簇
41294,卓越工具的第五次加工靈砂：採掘
41295,卓越工具的第五次加工靈砂：園藝
41296,卓越工具的第六次加工精油：採掘
41297,卓越工具的第六次加工精油：園藝
41298,黑木塊
41299,隆卡金塊
41300,豐饒虹鯧
41301,聖法斯里克的石頭腦袋
41302,金貨魚
41303,卓越工具的第五次加工靈砂：捕魚
41304,卓越工具的第六次加工精油：捕魚
41305,稀少神典石：創世1章
41306,稀少神典石：創世2章
41307,第8賽季王者之證
41308,第8賽季勇者之證
41309,第8賽季獲獎者之證
41310,第9賽季王者之證
41311,第9賽季勇者之證
41312,第9賽季獲獎者之證
41313,第10賽季王者之證
41314,第10賽季勇者之證
41315,第10賽季獲獎者之證
41316,第11賽季王者之證
41317,第11賽季勇者之證
41318,第11賽季獲獎者之證
41319,
41320,
41321,
41322,肖像教材：第8賽季王者
41323,肖像教材：第8賽季勇者
41324,肖像教材：第8賽季獲獎者
41325,肖像教材：第8賽季水晶
41326,肖像教材：第8賽季鑽石
41327,肖像教材：第8賽季白金
41328,肖像教材：第8賽季黃金
41329,肖像教材：第8賽季白銀
41330,肖像教材：第8賽季青銅
41331,肖像教材：第9賽季王者
41332,肖像教材：第9賽季勇者
41333,肖像教材：第9賽季獲獎者
41334,肖像教材：第9賽季水晶
41335,肖像教材：第9賽季鑽石
41336,肖像教材：第9賽季白金
41337,肖像教材：第9賽季黃金
41338,肖像教材：第9賽季白銀
41339,肖像教材：第9賽季青銅
41340,肖像教材：第10賽季王者
41341,肖像教材：第10賽季勇者
41342,肖像教材：第10賽季獲獎者
41343,肖像教材：第10賽季水晶
41344,肖像教材：第10賽季鑽石
41345,肖像教材：第10賽季白金
41346,肖像教材：第10賽季黃金
41347,肖像教材：第10賽季白銀
41348,肖像教材：第10賽季青銅
41349,肖像教材：第11賽季王者
41350,肖像教材：第11賽季勇者
41351,肖像教材：第11賽季獲獎者
41352,肖像教材：第11賽季水晶
41353,肖像教材：第11賽季鑽石
41354,肖像教材：第11賽季白金
41355,肖像教材：第11賽季黃金
41356,肖像教材：第11賽季白銀
41357,肖像教材：第11賽季青銅
41358,
41359,
41360,
41361,
41362,
41363,
41364,
41365,
41366,
41367,肖像教材：角力學校
41368,肖像教材：九霄雲上
41369,肖像教材：艾奧傑亞神話
41370,肖像教材：塔塔露的大繁榮商店
41371,肖像教材：瓦努族
41372,肖像教材：骨頜族
41373,肖像教材：莫古利族
41374,肖像教材：天書奇談
41375,肖像教材：幻巧拼圖
41376,肖像教材：阿羅阿羅島
41377,肖像教材：金碟巨豆中心1
41378,肖像教材：金碟巨豆中心2
41379,肖像教材：金碟巨豆中心3
41380,榮華古錢
41381,九宮幻卡：凱圖嘟凱
41382,九宮幻卡：拉拉魯
41383,九宮幻卡：斯塔緹絲
41384,九宮幻卡：可幽可幽
41385,九宮幻卡：羅庫羅庫伊
41386,九宮幻卡：諾菲卡
41387,九宮幻卡：阿爾基克
41388,九宮幻卡：妮美雅
41389,九宮幻卡：哈羅妮
41390,九宮幻卡：沙利亞克
41391,九宮幻卡：利姆萊茵
41392,九宮幻卡：奧修昂
41393,九宮幻卡：杜蘭特
41394,九宮幻卡：歐羅基亞
41395,九宮幻卡：阿修羅
41396,九宮幻卡：澤羅姆斯
41397,九宮幻卡：克萊夫·羅茲菲爾德
41398,九宮幻卡：佩魯佩魯族
41399,九宮幻卡：羊駝
41400,九宮幻卡：莫布林族
41401,環間羅非魚
41402,杜蒂娜魚
41403,摩耶鱷
41404,螢光死亡蠕蟲
41405,運行星
41406,額外維度實體-852738
41407,潛龍
41408,嘎兒魚
41409,異形雪棘
41410,餐叉尾
41411,優雅兔耳
41412,星鯨
41413,不定性可可豆
41414,昇華可可豆
41415,高濃度樂園精油
41416,不定性古龍鱗
41417,昇華古龍鱗
41418,高濃度火成精油
41419,金箔龍蝦
41420,高濃度碧洋精油
41421,魔法樹建造用組件
41422,魔法樹建造用金屬材料
41423,魔法樹建造用合成樹脂
41424,魔法樹建造許可證書
41425,古卜桌面檯鐘
41426,仙人掌餐桌
41427,精神吸取小妖庭院噴水器
41428,仙人掌先生時鐘
41429,仿製魔導維修站地台
41430,阿羅阿羅壁掛吊燈
41431,被遺忘的神子像
41432,阿羅阿羅小仙女坐墊
41433,貢貝薩魚吊架
41434,文鳥雕像
41435,阿羅阿羅海島棕櫚樹
41436,阿羅阿羅洛濟葵花叢
41437,金碟巨豆中心勝者王冠
41438,金碟巨豆中心裝飾旗
41439,金碟巨豆中心甜甜圈障礙柱
41440,金碟巨豆中心填充牆
41441,金碟巨豆中心彩虹柱
41442,金碟巨豆中心巨錘
41443,
41444,
41445,
41446,
41447,
41448,
41449,
41450,
41451,
41452,
41453,
41454,
41455,繪靈法師之證
41456,毒蛇劍士之證
41457,演技教材·兔兔舞
41458,演技教材·吃炸雞
41459,演技教材·眾生離絕
41460,演技教材·垂頭喪氣
41461,
41462,演技教材·得意洋洋
41463,演技教材·大獲全勝
41464,演技教材·煎蛋
41465,髮型樣式：側玉米壟
41466,斯塔緹絲之翼
41467,大葉傘
41468,胡蘿蔔陽傘
41469,拾穗人背包
41470,旅行者裝甲
41471,烏洛薩帕
41472,
41473,綠電氣石武器
41474,迷你奧修昂
41475,希德尼亞丘靈
41476,休假小員
41477,迷你高貝扎
41478,小托加爾
41479,粉紅糖豆人
41480,糖豆企鵝
41481,海德林偶像
41482,佐狄亞克偶像
41483,迷你富爾什諾
41484,迷你吉坦
41485,迷你嘉妮特
41486,雷普魯
41487,托加爾魔笛
41488,方舟認證金鑰
41489,幽願巴哈姆特魔笛
41490,弦月
41491,糖豆犀牛認證金鑰
41492,壓迫者認證金鑰
41493,深淵猞猁魔笛
41494,月光仙人掌角笛
41495,斯塔緹絲幻影笛
41496,加隆德GL-IIT鑰匙
41497,皮蒂角笛
41498,
41499,庫阿庫阿角笛
41500,魔法棱晶（烏洛薩帕）
41501,海島禮花筒
41502,魔法棱晶（玩偶頭）
41503,甜甜圈耳墜
41504,餅乾耳墜
41505,包子耳墜
41506,咖啡杯耳墜
41507,宗長耳環
41508,宗長項鍊
41509,紅色魯冰花頭花
41510,藍色魯冰花頭花
41511,黃色魯冰花頭花
41512,綠色魯冰花頭花
41513,橙色魯冰花頭花
41514,紫色魯冰花頭花
41515,白色魯冰花頭花
41516,黑色魯冰花頭花
41517,混色魯冰花頭花
41518,凶殘暴君頭盔
41519,凶殘暴君胸甲
41520,凶殘暴君手鎧
41521,凶殘暴君騎兵褲
41522,凶殘暴君鎖甲靴
41523,凶殘暴君裝備箱
41524,A1戰術護目鏡
41525,A1戰術運動上裝
41526,A1戰術半指護手
41527,A1戰術運動褲
41528,A1戰術運動鞋
41529,A2戰術護目鏡
41530,A2戰術運動上裝
41531,A2戰術半指護手
41532,A2戰術運動褲
41533,A2戰術運動鞋
41534,B1戰術半假面
41535,B1戰術運動服
41536,B1戰術護臂
41537,B1戰術運動褲
41538,B1戰術運動鞋
41539,B2戰術半假面
41540,B2戰術運動服
41541,B2戰術護臂
41542,B2戰術運動褲
41543,B2戰術運動鞋
41544,C1戰術兜帽
41545,C1戰術運動服
41546,C1戰術手套
41547,C1戰術運動褲
41548,C1戰術長靴
41549,C2戰術兜帽
41550,C2戰術運動服
41551,C2戰術手套
41552,C2戰術運動褲
41553,C2戰術長靴
41554,
41555,美堤亞上衣
41556,美堤亞手鎧
41557,美堤亞長褲
41558,美堤亞甲靴
41559,美堤亞裝備箱
41560,糖豆人針織帽
41561,糖豆人衛衣
41562,糖豆人打底褲
41563,糖豆人運動鞋
41564,啞光勝者王冠
41565,河童蓑衣頭套
41566,河童蓑衣裝
41567,林地守護者上裝
41568,林地守護者指套
41569,林地守護者馬褲
41570,林地守護者長靴
41571,林地守護者短裙
41572,水晶都神童上裝
41573,水晶都神童半指護手
41574,水晶都神童騎兵褲
41575,水晶都神童高筒靴
41576,貓耳小員兜帽
41577,貓耳小員束腰衣
41578,貓耳小員手套
41579,貓耳小員束膝褲
41580,貓耳小員高筒靴
41581,海島休假襯衫
41582,海島休假潛水表
41583,海島休假五分褲
41584,海島休假皮鞋
41585,海島樹葉頭飾
41586,海島迷你禮帽
41587,自由之魂休閒帽
41588,自由之魂外套
41589,自由之魂手箍
41590,自由之魂七分褲
41591,自由之魂便鞋
41592,習武背心
41593,習武工作褲
41594,習武禮鞋
41595,習武無袖背心
41596,拾穗人外套
41597,拾穗人工作手套
41598,拾穗人馬褲
41599,拾穗人長靴
41600,翠光手半劍
41601,翠光指虎
41602,翠光戰斧
41603,翠光游擊槍
41604,翠光長弓
41605,翠光屠刀
41606,翠光巨劍
41607,翠光手槍
41608,翠光牧杖
41609,翠光咒杖
41610,翠光魔導書
41611,翠光魔導典
41612,翠光黃道儀
41613,翠光武士刀
41614,翠光刺劍
41615,翠光鋸刃
41616,翠光圓月輪
41617,翠光之盾
41618,翠光騎士武具
41619,管弦樂琴樂譜：解圍之雷
41620,管弦樂琴樂譜：皇國田園
41621,管弦樂琴樂譜：永遠 - 羅札利亞公國
41622,管弦樂琴樂譜：風暴之前 - 諾旺堡
41623,
41624,
41625,
41626,
41627,
41628,管弦樂琴樂譜：快快落落糖豆人
41629,金碟聲譽
41630,無人島翠銀沙
41631,無人島黃銅礦
41632,無人島金礦
41633,無人島鷹眼砂
41634,無人島水晶層
41635,海島西瓜
41636,海島甜新薯
41637,海島花椰菜
41638,海島水牛豆
41639,海島西瓜種子
41640,海島甜新薯芽塊
41641,海島花椰菜苗
41642,海島水牛豆種子
41643,高級捕獸網
41644,高級捕獸繩
41645,高級捕獸用睡眠球
41646,開拓用秘銀十字鎬
41647,開拓用鑿子
41648,真厲害級魔法人偶用碎岩設備
41649,海島皮里福爾角笛
41650,海島沙漠玫瑰角笛
41651,阿爾扎達爾寶物地毯
41652,深海靈性岩
41653,競技布
41654,陳舊的樂譜：最後之戰（FINAL FANTASY IV）
41655,管弦樂琴樂譜：最後之戰（FINAL FANTASY IV）
41656,管弦樂琴樂譜：赤翼　～曉月～
41657,管弦樂琴樂譜：巴隆王國　～曉月～
41658,管弦樂琴樂譜：讓真相大白於世
41659,管弦樂琴樂譜：心願如風隨行
41660,管弦樂琴樂譜：熱情的奔流
41661,管弦樂琴樂譜：艾奧傑亞神話
41662,管弦樂琴樂譜：神子的假寐
41663,管弦樂琴樂譜：神子的狩獵
41664,管弦樂琴樂譜：槍旗飄揚
41665,管弦樂琴樂譜：不屈不撓
41666,管弦樂琴樂譜：生命的天平（Amanda Achen演唱版）
41667,無人島特殊配給貨箱
41668,貓耳小員票據
41669,海島水果撈
41670,海島甜新薯塔
41671,海島風味拌細麵
41672,海島水牛豆沙拉
41673,海島翠銀環刃
41674,海島黃銅餐盤
41675,開拓工坊金髮飾
41676,海島砂輪機
41677,開拓者水晶像
41678,陸行鳥之筆
41679,北極星刺·優雅
41680,龍鬚拳·優雅
41681,碎石怒環·優雅
41682,狼·優雅
41683,青鳥之巢·優雅
41684,忍者菜刀·優雅
41685,浴血被提·優雅
41686,勝利屬於人民·優雅
41687,弦月玉兔·優雅
41688,邪焰冥燈·優雅
41689,百合中的相遇·優雅
41690,仙女迷戀·優雅
41691,觀星者·優雅
41692,彼岸此岸·優雅
41693,燈火手杖·優雅
41694,地獄三頭犬之牙·優雅
41695,雙月·優雅
41696,美麗的樹枝·優雅
41697,化身之鐮·優雅
41698,艦盾·優雅
41699,全天強化藥
41700,紳魔道士的傘·優雅
41701,管弦樂琴樂譜：世界局勢
41702,管弦樂琴樂譜：真正的自我
41703,管弦樂琴樂譜：向遠方（副歌）
41704,管弦樂琴樂譜：禁海危航
41705,管弦樂琴樂譜：尋火
41706,管弦樂琴樂譜：召喚獸之地
41707,民用營養學指南
41708,金碟遊樂園傳送網使用券
41709,蔬菜券
41710,
41711,
41712,
41713,
41714,
41715,
41716,
41717,曉月冒險錄
41718,騎士冒險錄·曉月之章
41719,武僧冒險錄·曉月之章
41720,戰士冒險錄·曉月之章
41721,龍騎士冒險錄·曉月之章
41722,吟遊詩人冒險錄·曉月之章
41723,白魔道士冒險錄·曉月之章
41724,黑魔道士冒險錄·曉月之章
41725,召喚士冒險錄·曉月之章
41726,學者冒險錄·曉月之章
41727,忍者冒險錄·曉月之章
41728,暗黑騎士冒險錄·曉月之章
41729,機工士冒險錄·曉月之章
41730,占星術師冒險錄·曉月之章
41731,武士冒險錄·曉月之章
41732,赤魔道士冒險錄·曉月之章
41733,絕槍戰士冒險錄·曉月之章
41734,舞者冒險錄·曉月之章
41735,奪魂者冒險錄·曉月之章
41736,賢者冒險錄·曉月之章
41737,
41738,
41739,
41740,
41741,
41742,
41743,
41744,
41745,
41746,
41747,
41748,
41749,
41750,
41751,
41752,
41753,
41754,
41755,
41756,
41757,信力魔晶石拾壹型
41758,神眼魔晶石拾壹型
41759,武略魔晶石拾壹型
41760,雄略魔晶石拾壹型
41761,剛柔魔晶石拾壹型
41762,達識魔晶石拾壹型
41763,博識魔晶石拾壹型
41764,器識魔晶石拾壹型
41765,名匠魔晶石拾壹型
41766,魔匠魔晶石拾壹型
41767,巨匠魔晶石拾壹型
41768,戰技魔晶石拾壹型
41769,詠唱魔晶石拾壹型
41770,信力魔晶石拾貳型
41771,神眼魔晶石拾貳型
41772,武略魔晶石拾貳型
41773,雄略魔晶石拾貳型
41774,剛柔魔晶石拾貳型
41775,達識魔晶石拾貳型
41776,博識魔晶石拾貳型
41777,器識魔晶石拾貳型
41778,名匠魔晶石拾貳型
41779,魔匠魔晶石拾貳型
41780,巨匠魔晶石拾貳型
41781,戰技魔晶石拾貳型
41782,詠唱魔晶石拾貳型
41783,出眾僱員冒險錄
41784,巧手橙票
41785,大地橙票
41786,稀少魔典神典石
41787,
41788,
41789,
41790,硌獅坎肩
41791,硌獅臂甲
41792,硌獅緊身褲
41793,硌獅戰靴
41794,
41795,
41796,閃亮勝者王冠
41797,肖像教材：妖怪手錶
41798,
41799,
41800,
41801,柑橘氣泡水
41802,浪祖角笛
41803,德庫洛涅的鱗片
41804,畝鼠米卡的齒輪
41805,
41806,高壓縮纖維板
41807,犎牛角笛的交換票據
41808,舊化的雙牙
41809,舊化的圓筆
41810,鄉間小屋外牆
41811,鄉間公館外牆
41812,鄉間別墅外牆
41813,
41814,艷翼蛇鳥獎盃
41815,奇蹟之劍展示台
41816,廚房櫥櫃
41817,雜亂的椅子
41818,六角小螈螈玩偶
41819,小旗玩偶
41820,水小滴輕飄飄玩偶
41821,海牛玩偶
41822,
41823,魔法景觀：日落蒼天
41824,
41825,
41826,
41827,
41828,
41829,雙檯面桌子
41830,巧克力馬克杯
41831,永護塔木人
41832,觀星平臺
41833,木製庭院門
41834,艷翼蛇鳥的尾羽
41835,奇蹟裝甲片
41836,奧闊鉻鐵曲劍
41837,奧闊鉻鐵拳套
41838,奧闊鉻鐵戰斧
41839,混金大刀
41840,混金長弓
41841,混金牧杖
41842,混金法杖
41843,銀狼革魔導書
41844,銀狼革魔導典
41845,奧闊鉻鐵小刀
41846,奧闊鉻鐵斷頭劍
41847,奧闊鉻鐵火槍
41848,混金天球儀
41849,奧闊鉻鐵武士刀
41850,混金刺劍
41851,奧闊鉻鐵刺刀
41852,奧闊鉻鐵圓月輪
41853,奧闊鉻鐵戰鐮
41854,混金振空擺
41855,奧闊鉻鐵雙牙
41856,五加木斜角筆
41857,奧闊鉻鐵塔盾
41858,混金禦敵頭甲
41859,銀狼革禦敵外套
41860,銀狼革禦敵半指護手
41861,雪木棉禦敵打底褲
41862,銀狼革禦敵戰靴
41863,混金制敵頭甲
41864,銀狼革制敵短衣
41865,銀狼革制敵半指護手
41866,雪木棉制敵打底褲
41867,銀狼革制敵戰靴
41868,雪木棉強襲頭帶
41869,雪木棉強襲短衣
41870,銀狼革強襲半指護手
41871,雪木棉強襲打底褲
41872,銀狼革強襲戰靴
41873,雪木棉精準毛帽
41874,雪木棉精準長衣
41875,銀狼革精準半指護手
41876,雪木棉精準短裙
41877,銀狼革精準戰靴
41878,雪木棉游擊毛帽
41879,雪木棉游擊束腰獵衣
41880,銀狼革游擊半指護手
41881,雪木棉游擊打底褲
41882,銀狼革游擊涼鞋
41883,雪木棉治癒皮毛帽
41884,雪木棉治癒束腰獵衣
41885,銀狼革治癒半指護手
41886,雪木棉治癒打底褲
41887,銀狼革治癒涼鞋
41888,雪木棉詠咒皮毛帽
41889,雪木棉詠咒外套
41890,銀狼革詠咒半指護手
41891,雪木棉詠咒短裙
41892,銀狼革詠咒戰靴
41893,五加木禦敵耳墜
41894,五加木強攻耳墜
41895,五加木精準耳墜
41896,五加木治癒耳墜
41897,五加木詠咒耳墜
41898,銀狼革禦敵項鍊
41899,銀狼革強攻項鍊
41900,銀狼革精準項鍊
41901,銀狼革治癒項鍊
41902,銀狼革詠咒項鍊
41903,銀狼革禦敵手鐲
41904,銀狼革強攻手鐲
41905,銀狼革精準手鐲
41906,銀狼革治癒手鐲
41907,銀狼革詠咒手鐲
41908,混金禦敵指環
41909,混金強攻指環
41910,混金精準指環
41911,混金治癒指環
41912,混金詠咒指環
41913,河流之息長劍
41914,河流之息旋棍
41915,河流之息雙刃斧
41916,河流之息長槍
41917,河流之息長弓
41918,河流之息牧杖
41919,河流之息咒杖
41920,河流之息魔導書
41921,河流之息魔導典
41922,河流之息彎刀
41923,河流之息大彎刀
41924,河流之息重砲
41925,河流之息天星盤
41926,河流之息武士刀
41927,河流之息刺劍
41928,河流之息刺刀
41929,河流之息環刃
41930,河流之息戰鐮
41931,河流之息振空擺
41932,河流之息雙牙
41933,河流之息圓筆
41934,河流之息盾
41935,河流之息禦敵頭盔
41936,河流之息禦敵外套
41937,河流之息禦敵護臂
41938,河流之息禦敵打底褲
41939,河流之息禦敵長靴
41940,河流之息制敵頭盔
41941,河流之息制敵外套
41942,河流之息制敵護臂
41943,河流之息制敵打底褲
41944,河流之息制敵長靴
41945,河流之息強襲半假面
41946,河流之息強襲胸衣
41947,河流之息強襲護臂
41948,河流之息強襲騎兵褲
41949,河流之息強襲脛甲
41950,河流之息精準面具
41951,河流之息精準胸衣
41952,河流之息精準護指
41953,河流之息精準打底褲
41954,河流之息精準長靴
41955,河流之息游擊半假面
41956,河流之息游擊胸衣
41957,河流之息游擊護臂
41958,河流之息游擊騎兵褲
41959,河流之息游擊脛甲
41960,河流之息治癒護目鏡
41961,河流之息治癒胸衣
41962,河流之息治癒護指
41963,河流之息治癒馬褲
41964,河流之息治癒涼鞋
41965,河流之息詠咒護目鏡
41966,河流之息詠咒胸衣
41967,河流之息詠咒護指
41968,河流之息詠咒馬褲
41969,河流之息詠咒涼鞋
41970,河流之息禦敵耳墜
41971,河流之息強攻耳墜
41972,河流之息精準耳墜
41973,河流之息治癒耳墜
41974,河流之息詠咒耳墜
41975,河流之息禦敵項鍊
41976,河流之息強攻項鍊
41977,河流之息精準項鍊
41978,河流之息治癒項鍊
41979,河流之息詠咒項鍊
41980,河流之息禦敵手鐲
41981,河流之息強攻手鐲
41982,河流之息精準手鐲
41983,河流之息治癒手鐲
41984,河流之息詠咒手鐲
41985,河流之息禦敵指環
41986,河流之息強攻指環
41987,河流之息精準指環
41988,河流之息治癒指環
41989,河流之息詠咒指環
41990,釕金彎刀
41991,釕金旋棍
41992,釕金戰斧
41993,木棉木長槍
41994,木棉木長弓
41995,木棉木手杖
41996,木棉木咒杖
41997,錘頭鱷革魔導書
41998,錘頭鱷革魔導典
41999,釕金匕首
42000,釕金巨劍
42001,釕金火槍
42002,釕金黃道儀
42003,釕金武士刀
42004,釕金刺劍
42005,釕金槍刃
42006,釕金摺扇
42007,釕金戰鐮
42008,木棉木飛翼
42009,釕金雙牙
42010,木棉木圓筆
42011,釕金鳶盾
42012,河岸石禦敵頭冠
42013,釕金禦敵兜甲
42014,釕金禦敵臂甲
42015,高山亞麻禦敵騎兵褲
42016,釕金禦敵鎧靴
42017,河岸石制敵頭冠
42018,釕金制敵兜甲
42019,釕金制敵臂甲
42020,高山亞麻制敵騎兵褲
42021,釕金制敵鎧靴
42022,高山亞麻強襲頭巾
42023,高山亞麻強襲上裝
42024,錘頭鱷革強襲半指護手
42025,錘頭鱷革強襲馬褲
42026,錘頭鱷革強襲護腿
42027,高山亞麻精準纏頭巾
42028,高山亞麻精準斗篷
42029,錘頭鱷革精準護臂
42030,高山亞麻精準長裙
42031,錘頭鱷革精準長靴
42032,高山亞麻游擊頭巾
42033,高山亞麻游擊上裝
42034,錘頭鱷革游擊半指護手
42035,錘頭鱷革游擊馬褲
42036,錘頭鱷革游擊護腿
42037,高山亞麻治癒寬邊帽
42038,高山亞麻治癒斗篷
42039,錘頭鱷革治癒護臂
42040,高山亞麻治癒長裙
42041,錘頭鱷革治癒長靴
42042,高山亞麻詠咒寬邊帽
42043,高山亞麻詠咒斗篷
42044,錘頭鱷革詠咒護臂
42045,高山亞麻詠咒長裙
42046,錘頭鱷革詠咒長靴
42047,河岸石禦敵耳墜
42048,河岸石強攻耳墜
42049,河岸石精準耳墜
42050,河岸石治癒耳墜
42051,河岸石詠咒耳墜
42052,河岸石禦敵項環
42053,河岸石強攻項環
42054,河岸石精準項環
42055,河岸石治癒項環
42056,河岸石詠咒項環
42057,河岸石禦敵手鐲
42058,河岸石強攻手鐲
42059,河岸石精準手鐲
42060,河岸石治癒手鐲
42061,河岸石詠咒手鐲
42062,河岸石禦敵指環
42063,河岸石強攻指環
42064,河岸石精準指環
42065,河岸石治癒指環
42066,河岸石詠咒指環
42067,佐莫劍
42068,佐莫旋棍
42069,佐莫戰斧
42070,佐莫長槍
42071,佐莫弓
42072,佐莫錫杖
42073,佐莫咒杖
42074,佐莫經典
42075,佐莫文書
42076,佐莫短刀
42077,佐莫大劍
42078,佐莫火銃
42079,佐莫星見盤
42080,佐莫太刀
42081,佐莫細劍
42082,佐莫槍刃
42083,佐莫法輪
42084,佐莫薙鐮
42085,佐莫天珠
42086,佐莫對劍
42087,佐莫大筆
42088,佐莫圓盾
42089,佐莫禦敵無簷帽
42090,佐莫禦敵斗篷
42091,佐莫禦敵手甲
42092,佐莫禦敵打底褲
42093,佐莫禦敵高跟鞋
42094,佐莫制敵無簷帽
42095,佐莫制敵斗篷
42096,佐莫制敵手甲
42097,佐莫制敵打底褲
42098,佐莫制敵綁腿
42099,佐莫強襲無簷帽
42100,佐莫強襲斗篷
42101,佐莫強襲手甲
42102,佐莫強襲垮褲
42103,佐莫強襲涼鞋
42104,佐莫精準包頭巾
42105,佐莫精準斗篷
42106,佐莫精準手甲
42107,佐莫精準打底褲
42108,佐莫精準綁腿
42109,佐莫游擊無簷帽
42110,佐莫游擊斗篷
42111,佐莫游擊手甲
42112,佐莫游擊垮褲
42113,佐莫游擊涼鞋
42114,佐莫治癒包頭巾
42115,佐莫治癒斗篷
42116,佐莫治癒手甲
42117,佐莫治癒垮褲
42118,佐莫治癒涼鞋
42119,佐莫詠咒小丑帽
42120,佐莫詠咒斗篷
42121,佐莫詠咒手甲
42122,佐莫詠咒打底裙
42123,佐莫詠咒綁腿
42124,佐莫禦敵耳墜
42125,佐莫強攻耳墜
42126,佐莫精準耳墜
42127,佐莫治癒耳墜
42128,佐莫詠咒耳墜
42129,佐莫禦敵項鍊
42130,佐莫強攻項鍊
42131,佐莫精準項鍊
42132,佐莫治癒項鍊
42133,佐莫詠咒項鍊
42134,佐莫禦敵手鐲
42135,佐莫強攻手鐲
42136,佐莫精準手鐲
42137,佐莫治癒手鐲
42138,佐莫詠咒手鐲
42139,佐莫禦敵指環
42140,佐莫強攻指環
42141,佐莫精準指環
42142,佐莫治癒指環
42143,佐莫詠咒指環
42144,鈷鎢彎刀
42145,鈷鎢指虎
42146,鈷鎢戰斧
42147,深紅木長槍
42148,深紅木長弓
42149,深紅木牧杖
42150,深紅木法杖
42151,獰豹革魔導書
42152,獰豹革魔導典
42153,鈷鎢屠刀
42154,鈷鎢斷頭劍
42155,鈷鎢手砲
42156,鈷鎢天星盤
42157,鈷鎢武士刀
42158,鈷鎢刺劍
42159,鈷鎢鋸刃
42160,鈷鎢輪刃
42161,鈷鎢戰鐮
42162,鈷鎢振空擺
42163,鈷鎢鑽紋蛇刀
42164,深紅木圓筆
42165,鈷鎢鳶盾
42166,獰豹革禦敵頭帶
42167,鈷鎢禦敵坎肩
42168,獰豹革禦敵護臂
42169,薄絹禦敵腿套
42170,獰豹革禦敵高筒靴
42171,獰豹革制敵頭帶
42172,鈷鎢制敵坎肩
42173,獰豹革制敵護臂
42174,薄絹制敵腿套
42175,獰豹革制敵高筒靴
42176,獰豹革強襲頭帶
42177,薄絹強襲鬥服
42178,獰豹革強襲護臂
42179,薄絹強襲長褲
42180,獰豹革強襲涼鞋
42181,獰豹革精準頭帶
42182,薄絹精準鬥服
42183,獰豹革精準護臂
42184,薄絹精準長褲
42185,獰豹革精準涼鞋
42186,薄絹游擊頭飾
42187,薄絹游擊鬥服
42188,獰豹革游擊護臂
42189,薄絹游擊長褲
42190,獰豹革游擊涼鞋
42191,獰豹革治癒頭帶
42192,薄絹治癒鬥服
42193,粉綠柱石治癒半指手套
42194,薄絹治癒長褲
42195,獰豹革治癒涼鞋
42196,獰豹革詠咒頭帶
42197,薄絹詠咒鬥服
42198,粉綠柱石詠咒半指手套
42199,薄絹詠咒長褲
42200,獰豹革詠咒涼鞋
42201,粉綠柱石禦敵耳墜
42202,粉綠柱石強攻耳墜
42203,粉綠柱石精準耳墜
42204,粉綠柱石治癒耳墜
42205,粉綠柱石詠咒耳墜
42206,深紅木禦敵項鍊
42207,深紅木強攻項鍊
42208,深紅木精準項鍊
42209,深紅木治癒項鍊
42210,深紅木詠咒項鍊
42211,粉綠柱石禦敵手鐲
42212,粉綠柱石強攻手鐲
42213,粉綠柱石精準手鐲
42214,粉綠柱石治癒手鐲
42215,粉綠柱石詠咒手鐲
42216,粉綠柱石禦敵指環
42217,粉綠柱石強攻指環
42218,粉綠柱石精準指環
42219,粉綠柱石治癒指環
42220,粉綠柱石詠咒指環
42221,深空長劍
42222,深空利爪
42223,深空雙刃斧
42224,深空游擊槍
42225,深空複合弓
42226,深空牧杖
42227,深空法杖
42228,深空魔導書
42229,深空魔導典
42230,深空小刀
42231,深空巨劍
42232,深空手槍
42233,深空天星盤
42234,深空武士刀
42235,深空重刺劍
42236,深空魔機刃
42237,深空環刃
42238,深空戰鐮
42239,深空石針
42240,深空雙牙
42241,深空平筆
42242,深空鳶盾
42243,深空禦敵頭盔
42244,深空禦敵戰鎧
42245,深空禦敵手鎧
42246,深空禦敵馬褲
42247,深空禦敵戰靴
42248,深空制敵頭盔
42249,深空制敵戰甲
42250,深空制敵護臂
42251,深空制敵軟甲褲
42252,深空制敵高筒靴
42253,深空強襲頭帶
42254,深空強襲鎧甲
42255,深空強襲護臂
42256,深空強襲馬褲
42257,深空強襲高筒靴
42258,深空精準頭帶
42259,深空精準長衣
42260,深空精準護臂
42261,深空精準軟甲褲
42262,深空精準長靴
42263,深空游擊頭巾
42264,深空游擊外套
42265,深空游擊護臂
42266,深空游擊軟甲褲
42267,深空游擊高筒靴
42268,深空治癒面罩
42269,深空治癒長袍
42270,深空治癒護臂
42271,深空治癒長褲
42272,深空治癒皮靴
42273,深空詠咒面罩
42274,深空詠咒長袍
42275,深空詠咒護臂
42276,深空詠咒長褲
42277,深空詠咒皮靴
42278,深空禦敵耳墜
42279,深空強攻耳墜
42280,深空精準耳墜
42281,深空治癒耳墜
42282,深空詠咒耳墜
42283,深空禦敵項鍊
42284,深空強攻項鍊
42285,深空精準項鍊
42286,深空治癒項鍊
42287,深空詠咒項鍊
42288,深空禦敵手鐲
42289,深空強攻手鐲
42290,深空精準手鐲
42291,深空治癒手鐲
42292,深空詠咒手鐲
42293,深空禦敵指環
42294,深空強攻指環
42295,深空精準指環
42296,深空治癒指環
42297,深空詠咒指環
42298,鈦金彎刃刀
42299,鈦金利爪
42300,鈦金戰斧
42301,相思木戰叉
42302,相思木長弓
42303,相思木符杖
42304,相思木法杖
42305,嵌齒象革魔導書
42306,嵌齒象革魔導典
42307,鈦金匕首
42308,鈦金巨劍
42309,鈦金手槍
42310,白黃金量天儀
42311,鈦金武士刀
42312,白黃金花劍
42313,鈦金槍刃
42314,鈦金戰輪
42315,鈦金奪命鐮
42316,白黃金注射管
42317,鈦金雙軍刀
42318,相思木圓筆
42319,鈦金盾
42320,鈦金禦敵頭盔
42321,鈦金禦敵釘刺戰甲
42322,鈦金禦敵釘刺手套
42323,嵌齒象革禦敵軟甲褲
42324,鈦金禦敵護腿
42325,白黃金制敵半假面
42326,鈦金制敵釘刺戰甲
42327,鈦金制敵釘刺手套
42328,嵌齒象革制敵軟甲褲
42329,鈦金制敵護腿
42330,鈦金強襲頭盔
42331,嵌齒象革強襲釘刺格鬥服
42332,鈦金強襲釘刺手套
42333,嵌齒象革強襲襯褲
42334,嵌齒象革強襲筒靴
42335,白黃金精準面具
42336,嵌齒象革精準釘刺坎肩
42337,犎牛嗶嘰精準半指手套
42338,嵌齒象革精準襯褲
42339,嵌齒象革精準筒靴
42340,白黃金游擊半假面
42341,鈦金游擊釘刺護甲
42342,鈦金游擊釘刺手套
42343,嵌齒象革游擊軟甲褲
42344,鈦金游擊護腿
42345,白黃金治癒眼罩
42346,嵌齒象革治癒釘刺坎肩
42347,犎牛嗶嘰治癒半指手套
42348,嵌齒象革治癒襯褲
42349,嵌齒象革治癒筒靴
42350,鈦金詠咒頭盔
42351,嵌齒象革詠咒釘刺坎肩
42352,犎牛嗶嘰詠咒半指手套
42353,嵌齒象革詠咒襯褲
42354,嵌齒象革詠咒筒靴
42355,白黃金禦敵耳墜
42356,白黃金強攻耳墜
42357,白黃金精準耳墜
42358,白黃金治癒耳墜
42359,白黃金詠咒耳墜
42360,白黃金禦敵項環
42361,白黃金強攻項環
42362,白黃金精準項環
42363,白黃金治癒項環
42364,白黃金詠咒項環
42365,白黃金禦敵護身手鐲
42366,白黃金強攻護身手鐲
42367,白黃金精準護身手鐲
42368,白黃金治癒護身手鐲
42369,白黃金詠咒護身手鐲
42370,白黃金禦敵指環
42371,白黃金強攻指環
42372,白黃金精準指環
42373,白黃金治癒指環
42374,白黃金詠咒指環
42375,先鋒長劍
42376,先鋒戰爪
42377,先鋒戰斧
42378,先鋒長槍
42379,先鋒複合弓
42380,先鋒牧杖
42381,先鋒法杖
42382,先鋒魔導書
42383,先鋒魔導典
42384,先鋒小刀
42385,先鋒巨劍
42386,先鋒手槍
42387,先鋒量天儀
42388,先鋒武士刀
42389,先鋒刺劍
42390,先鋒槍刃
42391,先鋒戰輪
42392,先鋒戰鐮
42393,先鋒注射管
42394,先鋒雙牙
42395,先鋒斜角筆
42396,先鋒盾
42397,先鋒禦敵頭盔
42398,先鋒禦敵戰甲
42399,先鋒禦敵手鎧
42400,先鋒禦敵襯褲
42401,先鋒禦敵鎧靴
42402,先鋒制敵頭盔
42403,先鋒制敵戰甲
42404,先鋒制敵手鎧
42405,先鋒制敵襯褲
42406,先鋒制敵鎧靴
42407,先鋒強襲面罩
42408,先鋒強襲短外套
42409,先鋒強襲手套
42410,先鋒強襲馬褲
42411,先鋒強襲短靴
42412,先鋒精準面罩
42413,先鋒精準短外套
42414,先鋒精準手套
42415,先鋒精準馬褲
42416,先鋒精準短靴
42417,先鋒游擊面罩
42418,先鋒游擊短外套
42419,先鋒游擊手套
42420,先鋒游擊馬褲
42421,先鋒游擊短靴
42422,先鋒治癒假面
42423,先鋒治癒外套
42424,先鋒治癒半手套
42425,先鋒治癒七分褲
42426,先鋒治癒法靴
42427,先鋒詠咒假面
42428,先鋒詠咒外套
42429,先鋒詠咒半手套
42430,先鋒詠咒七分褲
42431,先鋒詠咒法靴
42432,先鋒禦敵耳墜
42433,先鋒強攻耳墜
42434,先鋒精準耳墜
42435,先鋒治癒耳墜
42436,先鋒詠咒耳墜
42437,先鋒禦敵項環
42438,先鋒強攻項環
42439,先鋒精準項環
42440,先鋒治癒項環
42441,先鋒詠咒項環
42442,先鋒禦敵手鐲
42443,先鋒強攻手鐲
42444,先鋒精準手鐲
42445,先鋒治癒手鐲
42446,先鋒詠咒手鐲
42447,先鋒禦敵指環
42448,先鋒強攻指環
42449,先鋒精準指環
42450,先鋒治癒指環
42451,先鋒詠咒指環
42452,卡扎納爾鬥劍
42453,卡扎納爾旋棍
42454,卡扎納爾雙刃斧
42455,克拉洛胡桃木長槍
42456,卡扎納爾複合弓
42457,克拉洛胡桃木牧杖
42458,卡扎納爾法杖
42459,卡扎納爾之書
42460,卡扎納爾之典
42461,卡扎納爾小刀
42462,卡扎納爾巨劍
42463,卡扎納爾雷火砲
42464,卡扎納爾太陽儀
42465,卡扎納爾武士刀
42466,卡扎納爾重刺劍
42467,卡扎納爾槍刃
42468,卡扎納爾圓月輪
42469,卡扎納爾戰鐮
42470,卡扎納爾飛翼
42471,卡扎納爾雙牙
42472,克拉洛胡桃木平筆
42473,卡扎納爾盾
42474,卡扎納爾禦敵頭盔
42475,卡扎納爾禦敵戰甲
42476,卡扎納爾禦敵手鎧
42477,卡岡圖亞革禦敵軟甲褲
42478,卡扎納爾禦敵脛甲
42479,卡扎納爾制敵頭盔
42480,卡扎納爾制敵戰甲
42481,卡扎納爾制敵手鎧
42482,卡岡圖亞革制敵軟甲褲
42483,卡扎納爾制敵脛甲
42484,黑星石強襲頭甲
42485,卡岡圖亞革強襲短衣
42486,卡扎納爾強襲護臂
42487,卡岡圖亞革強襲軟甲褲
42488,卡扎納爾強襲脛甲
42489,黑星石精準頭甲
42490,落雷絹精準罩衣
42491,卡扎納爾精準護臂
42492,落雷絹精準軟甲褲
42493,卡扎納爾精準脛甲
42494,黑星石游擊開面罩盔
42495,落雷絹游擊罩衣
42496,卡扎納爾游擊手套
42497,落雷絹游擊軟甲褲
42498,卡扎納爾游擊脛甲
42499,黑星石治癒口罩
42500,落雷絹治癒長衣
42501,落雷絹治癒手套
42502,落雷絹治癒軟甲褲
42503,卡岡圖亞革治癒皮靴
42504,黑星石詠咒口罩
42505,落雷絹詠咒長衣
42506,落雷絹詠咒手套
42507,落雷絹詠咒軟甲褲
42508,卡岡圖亞革詠咒皮靴
42509,黑星石禦敵耳夾
42510,黑星石強攻耳夾
42511,黑星石精準耳夾
42512,黑星石治癒耳夾
42513,黑星石詠咒耳夾
42514,黑星石禦敵項環
42515,黑星石強攻項環
42516,黑星石精準項環
42517,黑星石治癒項環
42518,黑星石詠咒項環
42519,黑星石禦敵手鐲
42520,黑星石強攻手鐲
42521,黑星石精準手鐲
42522,黑星石治癒手鐲
42523,黑星石詠咒手鐲
42524,黑星石禦敵指環
42525,黑星石強攻指環
42526,黑星石精準指環
42527,黑星石治癒指環
42528,黑星石詠咒指環
42529,創生禦敵耳墜
42530,創生強攻耳墜
42531,創生精準耳墜
42532,創生治癒耳墜
42533,創生詠咒耳墜
42534,創生禦敵項環
42535,創生強攻項環
42536,創生精準項環
42537,創生治癒項環
42538,創生詠咒項環
42539,創生禦敵手環
42540,創生強攻手環
42541,創生精準手環
42542,創生治癒手鏈
42543,創生詠咒手鏈
42544,創生禦敵指環
42545,創生強攻指環
42546,創生精準指環
42547,創生治癒指環
42548,創生詠咒指環
42549,劃時代禦敵耳墜
42550,劃時代強攻耳墜
42551,劃時代精準耳墜
42552,劃時代治癒耳墜
42553,劃時代詠咒耳墜
42554,劃時代禦敵項環
42555,劃時代強攻項環
42556,劃時代精準項環
42557,劃時代治癒項環
42558,劃時代詠咒項環
42559,劃時代禦敵手鐲
42560,劃時代強攻手鐲
42561,劃時代精準手鐲
42562,劃時代治癒手鐲
42563,劃時代詠咒手鐲
42564,劃時代禦敵指環
42565,劃時代強攻指環
42566,劃時代精準指環
42567,劃時代治癒指環
42568,劃時代詠咒指環
42569,克拉倫特
42570,蘇維亞拳刃
42571,凶猛斧
42572,迅擊槍蓋阿薩爾
42573,腹弩
42574,寧靜之杖
42575,巨人之杖
42576,大魔法書
42577,折中主義
42578,不知火
42579,邪魔大劍
42580,斯塔爾曼特製手槍
42581,墨提斯
42582,小鴉丸
42583,柯拉達
42584,懲愚之刃
42585,蘇摩
42586,宿怨巨鐮
42587,回心
42588,撒伽塔納斯
42589,天使之筆
42590,加拉哈德之盾
42591,迅騎戰冠
42592,迅騎胸甲
42593,迅騎手鎧
42594,迅騎馬褲
42595,迅騎鎧靴
42596,靜修士冠帶
42597,靜修士鬥服
42598,靜修士臂甲
42599,靜修士束膝褲
42600,靜修士脛甲
42601,苦訓雙角冠
42602,苦訓坎肩
42603,苦訓臂甲
42604,苦訓馬褲
42605,苦訓長筒靴
42606,騰空戰盔
42607,騰空鱗鎧
42608,騰空手鎧
42609,騰空馬褲
42610,騰空鎖甲靴
42611,比胡禮帽
42612,比胡外套
42613,比胡手套
42614,比胡腿套
42615,比胡長靴
42616,虔誠頭飾
42617,虔誠長袍
42618,虔誠指套
42619,虔誠長褲
42620,虔誠長靴
42621,大法師闊邊帽
42622,大法師長袍
42623,大法師手紋
42624,大法師打底褲
42625,大法師高筒靴
42626,塑形獨角冠
42627,塑形斗篷
42628,塑形手套
42629,塑形束膝褲
42630,塑形長靴
42631,教育方帽
42632,教育外衣
42633,教育半指手套
42634,教育短褲
42635,教育長筒靴
42636,百地眼帶
42637,百地鎖帷子
42638,百地手甲
42639,百地袴
42640,百地纏足
42641,墮落輕盔
42642,墮落胸甲
42643,墮落手套
42644,墮落軟甲褲
42645,墮落鎖甲靴
42646,前驅者帽
42647,前驅者外套
42648,前驅者手套
42649,前驅者馬褲
42650,前驅者長靴
42651,記星士寬邊帽
42652,記星士長袍
42653,記星士護臂
42654,記星士腿套
42655,記星士尖頭靴
42656,左近士眼帶
42657,左近士羽織
42658,左近士手套
42659,左近士袴
42660,左近士足袋
42661,玫瑰血禮帽
42662,玫瑰血外套
42663,玫瑰血手套
42664,玫瑰血馬褲
42665,玫瑰血長靴
42666,堡壘眼罩
42667,堡壘外套
42668,堡壘手套
42669,堡壘軟甲褲
42670,堡壘高筒靴
42671,躍舞頭飾
42672,躍舞起舞舞衣
42673,躍舞腕環
42674,躍舞打底褲
42675,躍舞禮靴
42676,暗殺者兜帽
42677,暗殺者外套
42678,暗殺者半指手套
42679,暗殺者襯褲
42680,暗殺者脛甲
42681,蛇杖面罩
42682,蛇杖外套
42683,蛇杖手套
42684,蛇杖騎兵褲
42685,蛇杖長靴
42686,毒蛇兜帽
42687,毒蛇外套
42688,毒蛇半指手套
42689,毒蛇騎兵褲
42690,毒蛇腿甲靴
42691,繪靈法師包頭巾
42692,繪靈法師長外套
42693,繪靈法師護臂
42694,繪靈法師垮褲
42695,繪靈法師尖頭靴
42696,新生王國曲刃刀
42697,新生王國指虎
42698,新生王國戰斧
42699,新生王國戰戟
42700,新生王國複合弓
42701,新生王國牧杖
42702,新生王國法杖
42703,新生王國魔導書
42704,新生王國魔導典
42705,新生王國破刃刀
42706,新生王國巨劍
42707,新生王國火槍
42708,新生王國天星盤
42709,新生王國武士刀
42710,新生王國重刺劍
42711,新生王國槍刃
42712,新生王國歡刺
42713,新生王國奪命鐮
42714,新生王國注射管
42715,新生王國雙牙
42716,新生王國圓筆
42717,新生王國鳶盾
42718,新生王國禦敵兜帽
42719,新生王國禦敵罩衣
42720,新生王國禦敵手套
42721,新生王國禦敵護腿褲
42722,新生王國禦敵高筒靴
42723,新生王國制敵兜帽
42724,新生王國制敵罩衣
42725,新生王國制敵手套
42726,新生王國制敵護腿褲
42727,新生王國制敵高筒靴
42728,新生王國強襲兜帽
42729,新生王國強襲束腰獵衣
42730,新生王國強襲手套
42731,新生王國強襲馬褲
42732,新生王國強襲高筒靴
42733,新生王國精準禮帽
42734,新生王國精準長衣
42735,新生王國精準護臂
42736,新生王國精準腿套
42737,新生王國精準長靴
42738,新生王國游擊禮帽
42739,新生王國游擊束腰獵衣
42740,新生王國游擊手套
42741,新生王國游擊腿套
42742,新生王國游擊長靴
42743,新生王國治癒寬邊帽
42744,新生王國治癒長衣
42745,新生王國治癒護臂
42746,新生王國治癒馬褲
42747,新生王國治癒長靴
42748,新生王國詠咒寬邊帽
42749,新生王國詠咒長衣
42750,新生王國詠咒護臂
42751,新生王國詠咒馬褲
42752,新生王國詠咒長靴
42753,新生王國禦敵耳墜
42754,新生王國強攻耳墜
42755,新生王國精準耳墜
42756,新生王國治癒耳墜
42757,新生王國詠咒耳墜
42758,新生王國禦敵項環
42759,新生王國強攻項環
42760,新生王國精準項環
42761,新生王國治癒項環
42762,新生王國詠咒項環
42763,新生王國禦敵手鐲
42764,新生王國強攻手鐲
42765,新生王國精準手鐲
42766,新生王國治癒手鐲
42767,新生王國詠咒手鐲
42768,新生王國禦敵指甲
42769,新生王國強攻指甲
42770,新生王國精準指甲
42771,新生王國治癒指甲
42772,新生王國詠咒指甲
42773,艷翼彎刃刀
42774,艷翼虎爪
42775,艷翼巨斧
42776,艷翼大刀
42777,艷翼長弓
42778,艷翼牧杖
42779,艷翼咒杖
42780,艷翼魔導書
42781,艷翼魔導典
42782,艷翼屠刀
42783,艷翼大彎刀
42784,艷翼火槍
42785,艷翼太陽儀
42786,艷翼武士刀
42787,艷翼刺劍
42788,艷翼槍刃
42789,艷翼戰輪
42790,艷翼戰鐮
42791,艷翼飛翼
42792,艷翼雙牙
42793,艷翼圓筆
42794,艷翼盾
42795,奇蹟禦敵耳墜
42796,奇蹟強攻耳墜
42797,奇蹟精準耳墜
42798,奇蹟治癒耳墜
42799,奇蹟詠咒耳墜
42800,奇蹟禦敵項環
42801,奇蹟強攻項環
42802,奇蹟精準項環
42803,奇蹟治癒項環
42804,奇蹟詠咒項環
42805,奇蹟禦敵手鐲
42806,奇蹟強攻手鐲
42807,奇蹟精準手鐲
42808,奇蹟治癒手鐲
42809,奇蹟詠咒手鐲
42810,奇蹟禦敵指環
42811,奇蹟強攻指環
42812,奇蹟精準指環
42813,奇蹟治癒指環
42814,奇蹟詠咒指環
42815,
42816,
42817,
42818,
42819,
42820,
42821,
42822,
42823,
42824,
42825,
42826,
42827,
42828,
42829,
42830,
42831,
42832,
42833,
42834,
42835,
42836,
42837,
42838,
42839,
42840,
42841,
42842,
42843,
42844,
42845,
42846,
42847,
42848,
42849,
42850,
42851,
42852,
42853,
42854,
42855,
42856,
42857,
42858,
42859,
42860,
42861,
42862,
42863,
42864,
42865,
42866,
42867,
42868,
42869,
42870,
42871,
42872,
42873,
42874,
42875,
42876,
42877,
42878,
42879,
42880,
42881,
42882,
42883,
42884,
42885,
42886,
42887,
42888,
42889,
42890,
42891,
42892,
42893,
42894,
42895,
42896,
42897,
42898,
42899,
42900,
42901,
42902,
42903,
42904,
42905,
42906,
42907,
42908,
42909,
42910,
42911,
42912,
42913,
42914,
42915,
42916,
42917,
42918,
42919,
42920,
42921,
42922,
42923,
42924,
42925,
42926,
42927,
42928,
42929,
42930,
42931,
42932,
42933,
42934,
42935,
42936,
42937,
42938,
42939,
42940,
42941,
42942,
42943,
42944,
42945,
42946,
42947,
42948,
42949,
42950,
42951,
42952,
42953,
42954,
42955,
42956,
42957,
42958,
42959,
42960,
42961,
42962,
42963,
42964,
42965,
42966,
42967,
42968,
42969,
42970,
42971,
42972,
42973,
42974,
42975,
42976,
42977,
42978,
42979,
42980,
42981,
42982,
42983,
42984,
42985,
42986,
42987,
42988,
42989,
42990,
42991,
42992,
42993,
42994,
42995,
42996,
42997,
42998,
42999,
43000,
43001,
43002,
43003,
43004,
43005,
43006,
43007,
43008,
43009,
43010,
43011,
43012,
43013,
43014,
43015,
43016,
43017,
43018,
43019,
43020,
43021,
43022,
43023,
43024,
43025,
43026,
43027,
43028,
43029,
43030,
43031,
43032,
43033,
43034,
43035,
43036,
43037,
43038,
43039,
43040,
43041,
43042,
43043,
43044,
43045,
43046,
43047,
43048,
43049,
43050,
43051,
43052,
43053,
43054,
43055,
43056,
43057,
43058,
43059,
43060,
43061,
43062,
43063,
43064,
43065,
43066,
43067,
43068,
43069,
43070,
43071,
43072,
43073,
43074,
43075,
43076,
43077,
43078,
43079,
43080,
43081,
43082,
43083,
43084,
43085,
43086,
43087,
43088,
43089,
43090,
43091,
43092,
43093,
43094,
43095,
43096,
43097,
43098,
43099,
43100,
43101,
43102,
43103,
43104,
43105,
43106,
43107,
43108,
43109,
43110,
43111,
43112,
43113,
43114,
43115,
43116,
43117,
43118,
43119,
43120,
43121,
43122,
43123,
43124,
43125,
43126,
43127,
43128,
43129,
43130,
43131,
43132,
43133,
43134,
43135,
43136,
43137,
43138,
43139,
43140,
43141,
43142,
43143,
43144,
43145,
43146,
43147,
43148,
43149,
43150,
43151,
43152,
43153,
43154,
43155,
43156,
43157,
43158,
43159,
43160,
43161,
43162,
43163,
43164,
43165,
43166,
43167,
43168,
43169,
43170,
43171,
43172,
43173,
43174,
43175,
43176,
43177,
43178,舊化的蛇咬頭帶
43179,舊化的蛇咬背心
43180,舊化的蛇咬半指手套
43181,舊化的蛇咬束膝褲
43182,舊化的蛇咬長靴
43183,舊化的畫家貝雷帽
43184,舊化的畫家罩衣
43185,舊化的畫家半指手套
43186,舊化的畫家工作褲
43187,舊化的畫家厚底鞋
43188,雙牙
43189,蛇咬頭帶
43190,蛇咬背心
43191,蛇咬半指手套
43192,蛇咬束膝褲
43193,蛇咬長靴
43194,圓筆
43195,畫家貝雷帽
43196,畫家罩衣
43197,畫家半指手套
43198,畫家長褲
43199,畫家厚底鞋
43200,奧闊鉻鐵手鋸
43201,奧闊鉻鐵橫頭錘
43202,奧闊鉻鐵圓頭錘
43203,奧闊鉻鐵工藝錘
43204,奧闊鉻鐵皮革刀
43205,混金縫針
43206,奧闊鉻鐵蒸餾器
43207,奧闊鉻鐵平底鍋
43208,奧闊鉻鐵十字鎬
43209,奧闊鉻鐵手斧
43210,五加木釣竿
43211,奧闊鉻鐵羊角錘
43212,奧闊鉻鐵銼刀
43213,奧闊鉻鐵手鉗
43214,五加木砂輪機
43215,奧闊鉻鐵平斬
43216,五加木紡車
43217,奧闊鉻鐵研缽
43218,奧闊鉻鐵廚刀
43219,奧闊鉻鐵碎石錘
43220,奧闊鉻鐵園藝鐮
43221,鈷鎢手鋸
43222,鈷鎢橫頭錘
43223,鈷鎢圓頭錘
43224,鈷鎢工藝錘
43225,鈷鎢皮革刀
43226,鈷鎢縫針
43227,鈷鎢蒸餾器
43228,鈷鎢陸行鳥煎鍋
43229,鈷鎢十字鎬
43230,鈷鎢手斧
43231,深紅木釣竿
43232,鈷鎢羊角錘
43233,鈷鎢銼刀
43234,鈷鎢手鉗
43235,深紅木砂輪機
43236,鈷鎢平斬
43237,深紅木紡車
43238,鈷鎢研缽
43239,鈷鎢廚刀
43240,鈷鎢碎石錘
43241,鈷鎢園藝鐮
43242,鈦金手鋸
43243,鈦金橫頭錘
43244,鈦金圓頭錘
43245,鈦金工藝錘
43246,鈦金皮革刀
43247,白黃金縫針
43248,鈦金蒸餾器
43249,鈦金炸彈煎鍋
43250,鈦金十字鎬
43251,鈦金手斧
43252,相思木釣竿
43253,鈦金羊角錘
43254,鈦金銼刀
43255,鈦金手鉗
43256,相思木砂輪機
43257,鈦金平斬
43258,相思木紡車
43259,鈦金研缽
43260,鈦金廚刀
43261,鈦金碎石錘
43262,鈦金園藝鐮
43263,卡扎納爾手鋸
43264,卡扎納爾橫頭錘
43265,卡扎納爾圓頭錘
43266,卡扎納爾工藝錘
43267,卡扎納爾圓革刀
43268,卡扎納爾縫針
43269,卡扎納爾蒸餾器
43270,卡扎納爾魔石精平底鍋
43271,卡扎納爾十字鎬
43272,卡扎納爾手斧
43273,克拉洛胡桃木釣竿
43274,卡扎納爾羊角錘
43275,卡扎納爾銼刀
43276,卡扎納爾手鉗
43277,克拉洛胡桃木砂輪機
43278,卡扎納爾平斬
43279,克拉洛胡桃木紡車
43280,卡扎納爾研缽
43281,卡扎納爾廚刀
43282,卡扎納爾碎石錘
43283,卡扎納爾園藝鐮
43284,雪木棉貝雷帽
43285,雪木棉外套
43286,銀狼革半指護手
43287,雪木棉軟甲褲
43288,銀狼革皮靴
43289,雪木棉頭巾
43290,銀狼革外套
43291,銀狼革手套
43292,雪木棉馬褲
43293,銀狼革長靴
43294,薄絹巧匠工作帽
43295,薄絹巧匠工作衫
43296,獰豹革巧匠半指手套
43297,薄絹巧匠騎兵褲
43298,獰豹革巧匠工作靴
43299,薄絹大地狩獵帽
43300,薄絹大地短衣
43301,獰豹革大地半指護手
43302,薄絹大地及膝褲
43303,獰豹革大地工作靴
43304,犎牛嗶嘰巧匠無簷帽
43305,犎牛嗶嘰巧匠工作坎肩
43306,嵌齒象革巧匠半指手套
43307,犎牛嗶嘰巧匠軟甲褲
43308,嵌齒象革巧匠長靴
43309,犎牛嗶嘰大地工作帽
43310,嵌齒象革大地工作坎肩
43311,嵌齒象革大地半指護手
43312,犎牛嗶嘰大地軟甲褲
43313,嵌齒象革大地工作靴
43314,落雷絹巧匠無簷帽
43315,落雷絹巧匠襯衫
43316,卡岡圖亞革巧匠半指手套
43317,落雷絹巧匠寬鬆七分褲
43318,克拉洛胡桃木巧匠涼鞋
43319,卡岡圖亞革大地工作帽
43320,落雷絹大地坎肩
43321,卡岡圖亞革大地半指護手
43322,落雷絹大地寬鬆七分褲
43323,克拉洛胡桃木大地涼鞋
43324,混金耳夾
43325,混金項環
43326,混金手鐲
43327,混金指環
43328,五加木耳環
43329,五加木項鍊
43330,五加木手鐲
43331,五加木指環
43332,相思木耳環
43333,相思木項鍊
43334,相思木手鐲
43335,相思木指環
43336,嵌齒象革耳墜
43337,嵌齒象革項鍊
43338,嵌齒象革手環
43339,嵌齒象革指環
43340,黑星石巧匠耳墜
43341,黑星石巧匠圍巾
43342,黑星石巧匠手鐲
43343,卡扎納爾巧匠戒指
43344,黑星石大地耳環
43345,克拉洛胡桃木大地項鍊
43346,克拉洛胡桃木大地手環
43347,卡扎納爾大地指環
43348,曉木手鋸
43349,曦鐵鳥嘴錘
43350,暘甲圓頭錘
43351,昕金工藝錘
43352,旭革裁皮刀
43353,旦衣縫針
43354,晞煉蒸餾器
43355,曙烹平底鍋
43356,晗礦十字鎬
43357,晨野手斧
43358,朝漁釣竿
43359,曉木護目鏡
43360,曉木坎肩
43361,曉木工作手套
43362,曉木工作褲
43363,曉木短靴
43364,曦鐵頭巾
43365,曦鐵胸衣
43366,曦鐵手套
43367,曦鐵長裙
43368,曦鐵工作靴
43369,暘甲面罩
43370,暘甲圍裙
43371,暘甲工作手套
43372,暘甲襯褲
43373,暘甲長靴
43374,昕金無簷帽
43375,昕金工作衫
43376,昕金指套
43377,昕金喇叭褲
43378,昕金尖頭靴
43379,旭革鴨舌帽
43380,旭革圍裙
43381,旭革護臂
43382,旭革七分褲
43383,旭革短靴
43384,旦衣禮帽
43385,旦衣禮服
43386,旦衣短手套
43387,旦衣軟甲褲
43388,旦衣高跟鞋
43389,晞煉貝雷帽
43390,晞煉外套
43391,晞煉手套腕表
43392,晞煉軟甲褲
43393,晞煉短靴
43394,曙烹無簷帽
43395,曙烹圍裙
43396,曙烹連指手套
43397,曙烹軟甲褲
43398,曙烹短靴
43399,晗礦頭燈帽
43400,晗礦工作襯衫
43401,晗礦工作手套
43402,晗礦工作褲
43403,晗礦工作靴
43404,晨野遮陽帽
43405,晨野工作坎肩
43406,晨野工作手套
43407,晨野馬褲
43408,晨野高筒靴
43409,朝漁遮陽帽
43410,朝漁工作衫
43411,朝漁工作手套
43412,朝漁腿套
43413,朝漁工作靴
43414,
43415,
43416,
43417,
43418,
43419,
43420,
43421,
43422,
43423,
43424,
43425,
43426,
43427,
43428,
43429,
43430,
43431,
43432,
43433,
43434,
43435,
43436,
43437,
43438,
43439,
43440,
43441,
43442,
43443,
43444,
43445,
43446,
43447,
43448,
43449,
43450,
43451,
43452,
43453,
43454,
43455,
43456,
43457,
43458,
43459,
43460,
43461,
43462,
43463,
43464,
43465,
43466,
43467,
43468,
43469,米卡頭套
43470,米卡服
43471,夜魔角
43472,夜魔襯衫
43473,夜魔半指護手
43474,夜魔軟甲褲
43475,夜魔短靴
43476,奧闊鉻鐵武器箱（品級645）
43477,奧闊鉻鐵頭部裝備箱（品級645）
43478,奧闊鉻鐵身體裝備箱（品級645）
43479,奧闊鉻鐵手臂裝備箱（品級645）
43480,奧闊鉻鐵腿部裝備箱（品級645）
43481,奧闊鉻鐵腳部裝備箱（品級645）
43482,奧闊鉻鐵耳部裝備箱（品級645）
43483,奧闊鉻鐵頸部裝備箱（品級645）
43484,奧闊鉻鐵腕部裝備箱（品級645）
43485,奧闊鉻鐵指環裝備箱（品級645）
43486,釕金武器箱（品級655）
43487,釕金頭部裝備箱（品級655）
43488,釕金身體裝備箱（品級655）
43489,釕金手臂裝備箱（品級655）
43490,釕金腿部裝備箱（品級655）
43491,釕金腳部裝備箱（品級655）
43492,釕金耳部裝備箱（品級655）
43493,釕金頸部裝備箱（品級655）
43494,釕金腕部裝備箱（品級655）
43495,釕金指環裝備箱（品級655）
43496,深紅木武器箱（品級663）
43497,深紅木頭部裝備箱（品級663）
43498,深紅木身體裝備箱（品級663）
43499,深紅木手臂裝備箱（品級663）
43500,深紅木腿部裝備箱（品級663）
43501,深紅木腳部裝備箱（品級663）
43502,深紅木耳部裝備箱（品級663）
43503,深紅木頸部裝備箱（品級663）
43504,深紅木腕部裝備箱（品級663）
43505,深紅木指環裝備箱（品級663）
43506,相思木武器箱（品級669）
43507,相思木頭部裝備箱（品級669）
43508,相思木身體裝備箱（品級669）
43509,相思木手臂裝備箱（品級669）
43510,相思木腿部裝備箱（品級669）
43511,相思木腳部裝備箱（品級669）
43512,相思木耳部裝備箱（品級669）
43513,相思木頸部裝備箱（品級669）
43514,相思木腕部裝備箱（品級669）
43515,相思木指環裝備箱（品級669）
43516,卡扎納爾武器箱（品級675）
43517,卡扎納爾頭部裝備箱（品級675）
43518,卡扎納爾身體裝備箱（品級675）
43519,卡扎納爾手臂裝備箱（品級675）
43520,卡扎納爾腿部裝備箱（品級675）
43521,卡扎納爾腳部裝備箱（品級675）
43522,卡扎納爾耳部裝備箱（品級675）
43523,卡扎納爾頸部裝備箱（品級675）
43524,卡扎納爾腕部裝備箱（品級675）
43525,卡扎納爾指環裝備箱（品級675）
43526,艷翼武器箱（品級710）
43527,
43528,
43529,
43530,
43531,
43532,
43533,
43534,
43535,
43536,
43537,舊化的蛇咬裝備箱（品級515）
43538,舊化的畫家裝備箱（品級515）
43539,天災圖騰
43540,奇蹟圖騰
43541,
43542,
43543,
43544,
43545,
43546,
43547,
43548,
43549,
43550,
43551,
43552,
43553,
43554,
43555,
43556,陳舊的銀狼革地圖
43557,陳舊的獰豹革地圖
43558,行星神的肖像畫
43559,戰爭神的肖像畫
43560,月亮神的肖像畫
43561,知識神的肖像畫
43562,海之女神的肖像畫
43563,放浪神的肖像畫
43564,
43565,肖像教材：火山之心
43566,肖像教材：機關大殿
43567,
43568,
43569,小小海牛
43570,飛梭M9
43571,小羊駝
43572,
43573,中角羊
43574,伊克提
43575,小綠鳥
43576,小巧郊狼
43577,洛洛洛特雪精
43578,玉米大人
43579,酒杯刺
43580,藍貓
43581,說話的石頭
43582,輝鱗人玩偶
43583,惡作劇小丑
43584,鐵皮哨兵T1
43585,驗證體安波羅修
43586,
43587,新型迷你可露兒
43588,迷你零
43589,
43590,小鳴鼠角笛
43591,飛梭A9啟動鑰匙
43592,羊駝角笛
43593,天災之翼
43594,奇蹟之翼
43595,外勤機認證金鑰
43596,梅瓦皮亞拉角笛
43597,
43598,犎牛角笛
43599,烏勒爾角笛
43600,
43601,圖拉爾冒險裝甲
43602,艷翼蛇鳥裝甲
43603,雷轉質裝甲
43604,野地裝甲
43605,
43606,髮型樣式：二分區
43607,奧闊帕恰山詳細地圖
43608,克扎瑪烏卡濕地詳細地圖
43609,亞克特爾樹海詳細地圖
43610,夏勞尼荒野詳細地圖
43611,遺產之地詳細地圖
43612,憶想之地詳細地圖
43613,紅色向日葵頭花
43614,藍色向日葵頭花
43615,黃色向日葵頭花
43616,綠色向日葵頭花
43617,橙色向日葵頭花
43618,紫色向日葵頭花
43619,白色向日葵頭花
43620,黑色向日葵頭花
43621,混色向日葵頭花
43622,異怪雙軍刀
43623,輝翠雙牙
43624,帝國魔導雙牙
43625,鉍金雙牙
43626,波洛伽雙軍刀
43627,錳鋼雙牙
43628,造物院雙牙
43629,球粒隕石魔導雙牙
43630,改良型聖堂潛行雙牙
43631,改良型月使雙軍刀
43632,改良型索林之刃
43633,角尊雙牙
43634,閃熠雙牙
43635,天之對劍
43636,正統鑽紋蛇刀
43637,高尚鑽紋蛇刀
43638,煉獄獵犬雙牙
43639,改良型煉獄獵犬雙牙
43640,凱旋雙軍刀
43641,成神之雙牙
43642,絕境歐米茄雙牙
43643,異怪圓筆
43644,棕櫚圓筆
43645,帝國魔導筆
43646,紅松木平筆
43647,波洛伽平筆
43648,鐵木橢圓筆
43649,造物院扇形筆
43650,球粒隕石魔導畫筆
43651,改良型聖堂潛行圓筆
43652,改良型月使圓筆
43653,改良型文藝復興之筆
43654,角尊扇形筆
43655,閃熠斜角筆
43656,天之繪筆
43657,正統斜角筆
43658,高尚斜角筆
43659,煉獄獵犬圓筆
43660,改良型煉獄獵犬圓筆
43661,凱旋斜角筆
43662,成神之筆
43663,絕境歐米茄圓筆
43664,食蚊魚
43665,佩魯蛙
43666,暗銀脂鯉
43667,理王魚
43668,星塵蝦
43669,酒鬼魚
43670,幽魂魚
43671,鐮鰭鯧鰺
43672,豎笛魚
43673,藍色錢包
43674,金矛魚
43675,海羊駝
43676,大理石手斧
43677,抓星蝦
43678,奧闊鱒
43679,鑿石刀
43680,其瓦固鰍
43681,歐來歐來歐來
43682,烏帕魯
43683,流星銀尾
43684,第一口
43685,奧闊水蛙
43686,澤托托
43687,半飽鱒
43688,深奧的證人
43689,克扎瑪烏跳魚
43690,水沒睡魚
43691,劇毒染色蛙
43692,花褶瑪塔蛇頸龜
43693,巨蛋大蛇
43694,大盤蟹
43695,牙籤魚
43696,利齒脂鯉
43697,浮木鯰魚
43698,火風魚
43699,青銅琵琶魚
43700,矛麗魚
43701,火焰麗魚
43702,佩魯災星
43703,巨型利齒脂鯉
43704,大舌頭苦魚
43705,斷舌處刑人
43706,玉米鰷魚
43707,浮虹魚
43708,虹彩虹鯧
43709,糰子魚
43710,條紋牙籤魚
43711,尖陶樂鯰
43712,圓點刺魟
43713,黃單麗魚
43714,鏟鼻鯰
43715,閃爍魚影
43716,烏托姆黎明
43717,狗魚孔雀魚
43718,釣神基富麗魚
43719,紅豹帆鰭魚
43720,隱白
43721,蚓螈
43722,鏡鯉
43723,天坑太陽
43724,赤血的枯葉
43725,天使之母
43726,亞克特爾火焰蜥蜴
43727,黑骨舌魚
43728,雲空魚
43729,白燼龍蝦
43730,黃金鈍口螈
43731,角蛙
43732,泥土魚
43733,圖拉爾毒蜥蜴
43734,亞克特爾鯰魚
43735,腳尖鯰
43736,格子麗魚
43737,戰地雀鱔
43738,金紅劍尾魚
43739,星粒魚
43740,完美的碟子
43741,幻煌魚
43742,細枝鯰
43743,盲鼬魚
43744,亞克特爾鱷
43745,烏托姆提卡
43746,鯊魚鼻鰕虎
43747,亞克特爾蟹
43748,冥境睡魚
43749,網紋鯊
43750,骨尾查布魚
43751,尼葵瑞皮鱒
43752,帕利尤南麗魚
43753,夏勞尼鮭魚
43754,旅跡鱒
43755,特利平鯰
43756,圖拉爾鱘
43757,佐戈之核
43758,雲中緞帶
43759,佐戈蠍
43760,瀑布徨靈
43761,佐戈禿鷹
43762,雲蜂
43763,飛天魷魚
43764,風暴鯊
43765,遺產鰍
43766,邊郊鼻魚
43767,瓜仁太陽魚
43768,虎紋大狗魚
43769,黑莓鱸
43770,漂流鱒
43771,雷鬥魚
43772,紅腹雷錘
43773,亞斯拉尼弓鰭魚
43774,雷鰈魚
43775,黃金石斑魚
43776,永護小龍蝦
43777,棘背魚
43778,清潔方案
43779,錦磚鰍
43780,玫瑰蛙
43781,騎士鰕虎
43782,風途鰻魚
43783,滑稽鯰魚
43784,克雷拉鯉
43785,蛇頭鱧
43786,粗紋松鯛
43787,新骨舌魚
43788,運河鯛魚
43789,虹色隆頭魚
43790,運河鼓
43791,蝴蝶魟
43792,水鯕鯖
43793,鍾情蚌
43794,被遺忘的魚
43795,紅銅鯊
43796,金色昨日
43797,星河鏡銀鯽
43798,緋紅女王
43799,亞歷山德里亞鯉魚
43800,
43801,
43802,
43803,圖拉爾鰍
43804,尤卡巨人蟾蜍
43805,石片琵琶魚
43806,鯊鯰
43807,澤拉多
43808,卡瓦魚
43809,英麗魚
43810,虹彩花
43811,莫布林陶瓷魟
43812,惡友的燈火
43813,河岸巨脂鯉
43814,火炬尾
43815,彩虹姐妹
43816,克扎瑪烏卡脂鯉
43817,木炭鰻
43818,彩虹皮皮拉魚
43819,克扎瑪烏卡斬馬魚
43820,虹彩巨骨舌魚
43821,墨尾足魚
43822,普魯斯鱷
43823,藍色圖拉爾蟹
43824,戴冠鰕虎
43825,天坑龜
43826,毒蛇魚
43827,地平線鱷
43828,天坑雀鱔
43829,陽光棱晶
43830,慧眼魚
43831,褶鰭鰕虎
43832,黑貒豬
43833,斑點麗魚
43834,金脂鯉
43835,密林落葉
43836,金光碟麗魚
43837,雷鰻
43838,長鬚魚
43839,黃金骨舌魚
43840,獰豹魚
43841,赤血蟹
43842,犀蜴鱈魚
43843,戰口魚
43844,夏勞尼鰕虎
43845,梭鱸
43846,尼葵瑞皮麗魚
43847,長鼻雀鱔
43848,午夜鯉魚
43849,黃金幼蟲
43850,深紅沙蠶
43851,白蛹
43852,蜜蜂餌
43853,仙人掌擬餌
43854,白蠕蟲
43855,嘭嘭擬餌
43856,蚌肉
43857,蜻蜓
43858,紅蛆
43859,幽靈鉗
43860,九宮幻卡：擬鳥枝
43861,九宮幻卡：犎牛
43862,九宮幻卡：哨兵R
43863,九宮幻卡：外勤機
43864,九宮幻卡：古魯加加
43865,九宮幻卡：瞌睡怪
43866,九宮幻卡：遼刻特特雪精
43867,九宮幻卡：錘顱巨兵
43868,九宮幻卡：安波羅修
43869,九宮幻卡：艷翼蛇鳥
43870,九宮幻卡：佐拉加
43871,九宮幻卡：永恆女王
43872,
43873,九宮幻卡：歐提斯
43874,九宮幻卡：卡赫奇瓦
43875,九宮幻卡：烏克·拉瑪特
43876,九宮幻卡：斯菲茵
43877,
43878,礦物傳承錄·尤卡圖拉爾篇
43879,礦物傳承錄·薩卡圖拉爾篇
43880,礦物傳承錄·亞歷山德里亞篇
43881,草木傳承錄·尤卡圖拉爾篇
43882,草木傳承錄·薩卡圖拉爾篇
43883,草木傳承錄·亞歷山德里亞篇
43884,魚類傳承錄·尤卡圖拉爾篇
43885,魚類傳承錄·薩卡圖拉爾篇
43886,魚類傳承錄·亞歷山德里亞篇
43887,蘆葦鐮刀
43888,玉米薄餅壓製機
43889,旅行提燈
43890,冥想用香爐
43891,全新的裝訂組件
43892,佩魯佩魯族樣式的裝訂組件
43893,莫布林族樣式的裝訂組件
43894,輝鱗族樣式的裝訂組件
43895,冷園果汁
43896,發酵蘆薈汁
43897,深綠果汁
43898,醃刺梨果汁
43899,奇珍異寶的暢銷商品
43900,奇珍異寶的咒術用品
43901,城市房屋淨化用品
43902,深地層碎片
43903,魨王
43904,尤卡巨人琵琶魚
43905,刻巨骨舌魚
43906,憤怒哈努頭
43907,交換用的天平軸
43908,金煌採火器
43909,尤卡巨人族樣式的封面
43910,迎曦之民樣式的裝訂組件
43911,可可果肉果汁
43912,布涅瓦氣泡水
43913,奇珍異寶的稀少商品
43914,青藍花瓣
43915,天坑鯊
43916,雷鱘
43917,收藏用河岸石原石
43918,收藏用仿造熔岩
43919,收藏用黑琥珀
43920,收藏用鈦金礦
43921,收藏用氧化鎂礦石
43922,收藏用黑鐵礦
43923,收藏用火山灰土
43924,收藏用克扎瑪烏甘菊
43925,收藏用野生龍舌蘭
43926,收藏用高山亞麻
43927,收藏用甜可可豆
43928,收藏用深紅木原木
43929,收藏用相思木原木
43930,收藏用香風月桂葉
43931,黑雷岩
43932,陽風岩
43933,金色樹枝
43934,火山草
43935,交換用的天平軸組件
43936,金煌採火器的組件
43937,尤卡巨人族的傳統素材
43938,迎曦之民的傳統素材
43939,尤卡可可豆莢
43940,圖拉爾混合香料
43941,複製原畫«黃金群像»
43942,惰性多棱晶簇
43943,惰性多棱水晶
43944,惰性炸裂狀晶簇
43945,惰性炸裂狀水晶
43946,
43947,
43948,
43949,
43950,
43951,
43952,
43953,肖像教材：毒蛇劍士
43954,肖像教材：繪靈法師
43955,肖像教材：地靈族
43956,肖像教材：風精靈族
43957,肖像教材：蜥蜴人族
43958,肖像教材：魚人族
43959,肖像教材：鳥人族
43960,肖像教材：九號解決方案1
43961,圖拉爾雙色寶石的收據
43962,向日葵種子
43963,紅色向日葵
43964,藍色向日葵
43965,黃色向日葵
43966,綠色向日葵
43967,橙色向日葵
43968,紫色向日葵
43969,白色向日葵
43970,黑色向日葵
43971,混色向日葵
43972,梅斯卡料酒
43973,烏托姆辣醬
43974,高級楓糖漿
43975,泡沫奶油
43976,圖拉爾玉米油
43977,高山食鹽
43978,烏托姆番茄
43979,高級楓樹樹液
43980,夏勞尼油菜籽
43981,圖拉爾玉米
43982,高山岩鹽
43983,花椰菜
43984,柿子椒
43985,亞斯拉尼蒜頭
43986,白胡椒
43987,牧豆樹豆子
43988,圖拉爾鳳梨
43989,圖拉爾蘆薈
43990,野生加提卡香蕉
43991,甜可可豆
43992,奧闊鉻鐵礦
43993,釕金礦
43994,鈷鎢礦
43995,鈦金礦
43996,黑鐵礦
43997,奧闊鉻鐵錠
43998,釕金錠
43999,鈷鎢錠
44000,鈦金錠
44001,卡扎納爾錠
44002,混金礦
44003,河岸石原石
44004,粉綠柱石原石
44005,白黃金礦
44006,黑星石原石
44007,氧化鎂粉
44008,混金錠
44009,河岸石
44010,粉綠柱石
44011,白黃金錠
44012,黑星石
44013,氧化鎂砥石
44014,五加木原木
44015,木棉原木
44016,深紅木原木
44017,相思木原木
44018,克拉洛胡桃木原木
44019,五加木木材
44020,木棉木材
44021,深紅木木材
44022,相思木木材
44023,克拉洛胡桃木木材
44024,雪木棉
44025,高山亞麻
44026,薄絹繭
44027,犎牛獸毛
44028,帶雷繭
44029,雪木棉布
44030,高山亞麻布
44031,薄絹織物
44032,犎牛嗶嘰
44033,落雷絹
44034,亞克特爾天然水
44035,黃金靈砂
44036,幻岩靈砂
44037,幻葉靈砂
44038,幻海靈砂
44039,風芹
44040,克扎瑪烏甘菊
44041,香風月桂葉
44042,桉樹
44043,珍珠草
44044,剛力之寶水
44045,巧力之寶水
44046,耐力之寶水
44047,智力之寶水
44048,意力之寶水
44049,植物成長劑11型
44050,重鎢墨水
44051,大聖水
44052,相思木樹皮
44053,奧闊銀狼的粗皮
44054,錘頭鱷的粗皮
44055,獰豹的粗皮
44056,嵌齒象的粗皮
44057,卡岡圖亞的粗皮
44058,銀狼革
44059,錘頭鱷革
44060,獰豹革
44061,嵌齒象革
44062,卡岡圖亞革
44063,羊駝的里肌肉
44064,沼澤鬼魚的腿肉
44065,擬鳥枝的果實
44066,圓扇刺梨
44067,巨龍舌蘭的球莖
44068,毒蛙的黏液
44069,小亞巴頓的甲殼
44070,小鳴鼠的刃爪
44071,風滾蟹的枯草
44072,斧喙魔鳥的翼膜
44073,燉煮羊駝肉排
44074,梅斯卡香煎沼澤鬼魚肉
44075,
44076,番茄水煮魚
44077,鮭魚乾
44078,醬炒飯
44079,醬汁蘸蝦
44080,
44081,蛋包飯
44082,高級吐司
44083,香蕉星磅蛋糕
44084,照燒楓糖雞肉
44085,紙杯甜瑪芬
44086,奶油熱巧克力
44087,羊駝奶油麵
44088,巧克力奶油蛋糕
44089,圓扇刺梨蛋糕
44090,花椰菜炒菠菜
44091,犎牛牛排
44092,烤犎牛肉
44093,雙油風味拌細麵
44094,鹽烤奧闊鱒
44095,鯰魚派
44096,蔬菜湯
44097,牧豆樹豆汁
44098,牧豆樹豆湯
44099,圖拉爾鳳梨蛋糕
44100,蘆薈水果凍
44101,圖拉爾水果塔
44102,野生香蕉果昔
44103,釀柿子椒
44104,烤牛肉塔可餅
44105,牧羊人塔可餅
44106,犎牛肩肉
44107,青翠黑魔道士武具（47級）
44108,塊狀地毯
44109,紫藤吊燈
44110,淡藍內牆
44111,岩石隔離牆
44112,燜烤豬肉
44113,圖萊尤拉桌面檯燈
44114,佩魯佩魯隔離牆
44115,生息單人床
44116,九號自動售貨機
44117,雜亂的瓶子
44118,遺產之地收納箱
44119,水準霓虹牆燈
44120,垂直霓虹牆燈
44121,亞克特爾景觀樹
44122,新生王國燈柱
44123,
44124,
44125,
44126,
44127,
44128,
44129,
44130,
44131,寄給冒險者的特別郵件
44132,圖拉爾古布
44133,
44134,冷園果
44135,混鐵礦
44136,真銀礦
44137,重蟻木原木
44138,海島棉
44139,圖拉爾明礬
44140,圓扇刺的花
44141,
44142,
44143,
44144,
44145,
44146,
44147,
44148,
44149,
44150,
44151,
44152,
44153,
44154,
44155,
44156,
44157,剛力之寶藥
44158,巧力之寶藥
44159,耐力之寶藥
44160,智力之寶藥
44161,意力之寶藥
44162,
44163,
44164,
44165,
44166,
44167,名匠藥液
44168,巨匠藥液
44169,魔匠藥液
44170,
44171,
44172,
44173,
44174,
44175,
44176,
44177,
44178,
44179,
44180,
44181,
44182,
44183,
44184,
44185,收藏用五加木耳墜
44186,收藏用木棉木長槍
44187,收藏用深紅木項鍊
44188,收藏用相思木法杖
44189,收藏用克拉洛胡桃木砂輪機
44190,收藏用克拉洛胡桃木釣竿
44191,收藏用奧闊鉻鐵拳套
44192,收藏用釕金戰斧
44193,收藏用鈷鎢彎刀
44194,收藏用鈦金研缽
44195,收藏用卡扎納爾戰鐮
44196,收藏用卡扎納爾圓革刀
44197,收藏用奧闊鉻鐵蒸餾器
44198,收藏用釕金鎧靴
44199,收藏用鈷鎢陸行鳥煎鍋
44200,收藏用鈦金釘刺護甲
44201,收藏用卡扎納爾脛甲
44202,收藏用卡扎納爾指環
44203,收藏用混金長弓
44204,收藏用河岸石頭冠
44205,收藏用鈷鎢刺劍
44206,收藏用白黃金項環
44207,收藏用卡扎納爾太陽儀
44208,收藏用黑星石耳墜
44209,收藏用銀狼革半指護手
44210,收藏用錘頭鱷護腿
44211,收藏用獰豹革護臂
44212,收藏用嵌齒象革襯褲
44213,收藏用卡岡圖亞革軟甲褲
44214,收藏用卡岡圖亞革帽
44215,收藏用雪木棉貝雷帽
44216,收藏用高山亞麻上裝
44217,收藏用薄絹腿套
44218,收藏用犎牛嗶嘰帽
44219,收藏用落雷絹手套
44220,收藏用落雷絹寬鬆七分褲
44221,收藏用銀狼革魔導書
44222,收藏用巧力之寶水
44223,收藏用獰豹革魔導典
44224,收藏用魔匠藥液
44225,收藏用耐力之寶藥
44226,收藏用克拉洛胡桃木平筆
44227,收藏用燉煮羊駝肉排
44228,收藏用香蕉星磅蛋糕
44229,收藏用圖拉爾鳳梨蛋糕
44230,收藏用鮭魚乾
44231,收藏用釀柿子椒
44232,收藏用烤牛肉塔可餅
44233,收藏用白黃金礦
44234,收藏用相思木樹皮
44235,河流之息騎士武具（品級650）
44236,佐莫騎士武具（品級660）
44237,深空騎士武具（品級666）
44238,先鋒騎士武具（品級672）
44239,艷翼騎士武具（品級710）
44240,
44241,伊甸之晨雙牙
44242,伊甸之晨圓筆
44243,索林之刃·優雅
44244,文藝復興之筆·優雅
44245,半機器龜認證金鑰
44246,圖拉爾商人襯衫
44247,圖拉爾商人及膝褲
44248,圖拉爾商人皮鞋
44249,圖拉爾旅行者襯衫
44250,圖拉爾旅行者皮鞋
44251,
44252,
44253,
44254,
44255,
44256,霓虹陽傘
44257,
44258,炸彈陽傘
44259,面部配飾：橢圓眼鏡
44260,
44261,面部配飾：經典眼鏡
44262,面部配飾：玫瑰色眼鏡
44263,面部配飾：基礎款眼鏡
44264,面部配飾：單片眼鏡
44265,面部配飾：現代框眼鏡
44266,面部配飾：無框眼鏡
44267,面部配飾：粗框眼鏡
44268,面部配飾：藝術眼鏡
44269,
44270,新生桌面檯燈
44271,蝙蝠南瓜
44272,
44273,炸彈氣球
44274,月使武器箱（品級630）
44275,月使禦敵裝備箱（品級630）
44276,月使制敵裝備箱（品級630）
44277,月使強襲裝備箱（品級630）
44278,月使精準裝備箱（品級630）
44279,月使游擊裝備箱（品級630）
44280,月使治癒裝備箱（品級630）
44281,月使詠咒裝備箱（品級630）
44282,月使禦敵飾品箱（品級630）
44283,月使強攻飾品箱（品級630）
44284,月使精準飾品箱（品級630）
44285,月使治癒飾品箱（品級630）
44286,月使詠咒飾品箱（品級630）
44287,信條禦敵飾品箱（品級660）
44288,信條強攻飾品箱（品級660）
44289,信條精準飾品箱（品級660）
44290,信條治癒飾品箱（品級660）
44291,信條詠咒飾品箱（品級660）
44292,肖像教材：九號解決方案2
44293,肖像教材：圖萊尤拉1
44294,肖像教材：圖萊尤拉2
44295,管弦樂琴樂譜：海牛逆流而上
44296,管弦樂琴樂譜：高聳入雲
44297,管弦樂琴樂譜：樹海深處之夢
44298,管弦樂琴樂譜：火花與閃光
44299,管弦樂琴樂譜：解剖生命
44300,管弦樂琴樂譜：無盡的旅路
44301,管弦樂琴樂譜：紅土大地恩惠
44302,管弦樂琴樂譜：不見月明的小丑　～黃金～
44303,管弦樂琴樂譜：天災
44304,管弦樂琴樂譜：存在的理由
44305,
44306,
44307,
44308,
44309,
44310,管弦樂琴樂譜：黃金之民
44311,管弦樂琴樂譜：沒有星星的摩天樓
44312,管弦樂琴樂譜：山峽涼風
44313,管弦樂琴樂譜：艷彩的羽翼
44314,管弦樂琴樂譜：天空與森林的交界
44315,管弦樂琴樂譜：青煙彌漫
44316,管弦樂琴樂譜：暗天雷光
44317,管弦樂琴樂譜：久遠的記憶
44318,管弦樂琴樂譜：愉快的生活
44319,管弦樂琴樂譜：繁忙的日常
44320,管弦樂琴樂譜：行於荒野
44321,管弦樂琴樂譜：心潮澎湃
44322,管弦樂琴樂譜：此路不通
44323,
44324,管弦樂琴樂譜：曦光旅路
44325,管弦樂琴樂譜：微笑
44326,管弦樂琴樂譜：地下湖的水滴
44327,管弦樂琴樂譜：技師工坊
44328,陳舊的樂譜：天災
44329,陳舊的樂譜：存在的理由
44330,管弦樂琴樂譜：生如歸流（嘉年華版）
44331,管弦樂琴樂譜：終途旅人 - 足跡（嘉年華版）
44332,特製新生祭海報
44333,特製壁掛式血蝙蝠裝飾
44334,
44335,
44336,
44337,
44338,
44339,
44340,
44341,
44342,
44343,
44344,
44345,
44346,
44347,
44348,
44349,
44350,
44351,
44352,
44353,
44354,
44355,
44356,
44357,
44358,
44359,
44360,
44361,
44362,
44363,
44364,
44365,
44366,
44367,
44368,
44369,
44370,
44371,
44372,
44373,
44374,
44375,
44376,
44377,
44378,
44379,
44380,
44381,
44382,
44383,
44384,
44385,
44386,
44387,
44388,
44389,
44390,
44391,
44392,
44393,
44394,
44395,
44396,
44397,
44398,
44399,
44400,
44401,
44402,
44403,
44404,
44405,
44406,
44407,
44408,
44409,
44410,初學者戒指
44411,
44412,
44413,
44414,
44415,
44416,
44417,
44418,
44419,
44420,
44421,
44422,
44423,
44424,
44425,
44426,
44427,
44428,
44429,
44430,
44431,
44432,
44433,
44434,
44435,
44436,
44437,
44438,
44439,
44440,
44441,
44442,
44443,
44444,
44445,
44446,
44447,
44448,
44449,
44450,
44451,
44452,
44453,
44454,
44455,
44456,
44457,
44458,
44459,
44460,
44461,
44462,
44463,
44464,
44465,
44466,
44467,
44468,
44469,
44470,
44471,
44472,
44473,
44474,
44475,
44476,
44477,
44478,
44479,
44480,
44481,
44482,
44483,
44484,
44485,
44486,
44487,
44488,
44489,
44490,
44491,
44492,
44493,
44494,
44495,
44496,
44497,
44498,
44499,
44500,
44501,
44502,
44503,
44504,
44505,
44506,
44507,
44508,
44509,
44510,
44511,
44512,
44513,
44514,
44515,
44516,
44517,
44518,
44519,
44520,
44521,
44522,
44523,
44524,
44525,
44526,
44527,
44528,
44529,
44530,
44531,
44532,
44533,
44534,
44535,
44536,
44537,
44538,
44539,
44540,
44541,
44542,
44543,
44544,
44545,
44546,
44547,
44548,
44549,
44550,
44551,
44552,
44553,
44554,
44555,
44556,
44557,
44558,
44559,
44560,
44561,
44562,
44563,
44564,
44565,
44566,
44567,
44568,
44569,
44570,
44571,
44572,
44573,
44574,
44575,
44576,
44577,
44578,
44579,
44580,
44581,
44582,
44583,
44584,
44585,
44586,
44587,
44588,
44589,
44590,
44591,
44592,
44593,
44594,
44595,
44596,
44597,
44598,
44599,
44600,
44601,
44602,
44603,
44604,
44605,
44606,
44607,
44608,
44609,
44610,
44611,
44612,
44613,
44614,
44615,
44616,
44617,
44618,
44619,
44620,
44621,
44622,
44623,
44624,
44625,
44626,
44627,
44628,
44629,
44630,
44631,
44632,
44633,
44634,
44635,
44636,
44637,
44638,
44639,
44640,
44641,
44642,
44643,
44644,
44645,
44646,
44647,
44648,
44649,
44650,
44651,
44652,
44653,
44654,
44655,
44656,
44657,
44658,
44659,
44660,
44661,
44662,
44663,
44664,
44665,
44666,
44667,
44668,
44669,
44670,
44671,
44672,
44673,
44674,
44675,
44676,
44677,
44678,
44679,
44680,
44681,
44682,
44683,
44684,
44685,
44686,
44687,
44688,
44689,
44690,
44691,
44692,
44693,
44694,
44695,
44696,
44697,
44698,
44699,
44700,
44701,
44702,
44703,
44704,
44705,
44706,
44707,
44708,
44709,
44710,
44711,
44712,
44713,
44714,
44715,
44716,
44717,
44718,
44719,
44720,
44721,
44722,
44723,
44724,
44725,
44726,
44727,
44728,
44729,
44730,
44731,
44732,
44733,
44734,
44735,
44736,
44737,
44738,
44739,
44740,
44741,
44742,
44743,
44744,
44745,
44746,
44747,
44748,
44749,
44750,
44751,
44752,
44753,
44754,
44755,
44756,
44757,
44758,
44759,
44760,
44761,
44762,
44763,
44764,
44765,
44766,
44767,
44768,
44769,
44770,
44771,
44772,
44773,
44774,
44775,
44776,
44777,
44778,
44779,
44780,
44781,
44782,
44783,
44784,
44785,
44786,
44787,
44788,
44789,
44790,
44791,
44792,
44793,
44794,
44795,
44796,
44797,
44798,
44799,
44800,
44801,
44802,
44803,
44804,
44805,
44806,
44807,
44808,
44809,
44810,
44811,
44812,
44813,
44814,
44815,
44816,
44817,
44818,
44819,
44820,
44821,
44822,
44823,
44824,
44825,
44826,
44827,
44828,
44829,
44830,
44831,
44832,
44833,
44834,
44835,
44836,
44837,
44838,
44839,
44840,
44841,
44842,
44843,
44844,
44845,
44846,
44847,
44848,
44849,
44850,
44851,
44852,
44853,
44854,
44855,
44856,
44857,
44858,
44859,
44860,
44861,
44862,
44863,
44864,
44865,
44866,
44867,
44868,
44869,
44870,純白內牆
44871,輕木地板
44872,平貼吸頂燈
44873,
44874,
44875,
44876,
44877,
44878,
44879,
44880,
44881,
44882,
44883,
44884,
44885,
44886,
44887,
44888,
44889,
44890,
44891,
44892,
44893,
44894,
44895,
44896,
44897,
44898,
44899,
44900,
44901,
44902,
44903,
44904,
44905,
44906,
44907,
44908,
44909,
44910,
44911,
44912,
44913,
44914,
44915,
44916,
44917,
44918,
44919,
44920,
44921,
44922,
44923,
44924,
44925,
44926,
44927,
44928,
44929,
44930,
44931,
44932,
44933,
44934,
44935,
44936,方城金句集：阿爾菲諾
44937,方城金句集：阿莉塞
44938,方城金句集：桑克瑞德
44939,方城金句集：尤里安傑
44940,方城金句集：雅·修朵拉
44941,方城金句集：艾斯蒂尼安
44942,方城金句集：古·拉哈·提亞
44943,方城金句集：可露兒
44944,
44945,
44946,
44947,
44948,
44949,
44950,
44951,
44952,
44953,
44954,
44955,
44956,
44957,
44958,
44959,
44960,
44961,
44962,
44963,
44964,
44965,
44966,
44967,
44968,
44969,
44970,
44971,
44972,
44973,
44974,
44975,
44976,
44977,
44978,
44979,
44980,
44981,
44982,
44983,
44984,
44985,
44986,
44987,
44988,
44989,
44990,
44991,
44992,
44993,
44994,
44995,
44996,
44997,
44998,
44999,
45000,
45001,
45002,
45003,
45004,
45005,
45006,
45007,
45008,
45009,
45010,
45011,
45012,
45013,
45014,
45015,
45016,
45017,
45018,
45019,
45020,
45021,
45022,
45023,
45024,
45025,
45026,
45027,
45028,
45029,
45030,
45031,
45032,
45033,
45034,
45035,
45036,
45037,
45038,
45039,
45040,
45041,
45042,
45043,
45044,
45045,
45046,
45047,
45048,
45049,
45050,
45051,
45052,
45053,
45054,
45055,
45056,
45057,
45058,
45059,
45060,
45061,
45062,
45063,
45064,
45065,
45066,
45067,
45068,
45069,
45070,
45071,
45072,
45073,
45074,
45075,
45076,
45077,
45078,
45079,
45080,
45081,
45082,
45083,
45084,
45085,
45086,
45087,
45088,
45089,
45090,
45091,
45092,
45093,
45094,夢幻套裝
45095,馴鹿套裝
45096,
45097,
45098,
45099,
45100,
45101,
45102,火紅男式夏裝組合
45103,翠綠男式夏裝組合
45104,蔚藍男式夏裝組合
45105,金陽男式夏裝組合
45106,銀月男式夏裝組合
45107,火紅女式夏裝組合
45108,翠綠女式夏裝組合
45109,蔚藍女式夏裝組合
45110,金陽女式夏裝組合
45111,銀月女式夏裝組合
45112,部隊套裝
45113,夜暮男式夏裝組合
45114,條紋男式夏裝組合
45115,晨曦女式夏裝組合
45116,條紋女式夏裝組合
45117,純黑男式夏裝組合
45118,純黑女式夏裝組合
45119,修好的帝國裝備套裝
45120,雪人套裝
45121,戀人圍裙服套裝
45122,戀人圍裙裝套裝
45123,高地套裝
45124,冰河套裝
45125,水手套裝
45126,春意套裝
45127,輕鋼套裝
45128,平紋套裝
45129,美夢套裝
45130,花草環組合
45131,南海護身符組合
45132,豹紋護身符組合
45133,盛花女式夏裝組合
45134,浪花女式夏裝組合
45135,豹紋女式夏裝海灘裙組合
45136,豹紋女式夏裝夏褲組合
45137,弦月睡袍和長睡帽組合
45138,弦月睡袍和花睡帽組合
45139,純情燕尾禮服套裝
45140,激情燕尾禮服套裝
45141,鐘情燕尾禮服套裝
45142,純情典禮紗裙套裝
45143,激情典禮紗裙套裝
45144,鐘情典禮紗裙套裝
45145,莫古莫古套裝
45146,怪誕套裝
45147,星芒套裝
45148,伴郎套裝
45149,伴娘套裝
45150,勝負師套裝
45151,兔女郎套裝
45152,海濱套裝
45153,綠洲工作服套裝
45154,綠洲束腰衣套裝
45155,叢林套裝
45156,皇帝的新裝備套裝
45157,孤雲裝備套裝
45158,紳士套裝
45159,南海男式坎肩組合
45160,南海女式連衣裙組合
45161,南海男式條紋坎肩組合
45162,南海女式條紋連衣裙組合
45163,薩維奈短外套套裝
45164,薩維奈舞裙套裝
45165,女王豹紋套裝
45166,野玫瑰裝備套裝
45167,魔女套裝
45168,
45169,
45170,黑兔女郎套裝
45171,高貴緊身上衣套裝
45172,高貴澎裙禮服套裝
45173,鷹獵人套裝
45174,君子水干裝束
45175,血盟幻術士套裝
45176,血盟盜賊套裝
45177,血盟拳手套裝
45178,血盟咒術士套裝
45179,血盟記錄者套裝
45180,天水影流裝束
45181,淑女水干裝束
45182,虹布緊身上衣套裝
45183,虹布澎裙禮服套裝
45184,青麻襯衫套裝
45185,坦塔羅斯裝備套裝
45186,遠征外套套裝
45187,
45188,遠征罩衣套裝
45189,
45190,聖蜥蜴革組合
45191,駿鷹革組合
45192,首席機械師套裝
45193,煉鐵廠工作服套裝
45194,聖蜥蜴革外套套裝
45195,長頸駝革外套套裝
45196,青麻短袖罩衣套裝
45197,風絹套裝
45198,女僕裝備套裝
45199,管家裝備套裝
45200,
45201,
45202,
45203,
45204,
45205,
45206,
45207,
45208,
45209,
45210,
45211,
45212,
45213,
45214,
45215,
45216,
45217,
45218,
45219,
45220,
45221,
45222,群狼套裝
45223,獨狼套裝
45224,瓦努袞杜套裝
45225,骨頜自由腦套裝
45226,新世界套裝
45227,傳代戰士套裝
45228,倖存者套裝
45229,極限幸存者套裝
45230,波奇套裝
45231,風雅裝束
45232,東方貴人裝束
45233,上仙裝備套裝
45234,月火男式坎肩套裝
45235,月火女式夏衣套裝
45236,亞麻幸存者套裝
45237,血盟雙劍士套裝
45238,血盟治療師套裝
45239,艾普裝備套裝
45240,大召喚士套裝
45241,天使裝備套裝
45242,惡魔裝備套裝
45243,東方雅人裝束
45244,東方麗人裝束
45245,青麻鬥篷套裝
45246,羊絨鬥篷套裝
45247,鷹翼套裝
45248,鷹喙套裝
45249,金狼裝束
45250,漆黑裝束
45251,暗黑裝束
45252,白夜裝束
45253,銀狼裝束
45254,魔戒鬥師裝束·陽
45255,魔戒鬥師裝束·陰
45256,魔戒弓師裝束·陽
45257,魔戒弓師裝束·陰
45258,魔戒導師裝束·陽
45259,魔戒導師裝束·陰
45260,魔戒法師裝束·陽
45261,魔戒法師裝束·陰
45262,呢絨背帶襯衫套裝
45263,法蘭絨背帶襯衫套裝
45264,總騎士長套裝
45265,小黃鶯套裝
45266,總管套裝
45267,瓦努尊杜套裝
45268,骨頜族套裝
45269,血盟冒險者套裝
45270,獅心裝備套裝
45271,蒼天騎士裝備套裝
45272,蒼天法師裝備套裝
45273,特製上仙裝備套裝
45274,赤鬼裝束
45275,青鬼裝束
45276,天狗裝束
45277,奴延裝束
45278,夜鴉裝束
45279,白狐裝束
45280,黑狐裝束
45281,道士裝束
45282,奧黛套裝
45283,哪咤赤蓮裝備裝束
45284,哪咤白蓮裝備裝束
45285,特製女僕裝備套裝
45286,特製管家裝備套裝
45287,紅蓮祭裝束
45288,漆黑的禮服套裝
45289,煉獄獵犬套裝
45290,碧甲裝束
45291,人狼腳掌套裝
45292,人狼腳爪套裝
45293,卡邦庫爾 綠寶石裝備套裝
45294,卡邦庫爾 黃寶石裝備套裝
45295,
45296,
45297,血盟解放者套裝
45298,春意襯衫套裝
45299,共和劍鬥士套裝
45300,共和騎士套裝
45301,共和拳鬥士套裝
45302,共和弓鬥士套裝
45303,共和雙劍鬥士套裝
45304,共和醫護兵套裝
45305,共和旗手套裝
45306,灰犬套裝
45307,王子裝備套裝
45308,公主裝備套裝
45309,破損的紳士套裝
45310,常風皮甲套裝
45311,常風緊身衣套裝
45312,改良型火龍套裝【男】
45313,改良型火龍套裝【女】
45314,花花公子套裝
45315,風尚褶邊套裝
45316,門客裝束
45317,辨天裝束
45318,飛燕裝束
45319,永夏套裝
45320,巴格斯特套裝
45321,恆冰襯衫套裝
45322,恆冰短外套套裝
45323,火龍套裝【男】
45324,火龍套裝【女】
45325,私語呢絨套裝
45326,唱詩班套裝
45327,東方武官裝束
45328,東方美姬裝束
45329,豪雪裝束
45330,黯黑犬靈套裝
45331,雨衣套裝
45332,血盟旅行者套裝
45333,東方書生裝束
45334,東方女生裝束
45335,魔石精套裝
45336,路希斯王子裝束
45337,純白禮服套裝
45338,水晶都套裝
45339,孤狼裝束
45340,群狼裝束
45341,血盟聆聽者套裝
45342,蟾蜍套裝
45343,玻璃革組合
45344,夏季靛藍組合
45345,冒險者兜帽套裝
45346,
45347,
45348,
45349,
45350,
45351,
45352,
45353,
45354,
45355,
45356,
45357,亞拉戈末世御敵套裝
45358,亞拉戈末世制敵套裝
45359,亞拉戈末世強襲套裝
45360,亞拉戈末世精準套裝
45361,亞拉戈末世游擊套裝
45362,亞拉戈末世治癒套裝
45363,亞拉戈末世詠咒套裝
45364,威風凜凜套裝
45365,玫瑰花戀人坎肩套裝
45366,勿忘草戀人坎肩套裝
45367,相思樹戀人坎肩套裝
45368,玫瑰花戀人禮服套裝
45369,勿忘草戀人禮服套裝
45370,相思樹戀人禮服套裝
45371,都市外套組合
45372,叛逆外套組合
45373,手藝背心組合
45374,手藝工作服組合
45375,孔雀裝束
45376,東方雅士裝束
45377,東方美玉裝束
45378,二號B型裝備套裝
45379,複製品空賊御敵套裝
45380,複製品空賊制敵套裝
45381,複製品空賊強襲套裝
45382,複製品空賊精準套裝
45383,複製品空賊游擊套裝
45384,複製品空賊治癒套裝
45385,複製品空賊詠咒套裝
45386,複製品空鼠御敵套裝
45387,複製品空鼠制敵套裝
45388,複製品空鼠強襲套裝
45389,複製品空鼠精準套裝
45390,複製品空鼠游擊套裝
45391,複製品空鼠治癒套裝
45392,複製品空鼠詠咒套裝
45393,兔子套裝
45394,兔子禮服套裝
45395,咕波套裝
45396,手藝圍裙裝套裝
45397,達瑪斯卡套裝
45398,美格雅卡裝備套裝
45399,血盟魔女套裝
45400,卡邦庫爾 紅寶石裝備套裝
45401,夏炎套裝
45402,南洋海濱襯衫和軟甲褲組合
45403,南洋海濱襯衫和短裙組合
45404,休閒套裝
45405,聖龍套裝
45406,登山裝備套裝
45407,山間少女裝備套裝
45408,蒼天工作套裝
45409,小牛皮騎手套裝
45410,學院長褲套裝
45411,學院短裙套裝
45412,異木時尚套裝
45413,怪鐵時尚套裝
45414,兇甲時尚套裝
45415,惡金時尚套裝
45416,妖革時尚套裝
45417,邪衣時尚套裝
45418,煉魔時尚套裝
45419,烹宰時尚套裝
45420,鬼礦時尚套裝
45421,獷野時尚套裝
45422,漁劫時尚套裝
45423,暗影獵人套裝
45424,暗影利鋒套裝
45425,小雞套裝
45426,前沿外套套裝
45427,前沿禮服套裝
45428,志士裝束
45429,和平愛好者套裝
45430,巫女套裝
45431,降神猛士裝束
45432,小丑套裝
45433,開心套裝
45434,歐米茄M衣裝
45435,歐米茄F衣裝
45436,小象套裝
45437,魔首套裝
45438,街頭上裝組合
45439,街頭外套組合
45440,夏暮套裝
45441,校園外套套裝
45442,系扣校園外套套裝
45443,萊韋耶勒爾套裝
45444,美德忠騎套裝
45445,美德秘武套裝
45446,美德凶戰套裝
45447,美德槍龍套裝
45448,美德敘詩套裝
45449,美德白祈套裝
45450,美德黑咒套裝
45451,美德喚魂套裝
45452,美德學術套裝
45453,美德伊賀裝束
45454,美德混沌套裝
45455,美德機工套裝
45456,美德司天套裝
45457,美德明珍裝束
45458,美德鬥劍套裝
45459,美德護衛套裝
45460,美德起舞套裝
45461,美德說教套裝
45462,美德豐獲套裝
45463,旅行者套裝
45464,魔戒軍師裝束·陽
45465,魔戒軍師裝束·陰
45466,魔戒鬥師·刃裝束·陽
45467,魔戒鬥師·刃裝束·陰
45468,
45469,
45470,
45471,
45472,
45473,
45474,
45475,
45476,
45477,
45478,
45479,海島農場寬松褲組合
45480,海島農場磨邊短褲組合
45481,海島探險者軟甲褲組合
45482,海島探險者及膝褲組合
45483,黑色套裝
45484,守夜醫套裝
45485,提燈怪套裝
45486,貓小胖五分褲套裝
45487,貓小胖短褲套裝
45488,法外執行者套裝
45489,遠北套裝
45490,愛情傳道士外套套裝
45491,愛情傳道士褶邊連衣裙套裝
45492,鳳凰英雄套裝
45493,海島牧人套裝
45494,海島假日襯衫套裝
45495,海島假日系結襯衫套裝
45496,威望光之套裝
45497,威望洋蔥套裝
45498,威望風魔裝束
45499,威望民謠套裝
45500,威望風魔裝束·陰
45501,威望皇室套裝
45502,威望深紅套裝
45503,就學長褲裝備套裝
45504,就學短裙裝備套裝
45505,魔導裝備套裝
45506,沙龍服務員坎肩套裝
45507,沙龍服務員禮服坎肩套裝
45508,偽王套裝
45509,夜鶴裝束
45510,夜鶴裈裝束
45511,威望亞拉戈高位御敵套裝
45512,威望亞拉戈高位制敵套裝
45513,威望亞拉戈高位強襲套裝
45514,威望亞拉戈高位精準套裝
45515,威望亞拉戈高位游擊套裝
45516,威望亞拉戈高位治癒套裝
45517,威望亞拉戈高位詠咒套裝
45518,樸素寢室套裝
45519,仙人掌寢室套裝
45520,陸行鳥寢室套裝
45521,正統聖人套裝
45522,領主裝備套裝
45523,男爵套裝
45524,海島度假套裝
45525,紫州武人裝束
45526,紫州御前裝束
45527,冰心裝備套裝
45528,東方旅行藝人裝束
45529,凶殘兇殘暴君套裝
45530,A1戰術套裝
45531,A2戰術套裝
45532,B1戰術套裝
45533,B2戰術套裝
45534,C1戰術套裝
45535,C2戰術套裝
45536,美堤亞套裝
45537,糖豆人套裝
45538,河童蓑衣套裝
45539,林地守護者馬褲裝備套裝
45540,林地守護者短裙裝備套裝
45541,水晶都神童裝備套裝
45542,貓耳小員套裝
45543,海島休假套裝
45544,自由之魂套裝
45545,習武背心套裝
45546,習武無袖背心套裝
45547,拾穗人套裝
45548,
45549,
45550,
45551,
45552,
45553,
45554,
45555,
45556,
45557,
45558,
45559,畝鼠米卡套裝
45560,夜魔套裝
45561,圖拉爾商人套裝
45562,圖拉爾旅行者套裝
45563,科學家套裝
45564,寬鬆街頭套裝
45565,管家王子套裝
45566,冬季寬鬆直筒褲套裝
45567,冬季緊身短裙套裝
45568,
45569,
45570,
45571,
45572,
45573,
45574,
45575,
45576,
45577,
45578,
45579,
45580,
45581,
45582,
45583,
45584,
45585,
45586,
45587,
45588,
45589,
45590,豹紋護身符男式短褲組合
45591,
45592,
45593,
45594,
45595,
45596,
45597,
45598,
45599,
45600,
45601,
45602,
45603,
45604,
45605,
45606,
45607,
45608,
45609,
45610,
45611,
45612,
45613,
45614,
45615,
45616,
45617,
45618,
45619,
45620,
45621,
45622,
45623,
45624,
45625,
45626,
45627,
45628,
45629,
45630,
45631,
45632,
45633,
45634,
45635,
45636,
45637,
45638,
45639,
45640,
45641,
45642,
45643,
45644,
45645,
45646,
45647,
45648,
45649,
45650,
45651,
45652,
45653,
45654,
45655,
45656,
45657,
45658,
45659,
45660,
45661,
45662,
45663,
45664,
45665,
45666,
45667,
45668,
45669,
45670,
45671,
45672,
45673,
45674,
45675,
45676,
45677,
45678,
45679,
45680,
45681,
45682,
45683,
45684,
45685,
45686,
45687,
45688,
45689,
45690,
45691,
45692,
45693,
45694,
45695,
45696,
45697,
45698,
45699,
45700,
45701,
45702,
45703,
45704,
45705,
45706,
45707,
45708,
45709,
45710,
45711,
45712,
45713,
45714,
45715,
45716,
45717,
45718,
45719,
45720,
45721,
45722,
45723,
45724,
45725,
45726,
45727,
45728,
45729,
45730,
45731,
45732,
45733,
45734,
45735,
45736,
45737,
45738,
45739,
45740,
45741,
45742,
45743,
45744,
45745,
45746,
45747,
45748,
45749,
45750,
45751,
45752,
45753,
45754,
45755,
45756,
45757,
45758,
45759,
45760,
45761,
45762,
45763,
45764,
45765,
45766,
45767,
45768,
45769,
45770,
45771,
45772,
45773,
45774,
45775,
45776,
45777,
45778,
45779,
45780,
45781,
45782,
45783,
45784,
45785,
45786,
45787,
45788,
45789,
45790,
45791,
45792,
45793,
45794,
45795,
45796,
45797,
45798,
45799,
45800,
45801,
45802,
45803,
45804,
45805,
45806,
45807,
45808,
45809,
45810,
45811,
45812,
45813,
45814,
45815,
45816,
45817,
45818,
45819,
45820,
45821,
45822,
45823,
45824,
45825,
45826,
45827,
45828,
45829,
45830,
45831,
45832,
45833,
45834,
45835,
45836,
45837,
45838,
45839,
45840,
45841,
45842,
45843,
45844,
45845,
45846,
45847,
45848,
45849,
45850,
45851,
45852,
45853,
45854,
45855,
45856,
45857,
45858,
45859,
45860,
45861,
45862,
45863,
45864,
45865,
45866,
45867,
45868,
45869,
45870,
45871,
45872,
45873,
45874,
45875,
45876,
45877,
45878,
45879,
45880,
45881,
45882,
45883,
45884,
45885,
45886,
45887,
45888,
45889,
45890,
45891,
45892,
45893,
45894,
45895,
45896,
45897,
45898,
45899,
45900,
45901,
45902,
45903,
45904,
45905,
45906,
45907,
45908,
45909,
45910,
45911,
45912,
45913,
45914,
45915,
45916,
45917,
45918,
45919,
45920,
45921,
45922,
45923,
45924,
45925,
45926,
45927,
45928,
45929,
45930,
45931,
45932,
45933,
45934,
45935,
45936,
45937,
45938,
45939,
45940,
45941,
45942,
45943,
45944,
45945,
45946,
45947,
45948,
45949,
45950,
45951,
45952,
45953,
45954,
45955,
45956,
45957,
45958,
45959,
45960,
45961,
45962,
45963,
45964,
45965,
45966,
45967,
45968,
45969,
45970,
45971,
45972,
45973,
45974,
45975,
45976,
45977,
45978,
45979,
45980,
45981,
45982,
45983,
45984,
45985,
45986,
45987,
45988,
45989,
45990,
45991,
45992,
45993,
45994,
45995,
45996,
45997,
45998,
45999,
46000,
46001,
46002,
46003,
46004,
46005,
46006,
46007,
46008,
46009,
46010,
46011,
46012,
46013,
46014,
46015,
46016,
46017,
46018,
46019,
46020,
46021,
46022,
46023,
46024,
46025,
46026,
46027,
46028,
46029,
46030,
46031,
46032,
46033,
46034,
46035,
46036,
46037,
46038,
46039,
46040,
46041,
46042,
46043,
46044,
46045,
46046,
46047,
46048,
46049,
46050,
46051,
46052,
46053,
46054,
46055,
46056,
46057,
46058,
46059,
46060,
46061,
46062,
46063,
46064,
46065,
46066,
46067,
46068,
46069,
46070,
46071,
46072,
46073,
46074,
46075,
46076,
46077,
46078,
46079,
46080,
46081,
46082,
46083,
46084,
46085,
46086,
46087,
46088,
46089,
46090,
46091,
46092,
46093,
46094,
46095,
46096,
46097,
46098,
46099,
46100,
46101,
46102,
46103,
46104,
46105,
46106,
46107,
46108,
46109,
46110,
46111,
46112,
46113,
46114,
46115,
46116,
46117,
46118,
46119,
46120,
46121,
46122,
46123,
46124,
46125,
46126,
46127,
46128,
46129,
46130,
46131,
46132,
46133,
46134,
46135,
46136,
46137,
46138,
46139,
46140,
46141,
46142,
46143,
46144,
46145,
46146,
46147,
46148,
46149,
46150,
46151,
46152,
46153,
46154,
46155,
46156,
46157,
46158,
46159,
46160,
46161,
46162,
46163,
46164,
46165,
46166,
46167,
46168,
46169,
46170,
46171,
46172,
46173,
46174,
46175,
46176,
46177,
46178,
46179,
46180,
46181,
46182,
46183,
46184,
46185,
46186,
46187,
46188,
46189,
46190,
46191,
46192,
46193,
46194,
46195,
46196,
46197,
46198,
46199,
46200,
46201,
46202,
46203,
46204,
46205,
46206,
46207,
46208,
46209,
46210,
46211,
46212,
46213,
46214,
46215,
46216,
46217,
46218,
46219,
46220,
46221,
46222,
46223,
46224,
46225,
46226,
46227,
46228,
46229,
46230,
46231,
46232,
46233,
46234,
46235,
46236,
46237,
46238,
46239,
46240,
46241,
46242,
46243,
46244,
46245,
46246,
46247,
46248,
46249,
46250,
46251,
46252,
46253,
46254,
46255,
46256,
46257,
46258,
46259,
46260,
46261,
46262,
46263,
46264,
46265,
46266,
46267,
46268,
46269,
46270,
46271,
46272,
46273,
46274,
46275,
46276,
46277,
46278,
46279,
46280,
46281,
46282,
46283,
46284,
46285,
46286,
46287,
46288,
46289,
46290,
46291,
46292,
46293,
46294,
46295,
46296,
46297,
46298,
46299,
46300,
46301,
46302,
46303,
46304,
46305,
46306,
46307,
46308,
46309,
46310,
46311,
46312,
46313,
46314,
46315,
46316,
46317,
46318,
46319,
46320,
46321,
46322,
46323,
46324,
46325,
46326,
46327,
46328,
46329,
46330,
46331,
46332,
46333,
46334,
46335,
46336,
46337,
46338,
46339,
46340,
46341,
46342,
46343,
46344,
46345,
46346,
46347,
46348,
46349,
46350,
46351,
46352,
46353,
46354,
46355,
46356,
46357,
46358,
46359,
46360,
46361,
46362,
46363,
46364,
46365,
46366,
46367,
46368,
46369,
46370,
46371,
46372,
46373,
46374,
46375,
46376,
46377,
46378,
46379,
46380,
46381,
46382,
46383,
46384,
46385,
46386,
46387,
46388,
46389,
46390,
46391,
46392,
46393,
46394,
46395,
46396,
46397,
46398,
46399,
46400,
46401,
46402,
46403,
46404,
46405,
46406,
46407,
46408,
46409,
46410,
46411,
46412,
46413,
46414,
46415,
46416,
46417,
46418,
46419,
46420,
46421,
46422,
46423,
46424,
46425,
46426,
46427,
46428,
46429,
46430,
46431,
46432,
46433,
46434,
46435,
46436,
46437,
46438,
46439,
46440,
46441,
46442,
46443,
46444,
46445,
46446,
46447,
46448,
46449,
46450,
46451,
46452,
46453,
46454,
46455,
46456,
46457,
46458,
46459,
46460,
46461,
46462,
46463,
46464,
46465,
46466,
46467,
46468,
46469,
46470,
46471,
46472,
46473,
46474,
46475,
46476,
46477,
46478,
46479,
46480,
46481,
46482,
46483,
46484,
46485,
46486,
46487,
46488,
46489,
46490,
46491,
46492,
46493,
46494,
46495,
46496,
46497,
46498,
46499,
46500,
46501,
46502,
46503,
46504,
46505,
46506,
46507,
46508,
46509,
46510,
46511,
46512,
46513,
46514,
46515,
46516,
46517,
46518,
46519,
46520,
46521,
46522,
46523,
46524,
46525,
46526,
46527,
46528,
46529,
46530,
46531,
46532,
46533,
46534,
46535,
46536,
46537,
46538,
46539,
46540,
46541,
46542,
46543,
46544,
46545,
46546,
46547,
46548,
46549,
46550,
46551,
46552,
46553,
46554,
46555,
46556,
46557,
46558,
46559,
46560,
46561,
46562,
46563,
46564,
46565,
46566,
46567,
46568,
46569,
46570,
46571,
46572,
46573,
46574,
46575,
46576,
46577,
46578,
46579,
46580,
46581,
46582,
46583,
46584,
46585,
46586,
46587,
46588,
46589,
46590,
46591,
46592,
46593,
46594,
46595,
46596,
46597,
46598,
46599,
46600,
46601,
46602,
46603,
46604,
46605,
46606,
46607,
46608,
46609,
46610,
46611,
46612,
46613,
46614,
46615,
46616,
46617,
46618,
46619,
46620,
46621,
46622,
46623,
46624,
46625,
46626,
46627,
46628,
46629,
46630,
46631,
46632,
46633,
46634,
46635,
46636,
46637,
46638,
46639,
46640,
46641,
46642,
46643,
46644,
46645,
46646,
46647,
46648,
46649,
46650,
46651,
46652,
46653,
46654,
46655,
46656,
46657,
46658,
46659,
46660,
46661,
46662,
46663,
46664,
46665,
46666,
46667,
46668,
46669,
46670,
46671,
46672,
46673,
46674,
46675,
46676,
46677,
46678,
46679,
46680,
46681,
46682,
46683,
46684,
46685,
46686,
46687,
46688,
46689,
46690,
46691,
46692,
46693,
46694,
46695,
46696,
46697,
46698,
46699,
46700,
46701,
46702,
46703,
46704,
46705,
46706,
46707,
46708,
46709,
46710,
46711,
46712,
46713,
46714,
46715,
46716,
46717,
46718,
46719,
46720,
46721,
46722,
46723,
46724,
46725,
46726,
46727,
46728,
46729,
46730,
46731,
46732,
46733,
46734,
46735,
46736,
46737,
46738,
46739,
46740,
46741,
46742,
46743,
46744,
46745,
46746,
46747,
46748,
46749,
46750,
46751,
46752,
46753,
46754,
46755,
46756,
46757,
46758,
46759,
46760,
46761,
46762,
46763,
46764,
46765,
46766,
46767,
46768,
46769,
46770,
46771,
46772,
46773,
46774,
46775,
46776,
46777,
46778,
46779,
46780,
46781,
46782,
46783,
46784,
46785,
46786,
46787,
46788,
46789,
46790,
46791,
46792,
46793,
46794,
46795,
46796,
46797,
46798,
46799,
46800,
46801,
46802,
46803,
46804,
46805,
46806,
46807,
46808,
46809,
46810,
46811,
46812,
46813,
46814,
46815,
46816,
46817,
46818,
46819,
46820,
46821,
46822,
46823,
46824,
46825,
46826,
46827,
46828,
46829,
46830,
46831,
46832,
46833,
46834,
46835,
46836,
46837,
46838,
46839,
46840,
46841,
46842,
46843,
46844,
46845,
46846,
46847,
46848,
46849,
46850,
46851,
46852,
46853,
46854,
46855,
46856,
46857,
46858,
46859,
46860,
46861,
46862,
46863,
46864,
46865,
46866,
46867,
46868,
46869,
46870,
46871,
46872,
46873,
46874,
46875,
46876,
46877,
46878,
46879,
46880,
46881,
46882,
46883,
46884,
46885,
46886,
46887,
46888,
46889,
46890,
46891,
46892,
46893,
46894,
46895,
46896,
46897,
46898,
46899,
46900,
46901,
46902,
46903,
46904,
46905,
46906,
46907,
46908,
46909,
46910,
46911,
46912,
46913,
46914,
46915,
46916,
46917,
46918,
46919,
46920,
46921,
46922,
46923,
46924,
46925,
46926,
46927,
46928,
46929,
46930,
46931,
46932,
46933,
46934,
46935,
46936,
46937,
46938,
46939,
46940,
46941,
46942,
46943,
46944,
46945,
46946,
46947,
46948,
46949,
46950,
46951,
46952,
46953,
46954,
46955,
46956,
46957,
46958,
46959,
46960,
46961,
46962,
46963,
46964,
46965,
46966,
46967,
46968,
46969,
46970,
46971,
46972,
46973,
46974,
46975,
46976,
46977,
46978,
46979,
46980,
46981,
46982,
46983,
46984,
46985,
46986,
46987,
46988,
46989,
46990,
46991,
46992,
46993,
46994,
46995,
46996,
46997,
46998,
46999,
47000,
47001,
47002,
47003,
47004,
47005,
47006,
47007,
47008,
47009,
47010,
47011,
47012,
47013,
47014,
47015,
47016,
47017,
47018,
47019,
47020,
47021,
47022,
47023,
47024,
47025,
47026,
47027,
47028,
47029,
47030,
47031,
47032,
47033,
47034,
47035,
47036,
47037,
47038,
47039,
47040,
47041,
47042,
47043,
47044,
47045,
47046,
47047,
47048,
47049,
47050,
47051,
47052,
47053,
47054,
47055,
47056,
47057,
47058,
47059,
47060,
47061,
47062,
47063,
47064,
47065,
47066,
47067,
47068,
47069,
47070,
47071,
47072,
47073,
47074,
47075,
47076,
47077,
47078,
47079,
47080,
47081,
47082,
47083,
47084,
47085,
47086,
47087,
47088,
47089,
47090,
47091,
47092,
47093,
47094,
47095,
47096,
47097,
47098,
47099,
47100,
47101,
47102,
47103,
47104,
47105,
47106,
47107,
47108,
47109,
47110,
47111,
47112,
47113,
47114,
47115,
47116,
47117,
47118,
47119,
47120,
47121,
47122,
47123,
47124,
47125,
47126,
47127,
47128,
47129,
47130,
47131,
47132,
47133,
47134,
47135,
47136,
47137,
47138,
47139,
47140,
47141,
47142,
47143,
47144,
47145,
47146,
47147,
47148,
47149,
47150,
47151,
47152,
47153,
47154,
47155,
47156,
47157,
47158,
47159,
47160,
47161,
47162,
47163,
47164,
47165,
47166,
47167,
47168,
47169,
47170,
47171,
47172,
47173,
47174,
47175,
47176,
47177,
47178,
47179,
47180,
47181,
47182,
47183,
47184,
47185,
47186,
47187,
47188,
47189,
47190,
47191,
47192,
47193,
47194,
47195,
47196,
47197,
47198,
47199,
47200,
47201,
47202,
47203,
47204,
47205,
47206,
47207,
47208,
47209,
47210,
47211,
47212,
47213,
47214,
47215,
47216,
47217,
47218,
47219,
47220,
47221,
47222,
47223,
47224,
47225,
47226,
47227,
47228,
47229,
47230,
47231,
47232,
47233,
47234,
47235,
47236,
47237,
47238,
47239,
47240,
47241,
47242,
47243,
47244,
47245,
47246,
47247,
47248,
47249,
47250,
47251,
47252,
47253,
47254,
47255,
47256,
47257,
47258,
47259,
47260,
47261,
47262,
47263,
47264,
47265,
47266,
47267,
47268,
47269,
47270,
47271,
47272,
47273,
47274,
47275,
47276,
47277,
47278,
47279,
47280,
47281,
47282,
47283,
47284,
47285,
47286,
47287,
47288,
47289,
47290,
47291,
47292,
47293,
47294,
47295,
47296,
47297,
47298,
47299,
47300,
47301,
47302,
47303,
47304,
47305,
47306,
47307,
47308,
47309,
47310,
47311,
47312,
47313,
47314,
47315,
47316,
47317,
47318,
47319,
47320,
47321,
47322,
47323,
47324,
47325,
47326,
47327,
47328,
47329,
47330,
47331,
47332,
47333,
47334,
47335,
47336,
47337,
47338,
47339,
47340,
47341,
47342,
47343,
47344,
47345,
47346,
47347,
47348,
47349,
47350,
47351,
47352,
47353,
47354,
47355,
47356,
47357,
47358,
47359,
47360,
47361,
47362,
47363,
47364,
47365,
47366,
47367,
47368,
47369,
47370,
47371,
47372,
47373,
47374,
47375,
47376,
47377,
47378,
47379,
47380,
47381,
47382,
47383,
47384,
47385,
47386,
47387,
47388,
47389,
47390,
47391,
47392,
47393,
47394,
47395,
47396,
47397,
47398,
47399,
47400,
47401,
47402,
47403,
47404,
47405,
47406,
47407,
47408,
47409,
47410,
47411,
47412,
47413,
47414,
47415,
47416,
47417,
47418,
47419,
47420,
47421,
47422,
47423,
47424,
47425,
47426,
47427,
47428,
47429,
47430,
47431,
47432,
47433,
47434,
47435,
47436,
47437,
47438,
47439,
47440,
47441,
47442,
47443,
47444,
47445,
47446,
47447,
47448,
47449,
47450,
47451,
47452,
47453,
47454,
47455,
47456,
47457,
47458,
47459,
47460,
47461,
47462,
47463,
47464,
47465,
47466,
47467,
47468,
47469,
47470,
47471,
47472,
47473,
47474,
47475,
47476,
47477,
47478,
47479,
47480,
47481,
47482,
47483,
47484,
47485,
47486,
47487,
47488,
47489,
47490,
47491,
47492,
47493,
47494,
47495,
47496,
47497,
47498,
47499,
47500,
47501,
47502,
47503,
47504,
47505,
47506,
47507,
47508,
47509,
47510,
47511,
47512,
47513,
47514,
47515,
47516,
47517,
47518,
47519,
47520,
47521,
47522,
47523,
47524,
47525,
47526,
47527,
47528,
47529,
47530,
47531,
47532,
47533,
47534,
47535,
47536,
47537,
47538,
47539,
47540,
47541,
47542,
47543,
47544,
47545,
47546,
47547,
47548,
47549,
47550,
47551,
47552,
47553,
47554,
47555,
47556,
47557,
47558,
47559,
47560,
47561,
47562,
47563,
47564,
47565,
47566,
47567,
47568,
47569,
47570,
47571,
47572,
47573,
47574,
47575,
47576,
47577,
47578,
47579,
47580,
47581,
47582,
47583,
47584,
47585,
47586,
47587,
47588,
47589,
47590,
47591,
47592,
47593,
47594,
47595,
47596,
47597,
47598,
47599,
47600,
47601,
47602,
47603,
47604,
47605,
47606,
47607,
47608,
47609,
47610,
47611,
47612,
47613,
47614,
47615,
47616,
47617,
47618,
47619,
47620,
47621,
47622,
47623,
47624,
47625,
47626,
47627,
47628,
47629,
47630,
47631,
47632,
47633,
47634,
47635,
47636,
47637,
47638,
47639,
47640,
47641,
47642,
47643,
47644,
47645,
47646,
47647,
47648,
47649,
47650,
47651,
47652,
47653,
47654,
47655,
47656,
47657,
47658,
47659,
47660,
47661,
47662,
47663,
47664,
47665,
47666,
47667,
47668,
47669,
47670,
47671,
47672,
47673,
47674,
47675,
47676,
47677,
47678,
47679,
47680,
47681,
47682,
47683,
47684,
47685,
47686,
47687,
47688,
47689,
47690,
47691,
47692,
47693,
47694,
47695,
47696,
47697,
47698,
47699,
47700,
47701,
47702,
47703,
47704,
47705,
47706,
47707,
47708,
47709,
47710,
47711,
47712,
47713,
47714,
47715,
47716,
47717,
47718,
47719,
47720,
47721,
47722,
47723,
47724,
47725,
47726,
47727,
47728,
47729,
47730,
47731,
47732,
47733,
47734,
47735,
47736,
47737,
47738,
47739,
47740,
47741,
47742,
47743,
47744,
47745,
47746,
47747,
47748,
47749,
47750,
47751,
47752,
47753,
47754,
47755,
47756,
47757,
47758,
47759,
47760,
47761,
47762,
47763,
47764,
47765,
47766,
47767,
47768,
47769,
47770,
47771,
47772,
47773,
47774,
47775,
47776,
47777,
47778,
47779,
47780,
47781,
47782,
47783,
47784,
47785,
47786,
47787,
47788,
47789,
47790,
47791,
47792,
47793,
47794,
47795,
47796,
47797,
47798,
47799,
47800,
47801,
47802,
47803,
47804,
47805,
47806,
47807,
47808,
47809,
47810,
47811,
47812,
47813,
47814,
47815,
47816,
47817,
47818,
47819,
47820,
47821,
47822,
47823,
47824,
47825,
47826,
47827,
47828,
47829,
47830,
47831,
47832,
47833,
47834,
47835,
47836,
47837,
47838,
47839,
47840,
47841,
47842,
47843,
47844,
47845,
47846,
47847,
47848,
47849,
47850,
47851,
47852,
47853,
47854,
47855,
47856,
47857,
47858,
47859,
47860,
47861,
47862,
47863,
47864,
47865,
47866,
47867,
47868,
47869,
47870,
47871,
47872,
47873,
47874,
47875,
47876,
47877,
47878,
47879,
47880,
47881,
47882,
47883,
47884,
47885,
47886,
47887,
47888,
47889,
47890,
47891,
47892,
47893,
47894,
47895,
47896,
47897,
47898,
47899,
47900,
47901,
47902,
47903,
47904,
47905,
47906,
47907,
47908,
47909,
47910,
47911,
47912,
47913,
47914,
47915,
47916,
47917,
47918,
47919,
47920,
47921,
47922,
47923,
47924,
47925,
47926,
47927,
47928,
47929,
47930,
47931,
47932,
47933,
47934,
47935,
47936,
47937,
47938,
47939,
47940,
47941,
47942,
47943,
47944,
47945,
47946,
47947,
47948,
47949,
47950,
47951,
47952,
47953,
47954,
47955,
47956,
47957,
47958,
47959,
47960,
47961,
47962,
47963,
47964,
47965,
47966,
47967,
47968,
47969,
47970,
47971,
47972,
47973,
47974,
47975,
47976,
47977,
47978,
47979,
47980,
47981,
47982,
47983,
47984,
47985,
47986,
47987,
47988,
47989,
47990,
47991,
47992,
47993,
47994,
47995,
47996,
47997,
47998,
47999,
48000,
48001,
48002,
48003,
48004,
48005,
48006,
48007,
48008,
48009,
48010,
48011,
48012,
48013,
48014,
48015,
48016,
48017,
48018,
48019,
48020,
48021,
48022,
48023,
48024,
48025,
48026,
48027,
48028,
48029,
48030,
48031,
48032,
48033,
48034,
48035,
48036,
48037,
48038,
48039,
48040,
48041,
48042,
48043,
48044,
48045,
48046,
48047,
48048,
48049,
48050,
48051,
48052,
48053,
48054,
48055,
48056,
48057,
48058,
48059,
48060,
48061,
48062,
48063,
48064,
48065,
48066,
48067,
48068,
48069,
48070,
48071,
48072,
48073,
48074,
48075,
48076,
48077,
48078,
48079,
48080,
48081,
48082,
48083,
48084,
48085,
48086,
48087,
48088,
48089,
48090,
48091,
48092,
48093,
48094,
48095,
48096,
48097,
48098,
48099,
48100,
48101,
48102,
48103,
48104,
48105,
48106,
48107,
48108,
48109,
48110,
48111,
48112,
48113,
48114,
48115,
48116,
48117,
48118,
48119,
48120,
48121,
48122,
48123,
48124,
48125,
48126,
48127,
48128,
48129,
48130,
48131,
48132,
48133,
48134,
48135,
48136,
48137,
48138,
48139,
48140,
48141,
48142,
48143,
48144,
48145,
48146,
48147,
48148,
48149,
48150,
48151,
48152,
48153,
48154,
48155,
48156,
48157,
48158,
48159,
48160,
48161,
48162,
48163,
48164,
48165,
48166,
48167,
48168,
48169,
48170,
48171,
48172,
48173,
48174,
48175,
48176,
48177,
48178,
48179,
48180,
48181,
48182,
48183,
48184,
48185,
48186,
48187,
48188,
48189,
48190,
48191,
48192,
48193,
48194,
48195,
48196,
48197,
48198,
48199,
48200,
48201,
48202,
48203,
48204,
48205,
48206,
48207,
48208,
48209,
48210,
48211,
48212,
48213,
48214,
48215,
48216,
48217,
48218,
48219,
48220,
48221,
48222,
48223,
48224,
48225,
48226,
48227,
48228,
48229,
48230,
48231,
48232,
48233,
48234,
48235,
48236,
48237,
48238,
48239,
48240,
48241,
48242,
48243,
48244,
48245,
48246,
48247,
48248,
48249,
48250,
48251,
48252,
48253,
48254,
48255,
48256,
48257,
48258,
48259,
48260,
48261,
48262,
48263,
48264,
48265,
48266,
48267,
48268,
48269,
48270,
48271,
48272,
48273,
48274,
48275,
48276,
48277,
48278,
48279,
48280,
48281,
48282,
48283,
48284,
48285,
48286,
48287,
48288,
48289,
48290,
48291,
48292,
48293,
48294,
48295,
48296,
48297,
48298,
48299,
48300,
48301,
48302,
48303,
48304,
48305,
48306,
48307,
48308,
48309,
48310,
48311,
48312,
48313,
48314,
48315,
48316,
48317,
48318,
48319,
48320,
48321,
48322,
48323,
48324,
48325,
48326,
48327,
48328,
48329,
48330,
48331,
48332,
48333,
48334,
48335,
48336,
48337,
48338,
48339,
48340,
48341,
48342,
48343,
48344,
48345,
48346,
48347,
48348,
48349,
48350,
48351,
48352,
48353,
48354,
48355,
48356,
48357,
48358,
48359,
48360,
48361,
48362,
48363,
48364,
48365,
48366,
48367,
48368,
48369,
48370,
48371,
48372,
48373,
48374,
48375,
48376,
48377,
48378,
48379,
48380,
48381,
48382,
48383,
48384,
48385,
48386,
48387,
48388,
48389,
48390,
48391,
48392,
48393,
48394,
48395,
48396,
48397,
48398,
48399,
48400,
48401,
48402,
48403,
48404,
48405,
48406,
48407,
48408,
48409,
48410,
48411,
48412,
48413,
48414,
48415,
48416,
48417,
48418,
48419,
48420,
48421,
48422,
48423,
48424,
48425,
48426,
48427,
48428,
48429,
48430,
48431,
48432,
48433,
48434,
48435,
48436,
48437,
48438,
48439,
48440,
48441,
48442,
48443,
48444,
48445,
48446,
48447,
48448,
48449,
48450,
48451,
48452,
48453,
48454,
48455,
48456,
48457,
48458,
48459,
48460,
48461,
48462,
48463,
48464,
48465,
48466,
48467,
48468,
48469,
48470,
48471,
48472,
48473,
48474,
48475,
48476,
48477,
48478,
48479,
48480,
48481,
48482,
48483,
48484,
48485,
48486,
48487,
48488,
48489,
48490,
48491,
48492,
48493,
48494,
48495,
48496,
48497,
48498,
48499,
48500,
48501,
48502,
48503,
48504,
48505,
48506,
48507,
48508,
48509,
48510,
48511,
48512,
48513,
48514,
48515,
48516,
48517,
48518,
48519,
48520,
48521,
48522,
48523,
48524,
48525,
48526,
48527,
48528,
48529,
48530,
48531,
48532,
48533,
48534,
48535,
48536,
48537,
48538,
48539,
48540,
48541,
48542,
48543,
48544,
48545,
48546,
48547,
48548,
48549,
48550,
48551,
48552,
48553,
48554,
48555,
48556,
48557,
48558,
48559,
48560,
48561,
48562,
48563,
48564,
48565,
48566,
48567,
48568,
48569,
48570,
48571,
48572,
48573,
48574,
48575,
48576,
48577,
48578,
48579,
48580,
48581,
48582,
48583,
48584,
48585,
48586,
48587,
48588,
48589,
48590,
48591,
48592,
48593,
48594,
48595,
48596,
48597,
48598,
48599,
48600,
48601,
48602,
48603,
48604,
48605,
48606,
48607,
48608,
48609,
48610,
48611,
48612,
48613,
48614,
48615,
48616,
48617,
48618,
48619,
48620,
48621,
48622,
48623,
48624,
48625,
48626,
48627,
48628,
48629,
48630,
48631,
48632,
48633,
48634,
48635,
48636,
48637,
48638,
48639,
48640,
48641,
48642,
48643,
48644,
48645,
48646,
48647,
48648,
48649,
48650,
48651,
48652,
48653,
48654,
48655,
48656,
48657,
48658,
48659,
48660,
48661,
48662,
48663,
48664,
48665,
48666,
48667,
48668,
48669,
48670,
48671,
48672,
48673,
48674,
48675,
48676,
48677,
48678,
48679,
48680,
48681,
48682,
48683,
48684,
48685,
48686,
48687,
48688,
48689,
48690,
48691,
48692,
48693,
48694,
48695,
48696,
48697,
48698,
48699,
48700,
48701,
48702,
48703,
48704,
48705,
48706,
48707,
48708,
48709,
48710,
48711,
48712,
48713,
48714,
48715,
48716,
48717,
48718,
48719,
48720,
48721,
48722,
48723,
48724,
48725,
48726,
48727,
48728,
48729,
48730,
48731,
48732,
48733,
48734,
48735,
48736,
48737,
48738,
48739,
48740,
48741,
48742,
48743,
48744,
48745,
48746,
48747,
48748,
48749,
48750,
48751,
48752,
48753,
48754,
48755,
48756,
48757,
48758,
48759,
48760,
48761,
48762,
48763,
48764,
48765,
48766,
48767,
48768,
48769,
48770,
48771,
48772,
48773,
48774,
48775,
48776,
48777,
48778,
48779,
48780,
48781,
48782,
48783,
48784,
48785,
48786,
48787,
48788,
48789,
48790,
48791,
48792,
48793,
48794,
48795,
48796,
48797,
48798,
48799,
48800,